timestamp,station,air_temperature,wind_speed,atmospheric_pressure,relative_humidity
2014-01-01 00:00:00,Bharati,-3.12,4.14,987.2,47.3
2014-01-01 01:00:00,Bharati,3.08,4.58,1004.6,91.6
2014-01-01 02:00:00,Bharati,2.87,14.75,991.9,69.9
2014-01-01 03:00:00,Bharati,-5.68,10.49,993.7,67.8
2014-01-01 04:00:00,Bharati,-5.27,15.9,985.8,44.0
2014-01-01 05:00:00,Bharati,-6.01,6.63,1015.1,56.6
2014-01-01 06:00:00,Bharati,4.71,4.5,976.3,67.2
2014-01-01 07:00:00,Bharati,-0.6,4.78,1010.0,97.1
2014-01-01 08:00:00,Bharati,-1.02,5.44,987.3,52.7
2014-01-01 09:00:00,Bharati,0.8,5.27,991.2,86.0
2014-01-01 10:00:00,Bharati,-3.76,20.49,997.9,65.2
2014-01-01 11:00:00,Bharati,-1.41,4.8,1006.9,64.4
2014-01-01 12:00:00,Bharati,-4.42,7.63,992.9,76.2
2014-01-01 13:00:00,Bharati,0.95,11.09,1010.9,80.1
2014-01-01 14:00:00,Bharati,-3.72,3.81,997.9,57.7
2014-01-01 15:00:00,Bharati,0.22,11.26,996.2,83.6
2014-01-01 16:00:00,Bharati,2.32,21.16,1008.7,74.4
2014-01-01 17:00:00,Bharati,-1.22,18.39,994.1,60.8
2014-01-01 18:00:00,Bharati,1.61,7.99,997.9,80.5
2014-01-01 19:00:00,Bharati,-4.5,14.3,988.7,91.7
2014-01-01 20:00:00,Bharati,-4.44,8.95,991.4,52.2
2014-01-01 21:00:00,Bharati,-0.21,5.17,994.7,64.8
2014-01-01 22:00:00,Bharati,-1.5,21.52,987.0,42.5
2014-01-01 23:00:00,Bharati,-5.1,6.29,972.6,98.0
2014-01-02 00:00:00,Bharati,-2.28,7.97,996.9,69.5
2014-01-02 01:00:00,Bharati,2.78,12.27,992.8,62.5
2014-01-02 02:00:00,Bharati,-2.95,2.88,1000.2,96.2
2014-01-02 03:00:00,Bharati,-0.75,15.83,979.5,42.7
2014-01-02 04:00:00,Bharati,-2.0,6.86,996.9,80.5
2014-01-02 05:00:00,Bharati,-0.25,13.63,977.8,61.1
2014-01-02 06:00:00,Bharati,0.22,8.22,997.3,57.5
2014-01-02 07:00:00,Bharati,0.94,8.26,1008.1,55.5
2014-01-02 08:00:00,Bharati,0.73,11.54,967.9,32.8
2014-01-02 09:00:00,Bharati,1.65,3.95,1002.8,47.3
2014-01-02 10:00:00,Bharati,0.45,7.99,966.9,32.6
2014-01-02 11:00:00,Bharati,-0.24,2.13,999.1,96.4
2014-01-02 12:00:00,Bharati,-2.37,6.87,977.1,58.5
2014-01-02 13:00:00,Bharati,-10.05,18.35,1020.6,33.9
2014-01-02 14:00:00,Bharati,-2.01,14.04,999.3,56.2
2014-01-02 15:00:00,Bharati,-3.22,15.18,974.5,96.2
2014-01-02 16:00:00,Bharati,-2.94,3.19,1005.8,81.7
2014-01-02 17:00:00,Bharati,-6.04,6.9,965.9,58.6
2014-01-02 18:00:00,Bharati,1.42,11.21,986.6,56.6
2014-01-02 19:00:00,Bharati,-6.42,14.57,981.8,84.2
2014-01-02 20:00:00,Bharati,0.43,7.71,976.5,70.7
2014-01-02 21:00:00,Bharati,-1.54,21.47,989.1,70.7
2014-01-02 22:00:00,Bharati,0.47,11.68,992.7,53.6
2014-01-02 23:00:00,Bharati,1.78,16.0,1003.5,40.9
2014-01-03 00:00:00,Bharati,5.23,9.36,990.6,57.3
2014-01-03 01:00:00,Bharati,3.32,4.81,990.5,88.0
2014-01-03 02:00:00,Bharati,2.38,7.13,984.8,24.1
2014-01-03 03:00:00,Bharati,3.54,11.92,991.9,49.2
2014-01-03 04:00:00,Bharati,-0.65,7.42,997.8,69.3
2014-01-03 05:00:00,Bharati,-0.52,21.23,989.9,78.9
2014-01-03 06:00:00,Bharati,-2.24,3.79,1000.7,67.6
2014-01-03 07:00:00,Bharati,0.11,10.09,1013.3,69.4
2014-01-03 08:00:00,Bharati,2.54,7.08,962.3,70.1
2014-01-03 09:00:00,Bharati,-0.85,22.75,973.1,71.6
2014-01-03 10:00:00,Bharati,-0.8,5.46,997.2,59.2
2014-01-03 11:00:00,Bharati,-2.71,8.76,1001.1,70.5
2014-01-03 12:00:00,Bharati,3.99,9.42,967.9,72.3
2014-01-03 13:00:00,Bharati,-0.74,12.36,982.6,73.2
2014-01-03 14:00:00,Bharati,0.89,5.8,997.2,41.5
2014-01-03 15:00:00,Bharati,-1.39,12.22,999.7,42.2
2014-01-03 16:00:00,Bharati,0.59,14.56,1005.1,37.2
2014-01-03 17:00:00,Bharati,-6.25,3.09,987.7,66.2
2014-01-03 18:00:00,Bharati,-0.4,8.98,1004.9,63.4
2014-01-03 19:00:00,Bharati,-2.65,1.8,969.6,60.9
2014-01-03 20:00:00,Bharati,3.13,10.0,968.0,22.9
2014-01-03 21:00:00,Bharati,1.53,5.23,985.7,57.4
2014-01-03 22:00:00,Bharati,-1.64,18.67,980.6,41.2
2014-01-03 23:00:00,Bharati,-2.97,13.17,1002.0,53.2
2014-01-04 00:00:00,Bharati,-3.59,11.31,992.6,92.4
2014-01-04 01:00:00,Bharati,0.92,2.86,994.0,34.4
2014-01-04 02:00:00,Bharati,-2.84,12.16,973.8,57.2
2014-01-04 03:00:00,Bharati,4.34,8.04,984.6,76.5
2014-01-04 04:00:00,Bharati,-3.92,6.0,983.4,22.0
2014-01-04 05:00:00,Bharati,-2.75,4.51,992.1,32.5
2014-01-04 06:00:00,Bharati,-3.8,13.29,1004.7,74.3
2014-01-04 07:00:00,Bharati,-5.14,3.11,980.5,68.8
2014-01-04 08:00:00,Bharati,0.41,19.01,980.0,35.6
2014-01-04 09:00:00,Bharati,-3.2,26.65,980.6,62.1
2014-01-04 10:00:00,Bharati,2.71,10.87,998.2,72.9
2014-01-04 11:00:00,Bharati,-0.67,5.89,991.2,70.8
2014-01-04 12:00:00,Bharati,-6.46,8.61,993.8,62.1
2014-01-04 13:00:00,Bharati,-3.36,9.9,989.1,56.1
2014-01-04 14:00:00,Bharati,-0.94,9.97,995.9,72.6
2014-01-04 15:00:00,Bharati,2.93,4.51,992.5,51.5
2014-01-04 16:00:00,Bharati,-2.37,8.92,996.2,59.1
2014-01-04 17:00:00,Bharati,-1.77,5.64,1000.2,63.6
2014-01-04 18:00:00,Bharati,-5.43,6.18,997.8,43.0
2014-01-04 19:00:00,Bharati,2.89,19.13,988.4,55.6
2014-01-04 20:00:00,Bharati,-7.54,5.65,990.5,40.4
2014-01-04 21:00:00,Bharati,-0.1,13.32,1001.1,78.0
2014-01-04 22:00:00,Bharati,-0.93,2.91,1008.6,59.6
2014-01-04 23:00:00,Bharati,0.08,6.25,999.6,60.1
2014-01-05 00:00:00,Bharati,1.06,3.55,982.6,64.5
2014-01-05 01:00:00,Bharati,2.35,4.98,991.0,45.0
2014-01-05 02:00:00,Bharati,-0.72,34.94,1008.5,52.1
2014-01-05 03:00:00,Bharati,-6.0,7.5,994.0,57.5
2014-01-05 04:00:00,Bharati,3.91,27.93,975.0,50.9
2014-01-05 05:00:00,Bharati,-2.67,22.5,994.3,47.1
2014-01-05 06:00:00,Bharati,1.9,8.84,992.6,83.0
2014-01-05 07:00:00,Bharati,-1.69,7.84,985.7,82.1
2014-01-05 08:00:00,Bharati,1.45,20.15,988.8,89.5
2014-01-05 09:00:00,Bharati,-0.93,3.77,989.2,63.8
2014-01-05 10:00:00,Bharati,-2.09,26.41,992.2,69.0
2014-01-05 11:00:00,Bharati,1.82,18.2,993.4,57.4
2014-01-05 12:00:00,Bharati,-8.34,10.82,999.5,46.3
2014-01-05 13:00:00,Bharati,-1.9,22.41,980.7,48.8
2014-01-05 14:00:00,Bharati,-0.8,10.14,979.7,73.1
2014-01-05 15:00:00,Bharati,0.21,12.6,1005.9,71.4
2014-01-05 16:00:00,Bharati,-2.63,11.64,1004.5,39.3
2014-01-05 17:00:00,Bharati,-6.68,6.05,988.5,93.8
2014-01-05 18:00:00,Bharati,0.09,5.9,993.7,69.0
2014-01-05 19:00:00,Bharati,-4.45,6.39,989.2,49.1
2014-01-05 20:00:00,Bharati,0.98,12.84,990.6,73.2
2014-01-05 21:00:00,Bharati,0.22,10.58,1005.9,51.0
2014-01-05 22:00:00,Bharati,-0.97,21.34,959.2,66.5
2014-01-05 23:00:00,Bharati,3.7,9.85,991.5,78.3
2014-01-06 00:00:00,Bharati,2.67,7.78,995.7,60.4
2014-01-06 01:00:00,Bharati,-3.96,25.37,993.2,96.9
2014-01-06 02:00:00,Bharati,-6.26,4.43,982.7,79.2
2014-01-06 03:00:00,Bharati,3.29,14.67,1004.4,52.5
2014-01-06 04:00:00,Bharati,6.01,5.9,979.3,72.2
2014-01-06 05:00:00,Bharati,-3.06,6.2,989.3,55.1
2014-01-06 06:00:00,Bharati,0.02,8.54,987.3,74.5
2014-01-06 07:00:00,Bharati,-3.74,6.88,997.5,54.5
2014-01-06 08:00:00,Bharati,-2.86,5.89,1003.1,71.4
2014-01-06 09:00:00,Bharati,7.99,19.88,987.2,63.6
2014-01-06 10:00:00,Bharati,0.45,7.2,996.1,27.9
2014-01-06 11:00:00,Bharati,-0.59,11.88,981.7,76.0
2014-01-06 12:00:00,Bharati,-0.39,14.91,969.1,61.3
2014-01-06 13:00:00,Bharati,-4.56,15.13,1009.3,73.3
2014-01-06 14:00:00,Bharati,0.32,11.76,989.3,76.1
2014-01-06 15:00:00,Bharati,4.79,5.85,989.9,40.7
2014-01-06 16:00:00,Bharati,3.64,13.27,986.8,79.4
2014-01-06 17:00:00,Bharati,-2.29,4.02,968.3,94.3
2014-01-06 18:00:00,Bharati,-3.44,17.83,992.2,49.3
2014-01-06 19:00:00,Bharati,1.24,13.32,1004.2,71.3
2014-01-06 20:00:00,Bharati,-0.66,11.84,984.1,39.1
2014-01-06 21:00:00,Bharati,-1.12,4.08,989.3,64.7
2014-01-06 22:00:00,Bharati,-3.04,21.08,986.8,61.7
2014-01-06 23:00:00,Bharati,1.68,5.06,1000.1,59.8
2014-01-07 00:00:00,Bharati,-0.57,11.63,992.2,68.5
2014-01-07 01:00:00,Bharati,-0.87,18.34,976.2,63.6
2014-01-07 02:00:00,Bharati,-0.66,5.66,1006.8,59.6
2014-01-07 03:00:00,Bharati,0.47,12.79,996.2,52.4
2014-01-07 04:00:00,Bharati,-3.77,11.18,1000.1,76.3
2014-01-07 05:00:00,Bharati,-3.93,5.87,984.6,68.2
2014-01-07 06:00:00,Bharati,-8.41,11.28,982.9,70.9
2014-01-07 07:00:00,Bharati,0.23,9.23,986.2,41.6
2014-01-07 08:00:00,Bharati,4.99,7.13,994.9,68.3
2014-01-07 09:00:00,Bharati,2.36,4.65,985.5,77.1
2014-01-07 10:00:00,Bharati,-0.82,25.96,991.6,55.1
2014-01-07 11:00:00,Bharati,-4.16,6.56,980.9,65.6
2014-01-07 12:00:00,Bharati,-1.87,19.4,1018.4,41.5
2014-01-07 13:00:00,Bharati,-2.7,6.52,989.3,66.1
2014-01-07 14:00:00,Bharati,0.27,7.91,989.7,39.3
2014-01-07 15:00:00,Bharati,-1.57,7.13,1000.1,59.5
2014-01-07 16:00:00,Bharati,0.54,6.44,995.5,70.9
2014-01-07 17:00:00,Bharati,-2.02,9.42,995.1,32.4
2014-01-07 18:00:00,Bharati,-4.86,12.93,986.6,60.9
2014-01-07 19:00:00,Bharati,4.34,14.16,985.7,62.0
2014-01-07 20:00:00,Bharati,-4.83,9.57,998.5,57.3
2014-01-07 21:00:00,Bharati,-4.52,6.92,1020.8,41.3
2014-01-07 22:00:00,Bharati,-3.02,4.87,981.6,97.2
2014-01-07 23:00:00,Bharati,-2.47,1.0,989.9,64.4
2014-01-08 00:00:00,Bharati,1.6,8.01,978.2,54.4
2014-01-08 01:00:00,Bharati,0.42,13.33,993.2,63.3
2014-01-08 02:00:00,Bharati,-2.15,19.42,996.7,44.1
2014-01-08 03:00:00,Bharati,0.76,14.14,992.7,65.3
2014-01-08 04:00:00,Bharati,5.95,10.64,965.3,79.9
2014-01-08 05:00:00,Bharati,0.43,13.93,982.2,58.3
2014-01-08 06:00:00,Bharati,-0.02,4.87,1001.6,54.7
2014-01-08 07:00:00,Bharati,1.45,8.74,985.1,48.0
2014-01-08 08:00:00,Bharati,-3.38,4.77,985.3,70.5
2014-01-08 09:00:00,Bharati,7.72,19.13,990.2,61.2
2014-01-08 10:00:00,Bharati,3.88,5.1,978.6,28.1
2014-01-08 11:00:00,Bharati,-2.38,18.93,998.1,58.0
2014-01-08 12:00:00,Bharati,1.01,4.36,1000.9,66.6
2014-01-08 13:00:00,Bharati,-6.96,16.03,1007.0,79.3
2014-01-08 14:00:00,Bharati,0.31,13.89,982.7,41.2
2014-01-08 15:00:00,Bharati,-0.66,5.69,1011.6,87.2
2014-01-08 16:00:00,Bharati,0.48,3.2,1002.6,60.2
2014-01-08 17:00:00,Bharati,-2.62,6.78,979.6,48.3
2014-01-08 18:00:00,Bharati,2.59,15.11,979.6,47.8
2014-01-08 19:00:00,Bharati,-3.5,5.25,972.6,51.8
2014-01-08 20:00:00,Bharati,2.92,10.93,985.6,59.6
2014-01-08 21:00:00,Bharati,-1.91,2.29,985.8,66.1
2014-01-08 22:00:00,Bharati,-6.24,10.51,979.0,41.1
2014-01-08 23:00:00,Bharati,-2.17,21.75,988.5,60.7
2014-01-09 00:00:00,Bharati,4.71,5.29,996.6,61.1
2014-01-09 01:00:00,Bharati,-5.56,3.98,994.7,72.9
2014-01-09 02:00:00,Bharati,-3.89,12.81,978.9,61.4
2014-01-09 03:00:00,Bharati,0.31,10.91,965.9,79.6
2014-01-09 04:00:00,Bharati,-3.65,18.71,991.0,70.4
2014-01-09 05:00:00,Bharati,-2.02,8.63,965.5,39.3
2014-01-09 06:00:00,Bharati,-3.08,9.85,994.4,63.6
2014-01-09 07:00:00,Bharati,1.25,9.34,994.7,65.1
2014-01-09 08:00:00,Bharati,-1.43,42.62,985.7,64.1
2014-01-09 09:00:00,Bharati,2.94,4.33,999.4,62.2
2014-01-09 10:00:00,Bharati,-5.56,19.37,1005.8,52.2
2014-01-09 11:00:00,Bharati,3.64,10.48,982.0,63.4
2014-01-09 12:00:00,Bharati,1.66,3.97,1002.9,92.4
2014-01-09 13:00:00,Bharati,-0.13,6.79,984.0,67.4
2014-01-09 14:00:00,Bharati,0.5,15.95,989.5,58.7
2014-01-09 15:00:00,Bharati,-2.17,7.4,986.3,74.5
2014-01-09 16:00:00,Bharati,-3.57,6.62,996.0,68.5
2014-01-09 17:00:00,Bharati,4.48,3.67,989.9,68.1
2014-01-09 18:00:00,Bharati,-1.08,1.76,980.3,73.9
2014-01-09 19:00:00,Bharati,-4.23,13.94,988.0,78.8
2014-01-09 20:00:00,Bharati,0.61,17.92,989.2,67.9
2014-01-09 21:00:00,Bharati,-0.02,3.21,981.1,46.6
2014-01-09 22:00:00,Bharati,1.73,6.44,990.0,69.0
2014-01-09 23:00:00,Bharati,-2.13,18.2,1002.3,78.4
2014-01-10 00:00:00,Bharati,-3.41,7.23,985.0,72.4
2014-01-10 01:00:00,Bharati,-4.01,5.49,993.2,43.5
2014-01-10 02:00:00,Bharati,-3.93,15.18,987.1,59.9
2014-01-10 03:00:00,Bharati,1.34,21.16,995.9,59.3
2014-01-10 04:00:00,Bharati,0.71,19.27,1009.5,38.9
2014-01-10 05:00:00,Bharati,1.88,11.5,981.8,50.8
2014-01-10 06:00:00,Bharati,0.68,5.9,991.4,55.6
2014-01-10 07:00:00,Bharati,-2.28,7.13,994.1,63.4
2014-01-10 08:00:00,Bharati,6.35,7.45,982.3,54.7
2014-01-10 09:00:00,Bharati,-1.22,12.4,1015.0,48.0
2014-01-10 10:00:00,Bharati,-5.94,11.4,997.6,77.7
2014-01-10 11:00:00,Bharati,1.82,13.25,1002.7,34.3
2014-01-10 12:00:00,Bharati,-1.82,48.32,980.2,50.7
2014-01-10 13:00:00,Bharati,-1.52,16.74,978.3,57.6
2014-01-10 14:00:00,Bharati,-1.37,19.59,1004.1,52.4
2014-01-10 15:00:00,Bharati,0.36,26.29,989.1,66.2
2014-01-10 16:00:00,Bharati,-4.2,14.56,997.1,66.8
2014-01-10 17:00:00,Bharati,-1.96,6.35,1008.7,65.4
2014-01-10 18:00:00,Bharati,-0.64,14.66,1003.6,61.8
2014-01-10 19:00:00,Bharati,3.25,12.56,1009.5,44.5
2014-01-10 20:00:00,Bharati,-3.23,18.43,993.1,43.4
2014-01-10 21:00:00,Bharati,-2.44,24.59,999.9,60.5
2014-01-10 22:00:00,Bharati,2.88,6.96,980.8,57.1
2014-01-10 23:00:00,Bharati,1.14,3.97,963.6,79.9
2014-01-11 00:00:00,Bharati,-0.14,15.0,1000.0,56.2
2014-01-11 01:00:00,Bharati,-2.86,6.59,998.3,43.0
2014-01-11 02:00:00,Bharati,2.5,4.1,999.0,61.7
2014-01-11 03:00:00,Bharati,-0.75,21.62,983.9,69.7
2014-01-11 04:00:00,Bharati,-0.41,4.13,1001.8,41.8
2014-01-11 05:00:00,Bharati,-0.39,16.24,1002.3,40.2
2014-01-11 06:00:00,Bharati,-0.35,4.74,974.0,65.4
2014-01-11 07:00:00,Bharati,1.87,1.88,997.7,53.4
2014-01-11 08:00:00,Bharati,-1.55,9.08,999.4,57.6
2014-01-11 09:00:00,Bharati,-7.62,10.02,993.9,49.4
2014-01-11 10:00:00,Bharati,-1.71,6.58,996.4,58.3
2014-01-11 11:00:00,Bharati,-0.82,20.15,1012.3,77.3
2014-01-11 12:00:00,Bharati,-0.31,9.11,994.5,61.8
2014-01-11 13:00:00,Bharati,-2.79,7.16,992.9,55.9
2014-01-11 14:00:00,Bharati,-4.7,20.55,1000.0,64.1
2014-01-11 15:00:00,Bharati,0.92,8.26,994.9,68.0
2014-01-11 16:00:00,Bharati,1.6,14.59,998.9,67.6
2014-01-11 17:00:00,Bharati,-5.68,20.27,1012.9,68.2
2014-01-11 18:00:00,Bharati,-1.57,8.38,974.5,55.2
2014-01-11 19:00:00,Bharati,-3.02,4.05,994.2,47.4
2014-01-11 20:00:00,Bharati,0.23,24.26,1019.6,58.9
2014-01-11 21:00:00,Bharati,-1.79,7.97,1002.8,51.0
2014-01-11 22:00:00,Bharati,-5.2,4.84,976.2,47.0
2014-01-11 23:00:00,Bharati,2.8,18.48,999.8,37.8
2014-01-12 00:00:00,Bharati,0.64,9.4,1001.6,93.2
2014-01-12 01:00:00,Bharati,-1.95,21.81,986.2,64.5
2014-01-12 02:00:00,Bharati,-3.74,18.96,1011.4,43.0
2014-01-12 03:00:00,Bharati,-4.2,6.75,982.8,68.3
2014-01-12 04:00:00,Bharati,-1.4,6.96,987.5,43.8
2014-01-12 05:00:00,Bharati,-6.4,18.16,1007.9,63.4
2014-01-12 06:00:00,Bharati,4.51,3.74,988.3,52.0
2014-01-12 07:00:00,Bharati,-2.76,3.27,997.2,68.7
2014-01-12 08:00:00,Bharati,-0.82,9.37,980.5,65.2
2014-01-12 09:00:00,Bharati,-1.89,3.47,984.1,68.4
2014-01-12 10:00:00,Bharati,-0.0,4.31,1011.2,65.1
2014-01-12 11:00:00,Bharati,2.1,0.88,989.6,44.2
2014-01-12 12:00:00,Bharati,-8.59,6.73,1000.5,67.3
2014-01-12 13:00:00,Bharati,1.47,11.34,993.9,48.1
2014-01-12 14:00:00,Bharati,-1.0,25.38,991.8,86.4
2014-01-12 15:00:00,Bharati,2.63,10.76,980.0,76.0
2014-01-12 16:00:00,Bharati,0.59,14.42,991.1,72.6
2014-01-12 17:00:00,Bharati,-5.28,7.35,1006.0,92.6
2014-01-12 18:00:00,Bharati,-4.3,3.2,994.3,79.5
2014-01-12 19:00:00,Bharati,2.99,23.53,994.8,53.9
2014-01-12 20:00:00,Bharati,1.84,5.29,992.0,81.0
2014-01-12 21:00:00,Bharati,-1.45,12.31,1003.8,98.0
2014-01-12 22:00:00,Bharati,1.36,8.59,975.3,65.9
2014-01-12 23:00:00,Bharati,-2.46,19.46,1009.4,79.0
2014-01-13 00:00:00,Bharati,2.35,7.19,985.4,45.1
2014-01-13 01:00:00,Bharati,-1.45,6.97,988.3,58.2
2014-01-13 02:00:00,Bharati,-2.96,10.11,1019.8,61.7
2014-01-13 03:00:00,Bharati,-0.11,6.43,982.0,94.2
2014-01-13 04:00:00,Bharati,-1.34,8.53,993.3,49.5
2014-01-13 05:00:00,Bharati,0.89,15.04,969.5,57.7
2014-01-13 06:00:00,Bharati,-1.93,11.32,992.3,50.1
2014-01-13 07:00:00,Bharati,-0.91,9.5,990.2,59.2
2014-01-13 08:00:00,Bharati,6.91,5.52,987.9,59.5
2014-01-13 09:00:00,Bharati,2.22,6.68,997.8,47.9
2014-01-13 10:00:00,Bharati,-1.49,9.66,999.4,43.3
2014-01-13 11:00:00,Bharati,-0.08,8.44,1003.3,74.1
2014-01-13 12:00:00,Bharati,-4.01,5.18,987.6,76.4
2014-01-13 13:00:00,Bharati,3.86,3.48,987.4,67.3
2014-01-13 14:00:00,Bharati,-1.11,6.24,996.0,56.0
2014-01-13 15:00:00,Bharati,2.56,11.6,1011.9,57.6
2014-01-13 16:00:00,Bharati,2.34,15.79,1002.6,56.0
2014-01-13 17:00:00,Bharati,1.95,4.24,999.7,65.7
2014-01-13 18:00:00,Bharati,1.94,8.68,979.5,83.1
2014-01-13 19:00:00,Bharati,2.36,4.16,976.2,71.7
2014-01-13 20:00:00,Bharati,5.42,6.18,1000.7,62.3
2014-01-13 21:00:00,Bharati,0.69,4.03,994.1,52.7
2014-01-13 22:00:00,Bharati,0.88,19.28,980.2,46.0
2014-01-13 23:00:00,Bharati,-6.51,3.23,974.2,45.6
2014-01-14 00:00:00,Bharati,-2.4,4.46,997.8,46.8
2014-01-14 01:00:00,Bharati,-4.22,7.48,984.1,61.5
2014-01-14 02:00:00,Bharati,0.33,9.32,1007.0,98.0
2014-01-14 03:00:00,Bharati,1.56,3.39,988.9,41.3
2014-01-14 04:00:00,Bharati,1.09,11.35,1010.4,46.8
2014-01-14 05:00:00,Bharati,-4.67,8.52,985.4,54.1
2014-01-14 06:00:00,Bharati,3.11,1.27,995.6,63.5
2014-01-14 07:00:00,Bharati,1.25,11.25,983.5,63.6
2014-01-14 08:00:00,Bharati,-0.62,3.45,1002.2,66.8
2014-01-14 09:00:00,Bharati,-4.02,9.33,979.9,59.3
2014-01-14 10:00:00,Bharati,-0.2,11.48,989.9,83.5
2014-01-14 11:00:00,Bharati,0.85,11.34,983.2,40.0
2014-01-14 12:00:00,Bharati,2.75,9.74,1014.3,65.7
2014-01-14 13:00:00,Bharati,-2.96,8.52,990.2,51.1
2014-01-14 14:00:00,Bharati,-1.7,16.31,995.0,66.6
2014-01-14 15:00:00,Bharati,-2.92,12.04,1002.3,53.8
2014-01-14 16:00:00,Bharati,0.44,17.89,1003.3,63.1
2014-01-14 17:00:00,Bharati,-1.01,10.39,984.3,83.4
2014-01-14 18:00:00,Bharati,-0.78,9.27,972.2,85.4
2014-01-14 19:00:00,Bharati,-2.48,8.14,1008.6,63.9
2014-01-14 20:00:00,Bharati,2.1,22.69,994.9,68.8
2014-01-14 21:00:00,Bharati,2.32,7.76,980.1,53.4
2014-01-14 22:00:00,Bharati,1.73,14.37,993.9,56.6
2014-01-14 23:00:00,Bharati,-5.42,9.44,974.0,66.8
2014-01-15 00:00:00,Bharati,0.49,31.98,995.3,46.3
2014-01-15 01:00:00,Bharati,1.46,1.41,985.9,85.1
2014-01-15 02:00:00,Bharati,-0.43,12.78,987.5,67.8
2014-01-15 03:00:00,Bharati,0.8,11.6,981.2,50.8
2014-01-15 04:00:00,Bharati,2.9,2.34,997.9,35.3
2014-01-15 05:00:00,Bharati,1.5,21.72,1005.4,95.5
2014-01-15 06:00:00,Bharati,2.73,9.89,990.2,57.4
2014-01-15 07:00:00,Bharati,4.7,33.99,989.8,71.2
2014-01-15 08:00:00,Bharati,2.79,18.46,990.7,56.8
2014-01-15 09:00:00,Bharati,0.75,3.06,1012.2,46.7
2014-01-15 10:00:00,Bharati,0.75,4.9,1000.9,48.2
2014-01-15 11:00:00,Bharati,0.43,12.27,994.2,63.0
2014-01-15 12:00:00,Bharati,1.99,10.39,1007.1,54.1
2014-01-15 13:00:00,Bharati,0.26,5.78,990.7,49.6
2014-01-15 14:00:00,Bharati,1.42,16.66,998.1,78.4
2014-01-15 15:00:00,Bharati,-1.08,15.15,991.9,49.7
2014-01-15 16:00:00,Bharati,-1.22,10.83,972.2,61.0
2014-01-15 17:00:00,Bharati,1.33,21.89,995.4,60.5
2014-01-15 18:00:00,Bharati,-1.36,8.13,973.8,52.8
2014-01-15 19:00:00,Bharati,-2.59,5.73,990.0,33.6
2014-01-15 20:00:00,Bharati,-0.85,13.12,991.2,98.0
2014-01-15 21:00:00,Bharati,0.66,14.03,1004.6,51.1
2014-01-15 22:00:00,Bharati,-2.04,6.22,972.5,56.6
2014-01-15 23:00:00,Bharati,4.45,4.41,983.7,42.9
2014-01-16 00:00:00,Bharati,-0.65,4.02,987.8,72.2
2014-01-16 01:00:00,Bharati,-3.37,1.41,998.4,77.7
2014-01-16 02:00:00,Bharati,7.61,13.38,994.6,53.6
2014-01-16 03:00:00,Bharati,-1.49,11.1,980.8,53.1
2014-01-16 04:00:00,Bharati,5.05,7.39,970.6,42.2
2014-01-16 05:00:00,Bharati,1.54,8.26,985.5,44.4
2014-01-16 06:00:00,Bharati,0.87,14.41,1000.1,60.5
2014-01-16 07:00:00,Bharati,-2.58,8.54,986.1,62.9
2014-01-16 08:00:00,Bharati,-0.04,4.15,1006.6,35.0
2014-01-16 09:00:00,Bharati,-2.85,6.58,988.6,81.9
2014-01-16 10:00:00,Bharati,1.72,15.49,989.8,61.6
2014-01-16 11:00:00,Bharati,-0.89,7.55,989.2,82.4
2014-01-16 12:00:00,Bharati,-0.41,6.73,983.8,68.8
2014-01-16 13:00:00,Bharati,6.17,15.56,1002.5,66.5
2014-01-16 14:00:00,Bharati,-3.5,37.45,998.0,81.0
2014-01-16 15:00:00,Bharati,-4.23,8.54,1003.8,68.2
2014-01-16 16:00:00,Bharati,-1.89,4.7,993.7,63.3
2014-01-16 17:00:00,Bharati,1.24,13.52,993.1,61.0
2014-01-16 18:00:00,Bharati,4.55,15.74,971.4,67.1
2014-01-16 19:00:00,Bharati,-1.8,7.11,986.3,73.1
2014-01-16 20:00:00,Bharati,2.21,10.9,974.7,55.2
2014-01-16 21:00:00,Bharati,-2.59,11.0,995.2,67.6
2014-01-16 22:00:00,Bharati,-0.56,10.8,981.7,69.3
2014-01-16 23:00:00,Bharati,-6.05,8.58,987.4,76.6
2014-01-17 00:00:00,Bharati,-4.74,4.04,995.6,67.9
2014-01-17 01:00:00,Bharati,2.22,11.99,1001.1,49.0
2014-01-17 02:00:00,Bharati,2.72,33.99,979.5,64.9
2014-01-17 03:00:00,Bharati,2.4,23.49,988.0,68.9
2014-01-17 04:00:00,Bharati,0.79,8.63,1001.9,45.1
2014-01-17 05:00:00,Bharati,-8.68,14.44,1012.6,70.1
2014-01-17 06:00:00,Bharati,-2.67,15.16,996.8,47.9
2014-01-17 07:00:00,Bharati,-4.93,18.19,998.6,58.4
2014-01-17 08:00:00,Bharati,-0.51,11.61,995.8,76.0
2014-01-17 09:00:00,Bharati,-1.23,3.99,993.1,73.7
2014-01-17 10:00:00,Bharati,2.31,13.24,1005.5,58.0
2014-01-17 11:00:00,Bharati,4.24,5.29,982.8,61.8
2014-01-17 12:00:00,Bharati,2.85,20.05,986.4,69.4
2014-01-17 13:00:00,Bharati,0.62,9.71,971.5,54.1
2014-01-17 14:00:00,Bharati,4.45,18.02,1013.4,37.5
2014-01-17 15:00:00,Bharati,-1.53,10.72,1010.0,68.1
2014-01-17 16:00:00,Bharati,2.5,5.76,1006.3,30.3
2014-01-17 17:00:00,Bharati,-2.39,26.44,1004.6,52.1
2014-01-17 18:00:00,Bharati,0.49,7.7,991.0,29.5
2014-01-17 19:00:00,Bharati,2.56,10.32,995.1,62.9
2014-01-17 20:00:00,Bharati,0.71,23.81,985.1,81.8
2014-01-17 21:00:00,Bharati,-2.72,7.28,996.2,77.3
2014-01-17 22:00:00,Bharati,0.05,16.17,1003.1,67.9
2014-01-17 23:00:00,Bharati,2.43,7.34,999.3,75.1
2014-01-18 00:00:00,Bharati,2.29,6.77,990.9,72.2
2014-01-18 01:00:00,Bharati,7.37,8.2,1004.3,56.9
2014-01-18 02:00:00,Bharati,1.61,34.95,976.2,80.9
2014-01-18 03:00:00,Bharati,0.84,10.85,956.5,81.9
2014-01-18 04:00:00,Bharati,-5.3,3.62,1005.5,77.1
2014-01-18 05:00:00,Bharati,-1.66,14.04,996.8,58.5
2014-01-18 06:00:00,Bharati,-4.05,6.32,990.6,81.5
2014-01-18 07:00:00,Bharati,4.47,18.97,994.9,53.3
2014-01-18 08:00:00,Bharati,-1.05,9.98,984.7,64.9
2014-01-18 09:00:00,Bharati,-4.28,7.71,981.2,65.2
2014-01-18 10:00:00,Bharati,-0.2,16.59,1004.7,56.2
2014-01-18 11:00:00,Bharati,-0.42,2.37,986.4,42.0
2014-01-18 12:00:00,Bharati,1.46,5.11,961.1,41.8
2014-01-18 13:00:00,Bharati,0.83,16.02,981.9,64.5
2014-01-18 14:00:00,Bharati,1.29,13.79,995.4,74.7
2014-01-18 15:00:00,Bharati,-0.66,13.5,994.5,61.6
2014-01-18 16:00:00,Bharati,0.47,12.32,995.4,48.2
2014-01-18 17:00:00,Bharati,-5.76,24.04,985.7,88.9
2014-01-18 18:00:00,Bharati,-5.31,12.24,1001.7,72.0
2014-01-18 19:00:00,Bharati,-1.34,17.27,976.1,53.2
2014-01-18 20:00:00,Bharati,-1.43,19.54,988.2,41.2
2014-01-18 21:00:00,Bharati,-4.89,15.15,992.5,47.0
2014-01-18 22:00:00,Bharati,2.96,4.81,993.0,93.7
2014-01-18 23:00:00,Bharati,-0.25,9.34,1001.1,49.6
2014-01-19 00:00:00,Bharati,-1.83,10.76,990.6,79.8
2014-01-19 01:00:00,Bharati,0.4,11.1,978.8,48.6
2014-01-19 02:00:00,Bharati,1.81,9.29,992.2,61.0
2014-01-19 03:00:00,Bharati,-5.64,3.83,1002.5,48.1
2014-01-19 04:00:00,Bharati,1.83,8.12,994.6,78.1
2014-01-19 05:00:00,Bharati,0.11,12.77,980.2,75.4
2014-01-19 06:00:00,Bharati,1.49,3.88,985.2,58.9
2014-01-19 07:00:00,Bharati,1.53,10.69,992.6,59.7
2014-01-19 08:00:00,Bharati,-3.79,3.15,982.4,52.8
2014-01-19 09:00:00,Bharati,3.14,7.68,995.9,79.7
2014-01-19 10:00:00,Bharati,2.31,7.66,992.0,32.8
2014-01-19 11:00:00,Bharati,3.75,9.71,1001.4,77.4
2014-01-19 12:00:00,Bharati,-3.45,5.54,988.7,49.1
2014-01-19 13:00:00,Bharati,1.17,4.2,981.5,45.6
2014-01-19 14:00:00,Bharati,-2.93,12.82,996.1,72.7
2014-01-19 15:00:00,Bharati,-3.82,8.73,991.8,46.8
2014-01-19 16:00:00,Bharati,3.37,9.1,985.6,58.6
2014-01-19 17:00:00,Bharati,-2.53,10.2,975.4,59.0
2014-01-19 18:00:00,Bharati,0.9,10.05,1011.3,89.0
2014-01-19 19:00:00,Bharati,-1.0,11.84,967.4,62.8
2014-01-19 20:00:00,Bharati,2.33,15.01,991.6,89.8
2014-01-19 21:00:00,Bharati,-1.85,19.35,980.4,59.9
2014-01-19 22:00:00,Bharati,0.73,21.09,1002.0,31.2
2014-01-19 23:00:00,Bharati,1.96,5.21,1025.3,83.4
2014-01-20 00:00:00,Bharati,-9.19,2.82,1003.8,82.9
2014-01-20 01:00:00,Bharati,-1.08,1.73,989.3,53.4
2014-01-20 02:00:00,Bharati,-4.34,19.01,978.8,82.8
2014-01-20 03:00:00,Bharati,4.2,16.53,986.6,69.9
2014-01-20 04:00:00,Bharati,1.81,10.86,1013.7,58.2
2014-01-20 05:00:00,Bharati,-0.29,6.73,990.5,69.8
2014-01-20 06:00:00,Bharati,2.05,8.59,991.8,57.3
2014-01-20 07:00:00,Bharati,0.55,9.47,1009.5,84.0
2014-01-20 08:00:00,Bharati,-2.49,19.97,985.3,81.2
2014-01-20 09:00:00,Bharati,4.07,9.05,996.9,76.3
2014-01-20 10:00:00,Bharati,4.91,2.7,974.1,41.9
2014-01-20 11:00:00,Bharati,2.5,24.1,1017.5,51.7
2014-01-20 12:00:00,Bharati,2.58,6.75,970.8,47.2
2014-01-20 13:00:00,Bharati,-0.46,9.6,995.0,66.3
2014-01-20 14:00:00,Bharati,-1.83,7.97,992.3,56.6
2014-01-20 15:00:00,Bharati,2.14,3.37,997.7,55.8
2014-01-20 16:00:00,Bharati,-2.52,9.79,988.6,42.4
2014-01-20 17:00:00,Bharati,-0.71,9.15,990.8,77.7
2014-01-20 18:00:00,Bharati,-1.51,18.8,992.5,65.7
2014-01-20 19:00:00,Bharati,-3.5,24.46,1006.6,49.1
2014-01-20 20:00:00,Bharati,1.15,8.21,989.8,43.8
2014-01-20 21:00:00,Bharati,-0.8,8.66,992.1,76.7
2014-01-20 22:00:00,Bharati,-0.97,7.01,977.1,49.2
2014-01-20 23:00:00,Bharati,4.44,15.54,1000.3,49.4
2014-01-21 00:00:00,Bharati,-2.29,10.47,1008.1,48.7
2014-01-21 01:00:00,Bharati,-3.76,5.45,986.5,55.2
2014-01-21 02:00:00,Bharati,-2.81,24.7,998.9,71.9
2014-01-21 03:00:00,Bharati,0.62,7.11,984.8,54.0
2014-01-21 04:00:00,Bharati,3.33,10.0,1006.2,86.9
2014-01-21 05:00:00,Bharati,-0.2,20.19,993.8,70.5
2014-01-21 06:00:00,Bharati,-3.79,12.31,993.0,59.9
2014-01-21 07:00:00,Bharati,-5.91,13.04,993.7,55.4
2014-01-21 08:00:00,Bharati,-1.8,3.95,1001.7,40.1
2014-01-21 09:00:00,Bharati,3.67,5.86,983.4,69.2
2014-01-21 10:00:00,Bharati,0.43,4.2,1006.1,45.5
2014-01-21 11:00:00,Bharati,-3.29,11.26,988.2,48.2
2014-01-21 12:00:00,Bharati,0.18,6.92,999.1,51.0
2014-01-21 13:00:00,Bharati,-2.69,6.52,998.5,54.7
2014-01-21 14:00:00,Bharati,-1.37,12.53,987.4,50.6
2014-01-21 15:00:00,Bharati,1.8,13.18,986.1,84.5
2014-01-21 16:00:00,Bharati,2.09,5.02,1000.6,91.4
2014-01-21 17:00:00,Bharati,0.6,16.37,969.3,65.6
2014-01-21 18:00:00,Bharati,-2.94,8.34,1012.8,35.0
2014-01-21 19:00:00,Bharati,1.09,7.03,1018.8,39.1
2014-01-21 20:00:00,Bharati,-0.86,6.37,980.6,60.6
2014-01-21 21:00:00,Bharati,-2.8,12.92,998.8,83.3
2014-01-21 22:00:00,Bharati,-3.62,3.23,1023.5,75.7
2014-01-21 23:00:00,Bharati,-1.59,4.35,982.4,30.4
2014-01-22 00:00:00,Bharati,-0.3,5.19,993.8,75.6
2014-01-22 01:00:00,Bharati,-0.87,12.67,998.1,67.0
2014-01-22 02:00:00,Bharati,-9.72,2.92,981.9,54.0
2014-01-22 03:00:00,Bharati,-1.78,11.17,979.4,35.0
2014-01-22 04:00:00,Bharati,4.94,16.71,996.4,40.3
2014-01-22 05:00:00,Bharati,-4.48,17.48,987.5,49.9
2014-01-22 06:00:00,Bharati,2.48,7.62,1004.5,46.0
2014-01-22 07:00:00,Bharati,1.73,9.84,1007.2,51.3
2014-01-22 08:00:00,Bharati,-0.04,9.8,975.6,63.9
2014-01-22 09:00:00,Bharati,4.14,18.21,996.8,56.0
2014-01-22 10:00:00,Bharati,-3.03,18.23,994.0,51.2
2014-01-22 11:00:00,Bharati,-0.66,3.46,994.1,87.6
2014-01-22 12:00:00,Bharati,-0.85,1.51,959.7,65.3
2014-01-22 13:00:00,Bharati,1.55,1.44,988.7,53.1
2014-01-22 14:00:00,Bharati,2.09,4.29,992.2,97.1
2014-01-22 15:00:00,Bharati,8.5,7.79,991.8,68.4
2014-01-22 16:00:00,Bharati,-1.09,8.0,996.0,72.6
2014-01-22 17:00:00,Bharati,2.11,3.35,977.8,94.8
2014-01-22 18:00:00,Bharati,4.42,2.76,1013.8,64.1
2014-01-22 19:00:00,Bharati,-0.24,1.79,1001.9,56.6
2014-01-22 20:00:00,Bharati,-0.1,3.27,999.8,70.7
2014-01-22 21:00:00,Bharati,4.18,8.33,967.5,44.5
2014-01-22 22:00:00,Bharati,-3.75,7.16,1002.5,57.9
2014-01-22 23:00:00,Bharati,2.45,13.02,1001.8,53.2
2014-01-23 00:00:00,Bharati,-2.61,8.0,1001.4,73.2
2014-01-23 01:00:00,Bharati,-0.64,4.46,986.3,28.6
2014-01-23 02:00:00,Bharati,-0.93,7.56,998.4,57.1
2014-01-23 03:00:00,Bharati,4.3,3.5,983.5,41.8
2014-01-23 04:00:00,Bharati,-3.41,4.75,975.4,68.6
2014-01-23 05:00:00,Bharati,-6.68,2.02,984.0,53.1
2014-01-23 06:00:00,Bharati,-1.76,3.44,1008.3,53.8
2014-01-23 07:00:00,Bharati,-3.69,6.36,996.3,80.6
2014-01-23 08:00:00,Bharati,0.2,15.35,982.6,67.7
2014-01-23 09:00:00,Bharati,1.93,9.51,1008.9,38.5
2014-01-23 10:00:00,Bharati,1.17,4.96,990.3,59.1
2014-01-23 11:00:00,Bharati,-4.31,5.27,985.8,67.3
2014-01-23 12:00:00,Bharati,-4.95,3.12,1007.6,79.1
2014-01-23 13:00:00,Bharati,1.17,15.91,994.9,38.6
2014-01-23 14:00:00,Bharati,-3.82,13.78,983.7,64.1
2014-01-23 15:00:00,Bharati,-4.98,9.29,999.2,48.0
2014-01-23 16:00:00,Bharati,4.28,7.73,978.9,50.5
2014-01-23 17:00:00,Bharati,-1.43,15.24,988.2,60.2
2014-01-23 18:00:00,Bharati,0.3,8.1,984.0,52.1
2014-01-23 19:00:00,Bharati,0.55,5.56,999.1,73.7
2014-01-23 20:00:00,Bharati,-0.06,4.55,1002.1,50.4
2014-01-23 21:00:00,Bharati,-0.19,22.55,1004.4,60.7
2014-01-23 22:00:00,Bharati,0.57,2.31,997.6,51.9
2014-01-23 23:00:00,Bharati,-2.42,14.19,1003.1,56.1
2014-01-24 00:00:00,Bharati,-0.09,5.31,983.2,59.5
2014-01-24 01:00:00,Bharati,-2.47,10.9,988.7,48.1
2014-01-24 02:00:00,Bharati,1.8,6.01,1005.3,45.5
2014-01-24 03:00:00,Bharati,-0.41,14.65,984.4,62.6
2014-01-24 04:00:00,Bharati,-0.59,29.23,995.4,65.1
2014-01-24 05:00:00,Bharati,0.6,8.61,1009.4,69.3
2014-01-24 06:00:00,Bharati,2.84,10.84,1002.0,48.1
2014-01-24 07:00:00,Bharati,2.34,1.93,998.5,70.5
2014-01-24 08:00:00,Bharati,1.09,14.3,989.9,55.6
2014-01-24 09:00:00,Bharati,-1.38,11.31,982.1,46.6
2014-01-24 10:00:00,Bharati,3.66,3.21,988.9,61.6
2014-01-24 11:00:00,Bharati,-2.99,13.36,1005.5,31.1
2014-01-24 12:00:00,Bharati,-2.56,2.66,987.7,40.5
2014-01-24 13:00:00,Bharati,4.38,4.27,987.8,73.3
2014-01-24 14:00:00,Bharati,-3.24,8.97,992.4,71.5
2014-01-24 15:00:00,Bharati,1.0,14.49,988.6,56.5
2014-01-24 16:00:00,Bharati,0.36,2.72,994.1,63.4
2014-01-24 17:00:00,Bharati,-1.01,12.83,988.9,66.2
2014-01-24 18:00:00,Bharati,-2.03,18.77,986.9,79.0
2014-01-24 19:00:00,Bharati,-1.83,15.45,993.1,81.5
2014-01-24 20:00:00,Bharati,-3.43,18.57,973.1,65.0
2014-01-24 21:00:00,Bharati,-4.38,8.89,1001.7,71.1
2014-01-24 22:00:00,Bharati,-6.14,11.15,990.4,51.8
2014-01-24 23:00:00,Bharati,-0.82,5.06,986.7,83.4
2014-01-25 00:00:00,Bharati,2.94,7.21,988.5,46.0
2014-01-25 01:00:00,Bharati,-5.45,18.01,996.1,66.1
2014-01-25 02:00:00,Bharati,0.54,11.5,975.2,45.6
2014-01-25 03:00:00,Bharati,-0.02,2.77,1017.1,44.8
2014-01-25 04:00:00,Bharati,2.48,17.36,986.9,85.3
2014-01-25 05:00:00,Bharati,1.88,3.32,983.2,54.2
2014-01-25 06:00:00,Bharati,1.3,6.58,974.7,56.6
2014-01-25 07:00:00,Bharati,-3.02,11.51,990.0,54.0
2014-01-25 08:00:00,Bharati,-0.31,5.69,988.2,69.5
2014-01-25 09:00:00,Bharati,-1.49,8.41,990.7,95.3
2014-01-25 10:00:00,Bharati,-3.98,6.44,1002.0,67.1
2014-01-25 11:00:00,Bharati,0.79,14.68,982.0,36.2
2014-01-25 12:00:00,Bharati,-3.09,11.6,991.2,69.4
2014-01-25 13:00:00,Bharati,2.25,4.76,993.2,84.4
2014-01-25 14:00:00,Bharati,0.78,7.86,993.4,68.1
2014-01-25 15:00:00,Bharati,-4.63,8.99,997.9,66.4
2014-01-25 16:00:00,Bharati,3.0,16.9,1009.9,84.8
2014-01-25 17:00:00,Bharati,-0.11,21.04,995.7,79.0
2014-01-25 18:00:00,Bharati,-0.41,5.61,989.2,67.8
2014-01-25 19:00:00,Bharati,-8.22,11.0,984.7,59.5
2014-01-25 20:00:00,Bharati,-2.71,12.96,1002.9,48.1
2014-01-25 21:00:00,Bharati,-3.14,6.7,981.6,48.7
2014-01-25 22:00:00,Bharati,-3.1,9.08,980.9,35.3
2014-01-25 23:00:00,Bharati,-4.11,9.71,989.2,44.7
2014-01-26 00:00:00,Bharati,-4.65,13.85,1003.1,76.4
2014-01-26 01:00:00,Bharati,3.08,4.46,984.8,72.0
2014-01-26 02:00:00,Bharati,-2.67,34.62,988.8,94.8
2014-01-26 03:00:00,Bharati,-7.42,5.88,993.5,62.0
2014-01-26 04:00:00,Bharati,-3.3,19.41,981.9,60.5
2014-01-26 05:00:00,Bharati,-3.16,7.61,994.6,73.1
2014-01-26 06:00:00,Bharati,-1.82,15.0,979.2,83.5
2014-01-26 07:00:00,Bharati,-1.22,6.8,980.5,33.9
2014-01-26 08:00:00,Bharati,-0.4,11.01,1000.5,41.8
2014-01-26 09:00:00,Bharati,-2.64,9.73,1010.5,51.4
2014-01-26 10:00:00,Bharati,-0.61,15.64,957.8,63.7
2014-01-26 11:00:00,Bharati,8.22,13.13,997.4,88.9
2014-01-26 12:00:00,Bharati,-3.29,9.33,1011.3,43.5
2014-01-26 13:00:00,Bharati,-5.75,6.83,981.7,59.4
2014-01-26 14:00:00,Bharati,2.16,8.92,1001.8,50.4
2014-01-26 15:00:00,Bharati,-1.97,27.0,985.2,64.7
2014-01-26 16:00:00,Bharati,-3.25,38.96,987.0,62.9
2014-01-26 17:00:00,Bharati,-4.62,7.31,1010.2,57.8
2014-01-26 18:00:00,Bharati,2.78,11.35,984.9,61.4
2014-01-26 19:00:00,Bharati,-3.91,7.65,1008.0,44.1
2014-01-26 20:00:00,Bharati,5.01,13.81,989.8,50.1
2014-01-26 21:00:00,Bharati,4.15,8.91,981.5,73.1
2014-01-26 22:00:00,Bharati,2.27,6.67,984.2,67.8
2014-01-26 23:00:00,Bharati,-1.98,6.79,977.0,61.3
2014-01-27 00:00:00,Bharati,7.94,6.39,990.5,53.1
2014-01-27 01:00:00,Bharati,-4.61,4.53,989.0,83.7
2014-01-27 02:00:00,Bharati,-0.8,16.58,996.1,97.4
2014-01-27 03:00:00,Bharati,-4.15,13.52,988.1,76.2
2014-01-27 04:00:00,Bharati,0.04,6.61,981.4,34.4
2014-01-27 05:00:00,Bharati,0.08,20.2,992.1,35.0
2014-01-27 06:00:00,Bharati,1.64,14.59,1004.3,68.8
2014-01-27 07:00:00,Bharati,-1.42,11.94,994.1,53.9
2014-01-27 08:00:00,Bharati,1.22,19.96,1008.6,56.3
2014-01-27 09:00:00,Bharati,-1.76,4.72,1005.3,56.3
2014-01-27 10:00:00,Bharati,0.06,12.31,986.6,54.9
2014-01-27 11:00:00,Bharati,-3.19,5.85,993.8,53.5
2014-01-27 12:00:00,Bharati,1.61,12.31,1005.1,67.9
2014-01-27 13:00:00,Bharati,1.16,14.17,996.1,72.9
2014-01-27 14:00:00,Bharati,-2.32,3.76,1001.8,86.6
2014-01-27 15:00:00,Bharati,-0.66,35.18,1001.6,63.2
2014-01-27 16:00:00,Bharati,-3.56,19.34,1001.7,59.5
2014-01-27 17:00:00,Bharati,4.15,12.81,995.6,74.7
2014-01-27 18:00:00,Bharati,5.96,20.46,993.4,54.6
2014-01-27 19:00:00,Bharati,0.35,9.81,977.6,41.6
2014-01-27 20:00:00,Bharati,4.18,3.03,989.1,22.0
2014-01-27 21:00:00,Bharati,1.06,3.9,973.0,50.9
2014-01-27 22:00:00,Bharati,-0.47,17.22,991.8,89.0
2014-01-27 23:00:00,Bharati,-3.63,10.73,997.3,58.8
2014-01-28 00:00:00,Bharati,1.0,9.94,1003.9,43.5
2014-01-28 01:00:00,Bharati,-3.98,4.63,997.5,44.9
2014-01-28 02:00:00,Bharati,-0.91,19.96,976.9,46.2
2014-01-28 03:00:00,Bharati,0.96,13.79,988.7,79.3
2014-01-28 04:00:00,Bharati,-2.76,22.25,982.3,60.4
2014-01-28 05:00:00,Bharati,-4.05,18.45,985.3,53.7
2014-01-28 06:00:00,Bharati,-2.82,3.64,985.5,67.3
2014-01-28 07:00:00,Bharati,0.66,9.27,990.2,63.6
2014-01-28 08:00:00,Bharati,-1.27,10.15,978.2,40.7
2014-01-28 09:00:00,Bharati,1.55,16.89,995.2,45.2
2014-01-28 10:00:00,Bharati,4.59,12.13,1002.6,39.4
2014-01-28 11:00:00,Bharati,-3.06,10.16,999.3,48.5
2014-01-28 12:00:00,Bharati,2.25,8.67,989.8,54.4
2014-01-28 13:00:00,Bharati,0.1,7.37,986.6,60.9
2014-01-28 14:00:00,Bharati,-2.18,4.04,999.0,49.8
2014-01-28 15:00:00,Bharati,-2.46,13.16,992.0,58.2
2014-01-28 16:00:00,Bharati,-4.06,6.18,997.2,55.2
2014-01-28 17:00:00,Bharati,-0.85,6.75,990.4,46.5
2014-01-28 18:00:00,Bharati,-5.64,5.75,1004.1,81.6
2014-01-28 19:00:00,Bharati,-7.43,9.13,996.6,83.3
2014-01-28 20:00:00,Bharati,-3.63,4.15,986.3,68.3
2014-01-28 21:00:00,Bharati,-0.8,9.4,966.1,62.5
2014-01-28 22:00:00,Bharati,-2.27,13.33,977.5,49.2
2014-01-28 23:00:00,Bharati,-3.26,9.85,997.1,67.3
2014-01-29 00:00:00,Bharati,-2.13,12.47,984.0,61.7
2014-01-29 01:00:00,Bharati,1.52,6.59,993.5,50.2
2014-01-29 02:00:00,Bharati,-4.06,5.77,998.4,62.5
2014-01-29 03:00:00,Bharati,-0.64,17.06,1016.4,80.1
2014-01-29 04:00:00,Bharati,-0.83,17.82,980.7,61.9
2014-01-29 05:00:00,Bharati,-4.62,8.99,1014.1,55.0
2014-01-29 06:00:00,Bharati,1.56,11.19,997.3,89.6
2014-01-29 07:00:00,Bharati,-2.64,8.98,999.7,81.1
2014-01-29 08:00:00,Bharati,5.49,5.89,992.7,79.8
2014-01-29 09:00:00,Bharati,-2.76,10.74,980.5,56.2
2014-01-29 10:00:00,Bharati,-1.23,5.75,997.8,51.6
2014-01-29 11:00:00,Bharati,5.55,9.61,966.5,56.0
2014-01-29 12:00:00,Bharati,2.17,8.78,1007.7,64.0
2014-01-29 13:00:00,Bharati,-1.27,21.8,1009.1,69.3
2014-01-29 14:00:00,Bharati,-7.85,21.84,991.4,76.8
2014-01-29 15:00:00,Bharati,2.87,9.98,986.3,65.6
2014-01-29 16:00:00,Bharati,-4.73,5.13,981.8,67.2
2014-01-29 17:00:00,Bharati,0.66,6.31,1013.2,83.9
2014-01-29 18:00:00,Bharati,-0.9,3.21,966.1,72.9
2014-01-29 19:00:00,Bharati,-0.34,18.06,968.9,67.4
2014-01-29 20:00:00,Bharati,-1.48,24.8,1014.6,60.8
2014-01-29 21:00:00,Bharati,-2.31,7.47,988.8,61.9
2014-01-29 22:00:00,Bharati,-2.19,17.52,1003.9,51.1
2014-01-29 23:00:00,Bharati,-1.16,18.0,997.3,70.4
2014-01-30 00:00:00,Bharati,-3.77,24.58,988.7,74.3
2014-01-30 01:00:00,Bharati,-2.42,6.9,1010.0,74.7
2014-01-30 02:00:00,Bharati,1.83,4.1,986.6,32.7
2014-01-30 03:00:00,Bharati,-5.45,5.27,987.7,50.6
2014-01-30 04:00:00,Bharati,2.3,14.67,973.9,37.6
2014-01-30 05:00:00,Bharati,1.2,8.23,1001.3,78.8
2014-01-30 06:00:00,Bharati,7.61,13.06,962.6,89.2
2014-01-30 07:00:00,Bharati,1.4,19.71,989.9,70.4
2014-01-30 08:00:00,Bharati,-0.49,19.74,997.8,43.1
2014-01-30 09:00:00,Bharati,0.73,5.49,1019.0,90.2
2014-01-30 10:00:00,Bharati,-6.52,4.0,985.7,51.0
2014-01-30 11:00:00,Bharati,1.04,14.73,975.4,63.0
2014-01-30 12:00:00,Bharati,-3.28,17.28,975.7,54.0
2014-01-30 13:00:00,Bharati,3.74,4.84,992.8,77.6
2014-01-30 14:00:00,Bharati,-1.72,8.3,976.9,50.7
2014-01-30 15:00:00,Bharati,-0.22,14.06,1013.2,84.1
2014-01-30 16:00:00,Bharati,-3.94,10.83,990.8,65.7
2014-01-30 17:00:00,Bharati,-2.14,3.01,1001.7,33.2
2014-01-30 18:00:00,Bharati,-1.86,14.13,995.1,67.8
2014-01-30 19:00:00,Bharati,0.81,13.82,1007.1,35.7
2014-01-30 20:00:00,Bharati,2.14,5.22,985.3,58.9
2014-01-30 21:00:00,Bharati,-2.4,14.65,993.8,69.1
2014-01-30 22:00:00,Bharati,-5.79,13.02,998.2,65.4
2014-01-30 23:00:00,Bharati,-5.61,1.97,986.4,74.4
2014-01-31 00:00:00,Bharati,1.85,8.15,981.6,33.6
2014-01-31 01:00:00,Bharati,0.93,7.11,994.3,81.6
2014-01-31 02:00:00,Bharati,-0.35,10.46,1008.4,44.8
2014-01-31 03:00:00,Bharati,-1.03,4.5,1016.7,41.9
2014-01-31 04:00:00,Bharati,-0.68,6.05,984.0,63.9
2014-01-31 05:00:00,Bharati,-1.48,18.2,996.3,73.2
2014-01-31 06:00:00,Bharati,2.22,2.19,1002.6,34.3
2014-01-31 07:00:00,Bharati,-0.97,8.91,991.0,83.0
2014-01-31 08:00:00,Bharati,-3.7,5.19,991.5,83.0
2014-01-31 09:00:00,Bharati,-2.78,11.49,970.8,73.9
2014-01-31 10:00:00,Bharati,-6.28,10.24,1009.2,46.7
2014-01-31 11:00:00,Bharati,1.31,7.43,1006.6,78.6
2014-01-31 12:00:00,Bharati,-3.05,9.73,1005.5,56.1
2014-01-31 13:00:00,Bharati,-1.83,2.62,990.6,62.0
2014-01-31 14:00:00,Bharati,-4.18,4.18,981.5,55.2
2014-01-31 15:00:00,Bharati,-2.72,10.78,988.8,63.4
2014-01-31 16:00:00,Bharati,1.11,17.51,1008.4,56.2
2014-01-31 17:00:00,Bharati,-0.72,14.05,977.7,59.0
2014-01-31 18:00:00,Bharati,-0.29,11.61,998.1,71.4
2014-01-31 19:00:00,Bharati,2.57,37.51,974.5,68.5
2014-01-31 20:00:00,Bharati,0.22,22.95,992.1,71.2
2014-01-31 21:00:00,Bharati,-2.94,8.89,1014.3,61.8
2014-01-31 22:00:00,Bharati,0.99,30.25,966.0,63.0
2014-01-31 23:00:00,Bharati,-4.34,6.83,1008.0,64.2
2014-02-01 00:00:00,Bharati,1.64,7.59,994.6,87.0
2014-02-01 01:00:00,Bharati,-0.52,7.64,1015.6,85.5
2014-02-01 02:00:00,Bharati,0.42,2.3,992.0,67.2
2014-02-01 03:00:00,Bharati,-0.44,9.91,1013.5,70.8
2014-02-01 04:00:00,Bharati,-1.77,7.35,999.8,44.3
2014-02-01 05:00:00,Bharati,-5.29,6.22,987.1,65.1
2014-02-01 06:00:00,Bharati,3.65,15.34,990.7,69.1
2014-02-01 07:00:00,Bharati,-3.02,8.42,992.7,37.0
2014-02-01 08:00:00,Bharati,-3.68,7.36,996.4,41.9
2014-02-01 09:00:00,Bharati,-0.35,14.3,991.7,52.4
2014-02-01 10:00:00,Bharati,-0.56,8.78,990.6,55.0
2014-02-01 11:00:00,Bharati,-2.54,5.76,984.8,75.1
2014-02-01 12:00:00,Bharati,-2.92,22.26,989.0,68.4
2014-02-01 13:00:00,Bharati,0.71,3.88,985.4,68.6
2014-02-01 14:00:00,Bharati,3.5,4.82,958.6,76.6
2014-02-01 15:00:00,Bharati,-1.32,19.13,989.1,49.5
2014-02-01 16:00:00,Bharati,-1.38,4.09,966.7,67.8
2014-02-01 17:00:00,Bharati,1.59,7.85,1003.7,50.0
2014-02-01 18:00:00,Bharati,-2.76,1.75,1001.5,65.8
2014-02-01 19:00:00,Bharati,-5.18,5.91,989.5,70.9
2014-02-01 20:00:00,Bharati,-4.9,11.34,1009.5,67.0
2014-02-01 21:00:00,Bharati,-2.41,4.48,982.2,46.0
2014-02-01 22:00:00,Bharati,-2.01,7.21,992.4,53.8
2014-02-01 23:00:00,Bharati,-6.95,3.77,981.3,75.8
2014-02-02 00:00:00,Bharati,-0.64,5.16,1017.9,76.8
2014-02-02 01:00:00,Bharati,-0.52,12.48,999.4,44.4
2014-02-02 02:00:00,Bharati,-4.11,10.46,979.2,65.5
2014-02-02 03:00:00,Bharati,-0.86,11.18,992.6,71.8
2014-02-02 04:00:00,Bharati,7.13,15.79,973.4,61.6
2014-02-02 05:00:00,Bharati,-2.4,8.06,999.8,65.1
2014-02-02 06:00:00,Bharati,-5.54,11.35,994.8,67.5
2014-02-02 07:00:00,Bharati,-3.94,11.3,995.2,66.5
2014-02-02 08:00:00,Bharati,-3.74,5.19,987.8,39.7
2014-02-02 09:00:00,Bharati,-3.59,6.97,983.3,63.5
2014-02-02 10:00:00,Bharati,-3.1,11.75,981.6,46.6
2014-02-02 11:00:00,Bharati,-1.76,5.15,997.4,86.7
2014-02-02 12:00:00,Bharati,-4.44,19.96,981.6,60.3
2014-02-02 13:00:00,Bharati,-0.28,12.01,1005.6,51.7
2014-02-02 14:00:00,Bharati,-1.54,2.41,1006.7,53.8
2014-02-02 15:00:00,Bharati,-0.56,3.42,995.0,58.1
2014-02-02 16:00:00,Bharati,-6.8,14.22,1009.1,47.2
2014-02-02 17:00:00,Bharati,2.37,7.22,999.5,54.0
2014-02-02 18:00:00,Bharati,4.9,22.11,991.1,66.7
2014-02-02 19:00:00,Bharati,-1.01,18.32,983.7,76.9
2014-02-02 20:00:00,Bharati,-1.75,6.06,978.7,71.9
2014-02-02 21:00:00,Bharati,-1.68,22.21,1008.8,63.3
2014-02-02 22:00:00,Bharati,3.28,4.85,998.7,48.7
2014-02-02 23:00:00,Bharati,-6.78,1.82,1013.6,47.4
2014-02-03 00:00:00,Bharati,3.0,6.0,985.7,71.8
2014-02-03 01:00:00,Bharati,-4.58,11.86,990.0,58.1
2014-02-03 02:00:00,Bharati,3.92,6.34,1003.3,33.8
2014-02-03 03:00:00,Bharati,0.38,35.28,1014.7,57.6
2014-02-03 04:00:00,Bharati,-1.0,11.75,984.0,66.0
2014-02-03 05:00:00,Bharati,-4.29,30.2,994.0,50.8
2014-02-03 06:00:00,Bharati,-7.7,6.59,1000.0,86.9
2014-02-03 07:00:00,Bharati,-6.98,19.55,1004.3,39.7
2014-02-03 08:00:00,Bharati,-3.23,10.18,986.6,69.8
2014-02-03 09:00:00,Bharati,2.38,10.17,989.1,53.0
2014-02-03 10:00:00,Bharati,-3.39,13.16,981.7,65.1
2014-02-03 11:00:00,Bharati,-7.34,15.01,989.8,71.4
2014-02-03 12:00:00,Bharati,-2.08,13.69,1009.8,70.0
2014-02-03 13:00:00,Bharati,-3.29,9.2,989.7,68.4
2014-02-03 14:00:00,Bharati,-1.19,5.87,1006.3,58.7
2014-02-03 15:00:00,Bharati,-3.61,16.46,1011.6,69.2
2014-02-03 16:00:00,Bharati,-5.05,7.85,1004.4,62.4
2014-02-03 17:00:00,Bharati,-3.1,3.46,990.7,60.2
2014-02-03 18:00:00,Bharati,-3.63,7.47,995.3,73.3
2014-02-03 19:00:00,Bharati,2.65,20.08,1009.5,55.1
2014-02-03 20:00:00,Bharati,-0.4,5.89,961.0,68.5
2014-02-03 21:00:00,Bharati,0.79,8.73,981.5,48.0
2014-02-03 22:00:00,Bharati,-3.12,4.35,1016.7,40.2
2014-02-03 23:00:00,Bharati,-1.71,11.33,996.7,33.7
2014-02-04 00:00:00,Bharati,-4.29,11.88,993.7,61.9
2014-02-04 01:00:00,Bharati,0.2,9.95,993.1,44.6
2014-02-04 02:00:00,Bharati,-3.92,18.31,989.5,68.3
2014-02-04 03:00:00,Bharati,-1.69,8.62,1004.6,58.6
2014-02-04 04:00:00,Bharati,-3.57,4.93,993.5,62.4
2014-02-04 05:00:00,Bharati,-0.17,8.11,995.3,66.5
2014-02-04 06:00:00,Bharati,1.82,3.35,998.5,62.5
2014-02-04 07:00:00,Bharati,-2.1,8.95,999.6,78.4
2014-02-04 08:00:00,Bharati,1.3,16.25,985.6,83.0
2014-02-04 09:00:00,Bharati,-0.43,9.91,978.0,62.4
2014-02-04 10:00:00,Bharati,0.24,7.17,994.8,65.8
2014-02-04 11:00:00,Bharati,0.92,13.08,997.4,46.0
2014-02-04 12:00:00,Bharati,-1.16,26.43,988.8,76.2
2014-02-04 13:00:00,Bharati,-1.65,13.16,977.5,45.1
2014-02-04 14:00:00,Bharati,-6.29,3.68,986.2,54.3
2014-02-04 15:00:00,Bharati,-4.06,17.48,986.5,28.1
2014-02-04 16:00:00,Bharati,-1.14,10.32,1004.6,74.1
2014-02-04 17:00:00,Bharati,4.94,4.12,986.7,50.7
2014-02-04 18:00:00,Bharati,0.15,25.66,991.7,82.6
2014-02-04 19:00:00,Bharati,-3.63,17.13,1007.6,48.9
2014-02-04 20:00:00,Bharati,0.15,5.77,1000.4,56.1
2014-02-04 21:00:00,Bharati,3.12,21.52,983.4,55.3
2014-02-04 22:00:00,Bharati,-3.48,11.82,1002.4,43.9
2014-02-04 23:00:00,Bharati,0.74,4.95,992.0,66.2
2014-02-05 00:00:00,Bharati,0.52,6.81,997.4,42.0
2014-02-05 01:00:00,Bharati,-3.67,9.62,997.6,50.8
2014-02-05 02:00:00,Bharati,-2.84,6.83,1015.7,71.2
2014-02-05 03:00:00,Bharati,-5.48,8.04,1002.2,74.9
2014-02-05 04:00:00,Bharati,0.4,4.49,999.4,76.6
2014-02-05 05:00:00,Bharati,1.94,11.36,993.5,53.9
2014-02-05 06:00:00,Bharati,-2.53,6.91,992.6,42.4
2014-02-05 07:00:00,Bharati,0.93,17.02,996.5,56.3
2014-02-05 08:00:00,Bharati,-1.12,8.77,987.2,51.9
2014-02-05 09:00:00,Bharati,-1.31,11.27,994.9,61.2
2014-02-05 10:00:00,Bharati,-2.56,16.33,967.4,80.8
2014-02-05 11:00:00,Bharati,-2.13,5.8,991.7,77.5
2014-02-05 12:00:00,Bharati,-2.34,8.71,982.2,61.3
2014-02-05 13:00:00,Bharati,-0.12,5.23,997.5,90.6
2014-02-05 14:00:00,Bharati,0.26,7.17,992.4,82.1
2014-02-05 15:00:00,Bharati,-0.74,7.53,986.3,66.6
2014-02-05 16:00:00,Bharati,1.88,17.39,1004.3,74.8
2014-02-05 17:00:00,Bharati,-3.72,8.39,1005.1,74.4
2014-02-05 18:00:00,Bharati,-0.99,6.44,985.9,42.0
2014-02-05 19:00:00,Bharati,-3.18,9.89,958.1,49.6
2014-02-05 20:00:00,Bharati,0.34,8.46,998.5,67.7
2014-02-05 21:00:00,Bharati,1.2,10.47,973.1,55.2
2014-02-05 22:00:00,Bharati,-5.89,3.19,976.8,73.3
2014-02-05 23:00:00,Bharati,0.71,21.72,994.9,69.5
2014-02-06 00:00:00,Bharati,1.95,22.32,991.5,25.5
2014-02-06 01:00:00,Bharati,-0.72,8.7,1010.1,65.8
2014-02-06 02:00:00,Bharati,-7.56,3.88,994.3,65.4
2014-02-06 03:00:00,Bharati,4.86,12.43,990.1,42.6
2014-02-06 04:00:00,Bharati,-3.44,25.02,981.6,67.3
2014-02-06 05:00:00,Bharati,-1.8,3.84,988.9,76.6
2014-02-06 06:00:00,Bharati,3.71,9.14,982.9,74.6
2014-02-06 07:00:00,Bharati,-2.93,12.58,972.5,57.6
2014-02-06 08:00:00,Bharati,-2.19,2.52,988.5,71.2
2014-02-06 09:00:00,Bharati,2.44,15.17,1007.0,50.4
2014-02-06 10:00:00,Bharati,-0.32,15.61,973.5,48.0
2014-02-06 11:00:00,Bharati,0.2,2.81,994.3,74.5
2014-02-06 12:00:00,Bharati,-1.83,2.0,980.1,72.5
2014-02-06 13:00:00,Bharati,-1.68,3.17,992.0,76.4
2014-02-06 14:00:00,Bharati,0.23,8.53,988.5,45.8
2014-02-06 15:00:00,Bharati,-6.22,10.03,988.6,70.0
2014-02-06 16:00:00,Bharati,-5.16,5.89,999.6,53.5
2014-02-06 17:00:00,Bharati,-3.13,5.03,986.4,51.1
2014-02-06 18:00:00,Bharati,-4.21,21.01,996.1,60.7
2014-02-06 19:00:00,Bharati,2.1,10.84,983.7,45.5
2014-02-06 20:00:00,Bharati,-2.36,19.53,1017.7,58.8
2014-02-06 21:00:00,Bharati,-1.86,6.22,986.0,57.6
2014-02-06 22:00:00,Bharati,-4.99,8.72,981.1,61.1
2014-02-06 23:00:00,Bharati,0.45,8.74,989.5,72.4
2014-02-07 00:00:00,Bharati,-2.52,4.65,981.7,37.9
2014-02-07 01:00:00,Bharati,-3.32,13.24,988.5,53.6
2014-02-07 02:00:00,Bharati,-3.08,18.28,998.9,41.2
2014-02-07 03:00:00,Bharati,-3.69,1.63,1005.4,40.0
2014-02-07 04:00:00,Bharati,-4.76,25.59,1017.1,94.0
2014-02-07 05:00:00,Bharati,-1.83,3.88,992.3,44.9
2014-02-07 06:00:00,Bharati,0.47,12.46,984.1,31.8
2014-02-07 07:00:00,Bharati,2.42,4.18,986.4,58.3
2014-02-07 08:00:00,Bharati,-7.08,6.17,996.5,61.7
2014-02-07 09:00:00,Bharati,-2.59,6.36,1001.6,70.4
2014-02-07 10:00:00,Bharati,5.35,10.17,989.7,40.1
2014-02-07 11:00:00,Bharati,-0.86,12.56,1003.4,71.4
2014-02-07 12:00:00,Bharati,-4.56,3.15,1001.5,48.1
2014-02-07 13:00:00,Bharati,-1.29,18.42,978.0,83.5
2014-02-07 14:00:00,Bharati,-3.47,12.73,998.8,41.5
2014-02-07 15:00:00,Bharati,0.84,1.34,989.3,52.2
2014-02-07 16:00:00,Bharati,0.42,9.33,989.0,53.6
2014-02-07 17:00:00,Bharati,-2.09,9.61,979.9,69.0
2014-02-07 18:00:00,Bharati,0.93,13.48,997.6,51.2
2014-02-07 19:00:00,Bharati,0.35,2.96,994.6,71.1
2014-02-07 20:00:00,Bharati,1.32,12.07,1009.4,46.7
2014-02-07 21:00:00,Bharati,0.17,0.4,979.6,66.5
2014-02-07 22:00:00,Bharati,-1.27,10.33,996.9,98.0
2014-02-07 23:00:00,Bharati,-3.39,3.16,982.3,53.3
2014-02-08 00:00:00,Bharati,4.69,8.53,974.4,55.0
2014-02-08 01:00:00,Bharati,-0.9,11.38,995.1,71.5
2014-02-08 02:00:00,Bharati,-2.94,15.19,998.7,72.4
2014-02-08 03:00:00,Bharati,-2.99,7.17,983.1,49.5
2014-02-08 04:00:00,Bharati,5.2,8.24,971.9,63.3
2014-02-08 05:00:00,Bharati,1.35,5.62,978.0,43.1
2014-02-08 06:00:00,Bharati,-5.8,8.58,980.6,55.9
2014-02-08 07:00:00,Bharati,1.26,19.7,980.5,95.4
2014-02-08 08:00:00,Bharati,-2.38,14.53,979.0,85.9
2014-02-08 09:00:00,Bharati,-1.88,5.38,991.2,55.0
2014-02-08 10:00:00,Bharati,-3.74,7.4,995.6,79.6
2014-02-08 11:00:00,Bharati,0.21,11.43,987.6,72.5
2014-02-08 12:00:00,Bharati,4.26,12.99,986.8,44.0
2014-02-08 13:00:00,Bharati,-6.31,6.37,1013.1,64.7
2014-02-08 14:00:00,Bharati,-3.82,3.1,1016.0,93.2
2014-02-08 15:00:00,Bharati,-4.07,9.37,980.0,90.1
2014-02-08 16:00:00,Bharati,-3.75,4.18,988.6,61.9
2014-02-08 17:00:00,Bharati,-5.73,23.94,1034.0,41.0
2014-02-08 18:00:00,Bharati,-4.24,7.5,981.3,61.5
2014-02-08 19:00:00,Bharati,-2.87,8.72,985.2,90.0
2014-02-08 20:00:00,Bharati,2.16,4.84,996.6,61.6
2014-02-08 21:00:00,Bharati,-8.17,14.3,1006.8,56.2
2014-02-08 22:00:00,Bharati,-2.16,3.46,996.1,55.7
2014-02-08 23:00:00,Bharati,0.92,12.13,987.3,52.8
2014-02-09 00:00:00,Bharati,-3.69,4.88,1009.1,42.6
2014-02-09 01:00:00,Bharati,2.78,10.31,996.5,55.0
2014-02-09 02:00:00,Bharati,1.68,15.49,986.8,52.7
2014-02-09 03:00:00,Bharati,-0.56,5.56,994.0,68.8
2014-02-09 04:00:00,Bharati,3.54,11.3,992.1,25.3
2014-02-09 05:00:00,Bharati,0.44,5.79,984.8,47.1
2014-02-09 06:00:00,Bharati,2.01,6.5,980.8,72.2
2014-02-09 07:00:00,Bharati,-5.92,8.15,962.0,54.8
2014-02-09 08:00:00,Bharati,-0.17,15.71,979.7,68.4
2014-02-09 09:00:00,Bharati,-3.53,18.49,991.1,46.5
2014-02-09 10:00:00,Bharati,-6.05,11.16,989.4,73.9
2014-02-09 11:00:00,Bharati,-2.31,11.03,1012.8,86.5
2014-02-09 12:00:00,Bharati,-0.21,11.19,990.0,74.4
2014-02-09 13:00:00,Bharati,-3.3,5.32,983.0,49.1
2014-02-09 14:00:00,Bharati,0.03,9.56,989.1,72.3
2014-02-09 15:00:00,Bharati,2.27,18.06,1009.7,49.8
2014-02-09 16:00:00,Bharati,-2.79,5.68,1009.6,58.9
2014-02-09 17:00:00,Bharati,-2.5,2.34,993.7,47.9
2014-02-09 18:00:00,Bharati,-1.12,2.75,978.6,61.1
2014-02-09 19:00:00,Bharati,-1.26,4.39,981.4,98.0
2014-02-09 20:00:00,Bharati,1.93,2.81,984.8,36.1
2014-02-09 21:00:00,Bharati,-9.01,7.63,980.4,64.7
2014-02-09 22:00:00,Bharati,-0.16,13.64,978.5,27.6
2014-02-09 23:00:00,Bharati,-3.32,5.79,1006.2,77.2
2014-02-10 00:00:00,Bharati,-4.43,5.74,1001.9,48.6
2014-02-10 01:00:00,Bharati,4.99,11.91,997.9,48.8
2014-02-10 02:00:00,Bharati,-1.44,7.15,988.5,43.8
2014-02-10 03:00:00,Bharati,-2.85,2.63,998.8,58.4
2014-02-10 04:00:00,Bharati,4.12,2.82,1008.3,35.2
2014-02-10 05:00:00,Bharati,-0.1,6.53,1004.8,54.4
2014-02-10 06:00:00,Bharati,-2.62,9.15,1005.2,74.0
2014-02-10 07:00:00,Bharati,0.2,13.61,983.8,78.1
2014-02-10 08:00:00,Bharati,-0.58,6.93,993.8,77.6
2014-02-10 09:00:00,Bharati,-5.49,3.92,999.5,63.9
2014-02-10 10:00:00,Bharati,-3.93,8.97,988.2,63.9
2014-02-10 11:00:00,Bharati,-3.33,7.33,1003.0,50.0
2014-02-10 12:00:00,Bharati,-3.04,15.22,995.7,62.0
2014-02-10 13:00:00,Bharati,-0.47,7.55,974.1,67.4
2014-02-10 14:00:00,Bharati,-3.93,17.5,974.2,73.1
2014-02-10 15:00:00,Bharati,-4.47,3.22,996.3,64.5
2014-02-10 16:00:00,Bharati,-0.45,13.83,993.1,65.6
2014-02-10 17:00:00,Bharati,-1.07,3.83,977.7,61.9
2014-02-10 18:00:00,Bharati,-6.22,4.85,996.6,61.5
2014-02-10 19:00:00,Bharati,-3.43,1.59,991.3,72.0
2014-02-10 20:00:00,Bharati,-0.95,6.61,972.3,50.1
2014-02-10 21:00:00,Bharati,3.88,11.44,1002.5,56.0
2014-02-10 22:00:00,Bharati,-1.59,5.59,979.6,58.9
2014-02-10 23:00:00,Bharati,-0.8,9.32,994.2,77.7
2014-02-11 00:00:00,Bharati,-1.87,7.62,997.4,62.5
2014-02-11 01:00:00,Bharati,-1.82,22.05,993.2,60.1
2014-02-11 02:00:00,Bharati,-7.27,12.9,992.9,37.4
2014-02-11 03:00:00,Bharati,2.5,21.28,984.2,82.1
2014-02-11 04:00:00,Bharati,-0.6,6.22,997.0,82.1
2014-02-11 05:00:00,Bharati,1.08,2.1,980.2,45.9
2014-02-11 06:00:00,Bharati,-5.8,6.04,983.8,65.5
2014-02-11 07:00:00,Bharati,-4.11,13.85,1013.5,51.1
2014-02-11 08:00:00,Bharati,-0.99,7.17,1001.2,92.2
2014-02-11 09:00:00,Bharati,-3.52,14.65,976.2,72.9
2014-02-11 10:00:00,Bharati,-3.58,4.55,986.8,50.7
2014-02-11 11:00:00,Bharati,4.1,10.96,962.8,61.9
2014-02-11 12:00:00,Bharati,-4.17,4.45,995.3,56.6
2014-02-11 13:00:00,Bharati,-1.94,5.01,1001.7,60.0
2014-02-11 14:00:00,Bharati,-2.44,6.66,1000.3,43.6
2014-02-11 15:00:00,Bharati,-6.3,21.38,984.2,61.0
2014-02-11 16:00:00,Bharati,-2.4,19.03,979.0,61.4
2014-02-11 17:00:00,Bharati,3.58,13.48,974.6,71.9
2014-02-11 18:00:00,Bharati,-3.45,4.98,999.6,59.3
2014-02-11 19:00:00,Bharati,1.32,9.01,995.4,53.6
2014-02-11 20:00:00,Bharati,-1.94,4.95,996.2,58.2
2014-02-11 21:00:00,Bharati,-0.97,14.63,988.4,37.3
2014-02-11 22:00:00,Bharati,-3.03,22.44,973.0,79.7
2014-02-11 23:00:00,Bharati,-0.66,6.39,999.8,79.4
2014-02-12 00:00:00,Bharati,-2.55,5.67,1010.9,65.3
2014-02-12 01:00:00,Bharati,3.02,5.46,976.9,69.8
2014-02-12 02:00:00,Bharati,-4.62,3.32,985.3,47.1
2014-02-12 03:00:00,Bharati,-2.81,6.36,998.9,71.5
2014-02-12 04:00:00,Bharati,-7.74,6.43,993.7,28.1
2014-02-12 05:00:00,Bharati,1.96,3.16,983.6,69.3
2014-02-12 06:00:00,Bharati,-0.0,8.98,963.7,68.0
2014-02-12 07:00:00,Bharati,0.07,10.5,978.4,35.4
2014-02-12 08:00:00,Bharati,-3.41,6.83,1002.2,69.4
2014-02-12 09:00:00,Bharati,-0.16,6.83,972.9,67.6
2014-02-12 10:00:00,Bharati,1.4,9.68,1009.9,62.8
2014-02-12 11:00:00,Bharati,-3.59,11.9,995.2,58.2
2014-02-12 12:00:00,Bharati,3.49,3.4,996.7,57.4
2014-02-12 13:00:00,Bharati,-2.95,15.28,997.2,68.8
2014-02-12 14:00:00,Bharati,-4.37,11.56,979.8,34.7
2014-02-12 15:00:00,Bharati,1.82,10.16,983.8,74.3
2014-02-12 16:00:00,Bharati,-2.14,7.92,976.5,40.6
2014-02-12 17:00:00,Bharati,-2.13,16.78,994.3,62.0
2014-02-12 18:00:00,Bharati,0.33,14.12,1021.2,63.0
2014-02-12 19:00:00,Bharati,0.53,12.9,991.1,62.8
2014-02-12 20:00:00,Bharati,-4.55,14.01,974.9,73.8
2014-02-12 21:00:00,Bharati,-1.43,9.81,981.8,65.6
2014-02-12 22:00:00,Bharati,-0.52,8.43,1005.7,71.1
2014-02-12 23:00:00,Bharati,-0.54,7.83,1007.1,60.8
2014-02-13 00:00:00,Bharati,3.12,9.16,998.9,32.5
2014-02-13 01:00:00,Bharati,-3.49,13.48,995.2,63.1
2014-02-13 02:00:00,Bharati,-3.95,7.52,983.2,77.2
2014-02-13 03:00:00,Bharati,-5.92,8.42,962.9,60.5
2014-02-13 04:00:00,Bharati,0.64,12.95,979.1,60.1
2014-02-13 05:00:00,Bharati,-4.86,5.78,978.5,62.7
2014-02-13 06:00:00,Bharati,-3.27,2.2,994.6,58.9
2014-02-13 07:00:00,Bharati,-5.77,1.64,989.8,73.7
2014-02-13 08:00:00,Bharati,-6.04,12.29,999.7,51.0
2014-02-13 09:00:00,Bharati,-1.93,5.79,1011.7,86.7
2014-02-13 10:00:00,Bharati,0.43,2.45,971.5,71.5
2014-02-13 11:00:00,Bharati,-6.26,2.44,978.4,51.5
2014-02-13 12:00:00,Bharati,-1.0,20.5,1009.9,71.5
2014-02-13 13:00:00,Bharati,-2.05,6.9,999.3,60.4
2014-02-13 14:00:00,Bharati,-4.74,13.04,989.0,66.0
2014-02-13 15:00:00,Bharati,-3.66,27.32,982.3,53.7
2014-02-13 16:00:00,Bharati,-2.52,6.0,984.8,53.6
2014-02-13 17:00:00,Bharati,-4.34,11.86,974.6,64.4
2014-02-13 18:00:00,Bharati,-7.67,2.18,1002.0,51.3
2014-02-13 19:00:00,Bharati,1.07,12.4,986.0,72.6
2014-02-13 20:00:00,Bharati,1.96,10.55,989.0,63.4
2014-02-13 21:00:00,Bharati,-3.49,6.78,975.5,24.4
2014-02-13 22:00:00,Bharati,0.09,12.37,988.9,59.1
2014-02-13 23:00:00,Bharati,0.58,5.17,971.9,68.1
2014-02-14 00:00:00,Bharati,-1.55,1.85,991.7,43.8
2014-02-14 01:00:00,Bharati,-6.08,18.72,979.7,37.6
2014-02-14 02:00:00,Bharati,-2.84,7.57,974.8,35.4
2014-02-14 03:00:00,Bharati,-3.95,3.94,987.9,63.4
2014-02-14 04:00:00,Bharati,-2.32,8.45,1004.6,51.9
2014-02-14 05:00:00,Bharati,-4.86,12.86,980.7,43.5
2014-02-14 06:00:00,Bharati,2.15,3.26,993.2,65.2
2014-02-14 07:00:00,Bharati,-3.95,3.16,1009.9,57.8
2014-02-14 08:00:00,Bharati,-2.9,2.91,979.7,64.1
2014-02-14 09:00:00,Bharati,-4.76,10.29,990.0,86.8
2014-02-14 10:00:00,Bharati,-5.6,8.39,981.8,57.5
2014-02-14 11:00:00,Bharati,-0.69,2.85,991.9,66.7
2014-02-14 12:00:00,Bharati,-2.93,12.96,986.7,77.1
2014-02-14 13:00:00,Bharati,2.79,11.95,991.1,74.7
2014-02-14 14:00:00,Bharati,-10.06,1.2,1006.2,76.8
2014-02-14 15:00:00,Bharati,2.88,12.71,996.7,83.5
2014-02-14 16:00:00,Bharati,-5.9,9.36,984.7,70.8
2014-02-14 17:00:00,Bharati,-2.44,22.21,981.6,48.5
2014-02-14 18:00:00,Bharati,-6.17,4.32,993.6,98.0
2014-02-14 19:00:00,Bharati,-0.14,17.4,975.3,46.5
2014-02-14 20:00:00,Bharati,-2.89,6.08,1002.9,55.5
2014-02-14 21:00:00,Bharati,-3.25,7.84,990.6,71.7
2014-02-14 22:00:00,Bharati,-4.52,13.12,969.8,55.4
2014-02-14 23:00:00,Bharati,-0.77,10.05,999.4,54.0
2014-02-15 00:00:00,Bharati,1.18,6.55,984.7,66.3
2014-02-15 01:00:00,Bharati,-3.78,34.11,983.7,29.3
2014-02-15 02:00:00,Bharati,1.6,12.33,998.6,91.1
2014-02-15 03:00:00,Bharati,-0.91,7.99,977.9,57.7
2014-02-15 04:00:00,Bharati,-2.89,6.37,998.7,69.9
2014-02-15 05:00:00,Bharati,-4.21,18.12,992.2,58.4
2014-02-15 06:00:00,Bharati,-9.63,11.46,978.3,80.7
2014-02-15 07:00:00,Bharati,-0.18,4.56,1010.5,62.3
2014-02-15 08:00:00,Bharati,-3.64,10.87,997.5,54.8
2014-02-15 09:00:00,Bharati,0.15,8.57,1011.2,42.3
2014-02-15 10:00:00,Bharati,-3.99,6.83,1006.3,55.1
2014-02-15 11:00:00,Bharati,0.46,10.19,987.8,78.3
2014-02-15 12:00:00,Bharati,2.11,20.68,977.1,47.7
2014-02-15 13:00:00,Bharati,-3.3,24.63,999.5,28.2
2014-02-15 14:00:00,Bharati,-5.39,16.1,999.1,55.0
2014-02-15 15:00:00,Bharati,-7.41,5.63,978.3,71.6
2014-02-15 16:00:00,Bharati,3.52,6.27,978.5,75.0
2014-02-15 17:00:00,Bharati,-2.05,11.01,990.9,61.3
2014-02-15 18:00:00,Bharati,-1.65,11.4,1007.1,56.0
2014-02-15 19:00:00,Bharati,-0.52,8.75,1008.1,78.3
2014-02-15 20:00:00,Bharati,-5.13,7.11,989.0,41.3
2014-02-15 21:00:00,Bharati,-5.8,16.75,1003.8,76.8
2014-02-15 22:00:00,Bharati,1.52,8.3,998.6,40.4
2014-02-15 23:00:00,Bharati,-4.09,19.26,981.5,48.3
2014-02-16 00:00:00,Bharati,-0.41,7.17,992.5,83.9
2014-02-16 01:00:00,Bharati,0.08,2.25,992.7,72.0
2014-02-16 02:00:00,Bharati,-2.13,12.8,994.8,44.3
2014-02-16 03:00:00,Bharati,-2.35,14.67,989.3,73.9
2014-02-16 04:00:00,Bharati,5.92,5.28,1003.4,71.8
2014-02-16 05:00:00,Bharati,2.65,8.68,973.7,67.0
2014-02-16 06:00:00,Bharati,-3.58,5.93,996.1,26.9
2014-02-16 07:00:00,Bharati,-2.39,18.37,989.8,35.3
2014-02-16 08:00:00,Bharati,1.37,10.91,989.2,44.4
2014-02-16 09:00:00,Bharati,3.91,2.38,991.4,58.4
2014-02-16 10:00:00,Bharati,2.26,15.17,1013.6,71.8
2014-02-16 11:00:00,Bharati,-3.67,8.31,995.6,44.1
2014-02-16 12:00:00,Bharati,-3.86,15.83,982.0,28.2
2014-02-16 13:00:00,Bharati,-2.15,4.46,1013.0,57.0
2014-02-16 14:00:00,Bharati,1.17,11.55,1003.9,57.5
2014-02-16 15:00:00,Bharati,-1.01,8.98,967.8,64.4
2014-02-16 16:00:00,Bharati,0.88,2.85,996.1,58.9
2014-02-16 17:00:00,Bharati,-2.62,11.67,971.9,45.0
2014-02-16 18:00:00,Bharati,0.63,16.63,996.3,60.5
2014-02-16 19:00:00,Bharati,-1.82,9.15,985.2,66.1
2014-02-16 20:00:00,Bharati,-6.41,2.92,977.6,69.7
2014-02-16 21:00:00,Bharati,-3.1,6.17,988.8,71.4
2014-02-16 22:00:00,Bharati,-5.49,4.78,1016.6,71.1
2014-02-16 23:00:00,Bharati,2.47,10.08,1018.3,58.8
2014-02-17 00:00:00,Bharati,-2.68,8.71,975.7,63.1
2014-02-17 01:00:00,Bharati,-2.36,7.27,1004.8,52.2
2014-02-17 02:00:00,Bharati,-0.65,10.16,994.6,51.2
2014-02-17 03:00:00,Bharati,-2.98,1.13,1016.4,46.9
2014-02-17 04:00:00,Bharati,-0.89,6.34,986.7,39.8
2014-02-17 05:00:00,Bharati,1.92,7.29,997.9,59.4
2014-02-17 06:00:00,Bharati,-4.91,6.31,975.2,75.2
2014-02-17 07:00:00,Bharati,-2.23,6.09,996.9,67.5
2014-02-17 08:00:00,Bharati,-0.36,9.29,1002.2,59.2
2014-02-17 09:00:00,Bharati,-7.16,2.27,1002.6,65.0
2014-02-17 10:00:00,Bharati,3.31,12.02,1000.3,47.5
2014-02-17 11:00:00,Bharati,-3.08,22.71,994.9,50.4
2014-02-17 12:00:00,Bharati,-4.94,15.02,986.7,46.6
2014-02-17 13:00:00,Bharati,-2.33,15.79,991.1,62.9
2014-02-17 14:00:00,Bharati,-0.89,13.46,984.9,83.1
2014-02-17 15:00:00,Bharati,-1.16,14.66,998.4,70.4
2014-02-17 16:00:00,Bharati,-0.03,10.54,982.4,46.1
2014-02-17 17:00:00,Bharati,-3.48,5.41,986.3,52.3
2014-02-17 18:00:00,Bharati,0.49,13.23,989.8,39.4
2014-02-17 19:00:00,Bharati,0.33,11.95,990.1,52.1
2014-02-17 20:00:00,Bharati,-3.64,4.01,1006.0,86.3
2014-02-17 21:00:00,Bharati,1.09,9.75,993.0,59.4
2014-02-17 22:00:00,Bharati,-1.97,17.22,984.2,74.9
2014-02-17 23:00:00,Bharati,1.97,16.04,1000.6,72.9
2014-02-18 00:00:00,Bharati,-6.26,16.5,976.3,34.2
2014-02-18 01:00:00,Bharati,1.25,5.2,994.5,80.2
2014-02-18 02:00:00,Bharati,0.54,13.5,997.3,59.8
2014-02-18 03:00:00,Bharati,0.18,15.38,974.8,66.2
2014-02-18 04:00:00,Bharati,1.65,11.42,995.8,85.0
2014-02-18 05:00:00,Bharati,-0.37,12.27,1000.4,78.0
2014-02-18 06:00:00,Bharati,3.7,12.5,1009.9,70.0
2014-02-18 07:00:00,Bharati,-3.5,9.82,1001.5,67.4
2014-02-18 08:00:00,Bharati,-2.41,4.71,976.6,81.6
2014-02-18 09:00:00,Bharati,-4.27,10.7,997.4,46.1
2014-02-18 10:00:00,Bharati,-2.39,15.55,970.2,80.5
2014-02-18 11:00:00,Bharati,-1.68,2.73,1002.6,94.7
2014-02-18 12:00:00,Bharati,-3.6,9.41,992.2,62.8
2014-02-18 13:00:00,Bharati,1.67,5.13,995.3,63.1
2014-02-18 14:00:00,Bharati,-4.88,5.96,984.3,53.6
2014-02-18 15:00:00,Bharati,-4.79,7.73,1001.6,55.3
2014-02-18 16:00:00,Bharati,1.7,8.46,1003.8,63.5
2014-02-18 17:00:00,Bharati,-3.01,11.34,996.9,56.2
2014-02-18 18:00:00,Bharati,-0.37,9.2,981.8,48.4
2014-02-18 19:00:00,Bharati,-2.21,14.76,1005.8,42.3
2014-02-18 20:00:00,Bharati,1.99,14.46,983.5,58.5
2014-02-18 21:00:00,Bharati,-0.67,10.96,1003.0,41.8
2014-02-18 22:00:00,Bharati,-5.31,10.68,985.1,64.7
2014-02-18 23:00:00,Bharati,-7.95,2.47,986.0,61.3
2014-02-19 00:00:00,Bharati,-3.29,9.55,997.2,68.4
2014-02-19 01:00:00,Bharati,-3.8,10.33,1001.9,87.7
2014-02-19 02:00:00,Bharati,-3.51,3.82,972.1,88.6
2014-02-19 03:00:00,Bharati,-9.26,2.85,1021.6,52.8
2014-02-19 04:00:00,Bharati,4.59,2.95,1008.8,67.5
2014-02-19 05:00:00,Bharati,1.98,4.18,990.6,45.1
2014-02-19 06:00:00,Bharati,-0.23,15.91,1007.6,59.5
2014-02-19 07:00:00,Bharati,-1.31,3.21,1005.1,63.2
2014-02-19 08:00:00,Bharati,-1.86,10.43,977.8,85.3
2014-02-19 09:00:00,Bharati,-1.39,15.58,1006.0,81.7
2014-02-19 10:00:00,Bharati,-5.95,7.95,1005.2,69.8
2014-02-19 11:00:00,Bharati,-9.58,13.33,996.9,63.3
2014-02-19 12:00:00,Bharati,-1.37,11.61,990.1,89.1
2014-02-19 13:00:00,Bharati,-0.35,11.17,998.4,43.7
2014-02-19 14:00:00,Bharati,-2.17,8.52,994.8,80.6
2014-02-19 15:00:00,Bharati,0.63,12.58,984.1,65.4
2014-02-19 16:00:00,Bharati,-0.55,5.94,978.5,49.2
2014-02-19 17:00:00,Bharati,-3.39,18.8,995.0,59.8
2014-02-19 18:00:00,Bharati,-6.73,9.21,989.7,80.4
2014-02-19 19:00:00,Bharati,-6.07,40.08,989.9,62.3
2014-02-19 20:00:00,Bharati,-4.47,4.3,989.8,64.9
2014-02-19 21:00:00,Bharati,-2.57,27.73,1005.8,65.3
2014-02-19 22:00:00,Bharati,-1.71,10.87,986.4,84.1
2014-02-19 23:00:00,Bharati,-4.26,16.82,989.5,59.6
2014-02-20 00:00:00,Bharati,1.36,16.53,1010.3,62.2
2014-02-20 01:00:00,Bharati,2.92,5.16,1004.7,63.4
2014-02-20 02:00:00,Bharati,-2.7,18.83,992.5,31.9
2014-02-20 03:00:00,Bharati,-2.05,3.91,969.4,57.0
2014-02-20 04:00:00,Bharati,-5.8,8.6,1007.4,55.9
2014-02-20 05:00:00,Bharati,1.74,2.66,994.7,55.8
2014-02-20 06:00:00,Bharati,3.07,5.09,996.4,76.7
2014-02-20 07:00:00,Bharati,-2.0,16.95,984.7,73.8
2014-02-20 08:00:00,Bharati,-6.85,7.4,988.8,75.6
2014-02-20 09:00:00,Bharati,-1.65,4.29,1003.2,51.2
2014-02-20 10:00:00,Bharati,-2.2,21.79,1000.1,71.0
2014-02-20 11:00:00,Bharati,-1.3,9.96,1003.6,44.4
2014-02-20 12:00:00,Bharati,-1.85,7.76,990.1,58.7
2014-02-20 13:00:00,Bharati,-4.91,16.82,1005.7,68.3
2014-02-20 14:00:00,Bharati,-3.87,8.4,987.9,71.1
2014-02-20 15:00:00,Bharati,-4.21,23.58,976.6,75.3
2014-02-20 16:00:00,Bharati,-5.16,3.86,969.7,57.0
2014-02-20 17:00:00,Bharati,-3.24,21.75,986.0,44.7
2014-02-20 18:00:00,Bharati,-0.55,20.76,982.7,59.5
2014-02-20 19:00:00,Bharati,-6.26,5.42,991.5,68.2
2014-02-20 20:00:00,Bharati,-2.48,19.57,992.5,53.7
2014-02-20 21:00:00,Bharati,-1.58,1.49,976.4,60.1
2014-02-20 22:00:00,Bharati,-3.72,11.85,999.5,56.3
2014-02-20 23:00:00,Bharati,-4.1,2.74,1016.8,63.2
2014-02-21 00:00:00,Bharati,0.67,12.37,991.8,71.4
2014-02-21 01:00:00,Bharati,-1.44,17.82,978.5,69.9
2014-02-21 02:00:00,Bharati,-5.1,10.92,982.7,48.7
2014-02-21 03:00:00,Bharati,-2.09,12.79,999.3,54.4
2014-02-21 04:00:00,Bharati,-1.32,12.99,992.2,71.0
2014-02-21 05:00:00,Bharati,-2.98,5.19,987.2,74.0
2014-02-21 06:00:00,Bharati,-0.01,13.66,1001.9,37.4
2014-02-21 07:00:00,Bharati,-1.04,9.37,983.8,76.3
2014-02-21 08:00:00,Bharati,-1.35,27.9,1002.0,47.6
2014-02-21 09:00:00,Bharati,-4.78,3.44,1017.3,67.1
2014-02-21 10:00:00,Bharati,2.32,2.35,994.4,70.8
2014-02-21 11:00:00,Bharati,-3.69,8.91,987.8,62.8
2014-02-21 12:00:00,Bharati,-4.19,4.31,999.0,45.2
2014-02-21 13:00:00,Bharati,0.99,7.11,995.2,64.7
2014-02-21 14:00:00,Bharati,-2.38,3.38,1005.6,44.7
2014-02-21 15:00:00,Bharati,-6.75,9.49,1014.9,64.7
2014-02-21 16:00:00,Bharati,-0.28,9.28,989.4,62.2
2014-02-21 17:00:00,Bharati,-5.15,19.25,1000.1,79.2
2014-02-21 18:00:00,Bharati,-5.01,5.93,997.2,29.5
2014-02-21 19:00:00,Bharati,-2.22,9.49,986.5,48.4
2014-02-21 20:00:00,Bharati,-2.19,12.31,992.7,52.5
2014-02-21 21:00:00,Bharati,-1.0,8.33,995.4,54.6
2014-02-21 22:00:00,Bharati,-4.52,9.16,986.2,85.3
2014-02-21 23:00:00,Bharati,-3.73,11.78,1012.7,54.5
2014-02-22 00:00:00,Bharati,-2.2,11.89,1006.6,78.6
2014-02-22 01:00:00,Bharati,-0.44,8.21,994.6,68.1
2014-02-22 02:00:00,Bharati,-2.87,14.4,1000.6,68.5
2014-02-22 03:00:00,Bharati,1.18,2.72,999.9,79.9
2014-02-22 04:00:00,Bharati,-3.99,8.94,980.3,70.2
2014-02-22 05:00:00,Bharati,-0.54,3.34,977.5,68.3
2014-02-22 06:00:00,Bharati,-1.73,6.17,1003.4,57.0
2014-02-22 07:00:00,Bharati,-1.66,9.04,972.8,33.4
2014-02-22 08:00:00,Bharati,-0.27,7.31,1008.3,48.0
2014-02-22 09:00:00,Bharati,1.02,8.35,985.9,66.4
2014-02-22 10:00:00,Bharati,-0.59,5.96,996.0,60.3
2014-02-22 11:00:00,Bharati,-4.27,11.41,1011.6,98.0
2014-02-22 12:00:00,Bharati,-5.12,11.18,988.3,57.0
2014-02-22 13:00:00,Bharati,-7.77,9.53,1000.8,72.8
2014-02-22 14:00:00,Bharati,-2.23,8.88,1005.7,71.5
2014-02-22 15:00:00,Bharati,-5.89,11.92,999.7,66.7
2014-02-22 16:00:00,Bharati,-5.15,9.26,996.5,77.2
2014-02-22 17:00:00,Bharati,1.93,9.52,1001.6,50.7
2014-02-22 18:00:00,Bharati,-4.1,7.2,988.6,55.0
2014-02-22 19:00:00,Bharati,-6.87,7.59,982.2,46.9
2014-02-22 20:00:00,Bharati,-1.12,7.59,984.3,63.1
2014-02-22 21:00:00,Bharati,-1.68,5.51,981.7,77.2
2014-02-22 22:00:00,Bharati,-3.12,7.16,987.3,61.0
2014-02-22 23:00:00,Bharati,-4.96,4.7,995.6,57.1
2014-02-23 00:00:00,Bharati,-3.99,7.71,991.2,72.4
2014-02-23 01:00:00,Bharati,-4.18,14.97,995.8,53.5
2014-02-23 02:00:00,Bharati,-2.92,3.45,975.5,34.7
2014-02-23 03:00:00,Bharati,-3.83,3.71,997.1,37.2
2014-02-23 04:00:00,Bharati,-3.8,5.66,990.5,44.2
2014-02-23 05:00:00,Bharati,-0.23,5.77,993.9,58.9
2014-02-23 06:00:00,Bharati,-2.93,5.43,1022.5,51.4
2014-02-23 07:00:00,Bharati,-4.5,27.13,985.9,79.5
2014-02-23 08:00:00,Bharati,-3.39,14.59,996.1,59.5
2014-02-23 09:00:00,Bharati,-3.96,13.98,1005.2,75.0
2014-02-23 10:00:00,Bharati,-9.18,17.67,983.3,49.5
2014-02-23 11:00:00,Bharati,-3.43,29.14,981.0,64.7
2014-02-23 12:00:00,Bharati,0.64,13.22,998.3,65.8
2014-02-23 13:00:00,Bharati,-3.77,13.03,985.5,47.7
2014-02-23 14:00:00,Bharati,-6.34,25.94,986.9,79.4
2014-02-23 15:00:00,Bharati,-3.52,10.95,1010.6,80.0
2014-02-23 16:00:00,Bharati,-3.92,17.23,1004.6,24.0
2014-02-23 17:00:00,Bharati,0.26,7.6,1006.9,36.8
2014-02-23 18:00:00,Bharati,-3.99,0.63,981.2,30.6
2014-02-23 19:00:00,Bharati,-4.37,13.21,970.5,71.9
2014-02-23 20:00:00,Bharati,-0.37,10.33,993.8,74.0
2014-02-23 21:00:00,Bharati,-5.13,9.29,1001.0,39.9
2014-02-23 22:00:00,Bharati,-5.51,9.36,996.8,35.0
2014-02-23 23:00:00,Bharati,-4.17,20.21,979.7,87.3
2014-02-24 00:00:00,Bharati,-0.77,17.57,981.8,45.5
2014-02-24 01:00:00,Bharati,-3.79,5.1,998.3,68.9
2014-02-24 02:00:00,Bharati,-2.83,5.41,990.5,73.7
2014-02-24 03:00:00,Bharati,-3.13,9.79,993.9,61.8
2014-02-24 04:00:00,Bharati,-4.06,16.27,976.8,46.8
2014-02-24 05:00:00,Bharati,-3.25,4.13,982.8,34.7
2014-02-24 06:00:00,Bharati,-0.38,4.16,1003.5,50.6
2014-02-24 07:00:00,Bharati,-1.43,6.42,1005.2,52.8
2014-02-24 08:00:00,Bharati,-6.72,12.4,994.7,66.9
2014-02-24 09:00:00,Bharati,-0.98,14.17,986.4,61.8
2014-02-24 10:00:00,Bharati,0.29,5.87,989.1,65.1
2014-02-24 11:00:00,Bharati,-4.62,3.44,1011.8,81.0
2014-02-24 12:00:00,Bharati,-1.35,11.5,986.9,69.7
2014-02-24 13:00:00,Bharati,-9.93,4.05,1002.6,47.4
2014-02-24 14:00:00,Bharati,-2.55,9.7,991.3,75.2
2014-02-24 15:00:00,Bharati,-5.11,11.86,992.2,66.5
2014-02-24 16:00:00,Bharati,-3.13,9.39,999.5,51.3
2014-02-24 17:00:00,Bharati,-0.84,8.64,983.9,65.6
2014-02-24 18:00:00,Bharati,-5.07,20.71,1000.3,72.5
2014-02-24 19:00:00,Bharati,-4.48,23.62,977.3,75.9
2014-02-24 20:00:00,Bharati,-1.72,3.71,1006.2,61.4
2014-02-24 21:00:00,Bharati,-1.0,6.17,992.1,86.0
2014-02-24 22:00:00,Bharati,0.52,6.9,971.2,62.4
2014-02-24 23:00:00,Bharati,4.24,19.28,982.9,59.2
2014-02-25 00:00:00,Bharati,-8.36,11.57,1012.3,72.0
2014-02-25 01:00:00,Bharati,1.9,2.61,986.4,75.8
2014-02-25 02:00:00,Bharati,0.91,9.97,997.1,65.4
2014-02-25 03:00:00,Bharati,-2.68,15.49,983.7,80.4
2014-02-25 04:00:00,Bharati,-4.95,13.22,1004.1,62.7
2014-02-25 05:00:00,Bharati,0.17,9.8,992.7,64.1
2014-02-25 06:00:00,Bharati,0.59,11.52,985.4,66.4
2014-02-25 07:00:00,Bharati,-3.59,11.55,986.9,74.8
2014-02-25 08:00:00,Bharati,6.64,13.36,993.7,63.0
2014-02-25 09:00:00,Bharati,-5.74,16.96,1006.3,40.0
2014-02-25 10:00:00,Bharati,-6.45,4.48,987.5,55.6
2014-02-25 11:00:00,Bharati,-8.47,11.5,994.3,61.4
2014-02-25 12:00:00,Bharati,-4.41,7.0,987.1,64.8
2014-02-25 13:00:00,Bharati,-2.4,4.77,998.6,63.9
2014-02-25 14:00:00,Bharati,3.44,18.01,975.7,57.4
2014-02-25 15:00:00,Bharati,-3.54,4.3,999.1,80.5
2014-02-25 16:00:00,Bharati,-3.67,18.64,996.2,62.8
2014-02-25 17:00:00,Bharati,-5.41,7.45,977.7,85.3
2014-02-25 18:00:00,Bharati,-5.87,8.07,970.1,79.2
2014-02-25 19:00:00,Bharati,-0.86,16.76,988.4,71.0
2014-02-25 20:00:00,Bharati,-4.7,14.81,1002.8,78.7
2014-02-25 21:00:00,Bharati,-2.97,11.14,1006.9,33.1
2014-02-25 22:00:00,Bharati,-2.13,6.06,990.6,43.4
2014-02-25 23:00:00,Bharati,-1.3,8.41,993.4,83.3
2014-02-26 00:00:00,Bharati,-2.42,3.67,992.5,70.0
2014-02-26 01:00:00,Bharati,-4.11,9.16,993.8,60.5
2014-02-26 02:00:00,Bharati,-0.03,20.25,980.1,68.2
2014-02-26 03:00:00,Bharati,-1.24,18.28,995.4,72.5
2014-02-26 04:00:00,Bharati,2.3,16.77,979.6,89.4
2014-02-26 05:00:00,Bharati,-7.37,5.73,995.0,83.6
2014-02-26 06:00:00,Bharati,-9.07,14.54,973.4,54.0
2014-02-26 07:00:00,Bharati,-2.18,18.6,976.1,74.9
2014-02-26 08:00:00,Bharati,-5.41,8.4,994.6,54.7
2014-02-26 09:00:00,Bharati,-6.44,19.42,985.9,68.9
2014-02-26 10:00:00,Bharati,-6.54,14.35,987.1,60.3
2014-02-26 11:00:00,Bharati,-6.44,5.23,981.6,55.3
2014-02-26 12:00:00,Bharati,-2.91,5.73,1016.2,49.3
2014-02-26 13:00:00,Bharati,-0.13,20.63,996.8,72.0
2014-02-26 14:00:00,Bharati,0.58,6.99,985.4,81.3
2014-02-26 15:00:00,Bharati,-5.66,6.06,991.9,72.5
2014-02-26 16:00:00,Bharati,-1.93,7.47,1007.3,35.3
2014-02-26 17:00:00,Bharati,-3.19,15.15,990.4,54.7
2014-02-26 18:00:00,Bharati,-6.57,22.25,996.4,63.6
2014-02-26 19:00:00,Bharati,-3.89,4.07,986.7,60.7
2014-02-26 20:00:00,Bharati,1.15,17.89,997.4,67.9
2014-02-26 21:00:00,Bharati,-3.71,13.83,966.1,70.6
2014-02-26 22:00:00,Bharati,-3.76,9.01,1009.5,48.9
2014-02-26 23:00:00,Bharati,3.35,10.09,997.1,66.5
2014-02-27 00:00:00,Bharati,1.44,15.81,982.3,43.8
2014-02-27 01:00:00,Bharati,1.26,3.58,992.1,62.4
2014-02-27 02:00:00,Bharati,-2.7,10.41,1004.9,42.2
2014-02-27 03:00:00,Bharati,-0.52,8.43,987.6,41.9
2014-02-27 04:00:00,Bharati,-0.98,14.1,991.0,66.9
2014-02-27 05:00:00,Bharati,-0.79,3.39,992.0,50.5
2014-02-27 06:00:00,Bharati,-0.11,14.27,1000.3,63.7
2014-02-27 07:00:00,Bharati,-2.7,18.62,1004.1,42.0
2014-02-27 08:00:00,Bharati,-7.9,7.07,984.4,52.0
2014-02-27 09:00:00,Bharati,0.94,15.87,1007.7,53.3
2014-02-27 10:00:00,Bharati,2.21,9.62,999.6,42.1
2014-02-27 11:00:00,Bharati,-2.03,3.62,994.5,81.1
2014-02-27 12:00:00,Bharati,4.5,6.18,992.7,34.0
2014-02-27 13:00:00,Bharati,-0.61,10.57,990.4,55.9
2014-02-27 14:00:00,Bharati,-4.61,9.54,998.4,39.2
2014-02-27 15:00:00,Bharati,-6.25,0.44,996.0,70.9
2014-02-27 16:00:00,Bharati,-0.84,14.9,977.9,78.2
2014-02-27 17:00:00,Bharati,-3.5,14.14,997.2,31.7
2014-02-27 18:00:00,Bharati,-0.49,11.41,997.6,98.0
2014-02-27 19:00:00,Bharati,-0.41,21.08,979.4,69.2
2014-02-27 20:00:00,Bharati,-1.66,6.85,983.7,74.9
2014-02-27 21:00:00,Bharati,-0.79,8.05,993.6,89.3
2014-02-27 22:00:00,Bharati,1.01,19.34,998.6,55.2
2014-02-27 23:00:00,Bharati,-4.68,5.54,980.3,68.5
2014-02-28 00:00:00,Bharati,-4.46,8.06,990.3,63.9
2014-02-28 01:00:00,Bharati,-5.55,13.49,981.9,63.1
2014-02-28 02:00:00,Bharati,-0.6,4.39,990.9,47.1
2014-02-28 03:00:00,Bharati,-9.63,10.6,993.3,75.7
2014-02-28 04:00:00,Bharati,-3.3,9.69,1015.8,36.2
2014-02-28 05:00:00,Bharati,-1.09,13.04,983.5,57.1
2014-02-28 06:00:00,Bharati,-5.66,4.23,988.9,56.4
2014-02-28 07:00:00,Bharati,-2.87,13.83,982.1,43.2
2014-02-28 08:00:00,Bharati,-9.55,17.99,969.8,65.8
2014-02-28 09:00:00,Bharati,-5.8,10.78,994.5,51.8
2014-02-28 10:00:00,Bharati,-2.54,5.42,984.7,63.9
2014-02-28 11:00:00,Bharati,1.69,9.7,988.3,81.8
2014-02-28 12:00:00,Bharati,-6.5,9.14,994.2,58.5
2014-02-28 13:00:00,Bharati,-4.28,2.06,1008.2,76.8
2014-02-28 14:00:00,Bharati,-5.28,16.32,1007.4,56.4
2014-02-28 15:00:00,Bharati,-5.53,14.25,1012.5,69.6
2014-02-28 16:00:00,Bharati,-4.08,24.31,987.0,65.5
2014-02-28 17:00:00,Bharati,-3.35,7.22,996.0,49.7
2014-02-28 18:00:00,Bharati,-3.71,18.96,982.4,51.2
2014-02-28 19:00:00,Bharati,-5.4,17.15,1005.1,73.4
2014-02-28 20:00:00,Bharati,-3.08,27.01,1017.5,57.5
2014-02-28 21:00:00,Bharati,-6.17,23.51,996.8,58.9
2014-02-28 22:00:00,Bharati,-0.44,9.13,985.6,58.1
2014-02-28 23:00:00,Bharati,-1.43,3.79,981.4,51.0
2014-03-01 00:00:00,Bharati,-1.89,2.28,995.5,69.3
2014-03-01 01:00:00,Bharati,-3.13,3.79,994.3,62.6
2014-03-01 02:00:00,Bharati,-2.12,15.57,997.1,78.9
2014-03-01 03:00:00,Bharati,3.14,17.36,1001.3,37.0
2014-03-01 04:00:00,Bharati,-9.23,12.02,1005.7,74.5
2014-03-01 05:00:00,Bharati,-5.44,3.17,973.0,52.2
2014-03-01 06:00:00,Bharati,-2.22,12.7,988.4,57.0
2014-03-01 07:00:00,Bharati,-1.75,4.62,975.1,53.3
2014-03-01 08:00:00,Bharati,-1.68,13.69,981.1,92.1
2014-03-01 09:00:00,Bharati,-1.53,14.27,978.9,55.9
2014-03-01 10:00:00,Bharati,-1.61,14.8,1005.0,45.0
2014-03-01 11:00:00,Bharati,-6.56,13.99,984.6,67.3
2014-03-01 12:00:00,Bharati,-9.38,11.86,1001.7,91.8
2014-03-01 13:00:00,Bharati,-1.44,6.59,997.8,74.4
2014-03-01 14:00:00,Bharati,1.24,10.57,991.9,94.7
2014-03-01 15:00:00,Bharati,-4.86,13.77,1003.5,74.0
2014-03-01 16:00:00,Bharati,-3.73,4.9,977.5,54.6
2014-03-01 17:00:00,Bharati,-4.3,1.34,980.5,86.8
2014-03-01 18:00:00,Bharati,-6.53,13.02,993.3,59.0
2014-03-01 19:00:00,Bharati,-7.88,12.56,1013.6,49.6
2014-03-01 20:00:00,Bharati,-4.02,20.21,1006.5,63.1
2014-03-01 21:00:00,Bharati,-1.35,15.07,992.0,65.1
2014-03-01 22:00:00,Bharati,-4.39,10.56,1001.0,77.0
2014-03-01 23:00:00,Bharati,0.1,6.98,1016.7,91.7
2014-03-02 00:00:00,Bharati,-4.68,2.89,994.2,85.7
2014-03-02 01:00:00,Bharati,-0.13,9.97,977.2,81.7
2014-03-02 02:00:00,Bharati,-3.82,7.12,1007.1,43.1
2014-03-02 03:00:00,Bharati,-1.65,1.52,981.5,65.1
2014-03-02 04:00:00,Bharati,-5.97,4.7,974.9,40.0
2014-03-02 05:00:00,Bharati,-10.57,2.96,990.4,65.6
2014-03-02 06:00:00,Bharati,0.14,9.34,987.4,30.4
2014-03-02 07:00:00,Bharati,-4.33,5.12,992.1,90.3
2014-03-02 08:00:00,Bharati,2.0,3.76,978.7,46.9
2014-03-02 09:00:00,Bharati,0.33,10.03,996.5,85.4
2014-03-02 10:00:00,Bharati,-8.02,13.6,989.7,49.6
2014-03-02 11:00:00,Bharati,2.39,5.07,990.3,95.4
2014-03-02 12:00:00,Bharati,-6.62,5.47,991.1,59.3
2014-03-02 13:00:00,Bharati,0.73,7.79,1000.0,49.8
2014-03-02 14:00:00,Bharati,-1.4,8.16,991.1,91.6
2014-03-02 15:00:00,Bharati,-3.24,16.76,1004.8,50.4
2014-03-02 16:00:00,Bharati,-1.13,2.85,995.3,67.2
2014-03-02 17:00:00,Bharati,-5.67,10.13,1004.2,96.7
2014-03-02 18:00:00,Bharati,-1.72,3.16,993.5,77.5
2014-03-02 19:00:00,Bharati,-6.4,2.31,978.4,42.9
2014-03-02 20:00:00,Bharati,-0.44,5.03,1007.8,79.5
2014-03-02 21:00:00,Bharati,-2.49,4.92,985.1,98.0
2014-03-02 22:00:00,Bharati,-1.37,17.33,989.7,47.7
2014-03-02 23:00:00,Bharati,-8.87,5.27,994.7,55.3
2014-03-03 00:00:00,Bharati,-7.11,20.48,984.9,54.0
2014-03-03 01:00:00,Bharati,-4.74,11.6,992.6,64.1
2014-03-03 02:00:00,Bharati,-5.36,24.47,990.6,28.1
2014-03-03 03:00:00,Bharati,-9.14,6.58,991.8,50.9
2014-03-03 04:00:00,Bharati,-3.47,7.19,1017.5,36.9
2014-03-03 05:00:00,Bharati,-6.53,5.39,981.7,58.3
2014-03-03 06:00:00,Bharati,-2.38,7.29,986.1,75.9
2014-03-03 07:00:00,Bharati,-3.35,12.3,1003.2,81.2
2014-03-03 08:00:00,Bharati,3.6,14.12,987.6,82.9
2014-03-03 09:00:00,Bharati,-2.81,11.97,990.2,34.3
2014-03-03 10:00:00,Bharati,-7.54,14.8,982.8,85.7
2014-03-03 11:00:00,Bharati,0.33,10.01,998.1,75.3
2014-03-03 12:00:00,Bharati,-0.48,5.31,986.8,37.0
2014-03-03 13:00:00,Bharati,-7.92,6.82,985.8,59.4
2014-03-03 14:00:00,Bharati,-0.16,1.87,1009.6,73.8
2014-03-03 15:00:00,Bharati,-2.28,20.67,976.3,44.4
2014-03-03 16:00:00,Bharati,-5.07,7.82,981.2,76.3
2014-03-03 17:00:00,Bharati,-1.32,12.05,975.0,60.5
2014-03-03 18:00:00,Bharati,-3.54,9.19,997.5,75.9
2014-03-03 19:00:00,Bharati,-3.99,7.75,1011.3,43.4
2014-03-03 20:00:00,Bharati,1.89,11.09,982.1,76.6
2014-03-03 21:00:00,Bharati,-0.46,6.66,989.3,50.1
2014-03-03 22:00:00,Bharati,-6.45,2.03,993.8,58.4
2014-03-03 23:00:00,Bharati,-1.16,9.03,988.7,71.0
2014-03-04 00:00:00,Bharati,-2.37,10.77,986.4,54.2
2014-03-04 01:00:00,Bharati,3.1,12.87,990.8,57.5
2014-03-04 02:00:00,Bharati,-7.18,16.54,992.2,68.9
2014-03-04 03:00:00,Bharati,-2.85,8.33,1007.7,49.6
2014-03-04 04:00:00,Bharati,-4.47,3.79,994.2,62.3
2014-03-04 05:00:00,Bharati,-3.33,16.4,983.0,56.4
2014-03-04 06:00:00,Bharati,-1.48,8.14,991.0,56.9
2014-03-04 07:00:00,Bharati,-4.48,13.81,1002.0,64.1
2014-03-04 08:00:00,Bharati,-2.09,6.57,980.6,33.9
2014-03-04 09:00:00,Bharati,-6.22,20.03,998.8,50.3
2014-03-04 10:00:00,Bharati,-6.32,17.07,974.5,59.8
2014-03-04 11:00:00,Bharati,1.21,16.13,984.3,51.9
2014-03-04 12:00:00,Bharati,-5.04,7.93,992.0,85.2
2014-03-04 13:00:00,Bharati,-2.61,13.57,996.4,48.1
2014-03-04 14:00:00,Bharati,-0.03,15.5,994.9,65.7
2014-03-04 15:00:00,Bharati,-0.94,6.23,1018.4,52.5
2014-03-04 16:00:00,Bharati,-3.64,8.36,1017.4,58.5
2014-03-04 17:00:00,Bharati,-0.59,1.54,983.4,64.9
2014-03-04 18:00:00,Bharati,2.8,15.93,991.6,89.7
2014-03-04 19:00:00,Bharati,-7.28,7.62,996.8,90.0
2014-03-04 20:00:00,Bharati,-5.13,15.44,1007.1,52.6
2014-03-04 21:00:00,Bharati,-3.23,11.68,1002.2,80.3
2014-03-04 22:00:00,Bharati,-6.71,3.1,987.7,51.5
2014-03-04 23:00:00,Bharati,-3.65,12.08,982.6,56.2
2014-03-05 00:00:00,Bharati,-3.28,8.35,1007.6,65.7
2014-03-05 01:00:00,Bharati,1.06,21.06,991.3,71.1
2014-03-05 02:00:00,Bharati,-5.58,12.33,1001.4,65.9
2014-03-05 03:00:00,Bharati,-3.11,5.33,979.6,60.1
2014-03-05 04:00:00,Bharati,-0.66,5.55,1000.9,56.7
2014-03-05 05:00:00,Bharati,-6.17,29.49,975.6,84.6
2014-03-05 06:00:00,Bharati,-3.92,6.76,992.5,85.5
2014-03-05 07:00:00,Bharati,1.53,13.82,999.8,51.9
2014-03-05 08:00:00,Bharati,-10.53,23.7,990.9,49.0
2014-03-05 09:00:00,Bharati,-2.69,9.33,984.0,64.9
2014-03-05 10:00:00,Bharati,-5.66,10.31,987.6,60.4
2014-03-05 11:00:00,Bharati,-2.19,10.82,995.4,67.2
2014-03-05 12:00:00,Bharati,-7.26,9.01,999.3,75.8
2014-03-05 13:00:00,Bharati,-3.69,7.75,978.1,61.5
2014-03-05 14:00:00,Bharati,-3.89,15.66,1002.0,84.2
2014-03-05 15:00:00,Bharati,-3.2,18.05,995.1,42.5
2014-03-05 16:00:00,Bharati,-2.21,7.46,993.6,68.8
2014-03-05 17:00:00,Bharati,-1.18,6.46,983.8,44.7
2014-03-05 18:00:00,Bharati,-2.16,15.11,1000.3,78.6
2014-03-05 19:00:00,Bharati,-2.51,14.04,1009.4,64.2
2014-03-05 20:00:00,Bharati,0.33,12.91,985.7,44.2
2014-03-05 21:00:00,Bharati,-5.47,19.68,979.4,42.9
2014-03-05 22:00:00,Bharati,-0.5,8.19,991.2,53.8
2014-03-05 23:00:00,Bharati,-3.03,7.24,988.3,65.0
2014-03-06 00:00:00,Bharati,-2.05,13.25,1000.9,68.4
2014-03-06 01:00:00,Bharati,-5.6,18.24,991.2,33.1
2014-03-06 02:00:00,Bharati,-7.57,3.95,1007.6,67.7
2014-03-06 03:00:00,Bharati,-5.46,4.35,989.9,95.9
2014-03-06 04:00:00,Bharati,-1.99,13.82,993.7,57.6
2014-03-06 05:00:00,Bharati,-5.06,15.03,1015.8,64.3
2014-03-06 06:00:00,Bharati,-7.72,2.51,990.3,68.3
2014-03-06 07:00:00,Bharati,3.66,3.74,997.9,49.3
2014-03-06 08:00:00,Bharati,-3.25,2.57,1021.0,36.2
2014-03-06 09:00:00,Bharati,-9.35,7.7,986.5,81.2
2014-03-06 10:00:00,Bharati,-1.12,22.07,981.1,72.8
2014-03-06 11:00:00,Bharati,0.53,6.01,1005.7,66.4
2014-03-06 12:00:00,Bharati,-4.94,4.59,996.1,44.0
2014-03-06 13:00:00,Bharati,-7.32,24.47,999.0,57.7
2014-03-06 14:00:00,Bharati,-0.59,7.89,993.9,85.1
2014-03-06 15:00:00,Bharati,-1.45,10.75,990.1,61.1
2014-03-06 16:00:00,Bharati,-1.58,22.05,998.1,38.2
2014-03-06 17:00:00,Bharati,-9.92,2.39,998.5,55.5
2014-03-06 18:00:00,Bharati,-0.5,13.59,1009.4,51.8
2014-03-06 19:00:00,Bharati,2.02,8.05,998.3,78.8
2014-03-06 20:00:00,Bharati,-7.87,16.1,999.2,54.5
2014-03-06 21:00:00,Bharati,-3.65,13.81,996.4,50.2
2014-03-06 22:00:00,Bharati,-2.31,7.86,984.8,55.1
2014-03-06 23:00:00,Bharati,-3.03,8.76,990.1,57.3
2014-03-07 00:00:00,Bharati,-5.77,4.54,978.9,82.5
2014-03-07 01:00:00,Bharati,-3.29,4.33,984.7,57.2
2014-03-07 02:00:00,Bharati,0.07,17.93,1007.3,68.5
2014-03-07 03:00:00,Bharati,-3.85,16.16,992.5,71.8
2014-03-07 04:00:00,Bharati,-6.11,7.44,988.8,91.6
2014-03-07 05:00:00,Bharati,-4.52,19.67,1006.1,54.9
2014-03-07 06:00:00,Bharati,-4.01,25.27,984.4,70.9
2014-03-07 07:00:00,Bharati,-3.25,9.18,972.6,63.4
2014-03-07 08:00:00,Bharati,-3.77,7.44,995.2,63.5
2014-03-07 09:00:00,Bharati,1.99,10.69,980.4,95.7
2014-03-07 10:00:00,Bharati,0.14,8.63,968.2,41.5
2014-03-07 11:00:00,Bharati,-9.08,12.41,986.7,59.3
2014-03-07 12:00:00,Bharati,-4.26,5.66,1002.5,78.5
2014-03-07 13:00:00,Bharati,-5.78,12.89,991.2,48.9
2014-03-07 14:00:00,Bharati,-4.37,21.98,996.9,46.8
2014-03-07 15:00:00,Bharati,-2.27,27.28,982.3,68.8
2014-03-07 16:00:00,Bharati,-4.9,16.44,998.4,75.9
2014-03-07 17:00:00,Bharati,-3.23,7.12,993.8,22.0
2014-03-07 18:00:00,Bharati,-5.4,6.26,975.3,48.8
2014-03-07 19:00:00,Bharati,1.76,4.98,992.1,76.5
2014-03-07 20:00:00,Bharati,-5.91,13.82,1003.1,60.0
2014-03-07 21:00:00,Bharati,-2.97,2.72,1004.2,64.7
2014-03-07 22:00:00,Bharati,-0.86,8.58,976.6,44.3
2014-03-07 23:00:00,Bharati,-2.09,15.23,990.7,51.6
2014-03-08 00:00:00,Bharati,-8.59,7.53,1003.3,66.8
2014-03-08 01:00:00,Bharati,-4.87,10.97,1005.8,41.9
2014-03-08 02:00:00,Bharati,-2.1,4.93,1002.3,54.6
2014-03-08 03:00:00,Bharati,-8.01,9.85,997.7,66.4
2014-03-08 04:00:00,Bharati,-6.33,6.75,994.0,83.9
2014-03-08 05:00:00,Bharati,-3.19,12.5,982.2,24.7
2014-03-08 06:00:00,Bharati,-2.48,17.43,1001.5,74.3
2014-03-08 07:00:00,Bharati,-8.77,7.97,974.5,52.6
2014-03-08 08:00:00,Bharati,-7.48,16.38,989.3,66.8
2014-03-08 09:00:00,Bharati,-3.91,9.16,998.5,49.1
2014-03-08 10:00:00,Bharati,-7.31,8.89,982.6,46.4
2014-03-08 11:00:00,Bharati,1.46,2.65,950.1,70.0
2014-03-08 12:00:00,Bharati,-1.4,14.54,1007.7,33.2
2014-03-08 13:00:00,Bharati,-1.22,29.89,981.0,66.0
2014-03-08 14:00:00,Bharati,-4.67,6.72,999.7,47.0
2014-03-08 15:00:00,Bharati,-6.07,8.31,997.0,48.8
2014-03-08 16:00:00,Bharati,-11.19,8.47,983.9,79.3
2014-03-08 17:00:00,Bharati,-3.38,9.17,989.1,77.4
2014-03-08 18:00:00,Bharati,-5.1,6.97,1002.0,72.1
2014-03-08 19:00:00,Bharati,-7.32,6.41,993.2,37.0
2014-03-08 20:00:00,Bharati,-3.28,6.44,999.0,67.2
2014-03-08 21:00:00,Bharati,-5.67,9.45,994.3,61.2
2014-03-08 22:00:00,Bharati,-5.86,7.57,990.3,65.3
2014-03-08 23:00:00,Bharati,-4.78,3.34,980.9,63.2
2014-03-09 00:00:00,Bharati,-2.87,3.39,995.6,70.7
2014-03-09 01:00:00,Bharati,-5.11,5.36,980.8,73.9
2014-03-09 02:00:00,Bharati,-8.32,3.2,1011.4,43.5
2014-03-09 03:00:00,Bharati,-8.45,14.94,992.5,40.2
2014-03-09 04:00:00,Bharati,-0.78,3.22,999.6,38.7
2014-03-09 05:00:00,Bharati,-3.47,14.69,976.1,57.8
2014-03-09 06:00:00,Bharati,0.8,10.9,962.5,61.9
2014-03-09 07:00:00,Bharati,-5.33,11.63,994.1,55.5
2014-03-09 08:00:00,Bharati,-3.96,7.85,987.6,54.8
2014-03-09 09:00:00,Bharati,-4.83,2.25,1003.4,32.2
2014-03-09 10:00:00,Bharati,-7.03,12.31,998.1,39.6
2014-03-09 11:00:00,Bharati,-8.98,16.24,998.2,57.6
2014-03-09 12:00:00,Bharati,0.52,9.98,995.4,65.3
2014-03-09 13:00:00,Bharati,-6.8,16.08,993.3,68.3
2014-03-09 14:00:00,Bharati,-8.33,16.37,981.9,44.7
2014-03-09 15:00:00,Bharati,-3.1,5.45,992.4,81.7
2014-03-09 16:00:00,Bharati,-3.6,8.03,969.1,70.3
2014-03-09 17:00:00,Bharati,-0.12,3.2,1004.7,62.6
2014-03-09 18:00:00,Bharati,-3.19,10.82,973.7,63.6
2014-03-09 19:00:00,Bharati,-7.12,11.55,993.0,61.8
2014-03-09 20:00:00,Bharati,-9.31,19.24,988.2,58.3
2014-03-09 21:00:00,Bharati,-5.67,11.12,1007.8,59.6
2014-03-09 22:00:00,Bharati,0.34,10.36,993.4,22.0
2014-03-09 23:00:00,Bharati,-11.78,8.66,1001.5,41.7
2014-03-10 00:00:00,Bharati,-7.39,5.56,1005.2,70.3
2014-03-10 01:00:00,Bharati,-6.93,6.34,988.9,74.1
2014-03-10 02:00:00,Bharati,-5.47,7.77,995.0,49.8
2014-03-10 03:00:00,Bharati,-6.07,15.06,1003.2,63.9
2014-03-10 04:00:00,Bharati,1.93,19.13,986.2,66.4
2014-03-10 05:00:00,Bharati,-4.98,23.7,998.0,59.5
2014-03-10 06:00:00,Bharati,-7.15,8.09,982.6,80.9
2014-03-10 07:00:00,Bharati,-3.63,5.72,1000.7,83.8
2014-03-10 08:00:00,Bharati,-5.4,9.52,993.6,64.6
2014-03-10 09:00:00,Bharati,-6.49,5.92,1001.4,53.5
2014-03-10 10:00:00,Bharati,-9.22,4.46,999.1,73.5
2014-03-10 11:00:00,Bharati,-4.46,7.69,1001.9,50.0
2014-03-10 12:00:00,Bharati,-5.68,9.15,992.7,64.9
2014-03-10 13:00:00,Bharati,-3.91,3.43,1003.3,69.0
2014-03-10 14:00:00,Bharati,2.61,6.83,992.9,65.8
2014-03-10 15:00:00,Bharati,-7.55,8.28,987.4,72.4
2014-03-10 16:00:00,Bharati,-9.26,3.91,991.2,44.5
2014-03-10 17:00:00,Bharati,-7.86,20.94,981.7,63.0
2014-03-10 18:00:00,Bharati,-6.93,6.83,982.3,63.5
2014-03-10 19:00:00,Bharati,-5.68,7.16,992.9,52.8
2014-03-10 20:00:00,Bharati,-2.59,14.07,989.6,81.5
2014-03-10 21:00:00,Bharati,-4.71,25.37,994.8,59.5
2014-03-10 22:00:00,Bharati,-10.67,6.07,969.5,37.9
2014-03-10 23:00:00,Bharati,-3.64,2.68,984.0,53.4
2014-03-11 00:00:00,Bharati,-4.47,13.77,1008.0,37.7
2014-03-11 01:00:00,Bharati,-4.94,14.19,985.1,49.7
2014-03-11 02:00:00,Bharati,-2.25,7.51,1011.6,53.2
2014-03-11 03:00:00,Bharati,-6.89,4.22,999.5,45.4
2014-03-11 04:00:00,Bharati,-6.4,4.94,979.7,70.3
2014-03-11 05:00:00,Bharati,-8.0,11.94,994.2,31.2
2014-03-11 06:00:00,Bharati,-1.12,2.9,991.1,48.5
2014-03-11 07:00:00,Bharati,-6.03,3.4,978.0,42.5
2014-03-11 08:00:00,Bharati,-4.44,3.87,1001.4,53.2
2014-03-11 09:00:00,Bharati,-4.59,11.75,978.2,73.7
2014-03-11 10:00:00,Bharati,0.95,1.29,992.9,66.6
2014-03-11 11:00:00,Bharati,-3.83,25.77,1004.9,87.4
2014-03-11 12:00:00,Bharati,-3.3,12.09,1006.4,72.3
2014-03-11 13:00:00,Bharati,-4.27,7.3,989.8,67.6
2014-03-11 14:00:00,Bharati,-3.69,6.24,1017.2,53.3
2014-03-11 15:00:00,Bharati,-3.44,3.85,978.0,82.7
2014-03-11 16:00:00,Bharati,-2.51,15.69,979.4,64.7
2014-03-11 17:00:00,Bharati,0.45,8.2,980.8,75.8
2014-03-11 18:00:00,Bharati,-5.63,9.29,995.2,87.7
2014-03-11 19:00:00,Bharati,-7.64,14.36,994.8,47.7
2014-03-11 20:00:00,Bharati,-3.08,11.31,1020.2,35.3
2014-03-11 21:00:00,Bharati,-0.55,15.62,998.4,77.2
2014-03-11 22:00:00,Bharati,2.57,1.54,986.4,56.3
2014-03-11 23:00:00,Bharati,-9.69,5.17,998.2,91.5
2014-03-12 00:00:00,Bharati,-8.11,7.16,992.9,68.6
2014-03-12 01:00:00,Bharati,-5.83,4.29,977.5,63.3
2014-03-12 02:00:00,Bharati,-6.47,3.94,996.5,38.8
2014-03-12 03:00:00,Bharati,-3.17,15.51,997.0,77.5
2014-03-12 04:00:00,Bharati,-2.69,19.44,1000.0,66.7
2014-03-12 05:00:00,Bharati,-4.19,9.48,993.3,59.8
2014-03-12 06:00:00,Bharati,-3.53,15.95,978.9,72.8
2014-03-12 07:00:00,Bharati,-7.07,19.15,1000.3,65.2
2014-03-12 08:00:00,Bharati,-9.71,5.37,998.9,71.7
2014-03-12 09:00:00,Bharati,-4.0,25.5,990.4,74.4
2014-03-12 10:00:00,Bharati,-6.89,5.61,989.9,78.7
2014-03-12 11:00:00,Bharati,0.14,9.02,1004.6,61.8
2014-03-12 12:00:00,Bharati,-2.84,8.92,965.2,43.9
2014-03-12 13:00:00,Bharati,-3.7,6.25,999.3,65.0
2014-03-12 14:00:00,Bharati,-6.63,4.94,994.6,55.7
2014-03-12 15:00:00,Bharati,-2.5,17.51,1010.0,61.3
2014-03-12 16:00:00,Bharati,-5.42,10.92,988.4,79.0
2014-03-12 17:00:00,Bharati,-4.12,9.73,989.7,57.2
2014-03-12 18:00:00,Bharati,-11.65,12.58,997.8,82.0
2014-03-12 19:00:00,Bharati,-3.94,9.41,1002.8,68.8
2014-03-12 20:00:00,Bharati,-0.22,4.72,988.9,47.6
2014-03-12 21:00:00,Bharati,-4.46,12.39,1014.1,78.5
2014-03-12 22:00:00,Bharati,-4.65,9.33,1001.7,70.6
2014-03-12 23:00:00,Bharati,-1.58,17.21,990.9,60.4
2014-03-13 00:00:00,Bharati,-2.98,6.1,990.3,61.0
2014-03-13 01:00:00,Bharati,-5.21,12.14,985.1,46.7
2014-03-13 02:00:00,Bharati,-2.58,12.49,1016.5,75.9
2014-03-13 03:00:00,Bharati,-6.1,34.55,992.0,58.6
2014-03-13 04:00:00,Bharati,-2.6,16.18,1006.4,57.5
2014-03-13 05:00:00,Bharati,-1.85,8.68,984.7,97.5
2014-03-13 06:00:00,Bharati,-6.7,5.66,991.9,54.7
2014-03-13 07:00:00,Bharati,-6.46,6.34,979.8,53.8
2014-03-13 08:00:00,Bharati,-3.97,14.6,991.8,52.2
2014-03-13 09:00:00,Bharati,-4.23,8.76,973.2,53.8
2014-03-13 10:00:00,Bharati,-1.31,18.47,1006.1,52.3
2014-03-13 11:00:00,Bharati,-8.55,2.26,990.2,89.4
2014-03-13 12:00:00,Bharati,-12.15,15.97,974.2,83.8
2014-03-13 13:00:00,Bharati,-2.78,9.09,955.7,87.2
2014-03-13 14:00:00,Bharati,-13.54,4.84,1015.8,55.0
2014-03-13 15:00:00,Bharati,-4.39,5.2,998.5,71.4
2014-03-13 16:00:00,Bharati,-7.43,20.52,987.5,77.6
2014-03-13 17:00:00,Bharati,-7.95,5.61,1006.8,47.6
2014-03-13 18:00:00,Bharati,-2.86,4.42,977.3,81.0
2014-03-13 19:00:00,Bharati,-5.59,11.79,1030.5,86.4
2014-03-13 20:00:00,Bharati,-7.31,20.63,1000.8,68.0
2014-03-13 21:00:00,Bharati,-6.24,1.88,990.9,67.5
2014-03-13 22:00:00,Bharati,-4.06,5.6,997.2,87.7
2014-03-13 23:00:00,Bharati,-10.24,2.99,991.2,83.5
2014-03-14 00:00:00,Bharati,-1.46,24.43,996.9,41.2
2014-03-14 01:00:00,Bharati,-0.15,6.76,996.8,48.1
2014-03-14 02:00:00,Bharati,-2.79,18.88,974.6,69.9
2014-03-14 03:00:00,Bharati,-3.36,9.6,986.6,71.3
2014-03-14 04:00:00,Bharati,-1.08,10.23,990.9,52.5
2014-03-14 05:00:00,Bharati,-5.17,0.73,969.9,56.0
2014-03-14 06:00:00,Bharati,-5.25,23.39,992.5,81.6
2014-03-14 07:00:00,Bharati,1.37,12.7,986.9,57.6
2014-03-14 08:00:00,Bharati,-3.46,5.63,1000.5,43.0
2014-03-14 09:00:00,Bharati,-2.61,6.35,983.5,92.8
2014-03-14 10:00:00,Bharati,-5.58,16.91,984.5,40.7
2014-03-14 11:00:00,Bharati,-1.57,10.16,991.4,73.3
2014-03-14 12:00:00,Bharati,-3.49,14.4,997.9,76.7
2014-03-14 13:00:00,Bharati,-1.66,21.87,977.6,46.0
2014-03-14 14:00:00,Bharati,-5.52,4.32,998.4,43.7
2014-03-14 15:00:00,Bharati,-4.89,19.82,983.0,73.9
2014-03-14 16:00:00,Bharati,-3.02,4.89,968.2,71.2
2014-03-14 17:00:00,Bharati,-5.82,6.11,992.6,72.3
2014-03-14 18:00:00,Bharati,2.54,7.58,1006.0,32.5
2014-03-14 19:00:00,Bharati,-4.98,22.82,992.9,75.5
2014-03-14 20:00:00,Bharati,-3.42,7.83,997.7,64.3
2014-03-14 21:00:00,Bharati,-2.03,8.82,980.9,59.0
2014-03-14 22:00:00,Bharati,-9.38,6.88,986.0,74.4
2014-03-14 23:00:00,Bharati,-7.6,4.71,989.2,34.5
2014-03-15 00:00:00,Bharati,-1.85,11.48,1015.1,75.8
2014-03-15 01:00:00,Bharati,-6.82,7.51,971.3,51.2
2014-03-15 02:00:00,Bharati,-9.84,6.88,988.1,63.8
2014-03-15 03:00:00,Bharati,-3.86,3.63,994.6,73.2
2014-03-15 04:00:00,Bharati,-1.37,15.81,1004.5,69.8
2014-03-15 05:00:00,Bharati,-2.77,9.77,987.2,82.2
2014-03-15 06:00:00,Bharati,-7.54,4.74,987.1,84.9
2014-03-15 07:00:00,Bharati,-4.36,4.57,977.4,91.8
2014-03-15 08:00:00,Bharati,-3.84,14.3,986.2,43.0
2014-03-15 09:00:00,Bharati,-2.86,5.04,974.6,79.3
2014-03-15 10:00:00,Bharati,-8.9,15.46,1012.0,41.1
2014-03-15 11:00:00,Bharati,-3.73,5.55,1019.3,49.9
2014-03-15 12:00:00,Bharati,-3.19,9.21,994.0,69.9
2014-03-15 13:00:00,Bharati,-7.87,3.54,995.9,78.1
2014-03-15 14:00:00,Bharati,-4.85,12.14,1002.7,61.6
2014-03-15 15:00:00,Bharati,-7.89,11.28,994.7,55.6
2014-03-15 16:00:00,Bharati,-0.02,8.67,990.0,34.4
2014-03-15 17:00:00,Bharati,-7.35,21.44,991.0,50.0
2014-03-15 18:00:00,Bharati,-2.12,11.14,983.2,62.6
2014-03-15 19:00:00,Bharati,0.42,19.0,974.8,35.9
2014-03-15 20:00:00,Bharati,0.04,23.11,997.7,71.9
2014-03-15 21:00:00,Bharati,-5.44,23.86,950.2,80.0
2014-03-15 22:00:00,Bharati,-4.53,16.36,984.7,86.7
2014-03-15 23:00:00,Bharati,-5.87,11.65,997.0,78.2
2014-03-16 00:00:00,Bharati,-7.16,5.55,975.1,40.9
2014-03-16 01:00:00,Bharati,-2.36,7.32,976.3,81.7
2014-03-16 02:00:00,Bharati,-3.93,5.72,976.4,45.3
2014-03-16 03:00:00,Bharati,-5.01,8.82,1011.2,50.0
2014-03-16 04:00:00,Bharati,-3.28,5.82,989.9,69.2
2014-03-16 05:00:00,Bharati,-3.03,10.35,986.8,76.6
2014-03-16 06:00:00,Bharati,-6.32,12.06,996.3,74.8
2014-03-16 07:00:00,Bharati,-1.01,3.55,986.9,62.3
2014-03-16 08:00:00,Bharati,-2.29,11.38,991.3,73.1
2014-03-16 09:00:00,Bharati,-3.38,12.52,993.4,51.5
2014-03-16 10:00:00,Bharati,-3.63,14.07,996.7,65.4
2014-03-16 11:00:00,Bharati,-3.82,5.26,982.9,56.6
2014-03-16 12:00:00,Bharati,-3.81,7.03,993.0,67.3
2014-03-16 13:00:00,Bharati,-4.99,6.11,1004.6,50.4
2014-03-16 14:00:00,Bharati,-4.45,9.45,1014.5,65.1
2014-03-16 15:00:00,Bharati,-10.59,9.0,1010.0,46.6
2014-03-16 16:00:00,Bharati,-7.81,11.29,978.4,71.6
2014-03-16 17:00:00,Bharati,-6.35,11.0,970.9,81.7
2014-03-16 18:00:00,Bharati,-4.22,6.65,1002.1,66.1
2014-03-16 19:00:00,Bharati,-6.76,7.11,987.6,63.8
2014-03-16 20:00:00,Bharati,-5.96,8.13,972.9,67.4
2014-03-16 21:00:00,Bharati,-8.55,7.94,984.4,67.6
2014-03-16 22:00:00,Bharati,-9.47,3.04,968.1,42.8
2014-03-16 23:00:00,Bharati,-1.97,5.44,983.9,64.3
2014-03-17 00:00:00,Bharati,-3.94,10.67,981.3,47.6
2014-03-17 01:00:00,Bharati,-0.1,16.46,993.7,66.9
2014-03-17 02:00:00,Bharati,-3.94,5.68,984.8,41.1
2014-03-17 03:00:00,Bharati,-4.39,9.25,992.4,73.0
2014-03-17 04:00:00,Bharati,-6.09,7.72,997.6,45.0
2014-03-17 05:00:00,Bharati,-10.69,7.19,987.1,78.4
2014-03-17 06:00:00,Bharati,-2.28,4.43,976.5,61.6
2014-03-17 07:00:00,Bharati,-5.15,16.74,995.4,90.3
2014-03-17 08:00:00,Bharati,-4.53,15.44,990.4,80.6
2014-03-17 09:00:00,Bharati,-3.89,6.25,1000.8,78.3
2014-03-17 10:00:00,Bharati,-11.0,9.27,992.5,75.6
2014-03-17 11:00:00,Bharati,-2.8,13.24,1009.8,59.7
2014-03-17 12:00:00,Bharati,-3.7,19.71,975.5,70.7
2014-03-17 13:00:00,Bharati,-6.23,7.31,1000.3,80.9
2014-03-17 14:00:00,Bharati,-10.55,6.38,978.9,98.0
2014-03-17 15:00:00,Bharati,-1.2,23.69,993.9,69.3
2014-03-17 16:00:00,Bharati,-9.42,17.08,996.4,58.8
2014-03-17 17:00:00,Bharati,-1.17,4.96,1001.2,56.7
2014-03-17 18:00:00,Bharati,-12.22,24.38,996.6,84.5
2014-03-17 19:00:00,Bharati,-1.23,7.01,1007.6,69.5
2014-03-17 20:00:00,Bharati,-4.14,3.85,997.0,81.4
2014-03-17 21:00:00,Bharati,-4.4,6.72,995.7,53.5
2014-03-17 22:00:00,Bharati,-1.29,8.05,991.2,54.1
2014-03-17 23:00:00,Bharati,-8.22,14.05,1000.0,87.6
2014-03-18 00:00:00,Bharati,-7.44,16.25,986.7,82.5
2014-03-18 01:00:00,Bharati,-4.79,16.99,989.6,77.4
2014-03-18 02:00:00,Bharati,-6.0,17.69,985.3,69.8
2014-03-18 03:00:00,Bharati,-5.18,19.88,986.1,76.3
2014-03-18 04:00:00,Bharati,-6.27,10.54,1016.5,74.7
2014-03-18 05:00:00,Bharati,-3.48,15.04,980.0,51.2
2014-03-18 06:00:00,Bharati,-11.16,19.63,971.1,64.5
2014-03-18 07:00:00,Bharati,-11.0,1.23,991.9,96.8
2014-03-18 08:00:00,Bharati,-5.95,9.51,1013.2,63.3
2014-03-18 09:00:00,Bharati,-2.2,16.7,984.8,37.1
2014-03-18 10:00:00,Bharati,-8.03,19.36,1006.7,57.8
2014-03-18 11:00:00,Bharati,-5.4,7.32,992.3,44.0
2014-03-18 12:00:00,Bharati,-6.03,6.75,991.1,62.3
2014-03-18 13:00:00,Bharati,-0.89,2.98,984.7,57.3
2014-03-18 14:00:00,Bharati,-7.06,10.11,992.8,61.5
2014-03-18 15:00:00,Bharati,-1.99,14.56,999.6,69.0
2014-03-18 16:00:00,Bharati,-8.48,11.02,993.0,60.2
2014-03-18 17:00:00,Bharati,-7.94,4.79,990.5,60.1
2014-03-18 18:00:00,Bharati,-2.8,19.39,984.7,30.5
2014-03-18 19:00:00,Bharati,-6.88,7.48,1018.4,76.9
2014-03-18 20:00:00,Bharati,-1.95,7.83,1000.5,75.6
2014-03-18 21:00:00,Bharati,-7.5,27.04,1006.8,37.0
2014-03-18 22:00:00,Bharati,-3.23,8.51,994.3,48.4
2014-03-18 23:00:00,Bharati,-1.84,11.68,997.7,50.2
2014-03-19 00:00:00,Bharati,-6.71,6.01,996.4,56.9
2014-03-19 01:00:00,Bharati,-13.13,11.68,976.8,66.8
2014-03-19 02:00:00,Bharati,-11.23,14.52,996.4,54.3
2014-03-19 03:00:00,Bharati,-1.34,10.49,995.2,76.4
2014-03-19 04:00:00,Bharati,-5.61,23.53,996.6,64.9
2014-03-19 05:00:00,Bharati,-2.86,14.3,1014.1,77.0
2014-03-19 06:00:00,Bharati,-9.16,3.23,994.4,75.4
2014-03-19 07:00:00,Bharati,-3.81,11.25,983.6,65.4
2014-03-19 08:00:00,Bharati,-2.37,9.97,965.1,56.2
2014-03-19 09:00:00,Bharati,-7.68,23.17,994.1,71.7
2014-03-19 10:00:00,Bharati,-6.74,23.76,1006.7,72.9
2014-03-19 11:00:00,Bharati,-6.7,15.54,998.3,72.7
2014-03-19 12:00:00,Bharati,-7.45,12.15,1010.9,56.7
2014-03-19 13:00:00,Bharati,-4.79,16.39,983.7,25.6
2014-03-19 14:00:00,Bharati,-8.34,7.42,990.2,55.0
2014-03-19 15:00:00,Bharati,-0.68,8.21,999.3,80.2
2014-03-19 16:00:00,Bharati,-6.75,14.01,1001.5,83.2
2014-03-19 17:00:00,Bharati,-2.03,20.06,986.5,54.4
2014-03-19 18:00:00,Bharati,-8.97,11.33,1005.0,71.1
2014-03-19 19:00:00,Bharati,-6.94,6.97,995.2,51.1
2014-03-19 20:00:00,Bharati,-9.74,5.6,997.2,52.2
2014-03-19 21:00:00,Bharati,-5.6,16.51,980.2,65.0
2014-03-19 22:00:00,Bharati,-7.7,23.03,1002.3,74.3
2014-03-19 23:00:00,Bharati,-8.81,16.22,1002.0,75.1
2014-03-20 00:00:00,Bharati,-8.21,5.57,984.9,70.4
2014-03-20 01:00:00,Bharati,-6.01,10.71,990.6,53.8
2014-03-20 02:00:00,Bharati,-6.42,8.96,1019.4,84.9
2014-03-20 03:00:00,Bharati,-5.62,5.8,986.5,61.1
2014-03-20 04:00:00,Bharati,-12.05,9.86,988.5,71.4
2014-03-20 05:00:00,Bharati,-1.7,21.97,997.1,51.4
2014-03-20 06:00:00,Bharati,-3.85,8.42,1003.5,71.1
2014-03-20 07:00:00,Bharati,-8.37,4.39,1007.7,29.6
2014-03-20 08:00:00,Bharati,-2.77,8.38,975.9,63.7
2014-03-20 09:00:00,Bharati,2.36,6.28,981.5,64.6
2014-03-20 10:00:00,Bharati,-4.64,11.16,1002.1,67.5
2014-03-20 11:00:00,Bharati,-4.32,15.95,993.0,68.0
2014-03-20 12:00:00,Bharati,-7.75,1.9,997.9,50.1
2014-03-20 13:00:00,Bharati,-4.03,11.5,979.5,59.7
2014-03-20 14:00:00,Bharati,-7.9,8.46,987.3,64.6
2014-03-20 15:00:00,Bharati,-8.73,12.23,997.3,82.8
2014-03-20 16:00:00,Bharati,-4.17,6.3,990.4,57.6
2014-03-20 17:00:00,Bharati,-6.4,3.79,974.3,39.4
2014-03-20 18:00:00,Bharati,-13.63,9.0,993.8,79.3
2014-03-20 19:00:00,Bharati,-6.33,11.74,980.4,56.1
2014-03-20 20:00:00,Bharati,-11.4,3.22,994.4,53.7
2014-03-20 21:00:00,Bharati,-7.47,2.82,995.4,58.9
2014-03-20 22:00:00,Bharati,-6.85,4.18,1006.8,57.3
2014-03-20 23:00:00,Bharati,-3.87,7.67,993.5,67.6
2014-03-21 00:00:00,Bharati,-10.8,7.04,1002.7,49.6
2014-03-21 01:00:00,Bharati,-7.28,4.44,983.3,61.7
2014-03-21 02:00:00,Bharati,-3.05,8.8,1000.2,78.0
2014-03-21 03:00:00,Bharati,-10.15,5.28,1013.5,77.0
2014-03-21 04:00:00,Bharati,-7.06,4.12,995.3,87.8
2014-03-21 05:00:00,Bharati,-1.18,9.98,1003.4,81.3
2014-03-21 06:00:00,Bharati,-9.65,14.01,969.6,46.2
2014-03-21 07:00:00,Bharati,-1.37,18.07,984.4,69.8
2014-03-21 08:00:00,Bharati,-10.89,4.03,1018.2,55.7
2014-03-21 09:00:00,Bharati,-4.89,14.64,993.9,42.1
2014-03-21 10:00:00,Bharati,-4.34,11.96,988.5,66.8
2014-03-21 11:00:00,Bharati,-12.51,6.85,993.6,76.4
2014-03-21 12:00:00,Bharati,-9.36,2.41,1012.5,47.7
2014-03-21 13:00:00,Bharati,-7.5,6.51,990.1,72.0
2014-03-21 14:00:00,Bharati,-5.79,17.58,993.1,76.9
2014-03-21 15:00:00,Bharati,-3.58,5.01,1007.9,50.3
2014-03-21 16:00:00,Bharati,-8.51,19.42,986.7,50.5
2014-03-21 17:00:00,Bharati,-8.45,26.33,990.6,51.7
2014-03-21 18:00:00,Bharati,-0.81,8.72,987.2,47.8
2014-03-21 19:00:00,Bharati,-8.96,3.9,998.5,71.1
2014-03-21 20:00:00,Bharati,-4.49,7.45,994.7,82.7
2014-03-21 21:00:00,Bharati,-5.74,5.06,1005.7,87.6
2014-03-21 22:00:00,Bharati,-8.28,22.31,1004.7,49.5
2014-03-21 23:00:00,Bharati,-6.02,8.68,986.4,44.0
2014-03-22 00:00:00,Bharati,-4.4,7.64,990.7,50.0
2014-03-22 01:00:00,Bharati,-3.28,12.11,978.2,68.1
2014-03-22 02:00:00,Bharati,-4.18,11.03,998.7,60.4
2014-03-22 03:00:00,Bharati,-8.1,7.35,1014.9,77.9
2014-03-22 04:00:00,Bharati,-13.04,8.67,1002.3,62.2
2014-03-22 05:00:00,Bharati,-11.23,3.14,976.2,71.7
2014-03-22 06:00:00,Bharati,-4.06,10.71,979.7,65.0
2014-03-22 07:00:00,Bharati,-10.32,9.03,994.8,58.2
2014-03-22 08:00:00,Bharati,-3.3,3.56,992.7,72.7
2014-03-22 09:00:00,Bharati,-7.09,10.83,997.0,64.1
2014-03-22 10:00:00,Bharati,-2.16,7.03,982.5,95.2
2014-03-22 11:00:00,Bharati,-5.32,6.52,985.1,57.7
2014-03-22 12:00:00,Bharati,-1.48,9.08,992.9,62.0
2014-03-22 13:00:00,Bharati,-4.33,14.05,982.8,35.2
2014-03-22 14:00:00,Bharati,-6.08,8.73,963.2,60.2
2014-03-22 15:00:00,Bharati,-8.93,5.73,995.3,69.6
2014-03-22 16:00:00,Bharati,-2.67,6.79,997.5,68.9
2014-03-22 17:00:00,Bharati,-5.76,20.23,994.0,57.7
2014-03-22 18:00:00,Bharati,-6.51,10.41,980.9,66.3
2014-03-22 19:00:00,Bharati,-4.14,15.1,1002.9,66.9
2014-03-22 20:00:00,Bharati,-12.6,10.07,993.3,67.2
2014-03-22 21:00:00,Bharati,-1.97,8.95,992.5,64.9
2014-03-22 22:00:00,Bharati,-3.63,21.23,992.3,79.5
2014-03-22 23:00:00,Bharati,-7.7,11.27,994.1,66.9
2014-03-23 00:00:00,Bharati,-8.39,4.83,988.3,51.6
2014-03-23 01:00:00,Bharati,-5.25,1.96,991.7,57.9
2014-03-23 02:00:00,Bharati,-4.73,8.92,998.4,65.6
2014-03-23 03:00:00,Bharati,-6.94,1.67,987.0,51.8
2014-03-23 04:00:00,Bharati,-6.24,12.29,1004.8,71.6
2014-03-23 05:00:00,Bharati,-4.82,8.93,969.0,46.1
2014-03-23 06:00:00,Bharati,-6.08,14.32,987.3,68.5
2014-03-23 07:00:00,Bharati,-5.91,16.99,999.3,43.9
2014-03-23 08:00:00,Bharati,-5.41,19.28,989.8,49.0
2014-03-23 09:00:00,Bharati,-1.7,5.99,1000.2,77.3
2014-03-23 10:00:00,Bharati,-2.45,18.75,990.4,39.7
2014-03-23 11:00:00,Bharati,-10.79,9.13,1008.9,47.7
2014-03-23 12:00:00,Bharati,-12.43,12.62,1002.9,59.5
2014-03-23 13:00:00,Bharati,-3.12,2.26,998.4,37.3
2014-03-23 14:00:00,Bharati,0.84,10.61,993.9,36.0
2014-03-23 15:00:00,Bharati,-9.46,24.08,977.0,72.4
2014-03-23 16:00:00,Bharati,-7.18,9.68,989.7,61.1
2014-03-23 17:00:00,Bharati,-7.42,9.25,985.6,48.0
2014-03-23 18:00:00,Bharati,-5.37,9.07,1016.1,45.9
2014-03-23 19:00:00,Bharati,-2.83,12.82,1008.8,48.0
2014-03-23 20:00:00,Bharati,-8.03,18.44,1001.7,54.5
2014-03-23 21:00:00,Bharati,-4.56,8.88,1006.0,85.9
2014-03-23 22:00:00,Bharati,-8.01,2.95,987.6,51.8
2014-03-23 23:00:00,Bharati,-2.38,16.34,983.2,71.1
2014-03-24 00:00:00,Bharati,-6.56,2.48,988.1,75.1
2014-03-24 01:00:00,Bharati,-6.07,18.6,986.8,39.4
2014-03-24 02:00:00,Bharati,-3.9,9.68,997.1,62.1
2014-03-24 03:00:00,Bharati,-6.53,10.28,986.0,66.6
2014-03-24 04:00:00,Bharati,-3.02,23.61,980.1,51.7
2014-03-24 05:00:00,Bharati,-6.35,7.78,998.0,61.9
2014-03-24 06:00:00,Bharati,-4.33,12.74,986.4,88.6
2014-03-24 07:00:00,Bharati,-0.86,13.02,988.0,50.4
2014-03-24 08:00:00,Bharati,-5.56,20.53,992.4,76.9
2014-03-24 09:00:00,Bharati,-3.7,13.51,991.5,60.6
2014-03-24 10:00:00,Bharati,-4.33,11.22,996.7,26.1
2014-03-24 11:00:00,Bharati,-16.89,21.57,1011.3,74.8
2014-03-24 12:00:00,Bharati,-3.73,10.45,992.3,54.0
2014-03-24 13:00:00,Bharati,-6.77,6.81,981.2,81.4
2014-03-24 14:00:00,Bharati,-4.87,14.61,1001.1,86.2
2014-03-24 15:00:00,Bharati,-14.67,7.38,1002.8,65.8
2014-03-24 16:00:00,Bharati,-7.42,10.22,980.3,45.1
2014-03-24 17:00:00,Bharati,3.4,12.59,982.9,57.9
2014-03-24 18:00:00,Bharati,-3.42,10.59,974.9,75.8
2014-03-24 19:00:00,Bharati,-4.71,15.34,990.5,48.3
2014-03-24 20:00:00,Bharati,-9.26,12.34,990.6,66.7
2014-03-24 21:00:00,Bharati,-7.33,13.02,1007.0,33.3
2014-03-24 22:00:00,Bharati,-9.31,8.28,1000.2,79.3
2014-03-24 23:00:00,Bharati,-2.43,6.99,987.3,90.6
2014-03-25 00:00:00,Bharati,-6.2,4.62,997.8,45.6
2014-03-25 01:00:00,Bharati,-10.43,7.22,1016.0,55.7
2014-03-25 02:00:00,Bharati,1.83,12.61,991.8,59.0
2014-03-25 03:00:00,Bharati,-5.98,14.5,989.0,58.1
2014-03-25 04:00:00,Bharati,-8.21,13.42,991.7,50.8
2014-03-25 05:00:00,Bharati,-4.78,5.36,987.9,55.8
2014-03-25 06:00:00,Bharati,-7.5,13.49,1002.6,61.4
2014-03-25 07:00:00,Bharati,-9.25,14.41,1000.4,72.8
2014-03-25 08:00:00,Bharati,-5.88,3.86,987.4,54.4
2014-03-25 09:00:00,Bharati,-4.43,3.0,974.1,87.2
2014-03-25 10:00:00,Bharati,-1.11,16.0,1018.7,59.1
2014-03-25 11:00:00,Bharati,-11.81,11.37,998.1,74.2
2014-03-25 12:00:00,Bharati,-5.41,11.05,998.7,85.5
2014-03-25 13:00:00,Bharati,-6.57,6.77,998.8,73.4
2014-03-25 14:00:00,Bharati,-7.07,25.74,997.4,73.6
2014-03-25 15:00:00,Bharati,-16.91,3.13,996.5,91.5
2014-03-25 16:00:00,Bharati,-7.65,24.69,990.7,56.8
2014-03-25 17:00:00,Bharati,-7.78,8.61,991.4,79.4
2014-03-25 18:00:00,Bharati,0.4,13.66,999.0,85.2
2014-03-25 19:00:00,Bharati,-3.33,4.28,974.8,48.8
2014-03-25 20:00:00,Bharati,-6.87,14.26,1001.4,44.6
2014-03-25 21:00:00,Bharati,-4.72,6.09,995.2,48.3
2014-03-25 22:00:00,Bharati,-4.49,7.64,982.5,43.8
2014-03-25 23:00:00,Bharati,-11.03,14.38,997.0,76.3
2014-03-26 00:00:00,Bharati,-12.56,6.93,1000.0,65.1
2014-03-26 01:00:00,Bharati,-5.18,7.64,1008.2,43.4
2014-03-26 02:00:00,Bharati,-7.36,7.06,1015.4,68.7
2014-03-26 03:00:00,Bharati,-4.17,2.81,999.4,62.6
2014-03-26 04:00:00,Bharati,-7.81,12.15,981.7,70.3
2014-03-26 05:00:00,Bharati,-3.53,2.03,1026.1,36.4
2014-03-26 06:00:00,Bharati,-9.9,11.28,971.4,49.1
2014-03-26 07:00:00,Bharati,-0.24,17.61,998.8,71.9
2014-03-26 08:00:00,Bharati,-6.85,12.99,995.5,86.0
2014-03-26 09:00:00,Bharati,-3.34,6.15,975.3,22.0
2014-03-26 10:00:00,Bharati,-4.3,6.0,972.4,54.1
2014-03-26 11:00:00,Bharati,-6.44,18.84,996.0,52.0
2014-03-26 12:00:00,Bharati,-9.11,7.47,989.5,64.2
2014-03-26 13:00:00,Bharati,-13.95,13.76,998.3,55.4
2014-03-26 14:00:00,Bharati,-7.53,15.18,993.9,53.6
2014-03-26 15:00:00,Bharati,-9.05,6.11,1006.9,59.6
2014-03-26 16:00:00,Bharati,-8.52,4.54,991.0,47.2
2014-03-26 17:00:00,Bharati,-5.06,4.38,978.2,66.5
2014-03-26 18:00:00,Bharati,-9.79,9.18,1002.3,63.9
2014-03-26 19:00:00,Bharati,-7.07,4.28,990.7,60.8
2014-03-26 20:00:00,Bharati,-5.51,16.17,969.4,71.0
2014-03-26 21:00:00,Bharati,-6.42,11.17,999.1,77.5
2014-03-26 22:00:00,Bharati,-8.21,12.55,1013.4,66.7
2014-03-26 23:00:00,Bharati,-3.65,6.38,988.3,62.5
2014-03-27 00:00:00,Bharati,-8.33,10.13,995.7,49.0
2014-03-27 01:00:00,Bharati,-6.04,22.49,1012.0,33.4
2014-03-27 02:00:00,Bharati,-6.16,13.19,986.4,65.8
2014-03-27 03:00:00,Bharati,-5.24,10.03,987.1,65.9
2014-03-27 04:00:00,Bharati,-6.6,6.86,972.7,45.5
2014-03-27 05:00:00,Bharati,-6.68,7.7,995.9,54.3
2014-03-27 06:00:00,Bharati,-10.68,3.18,981.4,47.9
2014-03-27 07:00:00,Bharati,-7.52,5.76,985.9,39.2
2014-03-27 08:00:00,Bharati,-0.63,9.15,981.9,64.7
2014-03-27 09:00:00,Bharati,-6.59,37.41,969.4,59.9
2014-03-27 10:00:00,Bharati,-8.86,8.38,1016.1,32.6
2014-03-27 11:00:00,Bharati,-5.2,5.53,990.3,57.0
2014-03-27 12:00:00,Bharati,-5.67,11.85,989.9,52.3
2014-03-27 13:00:00,Bharati,-5.6,3.9,999.6,59.3
2014-03-27 14:00:00,Bharati,-2.17,6.99,1000.7,67.4
2014-03-27 15:00:00,Bharati,-8.89,12.2,984.6,57.1
2014-03-27 16:00:00,Bharati,-7.12,13.22,1000.7,32.7
2014-03-27 17:00:00,Bharati,-7.16,13.27,985.3,65.7
2014-03-27 18:00:00,Bharati,-7.16,12.79,1001.4,86.8
2014-03-27 19:00:00,Bharati,-5.5,16.6,986.1,70.3
2014-03-27 20:00:00,Bharati,-12.13,19.77,990.9,87.3
2014-03-27 21:00:00,Bharati,-8.65,17.08,999.3,78.7
2014-03-27 22:00:00,Bharati,-3.36,15.69,1008.8,69.4
2014-03-27 23:00:00,Bharati,-7.99,1.46,992.3,61.9
2014-03-28 00:00:00,Bharati,-9.21,23.21,1002.0,64.8
2014-03-28 01:00:00,Bharati,-7.97,11.36,999.6,51.4
2014-03-28 02:00:00,Bharati,-5.32,9.54,1002.4,55.7
2014-03-28 03:00:00,Bharati,-9.28,15.47,990.4,43.8
2014-03-28 04:00:00,Bharati,-10.13,7.2,996.7,85.2
2014-03-28 05:00:00,Bharati,-7.57,14.87,934.9,51.1
2014-03-28 06:00:00,Bharati,-11.01,5.82,986.5,55.3
2014-03-28 07:00:00,Bharati,-2.23,2.27,986.8,87.8
2014-03-28 08:00:00,Bharati,-8.46,4.3,996.3,66.2
2014-03-28 09:00:00,Bharati,-3.79,9.98,985.5,43.7
2014-03-28 10:00:00,Bharati,-5.01,17.51,992.9,70.9
2014-03-28 11:00:00,Bharati,-10.36,9.53,1004.2,37.6
2014-03-28 12:00:00,Bharati,-6.13,4.8,973.5,46.5
2014-03-28 13:00:00,Bharati,-11.76,5.64,1014.0,55.8
2014-03-28 14:00:00,Bharati,-3.68,17.85,993.0,43.8
2014-03-28 15:00:00,Bharati,-5.83,22.33,988.9,61.9
2014-03-28 16:00:00,Bharati,-7.93,14.5,993.2,77.9
2014-03-28 17:00:00,Bharati,-10.19,3.64,1016.0,67.3
2014-03-28 18:00:00,Bharati,-2.05,7.68,985.7,68.6
2014-03-28 19:00:00,Bharati,-11.67,17.34,998.6,49.1
2014-03-28 20:00:00,Bharati,-8.61,16.87,989.0,74.8
2014-03-28 21:00:00,Bharati,-5.8,17.59,969.4,48.4
2014-03-28 22:00:00,Bharati,-5.27,31.76,987.9,51.0
2014-03-28 23:00:00,Bharati,-9.42,11.11,995.8,71.6
2014-03-29 00:00:00,Bharati,-3.91,10.22,1001.6,52.4
2014-03-29 01:00:00,Bharati,-5.69,7.57,994.0,61.1
2014-03-29 02:00:00,Bharati,-6.82,10.41,989.1,51.9
2014-03-29 03:00:00,Bharati,-5.24,21.62,1009.4,62.9
2014-03-29 04:00:00,Bharati,-5.63,11.32,998.4,51.4
2014-03-29 05:00:00,Bharati,-11.93,1.66,989.3,59.9
2014-03-29 06:00:00,Bharati,-6.69,2.49,1010.7,57.6
2014-03-29 07:00:00,Bharati,-8.83,39.48,996.7,90.1
2014-03-29 08:00:00,Bharati,-10.98,12.73,1001.3,52.8
2014-03-29 09:00:00,Bharati,-7.94,14.48,990.2,46.8
2014-03-29 10:00:00,Bharati,-8.61,10.48,1007.9,52.0
2014-03-29 11:00:00,Bharati,-5.34,18.66,1000.7,80.3
2014-03-29 12:00:00,Bharati,-6.65,17.35,983.5,72.9
2014-03-29 13:00:00,Bharati,-12.5,20.05,984.6,43.1
2014-03-29 14:00:00,Bharati,-8.63,7.24,971.9,61.5
2014-03-29 15:00:00,Bharati,-11.27,8.52,992.2,45.2
2014-03-29 16:00:00,Bharati,-6.51,14.71,1004.4,71.5
2014-03-29 17:00:00,Bharati,-4.22,21.16,993.2,63.3
2014-03-29 18:00:00,Bharati,-5.98,8.07,999.0,60.1
2014-03-29 19:00:00,Bharati,-9.52,6.65,991.3,60.4
2014-03-29 20:00:00,Bharati,-4.92,8.64,1009.1,60.1
2014-03-29 21:00:00,Bharati,-9.47,25.54,995.8,79.0
2014-03-29 22:00:00,Bharati,-9.26,20.93,968.1,66.8
2014-03-29 23:00:00,Bharati,-10.68,11.62,981.8,60.2
2014-03-30 00:00:00,Bharati,-7.71,2.38,969.8,87.3
2014-03-30 01:00:00,Bharati,-8.18,4.3,976.1,47.4
2014-03-30 02:00:00,Bharati,-8.16,11.49,984.2,52.7
2014-03-30 03:00:00,Bharati,-2.81,9.42,985.0,47.9
2014-03-30 04:00:00,Bharati,-4.34,15.26,1001.3,34.7
2014-03-30 05:00:00,Bharati,-9.4,2.75,989.2,72.1
2014-03-30 06:00:00,Bharati,-2.28,9.64,1006.4,54.8
2014-03-30 07:00:00,Bharati,-4.63,4.0,992.1,71.6
2014-03-30 08:00:00,Bharati,-10.24,3.67,983.5,87.3
2014-03-30 09:00:00,Bharati,-8.25,10.58,992.3,75.7
2014-03-30 10:00:00,Bharati,-6.87,7.75,1000.4,89.6
2014-03-30 11:00:00,Bharati,-6.54,4.88,996.0,73.9
2014-03-30 12:00:00,Bharati,-7.53,5.68,986.6,41.0
2014-03-30 13:00:00,Bharati,-10.42,8.22,995.0,70.4
2014-03-30 14:00:00,Bharati,-8.39,6.68,977.4,68.3
2014-03-30 15:00:00,Bharati,-9.88,3.98,973.0,66.6
2014-03-30 16:00:00,Bharati,-5.55,13.87,996.0,79.4
2014-03-30 17:00:00,Bharati,-3.73,13.47,977.2,88.8
2014-03-30 18:00:00,Bharati,-9.56,4.21,1000.4,74.7
2014-03-30 19:00:00,Bharati,-6.34,34.27,983.4,46.0
2014-03-30 20:00:00,Bharati,-5.59,12.72,968.3,44.1
2014-03-30 21:00:00,Bharati,-8.08,28.83,994.9,95.0
2014-03-30 22:00:00,Bharati,-2.41,8.47,977.6,59.9
2014-03-30 23:00:00,Bharati,-5.88,10.4,979.5,75.3
2014-03-31 00:00:00,Bharati,-0.85,10.43,1006.8,41.0
2014-03-31 01:00:00,Bharati,-3.86,6.74,985.2,66.3
2014-03-31 02:00:00,Bharati,-9.57,16.81,1007.0,69.5
2014-03-31 03:00:00,Bharati,-9.94,6.4,1014.8,72.9
2014-03-31 04:00:00,Bharati,-7.88,8.98,993.6,77.0
2014-03-31 05:00:00,Bharati,-11.04,12.93,996.1,81.9
2014-03-31 06:00:00,Bharati,-3.36,6.98,981.4,46.7
2014-03-31 07:00:00,Bharati,-6.17,8.11,985.8,66.9
2014-03-31 08:00:00,Bharati,-11.92,2.46,999.4,58.4
2014-03-31 09:00:00,Bharati,-10.95,20.08,995.3,98.0
2014-03-31 10:00:00,Bharati,-7.69,9.74,984.7,74.5
2014-03-31 11:00:00,Bharati,-2.94,4.88,1003.2,75.1
2014-03-31 12:00:00,Bharati,-4.04,21.23,994.8,76.5
2014-03-31 13:00:00,Bharati,-1.66,11.51,986.4,63.0
2014-03-31 14:00:00,Bharati,-12.32,1.91,994.6,38.4
2014-03-31 15:00:00,Bharati,-8.91,1.3,986.1,39.5
2014-03-31 16:00:00,Bharati,-8.33,11.71,1008.6,57.8
2014-03-31 17:00:00,Bharati,-7.1,2.71,977.1,69.3
2014-03-31 18:00:00,Bharati,-9.49,5.45,998.0,59.3
2014-03-31 19:00:00,Bharati,-5.96,5.29,989.0,71.0
2014-03-31 20:00:00,Bharati,-6.42,6.51,994.4,38.2
2014-03-31 21:00:00,Bharati,-0.9,1.9,990.2,75.6
2014-03-31 22:00:00,Bharati,-3.8,2.5,1004.2,42.6
2014-03-31 23:00:00,Bharati,-4.2,10.69,991.0,61.0
2014-04-01 00:00:00,Bharati,-5.16,8.49,1013.4,78.6
2014-04-01 01:00:00,Bharati,-12.57,3.45,1006.4,34.7
2014-04-01 02:00:00,Bharati,-10.38,4.8,973.5,71.3
2014-04-01 03:00:00,Bharati,-9.1,10.47,992.1,58.3
2014-04-01 04:00:00,Bharati,-3.4,2.41,996.4,87.4
2014-04-01 05:00:00,Bharati,-8.05,20.33,1000.8,72.4
2014-04-01 06:00:00,Bharati,-2.84,22.63,1010.0,65.5
2014-04-01 07:00:00,Bharati,-4.52,9.0,990.0,64.6
2014-04-01 08:00:00,Bharati,-3.0,6.54,994.7,53.5
2014-04-01 09:00:00,Bharati,-4.48,27.11,1016.3,74.7
2014-04-01 10:00:00,Bharati,-6.06,4.83,1027.7,73.9
2014-04-01 11:00:00,Bharati,-10.03,8.07,993.8,50.9
2014-04-01 12:00:00,Bharati,-5.45,7.12,997.0,79.3
2014-04-01 13:00:00,Bharati,-8.17,21.7,1004.1,51.4
2014-04-01 14:00:00,Bharati,-8.51,10.62,1014.5,50.1
2014-04-01 15:00:00,Bharati,-9.19,7.57,1009.7,81.0
2014-04-01 16:00:00,Bharati,-5.83,9.82,981.5,81.7
2014-04-01 17:00:00,Bharati,-8.21,2.16,1001.3,45.9
2014-04-01 18:00:00,Bharati,-3.78,7.54,984.8,41.2
2014-04-01 19:00:00,Bharati,-4.66,11.33,990.2,57.7
2014-04-01 20:00:00,Bharati,-6.15,9.93,1015.5,51.3
2014-04-01 21:00:00,Bharati,-3.73,17.59,990.6,41.3
2014-04-01 22:00:00,Bharati,-7.76,13.2,990.4,56.7
2014-04-01 23:00:00,Bharati,-6.12,9.92,1002.2,67.3
2014-04-02 00:00:00,Bharati,-7.21,7.44,1007.1,96.6
2014-04-02 01:00:00,Bharati,-8.21,4.39,990.3,57.8
2014-04-02 02:00:00,Bharati,-4.63,9.17,998.0,59.5
2014-04-02 03:00:00,Bharati,-9.5,16.33,974.7,71.3
2014-04-02 04:00:00,Bharati,-6.8,8.02,1016.7,41.6
2014-04-02 05:00:00,Bharati,-7.21,15.21,1001.8,49.3
2014-04-02 06:00:00,Bharati,-5.26,11.12,990.7,64.9
2014-04-02 07:00:00,Bharati,-3.91,6.89,1002.5,52.9
2014-04-02 08:00:00,Bharati,-2.64,16.61,1008.2,84.7
2014-04-02 09:00:00,Bharati,-10.11,16.67,989.6,68.1
2014-04-02 10:00:00,Bharati,-9.71,9.82,1002.4,66.4
2014-04-02 11:00:00,Bharati,-11.19,7.69,1005.6,57.0
2014-04-02 12:00:00,Bharati,-7.57,22.37,1000.0,61.5
2014-04-02 13:00:00,Bharati,-7.51,0.48,986.7,88.6
2014-04-02 14:00:00,Bharati,-6.76,23.28,998.9,60.5
2014-04-02 15:00:00,Bharati,-10.26,4.56,1008.5,35.3
2014-04-02 16:00:00,Bharati,-11.02,5.27,984.5,39.7
2014-04-02 17:00:00,Bharati,-13.02,15.14,1006.4,58.0
2014-04-02 18:00:00,Bharati,-10.96,9.0,986.7,71.1
2014-04-02 19:00:00,Bharati,-7.41,14.28,989.2,49.1
2014-04-02 20:00:00,Bharati,-5.89,10.98,1012.3,59.3
2014-04-02 21:00:00,Bharati,3.91,12.59,988.0,63.6
2014-04-02 22:00:00,Bharati,-9.91,9.06,1002.7,45.2
2014-04-02 23:00:00,Bharati,-6.7,11.49,1011.9,52.0
2014-04-03 00:00:00,Bharati,-3.27,8.42,981.8,59.5
2014-04-03 01:00:00,Bharati,-7.33,2.11,986.2,60.4
2014-04-03 02:00:00,Bharati,-4.69,8.81,997.9,55.1
2014-04-03 03:00:00,Bharati,-9.62,11.87,975.6,74.6
2014-04-03 04:00:00,Bharati,-5.24,33.94,997.3,47.2
2014-04-03 05:00:00,Bharati,-8.53,11.76,1020.5,64.3
2014-04-03 06:00:00,Bharati,-11.24,4.2,1009.3,42.6
2014-04-03 07:00:00,Bharati,-10.11,13.36,1026.2,40.1
2014-04-03 08:00:00,Bharati,-5.58,6.67,998.3,62.7
2014-04-03 09:00:00,Bharati,-3.87,7.51,1019.8,65.3
2014-04-03 10:00:00,Bharati,-7.49,12.97,1010.0,83.0
2014-04-03 11:00:00,Bharati,-7.66,10.78,980.8,75.6
2014-04-03 12:00:00,Bharati,-8.75,12.9,971.7,60.6
2014-04-03 13:00:00,Bharati,-10.93,11.69,997.9,65.3
2014-04-03 14:00:00,Bharati,-1.46,23.87,990.0,84.0
2014-04-03 15:00:00,Bharati,-8.09,12.08,1019.7,54.8
2014-04-03 16:00:00,Bharati,-11.36,4.87,980.5,68.2
2014-04-03 17:00:00,Bharati,-9.53,9.09,998.5,65.9
2014-04-03 18:00:00,Bharati,-4.66,6.09,1005.2,83.9
2014-04-03 19:00:00,Bharati,-8.65,12.43,1002.9,70.2
2014-04-03 20:00:00,Bharati,-10.23,3.37,987.3,72.0
2014-04-03 21:00:00,Bharati,-11.47,10.87,992.1,83.9
2014-04-03 22:00:00,Bharati,-8.33,2.7,993.4,59.9
2014-04-03 23:00:00,Bharati,-8.9,16.86,1000.5,55.5
2014-04-04 00:00:00,Bharati,-3.41,4.65,989.7,74.4
2014-04-04 01:00:00,Bharati,-8.76,10.03,988.1,72.5
2014-04-04 02:00:00,Bharati,-5.32,16.54,991.2,59.1
2014-04-04 03:00:00,Bharati,-3.18,4.59,996.0,72.5
2014-04-04 04:00:00,Bharati,-12.05,3.32,994.4,69.9
2014-04-04 05:00:00,Bharati,-10.52,9.39,988.6,61.7
2014-04-04 06:00:00,Bharati,-6.1,7.8,971.9,47.2
2014-04-04 07:00:00,Bharati,-6.85,5.0,1018.3,42.1
2014-04-04 08:00:00,Bharati,-10.18,22.25,989.0,45.0
2014-04-04 09:00:00,Bharati,-7.65,2.34,999.7,52.9
2014-04-04 10:00:00,Bharati,-14.69,2.56,994.6,40.2
2014-04-04 11:00:00,Bharati,-6.88,32.92,989.2,61.1
2014-04-04 12:00:00,Bharati,-6.1,8.19,981.5,75.2
2014-04-04 13:00:00,Bharati,-9.65,7.1,1005.8,94.1
2014-04-04 14:00:00,Bharati,-9.83,14.34,1004.3,63.8
2014-04-04 15:00:00,Bharati,-8.77,2.18,978.5,76.8
2014-04-04 16:00:00,Bharati,-8.11,26.86,1006.9,59.4
2014-04-04 17:00:00,Bharati,-6.95,8.89,1011.5,34.9
2014-04-04 18:00:00,Bharati,-10.1,1.43,987.1,57.7
2014-04-04 19:00:00,Bharati,-9.49,3.93,988.9,52.1
2014-04-04 20:00:00,Bharati,-6.34,8.57,990.7,65.8
2014-04-04 21:00:00,Bharati,-7.04,13.79,984.1,70.6
2014-04-04 22:00:00,Bharati,-6.88,5.1,1003.5,69.2
2014-04-04 23:00:00,Bharati,-6.79,5.21,993.0,74.3
2014-04-05 00:00:00,Bharati,-8.14,3.57,979.4,48.4
2014-04-05 01:00:00,Bharati,-7.01,9.96,1003.1,56.4
2014-04-05 02:00:00,Bharati,-14.77,15.39,1006.1,68.1
2014-04-05 03:00:00,Bharati,-7.4,12.67,1003.5,59.8
2014-04-05 04:00:00,Bharati,-5.77,3.15,988.1,38.7
2014-04-05 05:00:00,Bharati,-8.27,14.44,968.6,72.3
2014-04-05 06:00:00,Bharati,-7.16,6.04,992.0,65.4
2014-04-05 07:00:00,Bharati,-10.39,9.56,995.6,61.7
2014-04-05 08:00:00,Bharati,-5.28,16.27,995.6,83.8
2014-04-05 09:00:00,Bharati,-13.82,8.17,990.6,60.8
2014-04-05 10:00:00,Bharati,-7.64,6.26,1002.4,71.4
2014-04-05 11:00:00,Bharati,-6.75,5.79,980.7,72.2
2014-04-05 12:00:00,Bharati,-10.41,1.26,994.0,51.4
2014-04-05 13:00:00,Bharati,-0.16,7.2,986.9,69.6
2014-04-05 14:00:00,Bharati,-11.95,23.4,982.8,50.7
2014-04-05 15:00:00,Bharati,-12.71,10.3,999.6,72.4
2014-04-05 16:00:00,Bharati,-7.25,7.56,1002.1,40.8
2014-04-05 17:00:00,Bharati,-8.14,5.98,997.1,58.6
2014-04-05 18:00:00,Bharati,-14.79,6.01,981.6,54.3
2014-04-05 19:00:00,Bharati,-4.34,9.6,1003.4,50.8
2014-04-05 20:00:00,Bharati,-9.95,11.21,991.6,86.7
2014-04-05 21:00:00,Bharati,-4.29,10.07,982.9,55.3
2014-04-05 22:00:00,Bharati,-14.67,4.52,1001.9,51.3
2014-04-05 23:00:00,Bharati,-8.48,9.83,1005.2,68.1
2014-04-06 00:00:00,Bharati,-4.99,12.42,1012.5,50.4
2014-04-06 01:00:00,Bharati,-9.8,7.91,991.1,79.2
2014-04-06 02:00:00,Bharati,-9.75,26.66,977.9,65.9
2014-04-06 03:00:00,Bharati,-10.06,12.98,998.2,74.2
2014-04-06 04:00:00,Bharati,-10.8,3.84,1016.3,53.0
2014-04-06 05:00:00,Bharati,-7.8,22.64,1028.2,89.9
2014-04-06 06:00:00,Bharati,-5.93,9.35,992.0,87.8
2014-04-06 07:00:00,Bharati,-9.07,11.81,997.2,73.9
2014-04-06 08:00:00,Bharati,-10.89,19.08,1018.1,89.8
2014-04-06 09:00:00,Bharati,-9.02,7.27,1009.0,60.2
2014-04-06 10:00:00,Bharati,-15.03,8.69,989.8,51.5
2014-04-06 11:00:00,Bharati,-8.61,2.07,993.5,63.8
2014-04-06 12:00:00,Bharati,-12.57,6.48,985.5,64.2
2014-04-06 13:00:00,Bharati,-6.57,13.43,987.5,66.7
2014-04-06 14:00:00,Bharati,-4.5,6.15,979.4,72.3
2014-04-06 15:00:00,Bharati,-9.52,5.18,1003.6,86.7
2014-04-06 16:00:00,Bharati,-9.42,8.94,975.9,68.8
2014-04-06 17:00:00,Bharati,-2.97,6.18,999.1,65.2
2014-04-06 18:00:00,Bharati,-4.02,36.09,1004.1,66.2
2014-04-06 19:00:00,Bharati,-6.43,6.15,977.9,67.1
2014-04-06 20:00:00,Bharati,-7.99,7.82,1007.6,35.6
2014-04-06 21:00:00,Bharati,-2.74,25.76,1000.0,58.5
2014-04-06 22:00:00,Bharati,-5.34,5.31,977.0,54.9
2014-04-06 23:00:00,Bharati,-9.27,9.2,990.9,75.4
2014-04-07 00:00:00,Bharati,-9.38,7.45,999.8,48.8
2014-04-07 01:00:00,Bharati,-10.97,10.99,999.0,57.0
2014-04-07 02:00:00,Bharati,-7.69,17.81,1007.5,62.4
2014-04-07 03:00:00,Bharati,-8.65,17.87,992.1,98.0
2014-04-07 04:00:00,Bharati,-4.32,3.0,999.0,63.3
2014-04-07 05:00:00,Bharati,-7.32,4.47,988.0,68.1
2014-04-07 06:00:00,Bharati,-9.84,10.62,995.7,55.9
2014-04-07 07:00:00,Bharati,-4.61,8.18,983.2,77.1
2014-04-07 08:00:00,Bharati,-6.2,7.81,979.2,70.8
2014-04-07 09:00:00,Bharati,-2.97,31.46,971.9,22.6
2014-04-07 10:00:00,Bharati,-6.83,4.23,994.9,50.7
2014-04-07 11:00:00,Bharati,-11.38,7.12,993.1,80.4
2014-04-07 12:00:00,Bharati,-8.18,14.92,997.8,63.4
2014-04-07 13:00:00,Bharati,-2.58,6.37,996.8,77.2
2014-04-07 14:00:00,Bharati,-8.96,10.13,998.8,79.1
2014-04-07 15:00:00,Bharati,-6.3,5.88,991.2,33.8
2014-04-07 16:00:00,Bharati,-10.61,12.54,976.6,82.8
2014-04-07 17:00:00,Bharati,-6.25,20.92,975.0,91.6
2014-04-07 18:00:00,Bharati,-10.83,3.97,991.3,38.6
2014-04-07 19:00:00,Bharati,-7.54,3.18,1000.3,46.6
2014-04-07 20:00:00,Bharati,-7.17,4.54,979.8,43.0
2014-04-07 21:00:00,Bharati,-6.89,4.27,1000.0,82.5
2014-04-07 22:00:00,Bharati,-7.46,27.07,1001.0,63.6
2014-04-07 23:00:00,Bharati,-4.24,15.27,986.3,78.3
2014-04-08 00:00:00,Bharati,-11.73,6.52,1005.4,54.2
2014-04-08 01:00:00,Bharati,-9.18,4.56,1007.9,41.9
2014-04-08 02:00:00,Bharati,-8.44,6.22,983.2,62.9
2014-04-08 03:00:00,Bharati,-3.02,6.54,1001.0,63.6
2014-04-08 04:00:00,Bharati,-8.27,9.11,987.0,74.6
2014-04-08 05:00:00,Bharati,-3.64,13.11,991.7,84.5
2014-04-08 06:00:00,Bharati,-7.27,2.87,998.8,86.1
2014-04-08 07:00:00,Bharati,-7.59,6.73,971.0,90.5
2014-04-08 08:00:00,Bharati,-11.1,6.49,980.6,73.3
2014-04-08 09:00:00,Bharati,-8.54,4.75,981.8,65.5
2014-04-08 10:00:00,Bharati,-13.33,3.35,1000.7,82.9
2014-04-08 11:00:00,Bharati,-4.61,6.75,995.0,36.3
2014-04-08 12:00:00,Bharati,-7.35,0.83,1006.8,51.6
2014-04-08 13:00:00,Bharati,-5.95,15.37,1000.7,48.9
2014-04-08 14:00:00,Bharati,-11.96,8.99,1004.0,59.6
2014-04-08 15:00:00,Bharati,-7.15,6.35,1000.4,80.4
2014-04-08 16:00:00,Bharati,-6.3,6.05,967.3,50.7
2014-04-08 17:00:00,Bharati,-8.44,2.68,992.6,45.2
2014-04-08 18:00:00,Bharati,-9.63,4.63,991.4,53.0
2014-04-08 19:00:00,Bharati,-9.92,9.82,979.8,79.8
2014-04-08 20:00:00,Bharati,-13.78,9.64,989.3,53.1
2014-04-08 21:00:00,Bharati,-9.71,26.99,972.6,47.0
2014-04-08 22:00:00,Bharati,-9.2,4.86,999.8,36.4
2014-04-08 23:00:00,Bharati,-11.24,11.84,1012.4,44.1
2014-04-09 00:00:00,Bharati,-4.93,11.21,985.1,63.9
2014-04-09 01:00:00,Bharati,-6.61,12.0,982.7,58.3
2014-04-09 02:00:00,Bharati,-8.7,12.63,1022.2,57.8
2014-04-09 03:00:00,Bharati,-4.41,7.92,1008.2,65.4
2014-04-09 04:00:00,Bharati,-6.94,14.19,1006.7,73.2
2014-04-09 05:00:00,Bharati,-8.23,0.44,985.0,45.5
2014-04-09 06:00:00,Bharati,-6.56,16.06,974.1,64.2
2014-04-09 07:00:00,Bharati,-10.82,4.81,989.6,42.7
2014-04-09 08:00:00,Bharati,-3.88,2.64,969.8,52.0
2014-04-09 09:00:00,Bharati,-10.92,2.09,989.1,38.8
2014-04-09 10:00:00,Bharati,-6.87,8.09,987.2,75.3
2014-04-09 11:00:00,Bharati,-5.03,8.95,990.9,46.5
2014-04-09 12:00:00,Bharati,-5.97,9.03,1001.5,55.7
2014-04-09 13:00:00,Bharati,-10.0,11.7,987.0,61.4
2014-04-09 14:00:00,Bharati,-9.7,4.05,998.6,70.0
2014-04-09 15:00:00,Bharati,-4.58,9.99,992.4,85.0
2014-04-09 16:00:00,Bharati,-11.13,17.06,982.1,54.7
2014-04-09 17:00:00,Bharati,-7.51,6.58,982.5,73.6
2014-04-09 18:00:00,Bharati,-7.43,15.98,992.5,50.6
2014-04-09 19:00:00,Bharati,-8.81,4.63,1002.3,52.0
2014-04-09 20:00:00,Bharati,-8.87,17.47,992.0,57.0
2014-04-09 21:00:00,Bharati,-8.7,14.99,991.4,31.3
2014-04-09 22:00:00,Bharati,-9.68,12.44,995.0,71.4
2014-04-09 23:00:00,Bharati,-9.51,13.54,1023.9,66.3
2014-04-10 00:00:00,Bharati,-3.99,3.57,991.5,61.3
2014-04-10 01:00:00,Bharati,-10.33,11.24,992.4,68.1
2014-04-10 02:00:00,Bharati,-6.52,13.42,987.6,63.8
2014-04-10 03:00:00,Bharati,-9.94,6.91,1012.2,88.3
2014-04-10 04:00:00,Bharati,-6.18,14.13,994.5,72.7
2014-04-10 05:00:00,Bharati,-6.13,9.43,977.1,37.6
2014-04-10 06:00:00,Bharati,-9.86,22.36,992.9,57.7
2014-04-10 07:00:00,Bharati,-9.58,8.97,988.7,68.6
2014-04-10 08:00:00,Bharati,-6.33,20.4,994.8,60.3
2014-04-10 09:00:00,Bharati,-8.12,7.5,999.0,65.2
2014-04-10 10:00:00,Bharati,-12.81,8.58,1012.3,52.6
2014-04-10 11:00:00,Bharati,-4.64,4.33,999.5,60.9
2014-04-10 12:00:00,Bharati,-9.23,12.98,1001.3,61.8
2014-04-10 13:00:00,Bharati,-11.08,14.95,996.6,58.2
2014-04-10 14:00:00,Bharati,-10.19,4.81,1002.6,45.7
2014-04-10 15:00:00,Bharati,-11.45,7.33,987.4,73.0
2014-04-10 16:00:00,Bharati,-10.48,7.08,997.7,96.5
2014-04-10 17:00:00,Bharati,-11.39,11.24,974.5,62.0
2014-04-10 18:00:00,Bharati,-14.88,16.46,978.6,63.1
2014-04-10 19:00:00,Bharati,-12.09,2.79,997.3,82.0
2014-04-10 20:00:00,Bharati,-5.0,3.97,982.0,49.2
2014-04-10 21:00:00,Bharati,-13.68,17.79,989.7,70.2
2014-04-10 22:00:00,Bharati,-11.39,4.83,991.5,66.3
2014-04-10 23:00:00,Bharati,-12.46,13.37,988.6,68.3
2014-04-11 00:00:00,Bharati,-12.26,14.18,1004.8,48.9
2014-04-11 01:00:00,Bharati,-8.85,11.06,1001.4,65.4
2014-04-11 02:00:00,Bharati,-7.18,3.1,992.1,66.4
2014-04-11 03:00:00,Bharati,-5.18,7.14,1000.1,65.5
2014-04-11 04:00:00,Bharati,-8.01,6.99,983.7,62.2
2014-04-11 05:00:00,Bharati,-9.83,11.76,994.5,70.7
2014-04-11 06:00:00,Bharati,-10.64,4.32,998.0,54.3
2014-04-11 07:00:00,Bharati,-7.67,15.25,1001.1,56.4
2014-04-11 08:00:00,Bharati,-9.38,7.3,972.5,75.4
2014-04-11 09:00:00,Bharati,-9.72,3.72,987.8,69.5
2014-04-11 10:00:00,Bharati,-7.24,10.99,1005.4,52.1
2014-04-11 11:00:00,Bharati,-10.55,10.39,993.5,57.0
2014-04-11 12:00:00,Bharati,-9.63,15.24,991.4,50.4
2014-04-11 13:00:00,Bharati,-4.03,13.09,978.6,43.2
2014-04-11 14:00:00,Bharati,-6.47,3.92,981.3,61.9
2014-04-11 15:00:00,Bharati,-6.41,2.53,968.8,45.5
2014-04-11 16:00:00,Bharati,-3.15,11.55,999.6,63.7
2014-04-11 17:00:00,Bharati,-7.47,3.9,985.1,72.3
2014-04-11 18:00:00,Bharati,-12.62,5.09,1020.6,95.7
2014-04-11 19:00:00,Bharati,-10.29,4.8,997.7,57.8
2014-04-11 20:00:00,Bharati,-9.62,3.2,991.7,69.2
2014-04-11 21:00:00,Bharati,-11.89,9.62,1019.8,39.3
2014-04-11 22:00:00,Bharati,-6.62,2.94,1010.0,81.3
2014-04-11 23:00:00,Bharati,-8.07,8.21,977.2,41.6
2014-04-12 00:00:00,Bharati,-7.34,6.25,978.1,73.2
2014-04-12 01:00:00,Bharati,-5.9,14.48,993.5,62.9
2014-04-12 02:00:00,Bharati,-9.77,8.83,1006.1,64.8
2014-04-12 03:00:00,Bharati,-7.86,5.91,1000.0,42.4
2014-04-12 04:00:00,Bharati,-8.38,27.33,1017.1,69.2
2014-04-12 05:00:00,Bharati,-9.68,19.02,986.1,56.4
2014-04-12 06:00:00,Bharati,-10.87,14.59,984.7,82.9
2014-04-12 07:00:00,Bharati,-5.97,16.97,999.8,65.9
2014-04-12 08:00:00,Bharati,-9.34,17.6,977.0,32.6
2014-04-12 09:00:00,Bharati,-9.16,30.27,1007.4,69.9
2014-04-12 10:00:00,Bharati,-9.86,4.77,986.9,53.0
2014-04-12 11:00:00,Bharati,-1.12,8.9,1004.1,56.1
2014-04-12 12:00:00,Bharati,-11.65,4.55,996.7,60.6
2014-04-12 13:00:00,Bharati,-7.1,5.62,988.6,98.0
2014-04-12 14:00:00,Bharati,-11.38,4.16,977.3,69.2
2014-04-12 15:00:00,Bharati,-8.98,2.9,982.1,38.9
2014-04-12 16:00:00,Bharati,-11.05,13.82,990.0,60.1
2014-04-12 17:00:00,Bharati,-5.27,4.4,1018.9,66.4
2014-04-12 18:00:00,Bharati,-14.03,6.05,987.2,83.7
2014-04-12 19:00:00,Bharati,-9.02,32.68,1015.5,70.2
2014-04-12 20:00:00,Bharati,-4.92,4.74,996.3,69.4
2014-04-12 21:00:00,Bharati,-5.54,3.04,980.5,93.0
2014-04-12 22:00:00,Bharati,-10.83,8.7,996.5,74.3
2014-04-12 23:00:00,Bharati,-9.24,12.54,989.2,64.6
2014-04-13 00:00:00,Bharati,-10.4,9.65,971.9,86.6
2014-04-13 01:00:00,Bharati,-14.22,5.43,993.1,57.7
2014-04-13 02:00:00,Bharati,-8.76,15.11,1008.5,75.2
2014-04-13 03:00:00,Bharati,-9.61,16.56,986.3,61.4
2014-04-13 04:00:00,Bharati,-14.99,6.24,989.1,61.3
2014-04-13 05:00:00,Bharati,-8.86,1.58,980.0,36.0
2014-04-13 06:00:00,Bharati,-13.29,8.04,980.4,84.8
2014-04-13 07:00:00,Bharati,-13.51,13.3,1015.8,48.6
2014-04-13 08:00:00,Bharati,-9.57,16.88,994.1,67.2
2014-04-13 09:00:00,Bharati,-5.37,11.86,998.7,56.8
2014-04-13 10:00:00,Bharati,-8.76,3.94,996.0,64.9
2014-04-13 11:00:00,Bharati,-10.58,13.23,995.3,88.7
2014-04-13 12:00:00,Bharati,-10.7,20.64,989.5,50.7
2014-04-13 13:00:00,Bharati,-5.28,18.02,973.3,49.2
2014-04-13 14:00:00,Bharati,-14.29,6.8,996.9,48.2
2014-04-13 15:00:00,Bharati,-13.79,12.39,996.8,77.8
2014-04-13 16:00:00,Bharati,-15.4,2.07,976.8,70.4
2014-04-13 17:00:00,Bharati,-10.43,29.16,995.0,66.1
2014-04-13 18:00:00,Bharati,-6.43,16.98,1002.9,73.9
2014-04-13 19:00:00,Bharati,-16.67,5.05,999.2,58.7
2014-04-13 20:00:00,Bharati,-13.83,10.66,1001.9,68.8
2014-04-13 21:00:00,Bharati,-14.12,1.5,999.1,78.7
2014-04-13 22:00:00,Bharati,-12.06,8.43,1009.4,65.4
2014-04-13 23:00:00,Bharati,-9.86,8.82,999.3,62.8
2014-04-14 00:00:00,Bharati,-8.7,3.93,991.2,85.6
2014-04-14 01:00:00,Bharati,-9.53,8.67,1007.3,54.4
2014-04-14 02:00:00,Bharati,-12.97,1.64,1000.5,69.1
2014-04-14 03:00:00,Bharati,-8.74,10.7,980.8,65.6
2014-04-14 04:00:00,Bharati,-6.03,11.6,996.9,49.8
2014-04-14 05:00:00,Bharati,-11.62,30.21,977.0,63.0
2014-04-14 06:00:00,Bharati,-8.1,4.23,976.4,84.1
2014-04-14 07:00:00,Bharati,-7.54,5.84,980.0,66.8
2014-04-14 08:00:00,Bharati,-8.11,7.36,989.3,96.0
2014-04-14 09:00:00,Bharati,-7.41,9.47,991.9,35.4
2014-04-14 10:00:00,Bharati,-8.3,5.4,989.7,45.5
2014-04-14 11:00:00,Bharati,-12.02,5.2,1005.5,65.3
2014-04-14 12:00:00,Bharati,-8.22,12.61,983.5,70.9
2014-04-14 13:00:00,Bharati,-9.75,8.07,1013.5,89.2
2014-04-14 14:00:00,Bharati,-5.94,3.52,998.6,44.1
2014-04-14 15:00:00,Bharati,-8.05,4.14,992.6,53.0
2014-04-14 16:00:00,Bharati,-3.28,13.8,978.4,62.1
2014-04-14 17:00:00,Bharati,-9.27,8.26,992.4,49.3
2014-04-14 18:00:00,Bharati,-6.94,8.53,1005.8,64.5
2014-04-14 19:00:00,Bharati,-10.72,12.1,1007.2,52.1
2014-04-14 20:00:00,Bharati,-9.39,13.81,1010.8,58.9
2014-04-14 21:00:00,Bharati,-11.68,28.46,1009.7,27.8
2014-04-14 22:00:00,Bharati,-6.91,2.84,980.0,61.6
2014-04-14 23:00:00,Bharati,-8.44,1.82,964.2,57.5
2014-04-15 00:00:00,Bharati,-3.15,11.86,999.6,71.8
2014-04-15 01:00:00,Bharati,-10.24,14.3,1003.4,92.0
2014-04-15 02:00:00,Bharati,-2.89,21.82,998.8,66.6
2014-04-15 03:00:00,Bharati,-9.63,10.37,1007.7,45.9
2014-04-15 04:00:00,Bharati,-10.91,4.23,1003.2,77.3
2014-04-15 05:00:00,Bharati,-10.06,1.81,980.2,55.7
2014-04-15 06:00:00,Bharati,-12.56,8.91,980.0,54.9
2014-04-15 07:00:00,Bharati,-8.5,9.24,978.9,76.3
2014-04-15 08:00:00,Bharati,-13.35,5.72,982.9,75.8
2014-04-15 09:00:00,Bharati,-5.48,8.84,988.4,87.5
2014-04-15 10:00:00,Bharati,-5.81,5.64,969.6,62.4
2014-04-15 11:00:00,Bharati,-10.86,15.84,992.6,34.6
2014-04-15 12:00:00,Bharati,-5.44,9.76,1025.8,49.3
2014-04-15 13:00:00,Bharati,-9.69,9.07,993.1,61.2
2014-04-15 14:00:00,Bharati,-11.82,11.98,988.6,61.9
2014-04-15 15:00:00,Bharati,-4.42,19.91,978.9,52.0
2014-04-15 16:00:00,Bharati,-1.62,5.09,990.8,62.0
2014-04-15 17:00:00,Bharati,-9.64,23.35,981.9,78.0
2014-04-15 18:00:00,Bharati,-11.33,7.61,998.4,74.4
2014-04-15 19:00:00,Bharati,-5.31,9.96,970.7,68.7
2014-04-15 20:00:00,Bharati,-7.21,9.69,994.5,72.5
2014-04-15 21:00:00,Bharati,-6.04,11.34,1007.1,48.0
2014-04-15 22:00:00,Bharati,-11.42,15.72,999.2,64.9
2014-04-15 23:00:00,Bharati,-6.36,8.77,985.4,43.8
2014-04-16 00:00:00,Bharati,-8.34,16.37,1026.6,70.2
2014-04-16 01:00:00,Bharati,-7.53,2.42,992.0,64.9
2014-04-16 02:00:00,Bharati,-12.6,10.26,997.9,50.5
2014-04-16 03:00:00,Bharati,-11.07,13.86,1009.2,49.5
2014-04-16 04:00:00,Bharati,-5.94,9.46,995.0,67.1
2014-04-16 05:00:00,Bharati,-6.6,21.98,1000.8,61.2
2014-04-16 06:00:00,Bharati,-7.71,15.6,981.7,88.0
2014-04-16 07:00:00,Bharati,-6.88,12.52,978.2,51.3
2014-04-16 08:00:00,Bharati,-12.39,12.08,991.8,58.6
2014-04-16 09:00:00,Bharati,-8.68,8.38,976.7,89.9
2014-04-16 10:00:00,Bharati,-12.79,20.98,981.4,61.1
2014-04-16 11:00:00,Bharati,-16.76,21.86,993.4,26.3
2014-04-16 12:00:00,Bharati,-6.94,14.51,985.9,53.3
2014-04-16 13:00:00,Bharati,-9.06,3.92,981.3,45.5
2014-04-16 14:00:00,Bharati,-11.54,11.55,968.2,52.5
2014-04-16 15:00:00,Bharati,-7.74,6.03,992.5,71.0
2014-04-16 16:00:00,Bharati,-7.17,10.28,983.4,63.6
2014-04-16 17:00:00,Bharati,-9.03,9.74,989.4,34.4
2014-04-16 18:00:00,Bharati,-6.26,9.34,998.3,39.7
2014-04-16 19:00:00,Bharati,-2.98,13.51,983.6,63.8
2014-04-16 20:00:00,Bharati,-8.71,22.22,1010.4,55.5
2014-04-16 21:00:00,Bharati,-14.92,5.44,985.8,60.7
2014-04-16 22:00:00,Bharati,-12.76,12.96,1006.7,80.0
2014-04-16 23:00:00,Bharati,-14.35,13.53,989.3,44.0
2014-04-17 00:00:00,Bharati,-18.14,13.33,1001.0,55.2
2014-04-17 01:00:00,Bharati,-6.72,1.94,993.7,60.1
2014-04-17 02:00:00,Bharati,-6.26,4.66,1003.6,81.0
2014-04-17 03:00:00,Bharati,-7.1,8.61,991.6,54.4
2014-04-17 04:00:00,Bharati,-7.36,5.94,996.6,55.5
2014-04-17 05:00:00,Bharati,-11.86,11.23,1021.7,70.6
2014-04-17 06:00:00,Bharati,-15.72,3.75,995.7,47.7
2014-04-17 07:00:00,Bharati,-12.26,7.28,990.8,70.5
2014-04-17 08:00:00,Bharati,-13.75,5.99,1005.8,56.3
2014-04-17 09:00:00,Bharati,-10.2,10.38,984.1,60.0
2014-04-17 10:00:00,Bharati,-10.25,2.49,1000.1,57.9
2014-04-17 11:00:00,Bharati,-9.48,7.44,1005.6,57.4
2014-04-17 12:00:00,Bharati,-5.87,18.03,995.4,46.2
2014-04-17 13:00:00,Bharati,-11.94,11.25,1002.5,90.3
2014-04-17 14:00:00,Bharati,-10.05,5.67,996.9,39.9
2014-04-17 15:00:00,Bharati,-10.12,11.22,999.5,59.1
2014-04-17 16:00:00,Bharati,-10.63,19.25,986.2,50.2
2014-04-17 17:00:00,Bharati,-5.45,9.13,973.3,41.8
2014-04-17 18:00:00,Bharati,-9.76,8.76,996.6,40.3
2014-04-17 19:00:00,Bharati,-10.87,6.64,981.0,85.3
2014-04-17 20:00:00,Bharati,-13.26,10.56,1013.8,53.1
2014-04-17 21:00:00,Bharati,-11.99,5.61,987.3,72.6
2014-04-17 22:00:00,Bharati,-13.63,18.46,991.1,56.0
2014-04-17 23:00:00,Bharati,-8.98,30.74,980.8,41.5
2014-04-18 00:00:00,Bharati,-16.59,5.57,987.5,74.4
2014-04-18 01:00:00,Bharati,-15.15,10.55,997.3,95.6
2014-04-18 02:00:00,Bharati,-12.1,7.84,991.7,77.9
2014-04-18 03:00:00,Bharati,-8.01,6.89,1009.6,59.5
2014-04-18 04:00:00,Bharati,-6.57,7.36,956.6,80.0
2014-04-18 05:00:00,Bharati,-7.99,2.15,989.0,81.5
2014-04-18 06:00:00,Bharati,-9.2,4.58,1014.3,64.7
2014-04-18 07:00:00,Bharati,-8.69,11.38,966.4,93.5
2014-04-18 08:00:00,Bharati,-8.74,8.77,995.6,54.1
2014-04-18 09:00:00,Bharati,-8.01,12.82,995.9,94.0
2014-04-18 10:00:00,Bharati,-5.52,5.44,992.1,41.8
2014-04-18 11:00:00,Bharati,-3.2,14.87,984.3,47.8
2014-04-18 12:00:00,Bharati,-6.71,17.91,990.4,87.1
2014-04-18 13:00:00,Bharati,-9.87,4.04,967.3,80.0
2014-04-18 14:00:00,Bharati,-11.1,22.43,993.8,69.9
2014-04-18 15:00:00,Bharati,-11.25,15.83,987.1,66.6
2014-04-18 16:00:00,Bharati,-14.33,2.8,995.4,54.3
2014-04-18 17:00:00,Bharati,-14.67,5.06,988.6,88.2
2014-04-18 18:00:00,Bharati,-13.26,10.48,1013.1,71.7
2014-04-18 19:00:00,Bharati,-16.27,15.22,1008.7,56.1
2014-04-18 20:00:00,Bharati,-8.76,7.52,965.5,47.4
2014-04-18 21:00:00,Bharati,-4.72,5.95,991.6,83.5
2014-04-18 22:00:00,Bharati,-4.0,1.12,982.0,76.4
2014-04-18 23:00:00,Bharati,-4.92,3.66,979.0,58.9
2014-04-19 00:00:00,Bharati,-11.32,9.05,985.4,38.7
2014-04-19 01:00:00,Bharati,-8.39,9.87,1020.6,62.2
2014-04-19 02:00:00,Bharati,-10.74,8.66,1016.1,67.5
2014-04-19 03:00:00,Bharati,-18.71,6.22,967.4,48.6
2014-04-19 04:00:00,Bharati,-13.02,9.7,995.4,62.5
2014-04-19 05:00:00,Bharati,-12.83,7.37,968.2,65.1
2014-04-19 06:00:00,Bharati,-14.3,19.37,999.5,54.8
2014-04-19 07:00:00,Bharati,-12.58,24.32,984.7,53.0
2014-04-19 08:00:00,Bharati,-10.22,6.45,1004.5,64.6
2014-04-19 09:00:00,Bharati,-6.28,12.86,1001.7,47.8
2014-04-19 10:00:00,Bharati,-8.34,9.03,1011.3,80.3
2014-04-19 11:00:00,Bharati,-12.47,2.42,1004.3,75.0
2014-04-19 12:00:00,Bharati,-9.71,4.01,975.5,42.1
2014-04-19 13:00:00,Bharati,-11.06,4.44,984.4,85.5
2014-04-19 14:00:00,Bharati,-10.66,6.86,971.5,66.8
2014-04-19 15:00:00,Bharati,-13.25,13.41,983.7,50.8
2014-04-19 16:00:00,Bharati,-9.35,0.62,1000.1,95.0
2014-04-19 17:00:00,Bharati,-12.63,8.24,978.9,67.6
2014-04-19 18:00:00,Bharati,-4.28,13.13,1004.4,59.6
2014-04-19 19:00:00,Bharati,-14.91,9.46,993.3,56.3
2014-04-19 20:00:00,Bharati,-11.26,2.25,984.1,62.4
2014-04-19 21:00:00,Bharati,-4.7,7.7,980.3,48.6
2014-04-19 22:00:00,Bharati,-11.63,16.95,1005.4,66.1
2014-04-19 23:00:00,Bharati,-13.33,7.87,997.0,66.0
2014-04-20 00:00:00,Bharati,-5.32,11.31,980.4,84.5
2014-04-20 01:00:00,Bharati,-13.42,12.46,1012.6,70.5
2014-04-20 02:00:00,Bharati,-8.23,13.41,1004.1,59.1
2014-04-20 03:00:00,Bharati,-11.33,6.85,987.4,64.5
2014-04-20 04:00:00,Bharati,-11.99,5.66,1003.4,77.0
2014-04-20 05:00:00,Bharati,-7.76,8.4,992.6,58.5
2014-04-20 06:00:00,Bharati,-14.31,18.08,991.2,98.0
2014-04-20 07:00:00,Bharati,-10.73,2.75,1004.8,81.4
2014-04-20 08:00:00,Bharati,-7.15,21.19,990.6,62.4
2014-04-20 09:00:00,Bharati,-8.13,3.47,983.8,81.2
2014-04-20 10:00:00,Bharati,-12.54,2.0,998.4,59.8
2014-04-20 11:00:00,Bharati,-12.83,9.03,1000.0,79.0
2014-04-20 12:00:00,Bharati,-8.13,18.66,975.3,78.7
2014-04-20 13:00:00,Bharati,-11.8,5.77,988.5,54.4
2014-04-20 14:00:00,Bharati,-8.96,13.18,982.6,34.3
2014-04-20 15:00:00,Bharati,-8.08,19.55,985.1,56.3
2014-04-20 16:00:00,Bharati,-15.44,16.74,997.7,59.6
2014-04-20 17:00:00,Bharati,-7.4,12.48,1014.4,48.9
2014-04-20 18:00:00,Bharati,-10.89,14.31,984.9,52.7
2014-04-20 19:00:00,Bharati,-8.78,8.93,983.7,71.1
2014-04-20 20:00:00,Bharati,-10.81,5.4,982.1,55.8
2014-04-20 21:00:00,Bharati,-10.32,15.77,991.2,48.2
2014-04-20 22:00:00,Bharati,-6.28,8.25,998.3,71.7
2014-04-20 23:00:00,Bharati,-7.01,7.69,975.8,70.2
2014-04-21 00:00:00,Bharati,-8.41,22.16,974.8,42.6
2014-04-21 01:00:00,Bharati,-13.36,8.04,997.7,55.3
2014-04-21 02:00:00,Bharati,-16.89,3.8,971.6,62.3
2014-04-21 03:00:00,Bharati,-9.79,7.07,984.1,78.6
2014-04-21 04:00:00,Bharati,-8.45,5.05,992.5,70.3
2014-04-21 05:00:00,Bharati,-15.53,9.88,993.9,61.0
2014-04-21 06:00:00,Bharati,-15.63,12.5,1001.0,59.9
2014-04-21 07:00:00,Bharati,-14.76,7.91,991.8,67.1
2014-04-21 08:00:00,Bharati,-12.97,4.57,987.3,82.1
2014-04-21 09:00:00,Bharati,-12.91,17.09,993.8,63.6
2014-04-21 10:00:00,Bharati,-10.78,16.15,997.3,63.7
2014-04-21 11:00:00,Bharati,-7.49,3.83,994.1,78.4
2014-04-21 12:00:00,Bharati,-7.43,6.35,980.6,37.0
2014-04-21 13:00:00,Bharati,-11.41,12.79,996.8,54.5
2014-04-21 14:00:00,Bharati,-13.28,4.0,989.7,61.1
2014-04-21 15:00:00,Bharati,-13.08,7.36,994.7,64.0
2014-04-21 16:00:00,Bharati,-12.13,3.02,1002.5,62.9
2014-04-21 17:00:00,Bharati,-13.45,16.47,990.0,65.2
2014-04-21 18:00:00,Bharati,-11.38,9.11,996.1,59.0
2014-04-21 19:00:00,Bharati,-9.33,1.78,995.2,60.1
2014-04-21 20:00:00,Bharati,-11.04,26.8,1006.3,48.3
2014-04-21 21:00:00,Bharati,-9.61,9.56,992.8,64.9
2014-04-21 22:00:00,Bharati,-11.72,9.98,982.9,59.4
2014-04-21 23:00:00,Bharati,-13.19,7.9,992.9,79.2
2014-04-22 00:00:00,Bharati,-9.79,7.87,997.3,62.0
2014-04-22 01:00:00,Bharati,-20.22,16.32,989.6,58.9
2014-04-22 02:00:00,Bharati,-13.29,9.73,971.5,71.5
2014-04-22 03:00:00,Bharati,-11.43,5.98,992.8,50.3
2014-04-22 04:00:00,Bharati,-4.9,9.26,980.6,43.7
2014-04-22 05:00:00,Bharati,-13.22,9.85,998.6,63.1
2014-04-22 06:00:00,Bharati,-13.22,8.57,974.5,45.6
2014-04-22 07:00:00,Bharati,-13.93,16.94,1014.8,70.0
2014-04-22 08:00:00,Bharati,-11.65,4.93,997.8,55.6
2014-04-22 09:00:00,Bharati,-10.32,3.81,991.1,52.5
2014-04-22 10:00:00,Bharati,-9.31,6.52,1003.0,46.9
2014-04-22 11:00:00,Bharati,-12.04,16.38,979.1,56.3
2014-04-22 12:00:00,Bharati,-9.91,13.42,975.8,45.1
2014-04-22 13:00:00,Bharati,-7.51,17.84,988.2,88.0
2014-04-22 14:00:00,Bharati,-16.11,9.3,984.6,74.3
2014-04-22 15:00:00,Bharati,-9.41,12.04,987.4,48.7
2014-04-22 16:00:00,Bharati,-10.94,7.22,977.0,64.8
2014-04-22 17:00:00,Bharati,-12.61,21.15,979.0,63.0
2014-04-22 18:00:00,Bharati,-11.98,11.89,1007.4,70.9
2014-04-22 19:00:00,Bharati,-5.74,1.61,992.9,77.3
2014-04-22 20:00:00,Bharati,-13.61,19.68,1004.9,71.1
2014-04-22 21:00:00,Bharati,-10.24,34.1,1009.8,55.0
2014-04-22 22:00:00,Bharati,-10.21,24.55,972.3,49.1
2014-04-22 23:00:00,Bharati,-11.49,3.5,1001.3,68.9
2014-04-23 00:00:00,Bharati,-7.36,6.5,980.2,69.2
2014-04-23 01:00:00,Bharati,-6.49,13.95,998.9,69.5
2014-04-23 02:00:00,Bharati,-13.38,8.62,997.7,55.8
2014-04-23 03:00:00,Bharati,-12.82,3.02,1010.1,56.6
2014-04-23 04:00:00,Bharati,-15.38,6.14,980.4,67.1
2014-04-23 05:00:00,Bharati,-12.74,26.14,992.0,74.0
2014-04-23 06:00:00,Bharati,-13.66,3.87,998.4,61.9
2014-04-23 07:00:00,Bharati,-14.49,6.48,991.4,73.4
2014-04-23 08:00:00,Bharati,-7.02,20.16,981.4,77.1
2014-04-23 09:00:00,Bharati,-12.89,16.84,987.5,39.5
2014-04-23 10:00:00,Bharati,-11.77,5.99,983.3,60.8
2014-04-23 11:00:00,Bharati,-7.63,19.69,984.9,59.9
2014-04-23 12:00:00,Bharati,-9.91,8.91,998.7,31.0
2014-04-23 13:00:00,Bharati,-14.28,12.34,1016.9,59.3
2014-04-23 14:00:00,Bharati,-11.94,6.4,995.6,68.2
2014-04-23 15:00:00,Bharati,-9.53,4.34,997.5,66.7
2014-04-23 16:00:00,Bharati,-12.85,5.81,990.1,65.5
2014-04-23 17:00:00,Bharati,-17.18,12.34,992.6,77.0
2014-04-23 18:00:00,Bharati,-15.75,8.4,998.4,88.3
2014-04-23 19:00:00,Bharati,-10.87,10.34,982.3,66.7
2014-04-23 20:00:00,Bharati,-7.96,7.23,995.1,88.7
2014-04-23 21:00:00,Bharati,-14.29,14.33,973.9,58.2
2014-04-23 22:00:00,Bharati,-4.12,13.93,1001.3,59.8
2014-04-23 23:00:00,Bharati,-9.68,23.03,999.5,58.7
2014-04-24 00:00:00,Bharati,-13.3,9.21,989.0,60.9
2014-04-24 01:00:00,Bharati,-6.2,7.89,1010.6,62.8
2014-04-24 02:00:00,Bharati,-7.1,4.63,1001.8,81.1
2014-04-24 03:00:00,Bharati,-11.91,9.67,1006.6,51.3
2014-04-24 04:00:00,Bharati,-6.2,10.16,975.0,66.4
2014-04-24 05:00:00,Bharati,-9.47,3.22,996.6,60.6
2014-04-24 06:00:00,Bharati,-11.52,3.89,1010.6,44.9
2014-04-24 07:00:00,Bharati,-13.62,6.47,999.5,59.0
2014-04-24 08:00:00,Bharati,-6.59,20.41,989.4,87.9
2014-04-24 09:00:00,Bharati,-8.73,11.37,1003.6,37.3
2014-04-24 10:00:00,Bharati,-8.49,11.73,972.0,71.2
2014-04-24 11:00:00,Bharati,-10.43,6.94,1001.5,50.8
2014-04-24 12:00:00,Bharati,-13.71,4.69,989.9,69.8
2014-04-24 13:00:00,Bharati,-8.4,13.62,994.1,78.9
2014-04-24 14:00:00,Bharati,-11.0,16.39,989.4,81.9
2014-04-24 15:00:00,Bharati,-10.64,7.68,1001.2,55.7
2014-04-24 16:00:00,Bharati,-12.82,7.84,1001.8,74.1
2014-04-24 17:00:00,Bharati,-4.96,14.13,1000.2,64.4
2014-04-24 18:00:00,Bharati,-8.99,4.88,997.0,86.6
2014-04-24 19:00:00,Bharati,-10.91,12.1,997.7,65.4
2014-04-24 20:00:00,Bharati,-13.34,10.16,1011.3,71.8
2014-04-24 21:00:00,Bharati,-10.68,27.8,979.3,42.3
2014-04-24 22:00:00,Bharati,-10.35,7.48,989.5,63.6
2014-04-24 23:00:00,Bharati,-13.04,7.95,1001.0,67.4
2014-04-25 00:00:00,Bharati,-13.16,9.2,1000.0,45.6
2014-04-25 01:00:00,Bharati,-12.26,11.77,1008.4,63.5
2014-04-25 02:00:00,Bharati,-8.89,6.64,999.6,70.2
2014-04-25 03:00:00,Bharati,-6.31,6.81,1002.3,54.0
2014-04-25 04:00:00,Bharati,-5.42,4.61,990.4,50.5
2014-04-25 05:00:00,Bharati,-13.87,4.45,983.0,50.2
2014-04-25 06:00:00,Bharati,-8.2,7.59,1000.3,42.5
2014-04-25 07:00:00,Bharati,-9.64,8.48,975.4,41.0
2014-04-25 08:00:00,Bharati,-14.83,5.53,991.3,48.0
2014-04-25 09:00:00,Bharati,-8.17,8.28,975.9,60.2
2014-04-25 10:00:00,Bharati,-4.97,2.66,999.7,61.6
2014-04-25 11:00:00,Bharati,-6.38,9.32,1006.1,71.6
2014-04-25 12:00:00,Bharati,-11.44,2.2,981.3,75.9
2014-04-25 13:00:00,Bharati,-13.32,4.67,992.0,58.6
2014-04-25 14:00:00,Bharati,-9.45,13.33,982.7,73.1
2014-04-25 15:00:00,Bharati,-15.99,14.18,1010.6,57.5
2014-04-25 16:00:00,Bharati,-9.2,5.11,1007.5,47.9
2014-04-25 17:00:00,Bharati,-13.02,7.22,1000.7,61.5
2014-04-25 18:00:00,Bharati,-13.62,6.25,991.8,77.2
2014-04-25 19:00:00,Bharati,-13.22,8.31,983.3,39.1
2014-04-25 20:00:00,Bharati,-12.06,9.84,976.8,42.9
2014-04-25 21:00:00,Bharati,-19.25,10.72,976.1,71.4
2014-04-25 22:00:00,Bharati,-7.49,18.97,985.8,54.6
2014-04-25 23:00:00,Bharati,-11.06,12.4,988.3,71.8
2014-04-26 00:00:00,Bharati,-12.07,2.77,996.0,64.2
2014-04-26 01:00:00,Bharati,-8.77,12.54,989.6,71.4
2014-04-26 02:00:00,Bharati,-8.17,21.69,973.9,52.9
2014-04-26 03:00:00,Bharati,-7.49,8.84,994.5,61.8
2014-04-26 04:00:00,Bharati,-8.22,2.68,999.8,64.5
2014-04-26 05:00:00,Bharati,-12.4,9.05,998.5,98.0
2014-04-26 06:00:00,Bharati,-7.15,7.77,988.4,61.0
2014-04-26 07:00:00,Bharati,-13.4,8.93,994.4,70.6
2014-04-26 08:00:00,Bharati,-14.7,5.55,981.5,63.7
2014-04-26 09:00:00,Bharati,-15.86,16.35,984.1,45.5
2014-04-26 10:00:00,Bharati,-16.42,12.64,1002.5,47.9
2014-04-26 11:00:00,Bharati,-13.41,15.75,983.9,88.5
2014-04-26 12:00:00,Bharati,-14.55,7.01,999.0,68.7
2014-04-26 13:00:00,Bharati,-12.27,16.58,995.8,51.6
2014-04-26 14:00:00,Bharati,-13.02,13.57,988.7,75.3
2014-04-26 15:00:00,Bharati,-12.81,6.89,1011.8,40.9
2014-04-26 16:00:00,Bharati,-9.5,7.06,1000.6,83.9
2014-04-26 17:00:00,Bharati,-9.17,12.16,968.7,50.5
2014-04-26 18:00:00,Bharati,-13.15,19.17,998.8,34.9
2014-04-26 19:00:00,Bharati,-11.47,9.68,988.4,63.0
2014-04-26 20:00:00,Bharati,-8.18,24.06,973.1,61.3
2014-04-26 21:00:00,Bharati,-13.01,20.64,982.4,47.9
2014-04-26 22:00:00,Bharati,-9.76,11.72,993.3,57.2
2014-04-26 23:00:00,Bharati,-8.64,7.46,995.5,86.5
2014-04-27 00:00:00,Bharati,-2.56,20.47,988.9,30.9
2014-04-27 01:00:00,Bharati,-8.17,7.3,984.3,73.8
2014-04-27 02:00:00,Bharati,-9.95,6.28,992.8,53.1
2014-04-27 03:00:00,Bharati,-15.76,13.61,997.0,61.8
2014-04-27 04:00:00,Bharati,-11.06,14.18,986.3,55.7
2014-04-27 05:00:00,Bharati,-11.16,12.35,965.0,75.3
2014-04-27 06:00:00,Bharati,-10.13,23.54,996.7,87.7
2014-04-27 07:00:00,Bharati,-12.33,5.31,989.5,48.3
2014-04-27 08:00:00,Bharati,-13.22,7.81,1014.4,76.5
2014-04-27 09:00:00,Bharati,-10.78,4.58,971.9,64.0
2014-04-27 10:00:00,Bharati,-12.04,8.9,997.3,39.8
2014-04-27 11:00:00,Bharati,-9.84,1.53,988.1,81.7
2014-04-27 12:00:00,Bharati,-12.75,7.04,985.9,48.7
2014-04-27 13:00:00,Bharati,-13.13,9.96,999.6,54.7
2014-04-27 14:00:00,Bharati,-9.78,6.79,953.1,60.8
2014-04-27 15:00:00,Bharati,-11.18,8.9,1008.4,46.4
2014-04-27 16:00:00,Bharati,-9.56,5.43,1004.3,72.0
2014-04-27 17:00:00,Bharati,-13.39,4.4,975.5,95.4
2014-04-27 18:00:00,Bharati,-10.12,13.53,1007.4,62.2
2014-04-27 19:00:00,Bharati,-11.07,7.94,992.2,81.7
2014-04-27 20:00:00,Bharati,-8.72,19.08,996.1,90.5
2014-04-27 21:00:00,Bharati,-11.24,10.78,986.1,70.5
2014-04-27 22:00:00,Bharati,-12.35,10.71,997.9,92.7
2014-04-27 23:00:00,Bharati,-9.97,8.88,1008.2,68.2
2014-04-28 00:00:00,Bharati,-16.23,17.3,997.7,64.9
2014-04-28 01:00:00,Bharati,-8.84,16.0,1011.0,73.4
2014-04-28 02:00:00,Bharati,-12.2,4.9,1004.9,63.7
2014-04-28 03:00:00,Bharati,-9.86,2.69,980.5,65.7
2014-04-28 04:00:00,Bharati,-3.84,2.52,991.9,75.8
2014-04-28 05:00:00,Bharati,-10.35,9.99,963.9,67.2
2014-04-28 06:00:00,Bharati,-9.84,7.06,985.8,52.7
2014-04-28 07:00:00,Bharati,-12.89,6.89,977.6,73.2
2014-04-28 08:00:00,Bharati,-10.13,5.2,991.4,76.0
2014-04-28 09:00:00,Bharati,-8.17,22.5,981.8,72.1
2014-04-28 10:00:00,Bharati,-8.81,24.86,993.1,56.3
2014-04-28 11:00:00,Bharati,-13.83,13.65,985.0,92.5
2014-04-28 12:00:00,Bharati,-14.4,6.2,994.3,42.8
2014-04-28 13:00:00,Bharati,-16.13,10.61,1003.1,63.6
2014-04-28 14:00:00,Bharati,-7.5,20.11,1005.6,75.9
2014-04-28 15:00:00,Bharati,-11.97,6.77,973.6,56.0
2014-04-28 16:00:00,Bharati,-11.99,13.82,997.6,48.1
2014-04-28 17:00:00,Bharati,-13.58,26.17,1020.9,71.1
2014-04-28 18:00:00,Bharati,-8.9,14.73,1004.0,63.9
2014-04-28 19:00:00,Bharati,-7.1,14.69,982.1,29.1
2014-04-28 20:00:00,Bharati,-11.35,1.48,977.8,62.7
2014-04-28 21:00:00,Bharati,-11.41,11.09,965.4,45.9
2014-04-28 22:00:00,Bharati,-16.34,10.11,996.3,83.1
2014-04-28 23:00:00,Bharati,-10.72,6.51,977.7,79.1
2014-04-29 00:00:00,Bharati,-6.68,8.57,993.3,58.5
2014-04-29 01:00:00,Bharati,-12.8,10.54,954.4,67.1
2014-04-29 02:00:00,Bharati,-10.29,17.81,991.0,33.0
2014-04-29 03:00:00,Bharati,-14.13,4.14,996.5,41.4
2014-04-29 04:00:00,Bharati,-15.91,7.61,979.1,55.9
2014-04-29 05:00:00,Bharati,-7.48,1.93,994.5,49.1
2014-04-29 06:00:00,Bharati,-14.47,5.85,987.6,61.4
2014-04-29 07:00:00,Bharati,-15.91,10.95,997.0,64.5
2014-04-29 08:00:00,Bharati,-13.96,11.97,998.1,67.2
2014-04-29 09:00:00,Bharati,-9.76,13.95,995.4,81.6
2014-04-29 10:00:00,Bharati,-15.84,6.07,1000.5,45.4
2014-04-29 11:00:00,Bharati,-15.28,17.08,978.8,76.8
2014-04-29 12:00:00,Bharati,-13.81,5.73,1010.3,59.0
2014-04-29 13:00:00,Bharati,-13.92,8.93,978.1,69.9
2014-04-29 14:00:00,Bharati,-10.33,10.97,995.2,90.2
2014-04-29 15:00:00,Bharati,-15.75,12.18,995.4,31.2
2014-04-29 16:00:00,Bharati,-15.22,7.84,1009.6,46.2
2014-04-29 17:00:00,Bharati,-14.94,10.15,1003.0,65.8
2014-04-29 18:00:00,Bharati,-5.43,17.75,987.1,77.3
2014-04-29 19:00:00,Bharati,-11.79,2.2,1008.0,84.2
2014-04-29 20:00:00,Bharati,-17.4,14.89,989.6,38.5
2014-04-29 21:00:00,Bharati,-15.94,12.94,999.7,73.7
2014-04-29 22:00:00,Bharati,-15.92,4.27,983.1,54.0
2014-04-29 23:00:00,Bharati,-11.18,17.8,998.6,48.3
2014-04-30 00:00:00,Bharati,-13.79,6.8,979.4,52.0
2014-04-30 01:00:00,Bharati,-8.72,22.31,966.6,73.5
2014-04-30 02:00:00,Bharati,-17.07,5.62,1001.8,44.4
2014-04-30 03:00:00,Bharati,-13.16,9.78,989.2,58.4
2014-04-30 04:00:00,Bharati,-9.11,10.09,992.5,55.1
2014-04-30 05:00:00,Bharati,-7.62,7.13,985.5,60.7
2014-04-30 06:00:00,Bharati,-11.45,2.26,999.0,70.0
2014-04-30 07:00:00,Bharati,-4.92,5.3,977.5,50.2
2014-04-30 08:00:00,Bharati,-9.12,17.24,996.1,98.0
2014-04-30 09:00:00,Bharati,-11.19,12.19,991.0,66.4
2014-04-30 10:00:00,Bharati,-18.81,3.34,988.2,42.4
2014-04-30 11:00:00,Bharati,-10.07,15.14,966.1,68.2
2014-04-30 12:00:00,Bharati,-12.69,5.38,996.6,66.2
2014-04-30 13:00:00,Bharati,-12.59,9.69,1015.7,48.3
2014-04-30 14:00:00,Bharati,-10.59,9.99,975.9,38.6
2014-04-30 15:00:00,Bharati,-12.35,3.66,989.0,97.1
2014-04-30 16:00:00,Bharati,-13.43,19.3,998.0,54.6
2014-04-30 17:00:00,Bharati,-10.33,6.21,985.2,77.5
2014-04-30 18:00:00,Bharati,-12.5,14.87,980.1,59.2
2014-04-30 19:00:00,Bharati,-10.86,20.23,970.7,43.7
2014-04-30 20:00:00,Bharati,-17.06,9.02,988.8,76.6
2014-04-30 21:00:00,Bharati,-9.6,15.34,994.3,65.3
2014-04-30 22:00:00,Bharati,-12.97,7.14,1013.3,56.2
2014-04-30 23:00:00,Bharati,-9.24,10.95,981.3,71.3
2014-05-01 00:00:00,Bharati,-10.7,12.82,983.4,78.4
2014-05-01 01:00:00,Bharati,-12.38,15.45,993.4,40.6
2014-05-01 02:00:00,Bharati,-10.44,13.98,982.7,80.7
2014-05-01 03:00:00,Bharati,-12.03,9.57,989.2,84.8
2014-05-01 04:00:00,Bharati,-13.88,8.21,1014.2,64.3
2014-05-01 05:00:00,Bharati,-11.55,13.52,979.7,39.4
2014-05-01 06:00:00,Bharati,-12.19,14.09,969.1,42.4
2014-05-01 07:00:00,Bharati,-10.44,8.44,973.3,64.2
2014-05-01 08:00:00,Bharati,-14.91,7.29,999.4,73.7
2014-05-01 09:00:00,Bharati,-12.99,5.42,989.8,47.0
2014-05-01 10:00:00,Bharati,-11.03,8.32,985.5,92.0
2014-05-01 11:00:00,Bharati,-15.21,6.75,993.1,52.4
2014-05-01 12:00:00,Bharati,-11.72,11.06,995.5,47.8
2014-05-01 13:00:00,Bharati,-10.76,3.62,984.1,48.8
2014-05-01 14:00:00,Bharati,-9.96,37.36,999.4,80.0
2014-05-01 15:00:00,Bharati,-9.86,15.09,997.1,48.1
2014-05-01 16:00:00,Bharati,-8.31,7.15,988.4,65.6
2014-05-01 17:00:00,Bharati,-11.65,5.75,985.6,75.6
2014-05-01 18:00:00,Bharati,-15.7,10.29,994.7,43.8
2014-05-01 19:00:00,Bharati,-18.75,15.65,993.7,73.5
2014-05-01 20:00:00,Bharati,-14.26,10.46,991.9,52.6
2014-05-01 21:00:00,Bharati,-9.86,20.88,999.1,67.5
2014-05-01 22:00:00,Bharati,-14.08,8.09,1003.2,55.3
2014-05-01 23:00:00,Bharati,-16.03,9.37,1008.6,68.8
2014-05-02 00:00:00,Bharati,-13.4,18.0,991.7,74.0
2014-05-02 01:00:00,Bharati,-14.02,17.22,983.3,26.7
2014-05-02 02:00:00,Bharati,-8.81,10.56,991.6,46.3
2014-05-02 03:00:00,Bharati,-13.07,6.85,996.8,77.0
2014-05-02 04:00:00,Bharati,-7.16,1.86,992.4,66.3
2014-05-02 05:00:00,Bharati,-15.51,2.22,1004.0,73.2
2014-05-02 06:00:00,Bharati,-11.72,5.82,980.8,55.3
2014-05-02 07:00:00,Bharati,-12.85,15.45,998.2,45.0
2014-05-02 08:00:00,Bharati,-14.8,13.94,979.1,53.3
2014-05-02 09:00:00,Bharati,-12.13,6.36,969.9,62.2
2014-05-02 10:00:00,Bharati,-13.16,15.08,1006.8,53.4
2014-05-02 11:00:00,Bharati,-13.99,15.65,993.5,49.2
2014-05-02 12:00:00,Bharati,-12.42,8.35,989.6,50.6
2014-05-02 13:00:00,Bharati,-9.47,18.31,1001.5,61.5
2014-05-02 14:00:00,Bharati,-10.48,6.61,995.3,85.5
2014-05-02 15:00:00,Bharati,-12.29,4.8,983.1,34.8
2014-05-02 16:00:00,Bharati,-13.96,10.87,978.9,70.7
2014-05-02 17:00:00,Bharati,-10.73,18.64,993.0,64.6
2014-05-02 18:00:00,Bharati,-13.52,5.97,1015.3,69.3
2014-05-02 19:00:00,Bharati,-9.67,18.94,957.2,47.3
2014-05-02 20:00:00,Bharati,-12.37,10.91,988.1,68.5
2014-05-02 21:00:00,Bharati,-16.18,9.5,997.8,44.0
2014-05-02 22:00:00,Bharati,-10.37,11.13,1000.3,64.3
2014-05-02 23:00:00,Bharati,-16.14,10.39,997.3,60.8
2014-05-03 00:00:00,Bharati,-6.77,15.62,992.7,54.1
2014-05-03 01:00:00,Bharati,-9.27,18.65,986.9,53.7
2014-05-03 02:00:00,Bharati,-10.2,3.05,998.8,54.2
2014-05-03 03:00:00,Bharati,-15.5,7.7,980.9,79.5
2014-05-03 04:00:00,Bharati,-7.94,10.79,992.3,79.5
2014-05-03 05:00:00,Bharati,-12.93,8.63,992.2,49.1
2014-05-03 06:00:00,Bharati,-16.06,16.08,994.5,80.6
2014-05-03 07:00:00,Bharati,-17.24,15.23,994.5,41.5
2014-05-03 08:00:00,Bharati,-7.58,4.23,988.1,37.3
2014-05-03 09:00:00,Bharati,-10.65,13.88,1005.3,80.5
2014-05-03 10:00:00,Bharati,-14.39,10.78,993.2,47.7
2014-05-03 11:00:00,Bharati,-10.15,15.18,996.8,86.4
2014-05-03 12:00:00,Bharati,-13.16,2.12,987.0,34.6
2014-05-03 13:00:00,Bharati,-16.33,5.4,982.8,43.4
2014-05-03 14:00:00,Bharati,-9.56,13.51,989.7,61.4
2014-05-03 15:00:00,Bharati,-10.2,10.95,985.6,59.4
2014-05-03 16:00:00,Bharati,-18.74,9.88,975.0,51.5
2014-05-03 17:00:00,Bharati,-11.8,6.55,983.8,57.0
2014-05-03 18:00:00,Bharati,-12.57,17.33,1001.0,63.4
2014-05-03 19:00:00,Bharati,-11.62,4.65,995.5,77.1
2014-05-03 20:00:00,Bharati,-11.27,16.01,976.7,59.5
2014-05-03 21:00:00,Bharati,-17.18,8.09,986.1,68.8
2014-05-03 22:00:00,Bharati,-12.56,4.07,990.3,39.2
2014-05-03 23:00:00,Bharati,-14.26,6.21,988.4,60.7
2014-05-04 00:00:00,Bharati,-13.56,11.26,997.8,50.3
2014-05-04 01:00:00,Bharati,-10.58,16.58,1008.8,54.1
2014-05-04 02:00:00,Bharati,-12.35,5.89,983.8,50.5
2014-05-04 03:00:00,Bharati,-11.93,12.99,994.7,45.4
2014-05-04 04:00:00,Bharati,-16.11,27.99,986.2,70.8
2014-05-04 05:00:00,Bharati,-8.11,4.46,988.8,79.3
2014-05-04 06:00:00,Bharati,-14.98,12.51,980.0,53.5
2014-05-04 07:00:00,Bharati,-11.08,4.56,985.6,38.3
2014-05-04 08:00:00,Bharati,-14.84,16.98,1006.2,71.8
2014-05-04 09:00:00,Bharati,-12.53,1.37,990.6,64.1
2014-05-04 10:00:00,Bharati,-14.27,14.8,984.4,43.7
2014-05-04 11:00:00,Bharati,-13.91,16.44,1001.8,84.2
2014-05-04 12:00:00,Bharati,-10.3,29.02,989.2,45.6
2014-05-04 13:00:00,Bharati,-10.03,8.0,990.1,69.1
2014-05-04 14:00:00,Bharati,-13.9,5.04,1007.3,75.3
2014-05-04 15:00:00,Bharati,-11.97,5.42,1003.8,68.8
2014-05-04 16:00:00,Bharati,-13.55,15.15,998.7,69.7
2014-05-04 17:00:00,Bharati,-13.24,19.86,1006.9,61.4
2014-05-04 18:00:00,Bharati,-15.03,7.08,982.1,67.0
2014-05-04 19:00:00,Bharati,-14.38,12.48,980.0,80.7
2014-05-04 20:00:00,Bharati,-11.6,7.08,1015.3,80.6
2014-05-04 21:00:00,Bharati,-13.36,4.14,992.2,47.4
2014-05-04 22:00:00,Bharati,-14.8,13.87,992.2,81.2
2014-05-04 23:00:00,Bharati,-10.62,14.29,994.1,76.7
2014-05-05 00:00:00,Bharati,-15.11,11.03,965.9,64.1
2014-05-05 01:00:00,Bharati,-9.42,17.08,1009.0,87.9
2014-05-05 02:00:00,Bharati,-15.15,4.18,974.5,59.4
2014-05-05 03:00:00,Bharati,-8.49,20.38,996.0,54.0
2014-05-05 04:00:00,Bharati,-8.98,4.16,984.8,61.3
2014-05-05 05:00:00,Bharati,-12.27,7.76,975.5,84.3
2014-05-05 06:00:00,Bharati,-10.4,8.44,987.6,54.2
2014-05-05 07:00:00,Bharati,-16.21,6.37,1001.9,43.4
2014-05-05 08:00:00,Bharati,-11.41,9.17,970.9,62.5
2014-05-05 09:00:00,Bharati,-10.67,2.89,1010.5,58.6
2014-05-05 10:00:00,Bharati,-13.2,6.51,987.6,72.8
2014-05-05 11:00:00,Bharati,-12.64,13.39,983.6,63.4
2014-05-05 12:00:00,Bharati,-16.06,8.31,986.4,70.3
2014-05-05 13:00:00,Bharati,-16.49,7.9,1006.4,31.8
2014-05-05 14:00:00,Bharati,-10.08,11.86,989.3,52.6
2014-05-05 15:00:00,Bharati,-17.94,23.54,1009.2,75.9
2014-05-05 16:00:00,Bharati,-14.47,5.26,997.1,58.3
2014-05-05 17:00:00,Bharati,-15.09,4.8,1006.1,31.6
2014-05-05 18:00:00,Bharati,-10.55,2.77,998.0,79.5
2014-05-05 19:00:00,Bharati,-15.74,7.99,1019.3,52.1
2014-05-05 20:00:00,Bharati,-16.03,3.0,979.9,82.1
2014-05-05 21:00:00,Bharati,-10.9,3.78,980.0,31.3
2014-05-05 22:00:00,Bharati,-14.86,2.91,964.2,53.3
2014-05-05 23:00:00,Bharati,-7.48,3.65,991.4,74.2
2014-05-06 00:00:00,Bharati,-15.07,13.12,967.6,75.2
2014-05-06 01:00:00,Bharati,-9.54,6.61,989.6,59.1
2014-05-06 02:00:00,Bharati,-17.21,22.79,998.2,63.0
2014-05-06 03:00:00,Bharati,-13.9,7.61,992.6,35.4
2014-05-06 04:00:00,Bharati,-13.04,17.26,986.9,50.4
2014-05-06 05:00:00,Bharati,-14.32,7.76,991.5,59.1
2014-05-06 06:00:00,Bharati,-8.5,7.81,981.5,98.0
2014-05-06 07:00:00,Bharati,-12.48,6.85,992.8,44.4
2014-05-06 08:00:00,Bharati,-16.07,11.02,987.8,52.1
2014-05-06 09:00:00,Bharati,-12.23,8.94,987.2,45.2
2014-05-06 10:00:00,Bharati,-15.78,13.31,1012.7,62.8
2014-05-06 11:00:00,Bharati,-11.28,19.29,1007.8,48.9
2014-05-06 12:00:00,Bharati,-17.56,27.33,990.6,48.3
2014-05-06 13:00:00,Bharati,-12.29,12.97,997.3,77.7
2014-05-06 14:00:00,Bharati,-14.89,6.19,992.9,76.5
2014-05-06 15:00:00,Bharati,-13.61,21.17,997.5,47.9
2014-05-06 16:00:00,Bharati,-12.83,9.5,984.9,74.5
2014-05-06 17:00:00,Bharati,-6.51,6.03,1000.3,67.0
2014-05-06 18:00:00,Bharati,-16.79,14.88,1002.3,94.7
2014-05-06 19:00:00,Bharati,-11.36,1.95,996.8,62.5
2014-05-06 20:00:00,Bharati,-12.41,23.34,991.0,62.1
2014-05-06 21:00:00,Bharati,-13.57,1.46,1035.3,66.6
2014-05-06 22:00:00,Bharati,-9.99,16.21,990.8,40.4
2014-05-06 23:00:00,Bharati,-11.94,10.82,1021.3,73.8
2014-05-07 00:00:00,Bharati,-11.78,11.07,993.5,56.0
2014-05-07 01:00:00,Bharati,-14.94,13.5,990.5,73.6
2014-05-07 02:00:00,Bharati,-12.26,3.86,1016.6,54.1
2014-05-07 03:00:00,Bharati,-12.76,15.56,981.7,90.2
2014-05-07 04:00:00,Bharati,-19.78,8.15,993.4,73.3
2014-05-07 05:00:00,Bharati,-17.34,19.7,995.1,62.1
2014-05-07 06:00:00,Bharati,-10.99,12.55,1001.9,62.7
2014-05-07 07:00:00,Bharati,-9.49,9.42,999.6,72.4
2014-05-07 08:00:00,Bharati,-9.45,3.67,979.4,81.3
2014-05-07 09:00:00,Bharati,-13.22,8.46,1001.6,67.8
2014-05-07 10:00:00,Bharati,-10.2,10.63,968.1,73.5
2014-05-07 11:00:00,Bharati,-17.29,11.17,1011.5,70.2
2014-05-07 12:00:00,Bharati,-18.56,21.53,997.0,50.1
2014-05-07 13:00:00,Bharati,-10.6,18.11,971.3,94.5
2014-05-07 14:00:00,Bharati,-13.4,3.01,980.8,51.7
2014-05-07 15:00:00,Bharati,-9.09,16.36,1005.2,64.1
2014-05-07 16:00:00,Bharati,-11.89,3.08,1003.6,86.6
2014-05-07 17:00:00,Bharati,-15.7,6.89,999.8,59.6
2014-05-07 18:00:00,Bharati,-15.11,12.63,989.4,60.8
2014-05-07 19:00:00,Bharati,-10.38,23.95,980.8,50.7
2014-05-07 20:00:00,Bharati,-11.2,6.02,980.1,51.6
2014-05-07 21:00:00,Bharati,-14.11,5.27,993.6,76.1
2014-05-07 22:00:00,Bharati,-10.21,5.57,989.4,49.8
2014-05-07 23:00:00,Bharati,-16.74,7.7,1006.4,90.8
2014-05-08 00:00:00,Bharati,-8.96,1.98,1020.1,67.0
2014-05-08 01:00:00,Bharati,-11.7,6.48,995.2,79.4
2014-05-08 02:00:00,Bharati,-16.75,5.13,990.9,52.8
2014-05-08 03:00:00,Bharati,-13.27,6.76,985.0,92.2
2014-05-08 04:00:00,Bharati,-19.1,13.52,990.8,58.1
2014-05-08 05:00:00,Bharati,-17.31,4.97,995.4,87.6
2014-05-08 06:00:00,Bharati,-20.25,41.9,996.5,86.4
2014-05-08 07:00:00,Bharati,-11.25,8.31,994.8,48.3
2014-05-08 08:00:00,Bharati,-13.78,3.39,994.1,42.6
2014-05-08 09:00:00,Bharati,-14.3,7.4,986.4,50.4
2014-05-08 10:00:00,Bharati,-7.13,11.72,977.5,59.3
2014-05-08 11:00:00,Bharati,-10.25,1.54,1009.9,41.7
2014-05-08 12:00:00,Bharati,-10.83,5.58,1003.0,91.5
2014-05-08 13:00:00,Bharati,-12.6,6.82,994.3,60.1
2014-05-08 14:00:00,Bharati,-16.69,7.5,983.1,64.8
2014-05-08 15:00:00,Bharati,-11.5,8.07,994.0,76.1
2014-05-08 16:00:00,Bharati,-16.15,19.38,999.9,64.2
2014-05-08 17:00:00,Bharati,-10.97,17.92,1012.6,68.3
2014-05-08 18:00:00,Bharati,-10.14,24.85,988.4,54.9
2014-05-08 19:00:00,Bharati,-12.94,8.48,988.2,84.2
2014-05-08 20:00:00,Bharati,-15.49,14.9,994.8,76.3
2014-05-08 21:00:00,Bharati,-10.96,10.11,984.0,70.7
2014-05-08 22:00:00,Bharati,-14.05,4.89,992.2,51.2
2014-05-08 23:00:00,Bharati,-15.61,17.26,1003.2,40.2
2014-05-09 00:00:00,Bharati,-9.51,6.95,984.5,75.2
2014-05-09 01:00:00,Bharati,-10.9,13.45,998.8,57.6
2014-05-09 02:00:00,Bharati,-9.98,6.85,1020.1,54.1
2014-05-09 03:00:00,Bharati,-15.57,7.61,983.1,72.8
2014-05-09 04:00:00,Bharati,-11.54,4.1,1004.3,59.6
2014-05-09 05:00:00,Bharati,-17.72,27.59,999.3,59.8
2014-05-09 06:00:00,Bharati,-10.55,6.56,1002.5,76.9
2014-05-09 07:00:00,Bharati,-13.49,4.94,1001.4,72.4
2014-05-09 08:00:00,Bharati,-17.22,6.13,1015.7,58.1
2014-05-09 09:00:00,Bharati,-9.85,6.75,998.7,58.4
2014-05-09 10:00:00,Bharati,-11.37,7.5,974.2,61.2
2014-05-09 11:00:00,Bharati,-13.38,11.03,997.6,74.0
2014-05-09 12:00:00,Bharati,-17.04,9.47,979.4,80.6
2014-05-09 13:00:00,Bharati,-16.09,18.83,981.2,64.4
2014-05-09 14:00:00,Bharati,-9.94,8.03,1022.4,51.2
2014-05-09 15:00:00,Bharati,-15.88,17.21,1010.4,81.7
2014-05-09 16:00:00,Bharati,-15.46,15.96,1007.7,72.2
2014-05-09 17:00:00,Bharati,-16.2,3.25,988.3,61.9
2014-05-09 18:00:00,Bharati,-7.99,5.3,992.1,88.6
2014-05-09 19:00:00,Bharati,-11.18,14.82,973.8,52.0
2014-05-09 20:00:00,Bharati,-14.67,13.06,979.4,56.6
2014-05-09 21:00:00,Bharati,-15.51,7.0,962.3,79.1
2014-05-09 22:00:00,Bharati,-14.01,15.36,1019.8,56.1
2014-05-09 23:00:00,Bharati,-12.98,6.22,990.6,46.7
2014-05-10 00:00:00,Bharati,-11.23,6.96,977.0,63.4
2014-05-10 01:00:00,Bharati,-16.59,2.76,989.3,82.6
2014-05-10 02:00:00,Bharati,-14.88,11.0,972.4,59.9
2014-05-10 03:00:00,Bharati,-13.16,24.23,1017.7,44.8
2014-05-10 04:00:00,Bharati,-13.15,11.31,1008.7,48.9
2014-05-10 05:00:00,Bharati,-14.34,15.38,1006.2,70.7
2014-05-10 06:00:00,Bharati,-13.91,13.31,993.5,61.8
2014-05-10 07:00:00,Bharati,-12.28,3.03,985.7,54.1
2014-05-10 08:00:00,Bharati,-16.6,14.93,1012.7,72.5
2014-05-10 09:00:00,Bharati,-13.69,10.5,981.8,45.8
2014-05-10 10:00:00,Bharati,-15.19,2.84,985.5,73.4
2014-05-10 11:00:00,Bharati,-9.58,13.63,985.0,83.8
2014-05-10 12:00:00,Bharati,-11.95,8.71,1022.9,76.6
2014-05-10 13:00:00,Bharati,-12.73,7.22,1010.5,62.0
2014-05-10 14:00:00,Bharati,-14.77,12.25,999.6,67.8
2014-05-10 15:00:00,Bharati,-22.33,15.72,994.6,66.8
2014-05-10 16:00:00,Bharati,-10.94,16.38,1001.2,85.9
2014-05-10 17:00:00,Bharati,-13.94,8.6,1014.1,59.1
2014-05-10 18:00:00,Bharati,-15.27,2.92,995.8,78.2
2014-05-10 19:00:00,Bharati,-13.48,7.62,1008.1,55.6
2014-05-10 20:00:00,Bharati,-15.44,4.96,978.8,63.0
2014-05-10 21:00:00,Bharati,-14.02,6.24,998.6,53.2
2014-05-10 22:00:00,Bharati,-8.9,14.83,1008.4,71.1
2014-05-10 23:00:00,Bharati,-8.72,7.34,991.8,48.5
2014-05-11 00:00:00,Bharati,-14.24,11.65,1015.2,68.7
2014-05-11 01:00:00,Bharati,-12.87,28.39,988.4,75.2
2014-05-11 02:00:00,Bharati,-12.16,2.69,1000.3,91.3
2014-05-11 03:00:00,Bharati,-13.54,22.09,975.1,70.0
2014-05-11 04:00:00,Bharati,-12.09,4.14,994.5,80.3
2014-05-11 05:00:00,Bharati,-13.0,11.3,990.1,58.7
2014-05-11 06:00:00,Bharati,-10.62,2.67,1000.8,79.7
2014-05-11 07:00:00,Bharati,-20.07,8.95,992.1,72.4
2014-05-11 08:00:00,Bharati,-12.08,4.9,977.9,56.8
2014-05-11 09:00:00,Bharati,-12.84,8.9,991.6,56.8
2014-05-11 10:00:00,Bharati,-17.31,6.83,993.1,62.1
2014-05-11 11:00:00,Bharati,-13.72,19.67,991.9,53.4
2014-05-11 12:00:00,Bharati,-12.05,2.95,986.1,74.2
2014-05-11 13:00:00,Bharati,-15.03,15.07,987.1,71.4
2014-05-11 14:00:00,Bharati,-14.06,15.62,1003.4,53.6
2014-05-11 15:00:00,Bharati,-11.13,9.24,993.0,44.6
2014-05-11 16:00:00,Bharati,-16.98,3.18,989.5,76.1
2014-05-11 17:00:00,Bharati,-13.39,20.31,999.3,93.3
2014-05-11 18:00:00,Bharati,-9.28,5.84,996.3,51.5
2014-05-11 19:00:00,Bharati,-15.61,5.8,979.5,42.2
2014-05-11 20:00:00,Bharati,-13.12,6.88,983.2,59.0
2014-05-11 21:00:00,Bharati,-9.47,14.41,988.0,70.5
2014-05-11 22:00:00,Bharati,-14.34,15.66,973.1,98.0
2014-05-11 23:00:00,Bharati,-13.69,10.13,985.3,70.1
2014-05-12 00:00:00,Bharati,-12.36,6.95,1001.2,62.5
2014-05-12 01:00:00,Bharati,-11.34,6.24,996.7,34.0
2014-05-12 02:00:00,Bharati,-21.13,11.89,1000.3,59.0
2014-05-12 03:00:00,Bharati,-16.07,4.08,994.3,82.8
2014-05-12 04:00:00,Bharati,-15.44,10.94,997.8,53.0
2014-05-12 05:00:00,Bharati,-13.13,2.69,991.9,82.1
2014-05-12 06:00:00,Bharati,-9.48,8.05,967.3,91.5
2014-05-12 07:00:00,Bharati,-18.55,3.87,997.5,68.6
2014-05-12 08:00:00,Bharati,-16.0,9.24,984.5,84.2
2014-05-12 09:00:00,Bharati,-13.98,2.16,998.2,57.1
2014-05-12 10:00:00,Bharati,-10.33,27.21,981.8,44.6
2014-05-12 11:00:00,Bharati,-9.65,14.86,980.1,53.0
2014-05-12 12:00:00,Bharati,-13.5,3.02,1009.0,83.5
2014-05-12 13:00:00,Bharati,-13.31,10.06,992.2,65.1
2014-05-12 14:00:00,Bharati,-15.0,8.54,1020.4,57.0
2014-05-12 15:00:00,Bharati,-13.27,6.76,1003.4,58.8
2014-05-12 16:00:00,Bharati,-10.34,6.43,986.6,93.9
2014-05-12 17:00:00,Bharati,-18.97,17.06,1010.7,61.2
2014-05-12 18:00:00,Bharati,-13.39,22.25,989.2,57.5
2014-05-12 19:00:00,Bharati,-9.02,16.88,988.8,40.5
2014-05-12 20:00:00,Bharati,-14.97,17.03,1001.7,59.0
2014-05-12 21:00:00,Bharati,-6.88,13.41,1018.1,69.3
2014-05-12 22:00:00,Bharati,-13.54,3.17,998.0,34.6
2014-05-12 23:00:00,Bharati,-14.15,10.32,994.2,46.2
2014-05-13 00:00:00,Bharati,-15.02,6.33,1000.5,50.7
2014-05-13 01:00:00,Bharati,-14.17,7.0,987.3,69.5
2014-05-13 02:00:00,Bharati,-16.98,10.25,1002.1,77.7
2014-05-13 03:00:00,Bharati,-15.0,4.11,994.7,54.8
2014-05-13 04:00:00,Bharati,-16.64,6.84,975.8,38.7
2014-05-13 05:00:00,Bharati,-18.04,9.49,979.7,68.8
2014-05-13 06:00:00,Bharati,-15.56,9.76,1007.6,58.3
2014-05-13 07:00:00,Bharati,-15.48,17.45,987.5,67.4
2014-05-13 08:00:00,Bharati,-16.66,4.43,987.5,52.4
2014-05-13 09:00:00,Bharati,-11.97,7.23,1014.2,62.3
2014-05-13 10:00:00,Bharati,-18.36,6.09,990.9,67.6
2014-05-13 11:00:00,Bharati,-12.48,14.07,978.9,60.8
2014-05-13 12:00:00,Bharati,-16.02,10.57,994.2,80.7
2014-05-13 13:00:00,Bharati,-14.42,3.98,970.5,90.2
2014-05-13 14:00:00,Bharati,-13.02,16.28,1000.8,49.6
2014-05-13 15:00:00,Bharati,-15.55,5.6,987.2,58.7
2014-05-13 16:00:00,Bharati,-14.8,9.39,991.9,95.6
2014-05-13 17:00:00,Bharati,-16.19,8.61,1004.2,66.5
2014-05-13 18:00:00,Bharati,-15.41,5.65,1005.1,56.2
2014-05-13 19:00:00,Bharati,-12.96,7.19,991.5,87.1
2014-05-13 20:00:00,Bharati,-16.35,11.34,996.2,45.2
2014-05-13 21:00:00,Bharati,-17.2,2.61,991.4,72.9
2014-05-13 22:00:00,Bharati,-13.01,5.33,981.8,60.7
2014-05-13 23:00:00,Bharati,-16.07,2.93,988.1,85.8
2014-05-14 00:00:00,Bharati,-19.13,4.04,979.9,22.0
2014-05-14 01:00:00,Bharati,-15.36,16.61,987.0,63.3
2014-05-14 02:00:00,Bharati,-17.7,18.3,1000.7,57.2
2014-05-14 03:00:00,Bharati,-11.83,5.93,1003.5,47.4
2014-05-14 04:00:00,Bharati,-15.57,9.79,991.7,42.1
2014-05-14 05:00:00,Bharati,-11.75,8.6,985.2,41.7
2014-05-14 06:00:00,Bharati,-11.92,12.0,994.4,68.3
2014-05-14 07:00:00,Bharati,-14.44,22.25,1018.7,65.3
2014-05-14 08:00:00,Bharati,-14.78,11.83,988.5,73.7
2014-05-14 09:00:00,Bharati,-17.73,25.15,991.2,51.4
2014-05-14 10:00:00,Bharati,-9.88,12.39,1005.1,71.4
2014-05-14 11:00:00,Bharati,-10.85,6.65,1011.8,63.0
2014-05-14 12:00:00,Bharati,-16.21,1.18,990.3,98.0
2014-05-14 13:00:00,Bharati,-18.19,3.2,979.5,56.4
2014-05-14 14:00:00,Bharati,-14.65,16.9,986.1,49.1
2014-05-14 15:00:00,Bharati,-16.83,7.42,976.0,59.3
2014-05-14 16:00:00,Bharati,-9.09,14.03,995.8,77.9
2014-05-14 17:00:00,Bharati,-16.6,5.25,993.5,67.2
2014-05-14 18:00:00,Bharati,-16.78,5.56,1007.4,67.2
2014-05-14 19:00:00,Bharati,-11.61,5.74,1022.9,36.5
2014-05-14 20:00:00,Bharati,-18.39,23.41,988.8,43.1
2014-05-14 21:00:00,Bharati,-11.45,16.47,991.1,71.1
2014-05-14 22:00:00,Bharati,-11.24,2.8,997.5,74.1
2014-05-14 23:00:00,Bharati,-17.6,12.81,1003.6,53.3
2014-05-15 00:00:00,Bharati,-15.08,7.07,1003.7,52.1
2014-05-15 01:00:00,Bharati,-19.03,10.29,981.0,62.2
2014-05-15 02:00:00,Bharati,-15.38,18.03,988.2,52.2
2014-05-15 03:00:00,Bharati,-13.35,1.74,967.5,88.7
2014-05-15 04:00:00,Bharati,-15.64,17.87,1034.2,51.6
2014-05-15 05:00:00,Bharati,-10.88,10.14,997.1,46.4
2014-05-15 06:00:00,Bharati,-18.28,6.24,999.6,78.4
2014-05-15 07:00:00,Bharati,-16.11,26.41,976.8,65.7
2014-05-15 08:00:00,Bharati,-17.64,8.58,990.3,78.4
2014-05-15 09:00:00,Bharati,-16.36,3.2,995.7,54.1
2014-05-15 10:00:00,Bharati,-9.21,10.39,988.6,60.7
2014-05-15 11:00:00,Bharati,-17.34,10.78,985.2,71.8
2014-05-15 12:00:00,Bharati,-9.18,14.24,973.1,35.8
2014-05-15 13:00:00,Bharati,-13.17,11.62,1001.5,69.2
2014-05-15 14:00:00,Bharati,-13.64,7.21,977.8,69.6
2014-05-15 15:00:00,Bharati,-13.04,16.37,1006.1,73.3
2014-05-15 16:00:00,Bharati,-13.5,16.72,1001.2,39.7
2014-05-15 17:00:00,Bharati,-15.67,13.82,968.7,51.5
2014-05-15 18:00:00,Bharati,-15.82,5.81,1004.5,77.4
2014-05-15 19:00:00,Bharati,-18.01,29.68,995.9,56.6
2014-05-15 20:00:00,Bharati,-13.34,2.43,973.9,53.6
2014-05-15 21:00:00,Bharati,-14.84,14.21,983.8,49.6
2014-05-15 22:00:00,Bharati,-14.26,6.34,983.3,57.8
2014-05-15 23:00:00,Bharati,-21.3,18.79,992.6,46.3
2014-05-16 00:00:00,Bharati,-14.05,3.32,1003.7,64.7
2014-05-16 01:00:00,Bharati,-12.07,4.83,1010.5,56.6
2014-05-16 02:00:00,Bharati,-13.23,23.23,976.7,66.8
2014-05-16 03:00:00,Bharati,-15.3,19.88,1017.6,70.6
2014-05-16 04:00:00,Bharati,-16.14,16.69,995.8,39.2
2014-05-16 05:00:00,Bharati,-16.66,22.94,998.7,34.8
2014-05-16 06:00:00,Bharati,-21.58,14.26,993.1,45.2
2014-05-16 07:00:00,Bharati,-13.95,10.81,994.0,74.7
2014-05-16 08:00:00,Bharati,-15.41,19.76,974.4,55.6
2014-05-16 09:00:00,Bharati,-12.7,20.08,1006.0,69.1
2014-05-16 10:00:00,Bharati,-17.53,12.39,1001.0,80.3
2014-05-16 11:00:00,Bharati,-9.33,19.04,996.2,66.5
2014-05-16 12:00:00,Bharati,-13.02,21.76,1003.0,63.8
2014-05-16 13:00:00,Bharati,-9.37,5.51,986.8,74.3
2014-05-16 14:00:00,Bharati,-14.78,0.75,996.1,72.8
2014-05-16 15:00:00,Bharati,-13.44,14.26,987.8,51.4
2014-05-16 16:00:00,Bharati,-15.16,4.42,992.1,93.4
2014-05-16 17:00:00,Bharati,-12.53,8.88,981.2,40.9
2014-05-16 18:00:00,Bharati,-14.78,11.24,982.0,76.0
2014-05-16 19:00:00,Bharati,-14.41,3.89,1000.6,38.6
2014-05-16 20:00:00,Bharati,-14.38,9.47,987.3,52.7
2014-05-16 21:00:00,Bharati,-20.4,7.28,988.9,65.9
2014-05-16 22:00:00,Bharati,-10.82,9.54,986.9,63.4
2014-05-16 23:00:00,Bharati,-15.9,14.18,969.8,69.1
2014-05-17 00:00:00,Bharati,-13.91,9.16,994.9,70.0
2014-05-17 01:00:00,Bharati,-19.52,10.8,993.4,67.3
2014-05-17 02:00:00,Bharati,-10.29,19.91,975.9,82.6
2014-05-17 03:00:00,Bharati,-13.44,8.08,1007.5,39.7
2014-05-17 04:00:00,Bharati,-14.62,7.48,964.2,53.9
2014-05-17 05:00:00,Bharati,-15.19,4.64,968.4,57.6
2014-05-17 06:00:00,Bharati,-16.78,15.91,999.7,44.9
2014-05-17 07:00:00,Bharati,-10.2,4.28,1003.9,76.9
2014-05-17 08:00:00,Bharati,-19.01,15.3,985.5,30.2
2014-05-17 09:00:00,Bharati,-12.6,15.02,990.9,49.3
2014-05-17 10:00:00,Bharati,-8.93,12.42,976.3,55.6
2014-05-17 11:00:00,Bharati,-19.7,14.78,984.3,50.6
2014-05-17 12:00:00,Bharati,-7.83,12.96,987.9,62.8
2014-05-17 13:00:00,Bharati,-15.45,7.91,984.6,55.1
2014-05-17 14:00:00,Bharati,-13.05,6.3,1031.8,90.1
2014-05-17 15:00:00,Bharati,-12.03,4.87,997.6,50.2
2014-05-17 16:00:00,Bharati,-11.28,17.04,1000.6,57.5
2014-05-17 17:00:00,Bharati,-21.13,10.74,994.4,90.6
2014-05-17 18:00:00,Bharati,-5.84,14.83,987.0,77.6
2014-05-17 19:00:00,Bharati,-8.58,9.48,979.0,24.2
2014-05-17 20:00:00,Bharati,-15.79,7.45,972.0,54.7
2014-05-17 21:00:00,Bharati,-18.81,7.73,982.9,56.7
2014-05-17 22:00:00,Bharati,-16.69,19.49,988.8,79.0
2014-05-17 23:00:00,Bharati,-12.64,6.73,996.8,48.8
2014-05-18 00:00:00,Bharati,-11.08,3.97,991.0,46.2
2014-05-18 01:00:00,Bharati,-14.16,11.46,1015.2,70.4
2014-05-18 02:00:00,Bharati,-11.03,8.92,1014.2,77.9
2014-05-18 03:00:00,Bharati,-15.67,13.13,982.3,58.5
2014-05-18 04:00:00,Bharati,-20.69,9.07,1007.9,43.9
2014-05-18 05:00:00,Bharati,-6.77,12.1,991.5,49.8
2014-05-18 06:00:00,Bharati,-16.68,13.07,1001.9,64.2
2014-05-18 07:00:00,Bharati,-9.45,23.48,997.3,57.5
2014-05-18 08:00:00,Bharati,-16.11,10.39,980.5,51.8
2014-05-18 09:00:00,Bharati,-12.98,2.86,984.3,55.0
2014-05-18 10:00:00,Bharati,-16.67,7.06,992.4,34.8
2014-05-18 11:00:00,Bharati,-13.7,20.51,1007.6,48.3
2014-05-18 12:00:00,Bharati,-17.2,7.84,994.0,45.6
2014-05-18 13:00:00,Bharati,-12.38,5.07,999.1,75.1
2014-05-18 14:00:00,Bharati,-16.95,7.78,995.1,48.6
2014-05-18 15:00:00,Bharati,-16.98,5.67,1000.6,88.6
2014-05-18 16:00:00,Bharati,-12.53,7.33,998.4,62.8
2014-05-18 17:00:00,Bharati,-16.27,10.43,989.1,71.8
2014-05-18 18:00:00,Bharati,-11.24,6.79,974.8,63.4
2014-05-18 19:00:00,Bharati,-14.78,4.13,1006.4,31.5
2014-05-18 20:00:00,Bharati,-17.66,3.3,996.0,65.6
2014-05-18 21:00:00,Bharati,-10.56,14.84,965.3,63.0
2014-05-18 22:00:00,Bharati,-11.22,8.58,989.8,57.6
2014-05-18 23:00:00,Bharati,-13.81,18.11,987.6,41.2
2014-05-19 00:00:00,Bharati,-13.14,19.01,998.8,55.3
2014-05-19 01:00:00,Bharati,-14.05,19.6,996.7,62.9
2014-05-19 02:00:00,Bharati,-13.52,5.83,988.8,73.6
2014-05-19 03:00:00,Bharati,-15.46,5.58,990.9,76.4
2014-05-19 04:00:00,Bharati,-12.12,9.01,995.4,43.1
2014-05-19 05:00:00,Bharati,-21.82,7.28,984.0,73.0
2014-05-19 06:00:00,Bharati,-14.81,4.08,972.7,60.7
2014-05-19 07:00:00,Bharati,-19.42,4.21,1003.1,37.6
2014-05-19 08:00:00,Bharati,-16.64,10.87,1011.6,48.0
2014-05-19 09:00:00,Bharati,-14.79,2.65,990.1,61.6
2014-05-19 10:00:00,Bharati,-12.23,6.56,1003.6,90.1
2014-05-19 11:00:00,Bharati,-15.87,6.44,1008.7,75.1
2014-05-19 12:00:00,Bharati,-13.75,7.07,1002.3,65.1
2014-05-19 13:00:00,Bharati,-17.5,23.66,1006.2,62.0
2014-05-19 14:00:00,Bharati,-16.86,20.73,989.7,82.1
2014-05-19 15:00:00,Bharati,-11.83,18.28,993.8,50.0
2014-05-19 16:00:00,Bharati,-15.68,23.58,973.4,77.8
2014-05-19 17:00:00,Bharati,-15.45,15.37,1000.3,50.1
2014-05-19 18:00:00,Bharati,-13.47,8.42,991.7,92.8
2014-05-19 19:00:00,Bharati,-11.97,21.33,971.1,61.5
2014-05-19 20:00:00,Bharati,-15.21,11.48,994.6,69.5
2014-05-19 21:00:00,Bharati,-16.56,14.67,1000.0,43.7
2014-05-19 22:00:00,Bharati,-18.24,11.96,982.5,64.6
2014-05-19 23:00:00,Bharati,-15.86,4.35,980.4,71.4
2014-05-20 00:00:00,Bharati,-11.14,11.76,971.6,47.8
2014-05-20 01:00:00,Bharati,-9.73,0.94,1000.7,57.4
2014-05-20 02:00:00,Bharati,-16.62,7.55,981.2,50.3
2014-05-20 03:00:00,Bharati,-16.4,6.8,979.8,50.2
2014-05-20 04:00:00,Bharati,-10.47,17.94,990.5,30.1
2014-05-20 05:00:00,Bharati,-14.09,7.79,971.6,57.8
2014-05-20 06:00:00,Bharati,-11.82,14.09,996.5,52.7
2014-05-20 07:00:00,Bharati,-17.62,12.24,998.3,74.5
2014-05-20 08:00:00,Bharati,-18.09,19.52,975.1,42.0
2014-05-20 09:00:00,Bharati,-17.71,8.85,999.4,38.3
2014-05-20 10:00:00,Bharati,-18.2,15.21,1029.1,78.1
2014-05-20 11:00:00,Bharati,-9.24,13.69,980.6,53.9
2014-05-20 12:00:00,Bharati,-16.13,6.51,1000.8,58.1
2014-05-20 13:00:00,Bharati,-11.95,13.4,1001.9,57.7
2014-05-20 14:00:00,Bharati,-13.71,21.81,1017.5,64.5
2014-05-20 15:00:00,Bharati,-15.58,5.84,997.7,59.4
2014-05-20 16:00:00,Bharati,-20.39,7.09,984.2,56.2
2014-05-20 17:00:00,Bharati,-14.43,7.05,1014.5,57.0
2014-05-20 18:00:00,Bharati,-18.77,10.06,972.5,92.2
2014-05-20 19:00:00,Bharati,-15.98,7.55,981.7,52.1
2014-05-20 20:00:00,Bharati,-16.01,4.25,983.2,50.4
2014-05-20 21:00:00,Bharati,-17.34,17.32,991.4,61.0
2014-05-20 22:00:00,Bharati,-15.4,7.22,998.8,57.8
2014-05-20 23:00:00,Bharati,-15.61,4.14,974.5,53.4
2014-05-21 00:00:00,Bharati,-19.72,7.34,996.9,32.7
2014-05-21 01:00:00,Bharati,-16.88,18.79,1002.6,65.7
2014-05-21 02:00:00,Bharati,-15.62,25.18,996.4,69.9
2014-05-21 03:00:00,Bharati,-12.72,6.17,1006.5,56.0
2014-05-21 04:00:00,Bharati,-16.28,17.52,995.0,56.9
2014-05-21 05:00:00,Bharati,-13.2,7.2,974.9,65.5
2014-05-21 06:00:00,Bharati,-16.49,5.99,977.4,50.7
2014-05-21 07:00:00,Bharati,-15.7,6.16,990.9,70.4
2014-05-21 08:00:00,Bharati,-18.98,6.33,1004.8,45.0
2014-05-21 09:00:00,Bharati,-15.95,16.23,1001.0,75.4
2014-05-21 10:00:00,Bharati,-15.86,20.4,979.5,64.8
2014-05-21 11:00:00,Bharati,-17.31,20.84,979.3,36.2
2014-05-21 12:00:00,Bharati,-11.68,10.62,993.2,81.7
2014-05-21 13:00:00,Bharati,-17.07,10.93,986.8,78.1
2014-05-21 14:00:00,Bharati,-12.88,10.78,989.1,67.9
2014-05-21 15:00:00,Bharati,-9.36,4.64,991.2,56.2
2014-05-21 16:00:00,Bharati,-15.02,28.7,991.7,48.4
2014-05-21 17:00:00,Bharati,-13.38,3.05,1007.1,71.2
2014-05-21 18:00:00,Bharati,-22.46,6.16,988.5,24.1
2014-05-21 19:00:00,Bharati,-14.91,14.93,1002.6,44.2
2014-05-21 20:00:00,Bharati,-15.8,16.13,999.9,70.4
2014-05-21 21:00:00,Bharati,-14.41,16.93,1000.4,64.5
2014-05-21 22:00:00,Bharati,-14.88,14.75,985.4,54.8
2014-05-21 23:00:00,Bharati,-16.41,4.2,983.4,41.8
2014-05-22 00:00:00,Bharati,-19.95,12.14,990.0,59.0
2014-05-22 01:00:00,Bharati,-13.84,2.74,984.4,66.6
2014-05-22 02:00:00,Bharati,-12.86,9.66,988.7,60.2
2014-05-22 03:00:00,Bharati,-21.85,16.95,991.0,57.4
2014-05-22 04:00:00,Bharati,-16.88,4.27,982.6,64.2
2014-05-22 05:00:00,Bharati,-12.14,10.38,999.7,56.4
2014-05-22 06:00:00,Bharati,-17.63,13.52,992.4,55.2
2014-05-22 07:00:00,Bharati,-12.11,15.06,1008.0,77.4
2014-05-22 08:00:00,Bharati,-12.93,8.76,977.2,70.1
2014-05-22 09:00:00,Bharati,-17.29,11.21,998.9,63.3
2014-05-22 10:00:00,Bharati,-18.1,34.1,993.8,44.7
2014-05-22 11:00:00,Bharati,-15.11,13.7,1004.5,65.0
2014-05-22 12:00:00,Bharati,-14.22,11.67,977.5,45.7
2014-05-22 13:00:00,Bharati,-12.87,6.61,986.6,80.9
2014-05-22 14:00:00,Bharati,-15.44,7.1,986.6,42.5
2014-05-22 15:00:00,Bharati,-18.15,17.92,993.8,69.4
2014-05-22 16:00:00,Bharati,-9.03,18.99,983.6,39.0
2014-05-22 17:00:00,Bharati,-14.56,10.1,975.9,45.4
2014-05-22 18:00:00,Bharati,-13.3,4.6,990.7,75.8
2014-05-22 19:00:00,Bharati,-18.52,19.28,987.7,66.9
2014-05-22 20:00:00,Bharati,-20.27,19.21,986.9,61.3
2014-05-22 21:00:00,Bharati,-14.24,5.88,988.6,61.8
2014-05-22 22:00:00,Bharati,-11.68,15.8,1011.5,94.3
2014-05-22 23:00:00,Bharati,-13.65,1.36,993.7,67.5
2014-05-23 00:00:00,Bharati,-14.16,3.1,1006.7,55.0
2014-05-23 01:00:00,Bharati,-15.0,3.67,992.8,61.4
2014-05-23 02:00:00,Bharati,-15.37,10.66,993.6,96.3
2014-05-23 03:00:00,Bharati,-17.0,12.95,983.0,74.5
2014-05-23 04:00:00,Bharati,-14.8,1.69,1001.4,62.4
2014-05-23 05:00:00,Bharati,-20.41,8.93,988.4,38.6
2014-05-23 06:00:00,Bharati,-13.65,28.39,999.1,56.8
2014-05-23 07:00:00,Bharati,-14.48,11.08,1016.6,69.1
2014-05-23 08:00:00,Bharati,-12.39,6.95,972.8,42.3
2014-05-23 09:00:00,Bharati,-18.77,16.63,994.6,72.8
2014-05-23 10:00:00,Bharati,-18.61,5.75,993.8,30.1
2014-05-23 11:00:00,Bharati,-20.18,11.45,992.3,63.5
2014-05-23 12:00:00,Bharati,-18.6,10.25,992.9,81.4
2014-05-23 13:00:00,Bharati,-12.31,6.0,1009.8,48.6
2014-05-23 14:00:00,Bharati,-19.8,4.3,981.2,58.5
2014-05-23 15:00:00,Bharati,-9.55,15.45,993.4,72.2
2014-05-23 16:00:00,Bharati,-16.98,10.15,981.7,40.0
2014-05-23 17:00:00,Bharati,-19.22,7.41,1003.0,63.3
2014-05-23 18:00:00,Bharati,-17.34,4.62,1017.4,43.6
2014-05-23 19:00:00,Bharati,-18.07,10.5,993.6,71.0
2014-05-23 20:00:00,Bharati,-16.97,5.24,1001.0,54.0
2014-05-23 21:00:00,Bharati,-14.37,9.92,992.0,41.2
2014-05-23 22:00:00,Bharati,-17.15,4.91,998.3,68.0
2014-05-23 23:00:00,Bharati,-14.56,8.23,979.8,55.1
2014-05-24 00:00:00,Bharati,-13.18,17.55,1003.4,73.2
2014-05-24 01:00:00,Bharati,-12.84,7.24,992.9,61.0
2014-05-24 02:00:00,Bharati,-14.73,3.81,991.0,40.0
2014-05-24 03:00:00,Bharati,-13.86,11.6,1004.2,47.1
2014-05-24 04:00:00,Bharati,-10.02,4.43,993.7,74.4
2014-05-24 05:00:00,Bharati,-16.93,10.06,1007.8,48.3
2014-05-24 06:00:00,Bharati,-13.19,5.14,993.3,48.8
2014-05-24 07:00:00,Bharati,-12.92,5.72,966.2,74.9
2014-05-24 08:00:00,Bharati,-20.62,10.05,993.3,54.9
2014-05-24 09:00:00,Bharati,-18.31,4.47,995.1,97.2
2014-05-24 10:00:00,Bharati,-13.05,8.15,995.6,67.7
2014-05-24 11:00:00,Bharati,-16.08,6.5,1011.4,39.7
2014-05-24 12:00:00,Bharati,-17.72,3.65,983.1,58.4
2014-05-24 13:00:00,Bharati,-13.05,12.31,971.5,63.5
2014-05-24 14:00:00,Bharati,-9.97,13.04,986.4,66.0
2014-05-24 15:00:00,Bharati,-20.21,5.9,1006.4,55.4
2014-05-24 16:00:00,Bharati,-14.67,6.05,973.6,30.1
2014-05-24 17:00:00,Bharati,-16.25,13.19,995.1,88.5
2014-05-24 18:00:00,Bharati,-15.79,12.56,976.1,48.4
2014-05-24 19:00:00,Bharati,-11.34,15.49,983.7,68.7
2014-05-24 20:00:00,Bharati,-16.87,24.12,995.9,67.9
2014-05-24 21:00:00,Bharati,-12.99,4.78,994.7,81.2
2014-05-24 22:00:00,Bharati,-14.9,1.38,974.5,83.3
2014-05-24 23:00:00,Bharati,-14.15,5.42,990.4,57.5
2014-05-25 00:00:00,Bharati,-13.39,32.26,983.4,61.9
2014-05-25 01:00:00,Bharati,-15.54,3.36,965.6,90.1
2014-05-25 02:00:00,Bharati,-17.16,6.43,1013.1,65.5
2014-05-25 03:00:00,Bharati,-13.77,6.85,997.0,51.4
2014-05-25 04:00:00,Bharati,-14.18,6.02,993.3,62.1
2014-05-25 05:00:00,Bharati,-12.45,13.51,976.9,61.4
2014-05-25 06:00:00,Bharati,-12.99,15.37,997.0,56.9
2014-05-25 07:00:00,Bharati,-17.1,5.02,1006.2,81.8
2014-05-25 08:00:00,Bharati,-14.96,6.5,982.6,46.4
2014-05-25 09:00:00,Bharati,-13.51,7.41,992.2,56.7
2014-05-25 10:00:00,Bharati,-14.5,6.39,997.0,59.7
2014-05-25 11:00:00,Bharati,-13.96,24.74,988.9,56.0
2014-05-25 12:00:00,Bharati,-17.3,10.21,986.7,64.5
2014-05-25 13:00:00,Bharati,-11.66,8.96,997.5,61.3
2014-05-25 14:00:00,Bharati,-9.2,2.78,980.6,59.2
2014-05-25 15:00:00,Bharati,-18.07,6.01,1019.2,63.9
2014-05-25 16:00:00,Bharati,-16.91,0.68,999.9,34.8
2014-05-25 17:00:00,Bharati,-16.74,9.55,982.4,72.7
2014-05-25 18:00:00,Bharati,-14.28,8.54,960.8,77.5
2014-05-25 19:00:00,Bharati,-16.03,4.49,1007.9,49.0
2014-05-25 20:00:00,Bharati,-18.7,7.63,991.8,80.7
2014-05-25 21:00:00,Bharati,-15.46,5.81,998.5,50.7
2014-05-25 22:00:00,Bharati,-18.26,6.57,1001.0,38.8
2014-05-25 23:00:00,Bharati,-14.48,11.93,1001.1,93.6
2014-05-26 00:00:00,Bharati,-10.06,9.17,1001.6,53.8
2014-05-26 01:00:00,Bharati,-16.46,13.75,985.1,87.7
2014-05-26 02:00:00,Bharati,-18.05,5.38,993.5,58.4
2014-05-26 03:00:00,Bharati,-13.63,1.31,1010.3,62.0
2014-05-26 04:00:00,Bharati,-16.87,16.72,985.9,94.3
2014-05-26 05:00:00,Bharati,-17.93,11.86,984.8,69.6
2014-05-26 06:00:00,Bharati,-15.47,8.36,1008.5,85.9
2014-05-26 07:00:00,Bharati,-9.39,9.46,996.4,57.1
2014-05-26 08:00:00,Bharati,-14.43,2.05,992.1,59.3
2014-05-26 09:00:00,Bharati,-18.91,22.74,994.3,63.3
2014-05-26 10:00:00,Bharati,-15.23,5.55,1005.8,51.1
2014-05-26 11:00:00,Bharati,-12.71,11.87,996.7,95.6
2014-05-26 12:00:00,Bharati,-13.02,2.87,991.0,77.9
2014-05-26 13:00:00,Bharati,-13.33,17.94,1007.2,56.9
2014-05-26 14:00:00,Bharati,-12.61,5.55,997.5,27.5
2014-05-26 15:00:00,Bharati,-13.7,18.18,994.3,52.3
2014-05-26 16:00:00,Bharati,-18.07,10.98,1012.7,58.5
2014-05-26 17:00:00,Bharati,-16.78,9.57,1003.1,64.2
2014-05-26 18:00:00,Bharati,-22.02,4.92,999.0,67.2
2014-05-26 19:00:00,Bharati,-14.21,7.6,971.9,63.3
2014-05-26 20:00:00,Bharati,-17.1,6.69,992.0,59.5
2014-05-26 21:00:00,Bharati,-15.38,23.95,982.3,26.7
2014-05-26 22:00:00,Bharati,-16.0,1.02,1010.5,27.5
2014-05-26 23:00:00,Bharati,-14.91,4.75,1013.1,55.6
2014-05-27 00:00:00,Bharati,-13.25,6.29,983.4,77.0
2014-05-27 01:00:00,Bharati,-10.41,12.54,972.4,53.6
2014-05-27 02:00:00,Bharati,-17.63,5.64,980.3,74.7
2014-05-27 03:00:00,Bharati,-22.69,8.64,982.2,45.3
2014-05-27 04:00:00,Bharati,-18.33,7.37,998.1,41.5
2014-05-27 05:00:00,Bharati,-14.09,4.04,975.2,72.9
2014-05-27 06:00:00,Bharati,-19.22,3.62,970.8,55.0
2014-05-27 07:00:00,Bharati,-17.33,10.16,994.0,64.9
2014-05-27 08:00:00,Bharati,-18.71,14.5,996.7,39.0
2014-05-27 09:00:00,Bharati,-15.99,3.3,1004.5,62.6
2014-05-27 10:00:00,Bharati,-14.33,8.77,969.4,74.7
2014-05-27 11:00:00,Bharati,-23.53,5.88,979.1,55.9
2014-05-27 12:00:00,Bharati,-10.99,6.32,999.9,97.8
2014-05-27 13:00:00,Bharati,-16.23,13.1,992.9,78.7
2014-05-27 14:00:00,Bharati,-16.24,31.43,1009.0,61.4
2014-05-27 15:00:00,Bharati,-15.56,9.43,996.0,76.3
2014-05-27 16:00:00,Bharati,-13.67,17.21,1002.2,37.3
2014-05-27 17:00:00,Bharati,-13.3,14.17,994.0,34.4
2014-05-27 18:00:00,Bharati,-11.45,5.12,986.0,72.7
2014-05-27 19:00:00,Bharati,-18.34,5.65,992.6,70.2
2014-05-27 20:00:00,Bharati,-14.55,11.51,993.9,54.9
2014-05-27 21:00:00,Bharati,-14.07,22.14,1010.3,70.4
2014-05-27 22:00:00,Bharati,-20.79,12.35,1004.0,50.3
2014-05-27 23:00:00,Bharati,-15.69,22.08,995.4,62.7
2014-05-28 00:00:00,Bharati,-18.14,8.01,979.8,42.2
2014-05-28 01:00:00,Bharati,-14.86,9.52,999.2,77.4
2014-05-28 02:00:00,Bharati,-15.92,0.75,990.6,76.8
2014-05-28 03:00:00,Bharati,-14.54,8.77,989.3,39.9
2014-05-28 04:00:00,Bharati,-17.8,7.67,971.7,67.5
2014-05-28 05:00:00,Bharati,-18.72,12.4,999.8,81.0
2014-05-28 06:00:00,Bharati,-18.93,0.65,997.8,74.4
2014-05-28 07:00:00,Bharati,-16.49,6.19,959.1,58.6
2014-05-28 08:00:00,Bharati,-18.33,5.71,1018.2,87.2
2014-05-28 09:00:00,Bharati,-19.01,11.92,994.5,88.3
2014-05-28 10:00:00,Bharati,-14.63,13.16,994.7,44.8
2014-05-28 11:00:00,Bharati,-19.09,5.39,992.1,51.8
2014-05-28 12:00:00,Bharati,-13.82,11.62,987.6,40.1
2014-05-28 13:00:00,Bharati,-14.34,16.22,1003.6,47.9
2014-05-28 14:00:00,Bharati,-16.72,22.88,989.9,88.3
2014-05-28 15:00:00,Bharati,-17.24,13.78,997.5,45.3
2014-05-28 16:00:00,Bharati,-11.69,14.17,991.8,67.7
2014-05-28 17:00:00,Bharati,-15.64,20.72,984.1,79.4
2014-05-28 18:00:00,Bharati,-11.14,6.49,1002.9,77.5
2014-05-28 19:00:00,Bharati,-11.76,13.13,998.6,73.4
2014-05-28 20:00:00,Bharati,-13.84,7.17,996.2,88.9
2014-05-28 21:00:00,Bharati,-13.67,3.62,971.1,80.6
2014-05-28 22:00:00,Bharati,-15.87,10.23,996.5,50.2
2014-05-28 23:00:00,Bharati,-19.2,8.6,977.1,65.2
2014-05-29 00:00:00,Bharati,-18.98,8.44,1026.0,58.5
2014-05-29 01:00:00,Bharati,-15.83,32.28,1002.8,66.9
2014-05-29 02:00:00,Bharati,-18.97,4.85,999.8,69.4
2014-05-29 03:00:00,Bharati,-15.27,12.6,987.6,56.3
2014-05-29 04:00:00,Bharati,-15.89,2.07,990.3,50.3
2014-05-29 05:00:00,Bharati,-15.69,2.71,990.4,84.9
2014-05-29 06:00:00,Bharati,-13.78,9.84,996.6,87.2
2014-05-29 07:00:00,Bharati,-13.52,4.75,997.7,91.9
2014-05-29 08:00:00,Bharati,-14.05,24.13,1015.2,83.3
2014-05-29 09:00:00,Bharati,-15.24,12.62,970.1,66.3
2014-05-29 10:00:00,Bharati,-9.45,10.15,1012.8,66.5
2014-05-29 11:00:00,Bharati,-16.32,11.98,974.9,71.9
2014-05-29 12:00:00,Bharati,-9.96,10.9,979.2,65.8
2014-05-29 13:00:00,Bharati,-14.62,4.1,1000.7,56.6
2014-05-29 14:00:00,Bharati,-14.03,19.19,999.9,62.4
2014-05-29 15:00:00,Bharati,-17.1,8.06,983.7,75.2
2014-05-29 16:00:00,Bharati,-11.17,13.33,984.5,72.9
2014-05-29 17:00:00,Bharati,-17.19,7.7,979.5,67.9
2014-05-29 18:00:00,Bharati,-10.53,10.65,1001.8,63.8
2014-05-29 19:00:00,Bharati,-16.43,6.51,994.7,59.6
2014-05-29 20:00:00,Bharati,-15.65,7.09,994.8,56.4
2014-05-29 21:00:00,Bharati,-19.65,19.82,1004.7,78.6
2014-05-29 22:00:00,Bharati,-19.0,5.94,995.3,69.8
2014-05-29 23:00:00,Bharati,-14.26,7.35,991.6,64.7
2014-05-30 00:00:00,Bharati,-16.06,30.24,1009.7,88.2
2014-05-30 01:00:00,Bharati,-15.2,7.92,988.3,73.4
2014-05-30 02:00:00,Bharati,-13.05,16.64,980.2,62.0
2014-05-30 03:00:00,Bharati,-12.14,17.65,996.3,48.4
2014-05-30 04:00:00,Bharati,-18.61,3.82,1020.4,98.0
2014-05-30 05:00:00,Bharati,-18.38,12.56,977.3,29.0
2014-05-30 06:00:00,Bharati,-13.62,3.86,985.4,59.6
2014-05-30 07:00:00,Bharati,-17.39,4.64,1004.0,58.3
2014-05-30 08:00:00,Bharati,-19.23,7.47,993.7,62.4
2014-05-30 09:00:00,Bharati,-18.8,50.02,973.7,86.2
2014-05-30 10:00:00,Bharati,-13.39,15.65,999.2,67.2
2014-05-30 11:00:00,Bharati,-16.43,3.95,994.8,65.7
2014-05-30 12:00:00,Bharati,-13.8,1.62,996.1,78.3
2014-05-30 13:00:00,Bharati,-11.61,19.45,989.6,87.8
2014-05-30 14:00:00,Bharati,-16.61,12.22,986.5,60.6
2014-05-30 15:00:00,Bharati,-13.46,11.47,997.8,75.4
2014-05-30 16:00:00,Bharati,-17.97,2.82,1008.0,68.9
2014-05-30 17:00:00,Bharati,-13.85,28.5,993.8,51.5
2014-05-30 18:00:00,Bharati,-17.93,9.36,1015.7,71.6
2014-05-30 19:00:00,Bharati,-18.6,10.35,972.2,45.2
2014-05-30 20:00:00,Bharati,-16.83,8.77,987.4,40.1
2014-05-30 21:00:00,Bharati,-13.21,4.18,1000.6,37.2
2014-05-30 22:00:00,Bharati,-18.66,2.29,998.9,38.4
2014-05-30 23:00:00,Bharati,-15.32,6.61,985.4,62.2
2014-05-31 00:00:00,Bharati,-18.34,20.84,1003.0,70.5
2014-05-31 01:00:00,Bharati,-18.93,7.59,975.9,89.2
2014-05-31 02:00:00,Bharati,-12.56,20.41,979.4,70.0
2014-05-31 03:00:00,Bharati,-17.57,15.7,998.9,38.7
2014-05-31 04:00:00,Bharati,-11.92,8.01,996.9,53.3
2014-05-31 05:00:00,Bharati,-17.75,13.03,987.9,39.4
2014-05-31 06:00:00,Bharati,-12.71,13.78,993.5,51.4
2014-05-31 07:00:00,Bharati,-14.5,11.32,992.9,85.3
2014-05-31 08:00:00,Bharati,-20.54,9.29,1000.4,42.0
2014-05-31 09:00:00,Bharati,-14.82,12.39,971.0,43.4
2014-05-31 10:00:00,Bharati,-15.63,7.35,987.1,67.2
2014-05-31 11:00:00,Bharati,-18.43,21.86,1000.3,58.7
2014-05-31 12:00:00,Bharati,-13.43,23.97,951.0,59.4
2014-05-31 13:00:00,Bharati,-13.16,6.17,986.4,48.5
2014-05-31 14:00:00,Bharati,-14.7,11.03,985.1,74.9
2014-05-31 15:00:00,Bharati,-16.34,10.67,986.8,50.2
2014-05-31 16:00:00,Bharati,-10.56,18.07,991.2,49.2
2014-05-31 17:00:00,Bharati,-14.79,3.14,988.3,61.7
2014-05-31 18:00:00,Bharati,-12.78,7.41,990.8,48.7
2014-05-31 19:00:00,Bharati,-14.74,7.01,995.8,74.0
2014-05-31 20:00:00,Bharati,-10.56,3.1,989.2,82.1
2014-05-31 21:00:00,Bharati,-15.57,12.17,998.4,71.3
2014-05-31 22:00:00,Bharati,-14.55,19.85,996.6,56.0
2014-05-31 23:00:00,Bharati,-8.7,3.81,1011.0,49.2
2014-06-01 00:00:00,Bharati,-14.37,5.07,996.0,83.8
2014-06-01 01:00:00,Bharati,-13.25,8.05,999.1,70.1
2014-06-01 02:00:00,Bharati,-15.55,6.22,982.6,47.6
2014-06-01 03:00:00,Bharati,-19.17,14.59,992.8,80.7
2014-06-01 04:00:00,Bharati,-22.05,4.4,999.9,60.9
2014-06-01 05:00:00,Bharati,-10.88,15.98,996.6,74.9
2014-06-01 06:00:00,Bharati,-15.45,17.64,964.9,42.7
2014-06-01 07:00:00,Bharati,-11.86,14.03,990.7,84.2
2014-06-01 08:00:00,Bharati,-17.2,10.3,977.6,76.0
2014-06-01 09:00:00,Bharati,-11.63,2.44,988.0,50.6
2014-06-01 10:00:00,Bharati,-18.75,5.51,989.5,43.9
2014-06-01 11:00:00,Bharati,-17.75,11.39,1016.2,69.6
2014-06-01 12:00:00,Bharati,-14.97,9.86,1002.1,87.4
2014-06-01 13:00:00,Bharati,-14.19,8.19,1002.2,54.4
2014-06-01 14:00:00,Bharati,-13.92,19.23,990.2,81.1
2014-06-01 15:00:00,Bharati,-15.05,14.64,978.4,67.1
2014-06-01 16:00:00,Bharati,-16.55,19.9,972.7,70.8
2014-06-01 17:00:00,Bharati,-14.23,12.47,999.7,66.6
2014-06-01 18:00:00,Bharati,-18.87,11.14,976.2,65.1
2014-06-01 19:00:00,Bharati,-15.8,16.76,1002.1,89.0
2014-06-01 20:00:00,Bharati,-15.93,7.46,971.8,60.9
2014-06-01 21:00:00,Bharati,-11.18,25.75,998.1,66.0
2014-06-01 22:00:00,Bharati,-15.89,18.38,979.5,67.6
2014-06-01 23:00:00,Bharati,-18.58,9.79,1022.0,61.2
2014-06-02 00:00:00,Bharati,-14.92,14.68,989.7,47.1
2014-06-02 01:00:00,Bharati,-11.77,18.32,1012.8,43.8
2014-06-02 02:00:00,Bharati,-17.84,21.73,997.8,37.4
2014-06-02 03:00:00,Bharati,-15.19,7.89,984.7,67.9
2014-06-02 04:00:00,Bharati,-18.85,9.49,986.2,83.4
2014-06-02 05:00:00,Bharati,-19.54,13.74,1004.3,53.7
2014-06-02 06:00:00,Bharati,-18.33,12.31,1001.9,56.0
2014-06-02 07:00:00,Bharati,-11.69,9.8,974.7,45.1
2014-06-02 08:00:00,Bharati,-18.33,13.59,988.4,57.7
2014-06-02 09:00:00,Bharati,-21.0,11.22,998.4,57.1
2014-06-02 10:00:00,Bharati,-19.07,18.64,990.9,88.5
2014-06-02 11:00:00,Bharati,-19.69,11.8,966.0,45.2
2014-06-02 12:00:00,Bharati,-15.23,6.1,994.8,80.1
2014-06-02 13:00:00,Bharati,-10.65,6.49,993.5,53.3
2014-06-02 14:00:00,Bharati,-17.56,4.68,1002.2,49.4
2014-06-02 15:00:00,Bharati,-18.99,8.94,986.6,59.7
2014-06-02 16:00:00,Bharati,-15.4,7.14,999.7,49.3
2014-06-02 17:00:00,Bharati,-15.16,19.67,981.7,40.6
2014-06-02 18:00:00,Bharati,-11.66,7.49,992.7,56.5
2014-06-02 19:00:00,Bharati,-16.75,9.34,987.7,64.6
2014-06-02 20:00:00,Bharati,-10.54,13.02,975.8,82.9
2014-06-02 21:00:00,Bharati,-16.07,21.19,997.1,67.6
2014-06-02 22:00:00,Bharati,-18.71,26.59,999.5,72.2
2014-06-02 23:00:00,Bharati,-18.79,13.02,977.7,60.0
2014-06-03 00:00:00,Bharati,-19.35,1.59,985.6,58.0
2014-06-03 01:00:00,Bharati,-15.4,3.95,1001.8,38.2
2014-06-03 02:00:00,Bharati,-21.19,10.3,993.5,55.7
2014-06-03 03:00:00,Bharati,-12.8,2.3,1004.9,75.9
2014-06-03 04:00:00,Bharati,-11.14,12.84,1013.1,45.2
2014-06-03 05:00:00,Bharati,-17.56,5.49,968.1,61.7
2014-06-03 06:00:00,Bharati,-20.1,2.74,972.5,64.0
2014-06-03 07:00:00,Bharati,-17.86,4.72,990.3,27.1
2014-06-03 08:00:00,Bharati,-13.53,7.5,997.6,43.7
2014-06-03 09:00:00,Bharati,-16.71,5.6,986.4,66.7
2014-06-03 10:00:00,Bharati,-14.93,4.32,996.9,56.9
2014-06-03 11:00:00,Bharati,-15.35,19.96,982.5,75.7
2014-06-03 12:00:00,Bharati,-21.16,14.34,953.9,64.1
2014-06-03 13:00:00,Bharati,-14.77,11.1,982.3,69.5
2014-06-03 14:00:00,Bharati,-12.1,7.46,999.3,48.5
2014-06-03 15:00:00,Bharati,-18.52,7.14,974.8,55.3
2014-06-03 16:00:00,Bharati,-14.74,14.83,1007.4,45.3
2014-06-03 17:00:00,Bharati,-18.63,19.1,980.2,59.7
2014-06-03 18:00:00,Bharati,-20.36,11.28,988.9,49.2
2014-06-03 19:00:00,Bharati,-14.05,2.21,988.9,53.9
2014-06-03 20:00:00,Bharati,-14.82,20.02,997.9,49.5
2014-06-03 21:00:00,Bharati,-19.42,21.71,970.7,57.2
2014-06-03 22:00:00,Bharati,-21.15,5.84,1010.4,53.6
2014-06-03 23:00:00,Bharati,-20.24,5.54,1021.9,52.6
2014-06-04 00:00:00,Bharati,-16.16,3.6,972.9,72.7
2014-06-04 01:00:00,Bharati,-15.56,5.76,973.0,69.1
2014-06-04 02:00:00,Bharati,-16.67,18.86,971.4,39.4
2014-06-04 03:00:00,Bharati,-16.09,5.08,989.8,62.1
2014-06-04 04:00:00,Bharati,-14.2,10.61,989.5,22.0
2014-06-04 05:00:00,Bharati,-14.81,4.41,985.3,85.6
2014-06-04 06:00:00,Bharati,-17.26,5.22,992.9,71.0
2014-06-04 07:00:00,Bharati,-17.33,5.48,991.8,72.0
2014-06-04 08:00:00,Bharati,-20.58,7.03,1025.1,63.1
2014-06-04 09:00:00,Bharati,-13.18,4.95,985.5,68.3
2014-06-04 10:00:00,Bharati,-16.98,10.6,990.0,55.7
2014-06-04 11:00:00,Bharati,-11.68,8.65,974.2,68.5
2014-06-04 12:00:00,Bharati,-17.25,6.86,983.3,63.4
2014-06-04 13:00:00,Bharati,-16.73,6.04,984.2,65.7
2014-06-04 14:00:00,Bharati,-19.15,13.42,977.3,85.7
2014-06-04 15:00:00,Bharati,-15.09,4.78,991.1,48.7
2014-06-04 16:00:00,Bharati,-12.92,9.61,1001.6,79.9
2014-06-04 17:00:00,Bharati,-15.12,8.06,999.8,48.7
2014-06-04 18:00:00,Bharati,-11.33,12.3,983.8,66.6
2014-06-04 19:00:00,Bharati,-16.23,16.19,982.2,49.4
2014-06-04 20:00:00,Bharati,-18.95,5.72,981.3,61.0
2014-06-04 21:00:00,Bharati,-17.15,10.98,987.1,58.6
2014-06-04 22:00:00,Bharati,-12.84,9.98,993.8,53.4
2014-06-04 23:00:00,Bharati,-16.3,5.39,1006.2,57.7
2014-06-05 00:00:00,Bharati,-14.73,14.37,972.2,71.9
2014-06-05 01:00:00,Bharati,-17.33,17.57,983.7,55.1
2014-06-05 02:00:00,Bharati,-16.29,28.18,997.0,34.5
2014-06-05 03:00:00,Bharati,-15.47,8.81,983.8,60.8
2014-06-05 04:00:00,Bharati,-17.3,12.4,1012.7,46.0
2014-06-05 05:00:00,Bharati,-18.23,22.02,1008.1,95.6
2014-06-05 06:00:00,Bharati,-15.36,5.41,998.2,57.0
2014-06-05 07:00:00,Bharati,-13.14,10.91,994.4,85.7
2014-06-05 08:00:00,Bharati,-21.38,20.08,1012.7,98.0
2014-06-05 09:00:00,Bharati,-20.31,10.14,1011.3,51.5
2014-06-05 10:00:00,Bharati,-19.19,7.87,980.2,63.8
2014-06-05 11:00:00,Bharati,-16.43,19.21,982.7,52.6
2014-06-05 12:00:00,Bharati,-12.97,14.9,994.2,56.2
2014-06-05 13:00:00,Bharati,-21.96,6.47,988.7,67.2
2014-06-05 14:00:00,Bharati,-21.4,13.7,1019.2,73.3
2014-06-05 15:00:00,Bharati,-18.25,4.92,983.7,45.1
2014-06-05 16:00:00,Bharati,-11.25,4.89,995.0,71.5
2014-06-05 17:00:00,Bharati,-12.87,13.58,999.3,54.3
2014-06-05 18:00:00,Bharati,-16.32,0.61,999.8,64.8
2014-06-05 19:00:00,Bharati,-20.98,9.23,995.8,46.9
2014-06-05 20:00:00,Bharati,-12.13,8.85,1008.3,61.1
2014-06-05 21:00:00,Bharati,-18.65,7.78,993.2,46.5
2014-06-05 22:00:00,Bharati,-11.11,23.47,966.2,26.4
2014-06-05 23:00:00,Bharati,-19.03,18.23,994.2,74.8
2014-06-06 00:00:00,Bharati,-14.04,10.82,1010.0,48.1
2014-06-06 01:00:00,Bharati,-18.01,4.33,1006.6,53.8
2014-06-06 02:00:00,Bharati,-20.94,5.36,980.1,34.1
2014-06-06 03:00:00,Bharati,-17.83,6.25,985.1,73.3
2014-06-06 04:00:00,Bharati,-13.84,3.48,982.5,41.5
2014-06-06 05:00:00,Bharati,-22.88,11.39,974.8,75.1
2014-06-06 06:00:00,Bharati,-19.19,9.18,1001.5,86.3
2014-06-06 07:00:00,Bharati,-14.82,3.33,984.3,81.9
2014-06-06 08:00:00,Bharati,-14.02,7.98,991.1,76.5
2014-06-06 09:00:00,Bharati,-17.88,3.88,985.3,58.8
2014-06-06 10:00:00,Bharati,-14.1,5.98,994.5,64.8
2014-06-06 11:00:00,Bharati,-11.78,12.75,974.1,74.0
2014-06-06 12:00:00,Bharati,-13.2,5.81,999.5,62.2
2014-06-06 13:00:00,Bharati,-15.46,14.22,992.7,56.1
2014-06-06 14:00:00,Bharati,-23.22,5.24,994.0,87.7
2014-06-06 15:00:00,Bharati,-14.38,12.72,981.4,51.9
2014-06-06 16:00:00,Bharati,-15.54,5.54,986.9,31.9
2014-06-06 17:00:00,Bharati,-15.56,12.56,990.6,74.7
2014-06-06 18:00:00,Bharati,-13.72,16.75,1000.5,65.0
2014-06-06 19:00:00,Bharati,-17.36,14.52,966.9,52.5
2014-06-06 20:00:00,Bharati,-13.85,15.74,993.8,42.9
2014-06-06 21:00:00,Bharati,-16.07,9.12,982.1,49.2
2014-06-06 22:00:00,Bharati,-16.92,7.77,979.2,61.6
2014-06-06 23:00:00,Bharati,-19.72,11.83,974.3,65.5
2014-06-07 00:00:00,Bharati,-20.89,14.35,1011.0,28.6
2014-06-07 01:00:00,Bharati,-16.54,19.19,988.2,63.1
2014-06-07 02:00:00,Bharati,-17.36,22.3,990.9,67.2
2014-06-07 03:00:00,Bharati,-17.33,4.81,1002.3,58.8
2014-06-07 04:00:00,Bharati,-16.13,13.86,1020.0,76.3
2014-06-07 05:00:00,Bharati,-13.68,6.7,985.3,55.8
2014-06-07 06:00:00,Bharati,-13.88,14.82,979.7,39.7
2014-06-07 07:00:00,Bharati,-18.96,14.33,987.5,34.9
2014-06-07 08:00:00,Bharati,-17.8,12.7,983.3,75.7
2014-06-07 09:00:00,Bharati,-16.3,11.67,977.4,66.7
2014-06-07 10:00:00,Bharati,-16.25,5.89,992.1,58.8
2014-06-07 11:00:00,Bharati,-17.52,11.76,974.6,64.0
2014-06-07 12:00:00,Bharati,-18.08,6.22,999.4,35.4
2014-06-07 13:00:00,Bharati,-15.15,3.7,983.6,88.8
2014-06-07 14:00:00,Bharati,-11.98,13.14,1001.1,55.0
2014-06-07 15:00:00,Bharati,-14.2,4.56,997.3,80.9
2014-06-07 16:00:00,Bharati,-18.89,19.25,989.1,68.1
2014-06-07 17:00:00,Bharati,-16.34,26.43,1025.8,43.7
2014-06-07 18:00:00,Bharati,-16.91,7.15,1004.9,57.0
2014-06-07 19:00:00,Bharati,-15.86,17.32,978.4,22.0
2014-06-07 20:00:00,Bharati,-20.29,6.5,986.1,47.1
2014-06-07 21:00:00,Bharati,-16.84,4.44,975.3,85.9
2014-06-07 22:00:00,Bharati,-15.11,3.45,989.5,62.6
2014-06-07 23:00:00,Bharati,-12.5,5.79,987.8,61.0
2014-06-08 00:00:00,Bharati,-16.18,17.63,994.6,66.8
2014-06-08 01:00:00,Bharati,-17.33,13.44,1012.2,42.1
2014-06-08 02:00:00,Bharati,-16.16,8.13,986.6,32.0
2014-06-08 03:00:00,Bharati,-22.21,14.26,994.6,66.8
2014-06-08 04:00:00,Bharati,-16.8,8.18,998.9,58.3
2014-06-08 05:00:00,Bharati,-17.32,3.72,1009.0,64.5
2014-06-08 06:00:00,Bharati,-14.14,39.53,971.3,77.5
2014-06-08 07:00:00,Bharati,-16.1,10.35,980.8,60.2
2014-06-08 08:00:00,Bharati,-20.29,7.25,996.4,61.1
2014-06-08 09:00:00,Bharati,-14.42,9.2,1004.5,48.9
2014-06-08 10:00:00,Bharati,-21.39,13.46,993.0,49.4
2014-06-08 11:00:00,Bharati,-16.91,16.03,987.7,61.9
2014-06-08 12:00:00,Bharati,-15.39,14.07,996.1,50.8
2014-06-08 13:00:00,Bharati,-17.77,7.65,985.9,75.8
2014-06-08 14:00:00,Bharati,-18.99,9.76,1004.3,59.4
2014-06-08 15:00:00,Bharati,-15.06,16.9,1014.2,53.2
2014-06-08 16:00:00,Bharati,-17.64,11.26,996.7,39.0
2014-06-08 17:00:00,Bharati,-20.75,7.46,986.5,66.1
2014-06-08 18:00:00,Bharati,-18.02,7.48,985.0,60.4
2014-06-08 19:00:00,Bharati,-14.2,4.5,993.5,33.1
2014-06-08 20:00:00,Bharati,-18.23,12.91,988.8,78.1
2014-06-08 21:00:00,Bharati,-16.22,27.12,1005.3,42.2
2014-06-08 22:00:00,Bharati,-16.71,1.31,1004.2,57.1
2014-06-08 23:00:00,Bharati,-13.99,3.22,998.5,71.7
2014-06-09 00:00:00,Bharati,-12.72,10.01,987.1,57.6
2014-06-09 01:00:00,Bharati,-19.71,11.03,991.2,65.2
2014-06-09 02:00:00,Bharati,-12.78,2.55,999.8,67.3
2014-06-09 03:00:00,Bharati,-15.82,18.63,986.6,76.2
2014-06-09 04:00:00,Bharati,-20.54,15.3,990.5,64.0
2014-06-09 05:00:00,Bharati,-21.32,20.95,1007.1,64.8
2014-06-09 06:00:00,Bharati,-18.64,20.96,986.5,85.7
2014-06-09 07:00:00,Bharati,-15.65,7.93,993.1,69.7
2014-06-09 08:00:00,Bharati,-17.5,3.96,992.6,70.1
2014-06-09 09:00:00,Bharati,-20.34,4.16,1006.1,46.4
2014-06-09 10:00:00,Bharati,-21.57,17.75,978.7,46.3
2014-06-09 11:00:00,Bharati,-10.61,5.27,1010.4,46.7
2014-06-09 12:00:00,Bharati,-16.17,43.95,997.0,50.4
2014-06-09 13:00:00,Bharati,-10.74,4.64,992.7,42.2
2014-06-09 14:00:00,Bharati,-19.52,5.69,983.5,28.4
2014-06-09 15:00:00,Bharati,-13.33,3.79,981.3,44.7
2014-06-09 16:00:00,Bharati,-11.89,7.52,989.0,79.4
2014-06-09 17:00:00,Bharati,-12.62,16.73,972.3,50.9
2014-06-09 18:00:00,Bharati,-19.98,15.8,991.0,75.5
2014-06-09 19:00:00,Bharati,-14.47,17.19,988.3,42.2
2014-06-09 20:00:00,Bharati,-22.94,14.32,982.2,69.5
2014-06-09 21:00:00,Bharati,-19.5,3.81,983.9,76.6
2014-06-09 22:00:00,Bharati,-15.54,24.27,1008.8,65.4
2014-06-09 23:00:00,Bharati,-15.11,11.96,989.9,92.1
2014-06-10 00:00:00,Bharati,-18.59,9.72,998.4,75.2
2014-06-10 01:00:00,Bharati,-15.03,7.98,986.0,40.2
2014-06-10 02:00:00,Bharati,-20.55,3.85,987.0,63.4
2014-06-10 03:00:00,Bharati,-22.54,8.71,991.5,72.9
2014-06-10 04:00:00,Bharati,-22.82,7.35,961.3,76.3
2014-06-10 05:00:00,Bharati,-13.89,21.79,987.0,42.6
2014-06-10 06:00:00,Bharati,-16.58,9.05,1004.5,64.6
2014-06-10 07:00:00,Bharati,-20.09,14.42,995.8,68.9
2014-06-10 08:00:00,Bharati,-23.05,16.59,991.5,71.6
2014-06-10 09:00:00,Bharati,-16.25,12.43,999.0,53.0
2014-06-10 10:00:00,Bharati,-13.63,12.62,996.7,78.7
2014-06-10 11:00:00,Bharati,-14.73,9.52,1017.6,22.3
2014-06-10 12:00:00,Bharati,-16.59,6.71,996.0,49.4
2014-06-10 13:00:00,Bharati,-18.8,2.46,988.7,32.7
2014-06-10 14:00:00,Bharati,-18.31,4.73,996.3,92.9
2014-06-10 15:00:00,Bharati,-13.74,6.79,983.0,82.7
2014-06-10 16:00:00,Bharati,-20.12,10.56,982.6,60.7
2014-06-10 17:00:00,Bharati,-18.35,5.1,978.2,67.8
2014-06-10 18:00:00,Bharati,-12.66,5.4,979.8,47.6
2014-06-10 19:00:00,Bharati,-14.77,25.08,992.7,53.5
2014-06-10 20:00:00,Bharati,-19.05,6.66,990.7,71.2
2014-06-10 21:00:00,Bharati,-18.1,5.34,982.6,81.3
2014-06-10 22:00:00,Bharati,-15.43,4.56,994.1,76.0
2014-06-10 23:00:00,Bharati,-20.26,5.92,987.0,79.7
2014-06-11 00:00:00,Bharati,-21.95,12.56,982.5,70.9
2014-06-11 01:00:00,Bharati,-19.09,11.2,1014.9,55.7
2014-06-11 02:00:00,Bharati,-16.09,4.3,1011.0,91.3
2014-06-11 03:00:00,Bharati,-14.55,8.0,990.9,86.0
2014-06-11 04:00:00,Bharati,-15.45,3.71,975.5,82.2
2014-06-11 05:00:00,Bharati,-19.48,0.78,979.9,53.0
2014-06-11 06:00:00,Bharati,-16.32,17.49,1004.4,65.4
2014-06-11 07:00:00,Bharati,-20.09,10.18,999.8,65.0
2014-06-11 08:00:00,Bharati,-17.09,13.09,1003.1,53.3
2014-06-11 09:00:00,Bharati,-16.98,12.61,964.2,78.9
2014-06-11 10:00:00,Bharati,-16.12,11.18,1003.9,67.2
2014-06-11 11:00:00,Bharati,-19.04,12.56,1004.9,62.8
2014-06-11 12:00:00,Bharati,-17.96,4.5,1010.3,65.3
2014-06-11 13:00:00,Bharati,-18.01,10.68,996.5,50.6
2014-06-11 14:00:00,Bharati,-17.31,3.83,978.0,74.6
2014-06-11 15:00:00,Bharati,-23.83,2.07,992.2,44.0
2014-06-11 16:00:00,Bharati,-17.09,22.47,1005.5,63.4
2014-06-11 17:00:00,Bharati,-17.98,7.7,1015.1,70.4
2014-06-11 18:00:00,Bharati,-21.93,7.97,984.1,65.1
2014-06-11 19:00:00,Bharati,-19.69,10.16,993.7,88.1
2014-06-11 20:00:00,Bharati,-16.65,2.47,987.3,71.2
2014-06-11 21:00:00,Bharati,-12.87,5.28,984.7,70.4
2014-06-11 22:00:00,Bharati,-15.89,17.09,1009.8,39.6
2014-06-11 23:00:00,Bharati,-15.64,6.63,1002.2,47.0
2014-06-12 00:00:00,Bharati,-13.73,10.42,987.1,49.7
2014-06-12 01:00:00,Bharati,-19.32,9.77,984.1,68.6
2014-06-12 02:00:00,Bharati,-17.56,7.82,1001.7,60.1
2014-06-12 03:00:00,Bharati,-14.58,10.42,1010.1,41.0
2014-06-12 04:00:00,Bharati,-27.51,11.67,993.1,60.7
2014-06-12 05:00:00,Bharati,-21.84,8.02,1000.2,68.6
2014-06-12 06:00:00,Bharati,-13.7,9.14,984.9,51.5
2014-06-12 07:00:00,Bharati,-17.0,17.45,977.1,44.9
2014-06-12 08:00:00,Bharati,-14.51,7.15,974.2,67.7
2014-06-12 09:00:00,Bharati,-20.24,7.52,1001.0,55.7
2014-06-12 10:00:00,Bharati,-19.85,5.15,962.3,75.9
2014-06-12 11:00:00,Bharati,-19.75,4.1,982.3,76.5
2014-06-12 12:00:00,Bharati,-16.01,10.88,986.0,79.3
2014-06-12 13:00:00,Bharati,-20.58,11.57,983.9,36.0
2014-06-12 14:00:00,Bharati,-17.49,6.57,1001.8,56.3
2014-06-12 15:00:00,Bharati,-15.74,12.97,972.7,61.0
2014-06-12 16:00:00,Bharati,-15.56,5.12,982.2,67.4
2014-06-12 17:00:00,Bharati,-13.94,5.1,992.0,73.1
2014-06-12 18:00:00,Bharati,-21.1,7.65,1006.1,78.7
2014-06-12 19:00:00,Bharati,-15.63,6.67,985.3,62.8
2014-06-12 20:00:00,Bharati,-13.65,12.83,997.8,41.0
2014-06-12 21:00:00,Bharati,-19.4,19.51,997.9,73.6
2014-06-12 22:00:00,Bharati,-16.56,21.07,994.9,42.7
2014-06-12 23:00:00,Bharati,-12.82,14.02,992.1,32.9
2014-06-13 00:00:00,Bharati,-16.02,3.06,982.1,76.9
2014-06-13 01:00:00,Bharati,-14.93,5.07,990.4,56.9
2014-06-13 02:00:00,Bharati,-18.17,7.19,984.0,68.3
2014-06-13 03:00:00,Bharati,-19.05,8.82,989.3,66.0
2014-06-13 04:00:00,Bharati,-17.21,5.85,1004.6,89.9
2014-06-13 05:00:00,Bharati,-21.58,10.87,1002.6,59.2
2014-06-13 06:00:00,Bharati,-21.68,6.03,1010.0,81.8
2014-06-13 07:00:00,Bharati,-25.4,13.47,985.2,61.7
2014-06-13 08:00:00,Bharati,-18.58,2.91,987.7,76.4
2014-06-13 09:00:00,Bharati,-19.09,12.26,991.8,56.3
2014-06-13 10:00:00,Bharati,-18.08,4.31,993.3,65.1
2014-06-13 11:00:00,Bharati,-13.44,10.45,999.0,79.8
2014-06-13 12:00:00,Bharati,-20.45,5.62,1014.4,65.1
2014-06-13 13:00:00,Bharati,-16.39,5.86,997.9,74.6
2014-06-13 14:00:00,Bharati,-13.7,5.77,990.7,62.4
2014-06-13 15:00:00,Bharati,-20.46,12.68,1006.5,56.5
2014-06-13 16:00:00,Bharati,-15.92,4.5,996.6,43.7
2014-06-13 17:00:00,Bharati,-15.19,3.49,983.8,71.3
2014-06-13 18:00:00,Bharati,-19.72,6.37,993.7,72.7
2014-06-13 19:00:00,Bharati,-18.65,7.99,986.3,58.4
2014-06-13 20:00:00,Bharati,-25.16,2.74,968.1,46.2
2014-06-13 21:00:00,Bharati,-16.81,4.87,1000.0,71.6
2014-06-13 22:00:00,Bharati,-18.89,14.78,995.4,53.4
2014-06-13 23:00:00,Bharati,-17.26,11.75,969.1,44.1
2014-06-14 00:00:00,Bharati,-22.52,32.39,1019.9,54.3
2014-06-14 01:00:00,Bharati,-13.08,4.34,973.3,57.0
2014-06-14 02:00:00,Bharati,-22.59,21.78,996.4,90.5
2014-06-14 03:00:00,Bharati,-20.82,10.5,983.0,71.1
2014-06-14 04:00:00,Bharati,-20.47,11.34,978.5,67.6
2014-06-14 05:00:00,Bharati,-16.78,9.3,989.3,91.5
2014-06-14 06:00:00,Bharati,-21.21,7.29,983.4,30.8
2014-06-14 07:00:00,Bharati,-19.77,1.09,1001.0,38.9
2014-06-14 08:00:00,Bharati,-15.79,10.27,995.3,68.2
2014-06-14 09:00:00,Bharati,-21.27,10.78,1025.3,67.0
2014-06-14 10:00:00,Bharati,-19.82,7.94,993.0,76.5
2014-06-14 11:00:00,Bharati,-17.56,8.73,988.4,63.7
2014-06-14 12:00:00,Bharati,-20.16,6.42,977.3,66.1
2014-06-14 13:00:00,Bharati,-15.22,7.78,990.3,65.8
2014-06-14 14:00:00,Bharati,-17.24,6.86,1013.6,50.8
2014-06-14 15:00:00,Bharati,-17.91,10.12,998.1,67.1
2014-06-14 16:00:00,Bharati,-20.87,14.3,973.1,32.5
2014-06-14 17:00:00,Bharati,-19.24,7.89,989.5,77.6
2014-06-14 18:00:00,Bharati,-17.51,12.46,989.2,83.8
2014-06-14 19:00:00,Bharati,-15.97,6.73,983.1,73.8
2014-06-14 20:00:00,Bharati,-17.74,15.63,996.6,50.5
2014-06-14 21:00:00,Bharati,-17.64,14.48,997.5,65.5
2014-06-14 22:00:00,Bharati,-16.34,22.58,1005.3,49.1
2014-06-14 23:00:00,Bharati,-13.46,5.9,1003.7,59.5
2014-06-15 00:00:00,Bharati,-18.24,14.06,988.7,93.4
2014-06-15 01:00:00,Bharati,-21.9,7.97,1001.5,64.2
2014-06-15 02:00:00,Bharati,-17.81,6.27,1004.5,74.7
2014-06-15 03:00:00,Bharati,-19.39,9.94,998.3,82.6
2014-06-15 04:00:00,Bharati,-14.34,17.34,1001.5,95.1
2014-06-15 05:00:00,Bharati,-16.22,14.52,995.6,59.5
2014-06-15 06:00:00,Bharati,-20.06,5.24,982.5,61.8
2014-06-15 07:00:00,Bharati,-17.87,6.55,963.5,63.6
2014-06-15 08:00:00,Bharati,-15.35,7.28,995.1,68.0
2014-06-15 09:00:00,Bharati,-21.87,7.72,989.5,56.3
2014-06-15 10:00:00,Bharati,-14.86,10.96,1000.1,56.6
2014-06-15 11:00:00,Bharati,-8.12,13.25,999.5,52.3
2014-06-15 12:00:00,Bharati,-14.24,15.22,980.6,81.2
2014-06-15 13:00:00,Bharati,-21.12,14.8,1008.6,65.8
2014-06-15 14:00:00,Bharati,-19.73,5.33,982.1,23.7
2014-06-15 15:00:00,Bharati,-17.13,23.61,1009.6,40.9
2014-06-15 16:00:00,Bharati,-12.25,3.32,1000.6,43.3
2014-06-15 17:00:00,Bharati,-19.22,15.89,988.2,71.8
2014-06-15 18:00:00,Bharati,-14.04,5.95,992.3,71.4
2014-06-15 19:00:00,Bharati,-24.28,11.11,1008.9,51.0
2014-06-15 20:00:00,Bharati,-13.55,3.93,1005.9,61.6
2014-06-15 21:00:00,Bharati,-19.31,12.84,966.8,55.3
2014-06-15 22:00:00,Bharati,-19.37,7.11,999.6,57.3
2014-06-15 23:00:00,Bharati,-15.85,13.63,1000.0,59.9
2014-06-16 00:00:00,Bharati,-17.82,7.75,988.9,42.8
2014-06-16 01:00:00,Bharati,-10.96,5.78,991.0,62.3
2014-06-16 02:00:00,Bharati,-16.65,9.05,988.2,41.8
2014-06-16 03:00:00,Bharati,-22.5,2.42,991.9,71.8
2014-06-16 04:00:00,Bharati,-16.33,7.97,974.6,61.8
2014-06-16 05:00:00,Bharati,-17.19,19.63,974.6,49.3
2014-06-16 06:00:00,Bharati,-13.42,8.83,972.8,56.6
2014-06-16 07:00:00,Bharati,-23.79,6.93,992.1,55.8
2014-06-16 08:00:00,Bharati,-20.92,2.21,994.1,67.1
2014-06-16 09:00:00,Bharati,-18.09,9.4,989.8,62.8
2014-06-16 10:00:00,Bharati,-17.26,10.04,1007.5,56.4
2014-06-16 11:00:00,Bharati,-19.82,22.68,990.6,40.1
2014-06-16 12:00:00,Bharati,-19.54,8.83,986.8,66.0
2014-06-16 13:00:00,Bharati,-17.81,3.83,1003.3,79.1
2014-06-16 14:00:00,Bharati,-19.74,3.72,1002.8,57.6
2014-06-16 15:00:00,Bharati,-18.98,4.73,983.1,39.0
2014-06-16 16:00:00,Bharati,-11.35,22.72,999.6,88.2
2014-06-16 17:00:00,Bharati,-15.95,12.82,985.8,47.3
2014-06-16 18:00:00,Bharati,-16.72,14.37,986.6,57.5
2014-06-16 19:00:00,Bharati,-20.15,20.24,1001.6,69.7
2014-06-16 20:00:00,Bharati,-21.84,11.38,982.1,65.9
2014-06-16 21:00:00,Bharati,-20.13,10.95,1002.8,79.4
2014-06-16 22:00:00,Bharati,-19.55,8.18,1009.4,75.7
2014-06-16 23:00:00,Bharati,-15.88,7.76,988.2,74.8
2014-06-17 00:00:00,Bharati,-12.74,7.95,982.5,93.1
2014-06-17 01:00:00,Bharati,-22.03,6.95,997.0,63.1
2014-06-17 02:00:00,Bharati,-17.58,9.52,1004.8,74.6
2014-06-17 03:00:00,Bharati,-18.38,2.86,1000.4,79.8
2014-06-17 04:00:00,Bharati,-22.64,12.24,987.4,90.7
2014-06-17 05:00:00,Bharati,-20.21,11.53,1008.4,79.7
2014-06-17 06:00:00,Bharati,-17.56,3.44,1000.8,79.3
2014-06-17 07:00:00,Bharati,-23.03,6.43,988.6,56.8
2014-06-17 08:00:00,Bharati,-16.86,12.73,970.3,59.9
2014-06-17 09:00:00,Bharati,-13.65,6.73,999.0,44.5
2014-06-17 10:00:00,Bharati,-19.31,13.76,1005.6,71.5
2014-06-17 11:00:00,Bharati,-19.82,3.31,999.2,59.7
2014-06-17 12:00:00,Bharati,-19.16,3.26,977.4,58.0
2014-06-17 13:00:00,Bharati,-22.16,8.83,973.8,58.2
2014-06-17 14:00:00,Bharati,-16.66,10.66,977.9,63.8
2014-06-17 15:00:00,Bharati,-20.27,5.25,978.9,64.9
2014-06-17 16:00:00,Bharati,-18.56,16.42,970.7,50.4
2014-06-17 17:00:00,Bharati,-17.68,14.02,1008.6,55.2
2014-06-17 18:00:00,Bharati,-20.19,11.41,980.9,35.0
2014-06-17 19:00:00,Bharati,-22.09,7.33,984.2,52.5
2014-06-17 20:00:00,Bharati,-17.45,8.49,1009.1,68.3
2014-06-17 21:00:00,Bharati,-15.08,26.52,999.7,65.5
2014-06-17 22:00:00,Bharati,-14.02,14.18,1014.5,71.0
2014-06-17 23:00:00,Bharati,-22.87,6.39,990.2,68.7
2014-06-18 00:00:00,Bharati,-22.96,5.49,994.3,69.9
2014-06-18 01:00:00,Bharati,-15.55,6.22,958.9,58.4
2014-06-18 02:00:00,Bharati,-17.12,3.2,1000.8,70.2
2014-06-18 03:00:00,Bharati,-18.24,12.7,1007.7,66.6
2014-06-18 04:00:00,Bharati,-18.81,8.74,1005.8,54.2
2014-06-18 05:00:00,Bharati,-16.73,29.29,1004.7,84.0
2014-06-18 06:00:00,Bharati,-19.7,20.6,981.8,74.0
2014-06-18 07:00:00,Bharati,-14.83,8.91,1008.4,52.0
2014-06-18 08:00:00,Bharati,-17.45,10.94,1007.3,55.4
2014-06-18 09:00:00,Bharati,-17.74,7.6,995.9,70.5
2014-06-18 10:00:00,Bharati,-23.23,13.51,998.8,90.8
2014-06-18 11:00:00,Bharati,-16.25,3.41,989.9,45.0
2014-06-18 12:00:00,Bharati,-20.91,13.01,988.7,58.8
2014-06-18 13:00:00,Bharati,-17.67,10.2,990.9,52.4
2014-06-18 14:00:00,Bharati,-15.09,8.9,1014.5,42.7
2014-06-18 15:00:00,Bharati,-17.15,4.55,990.5,69.7
2014-06-18 16:00:00,Bharati,-15.42,3.97,996.2,63.6
2014-06-18 17:00:00,Bharati,-16.36,11.28,981.6,61.4
2014-06-18 18:00:00,Bharati,-19.91,7.58,990.9,90.4
2014-06-18 19:00:00,Bharati,-20.23,11.05,985.2,24.4
2014-06-18 20:00:00,Bharati,-16.99,4.06,1019.6,52.1
2014-06-18 21:00:00,Bharati,-20.26,2.18,994.1,82.4
2014-06-18 22:00:00,Bharati,-25.05,5.73,972.9,54.7
2014-06-18 23:00:00,Bharati,-18.18,15.93,983.1,48.7
2014-06-19 00:00:00,Bharati,-12.74,9.46,997.7,35.8
2014-06-19 01:00:00,Bharati,-17.04,6.17,973.2,61.4
2014-06-19 02:00:00,Bharati,-20.98,7.93,985.5,57.8
2014-06-19 03:00:00,Bharati,-14.55,9.5,995.3,47.2
2014-06-19 04:00:00,Bharati,-18.24,17.57,990.2,37.3
2014-06-19 05:00:00,Bharati,-11.2,6.55,997.9,56.6
2014-06-19 06:00:00,Bharati,-19.46,7.57,995.7,53.5
2014-06-19 07:00:00,Bharati,-14.25,8.19,1001.1,37.9
2014-06-19 08:00:00,Bharati,-19.75,15.12,985.6,58.0
2014-06-19 09:00:00,Bharati,-17.16,3.78,1013.9,70.5
2014-06-19 10:00:00,Bharati,-16.6,20.89,987.7,51.5
2014-06-19 11:00:00,Bharati,-16.24,16.49,988.1,60.2
2014-06-19 12:00:00,Bharati,-20.84,5.88,984.5,67.4
2014-06-19 13:00:00,Bharati,-16.32,6.46,1000.0,59.1
2014-06-19 14:00:00,Bharati,-15.78,9.2,985.9,63.2
2014-06-19 15:00:00,Bharati,-15.52,18.8,992.6,51.9
2014-06-19 16:00:00,Bharati,-18.33,8.69,1001.6,72.9
2014-06-19 17:00:00,Bharati,-18.36,21.82,996.5,58.9
2014-06-19 18:00:00,Bharati,-20.17,2.31,991.2,41.0
2014-06-19 19:00:00,Bharati,-18.48,16.1,982.8,70.4
2014-06-19 20:00:00,Bharati,-17.54,18.4,1000.2,54.8
2014-06-19 21:00:00,Bharati,-15.54,5.36,1001.8,51.8
2014-06-19 22:00:00,Bharati,-18.7,2.67,1020.8,60.2
2014-06-19 23:00:00,Bharati,-16.09,2.54,993.7,60.1
2014-06-20 00:00:00,Bharati,-15.1,4.86,991.7,52.6
2014-06-20 01:00:00,Bharati,-18.36,9.86,1004.4,33.6
2014-06-20 02:00:00,Bharati,-19.97,15.47,974.5,74.9
2014-06-20 03:00:00,Bharati,-19.93,9.99,999.9,54.2
2014-06-20 04:00:00,Bharati,-19.9,9.21,997.3,75.3
2014-06-20 05:00:00,Bharati,-19.5,11.1,998.0,62.7
2014-06-20 06:00:00,Bharati,-21.37,11.05,986.7,60.2
2014-06-20 07:00:00,Bharati,-23.73,24.0,984.7,61.7
2014-06-20 08:00:00,Bharati,-18.75,11.78,983.9,66.9
2014-06-20 09:00:00,Bharati,-21.21,17.45,995.6,42.2
2014-06-20 10:00:00,Bharati,-15.96,17.25,978.0,98.0
2014-06-20 11:00:00,Bharati,-18.5,12.02,974.3,30.6
2014-06-20 12:00:00,Bharati,-21.31,19.01,976.1,47.5
2014-06-20 13:00:00,Bharati,-16.58,8.86,995.6,76.3
2014-06-20 14:00:00,Bharati,-15.89,5.79,979.7,62.7
2014-06-20 15:00:00,Bharati,-15.97,17.77,994.9,57.2
2014-06-20 16:00:00,Bharati,-16.97,9.66,976.8,74.1
2014-06-20 17:00:00,Bharati,-25.34,12.17,976.1,73.7
2014-06-20 18:00:00,Bharati,-18.74,8.31,990.4,65.4
2014-06-20 19:00:00,Bharati,-16.12,3.93,994.8,36.3
2014-06-20 20:00:00,Bharati,-21.97,15.3,975.6,69.3
2014-06-20 21:00:00,Bharati,-21.24,5.42,1004.9,72.8
2014-06-20 22:00:00,Bharati,-11.76,2.49,1003.6,70.4
2014-06-20 23:00:00,Bharati,-24.42,8.91,1006.0,42.3
2014-06-21 00:00:00,Bharati,-17.65,7.48,1018.3,69.5
2014-06-21 01:00:00,Bharati,-15.61,5.67,1008.3,74.1
2014-06-21 02:00:00,Bharati,-17.35,6.87,984.0,38.8
2014-06-21 03:00:00,Bharati,-13.32,3.26,981.8,50.1
2014-06-21 04:00:00,Bharati,-19.93,11.9,973.6,74.9
2014-06-21 05:00:00,Bharati,-18.2,9.93,998.9,43.3
2014-06-21 06:00:00,Bharati,-17.77,6.79,1001.9,81.5
2014-06-21 07:00:00,Bharati,-23.8,11.41,988.1,83.9
2014-06-21 08:00:00,Bharati,-20.51,26.45,994.2,45.1
2014-06-21 09:00:00,Bharati,-18.33,3.76,975.2,66.2
2014-06-21 10:00:00,Bharati,-21.07,10.75,1000.4,51.5
2014-06-21 11:00:00,Bharati,-19.0,4.4,1008.2,47.2
2014-06-21 12:00:00,Bharati,-12.98,13.28,984.7,62.4
2014-06-21 13:00:00,Bharati,-18.35,4.15,1011.5,47.2
2014-06-21 14:00:00,Bharati,-16.44,17.98,982.3,60.9
2014-06-21 15:00:00,Bharati,-16.65,5.67,988.3,52.1
2014-06-21 16:00:00,Bharati,-16.63,2.12,995.5,67.1
2014-06-21 17:00:00,Bharati,-19.3,13.61,987.3,60.8
2014-06-21 18:00:00,Bharati,-14.8,17.74,1003.7,68.2
2014-06-21 19:00:00,Bharati,-19.14,6.15,998.3,77.1
2014-06-21 20:00:00,Bharati,-16.89,3.73,975.5,53.5
2014-06-21 21:00:00,Bharati,-20.29,21.61,996.8,62.7
2014-06-21 22:00:00,Bharati,-21.56,2.18,980.4,72.5
2014-06-21 23:00:00,Bharati,-17.92,9.03,979.3,81.3
2014-06-22 00:00:00,Bharati,-21.69,12.06,994.6,95.7
2014-06-22 01:00:00,Bharati,-18.79,4.62,969.7,59.0
2014-06-22 02:00:00,Bharati,-21.33,12.61,994.2,36.2
2014-06-22 03:00:00,Bharati,-17.12,16.61,998.0,60.7
2014-06-22 04:00:00,Bharati,-15.28,8.26,989.5,69.3
2014-06-22 05:00:00,Bharati,-21.37,12.46,983.7,22.5
2014-06-22 06:00:00,Bharati,-16.46,15.29,994.4,72.5
2014-06-22 07:00:00,Bharati,-17.03,4.05,1006.6,63.0
2014-06-22 08:00:00,Bharati,-18.66,3.34,994.4,70.1
2014-06-22 09:00:00,Bharati,-22.36,14.94,976.6,43.4
2014-06-22 10:00:00,Bharati,-23.57,11.35,989.2,35.3
2014-06-22 11:00:00,Bharati,-18.69,5.24,995.2,69.3
2014-06-22 12:00:00,Bharati,-14.1,17.69,989.2,67.4
2014-06-22 13:00:00,Bharati,-18.03,3.07,985.1,32.0
2014-06-22 14:00:00,Bharati,-20.27,4.03,968.8,82.0
2014-06-22 15:00:00,Bharati,-18.7,3.59,964.6,56.7
2014-06-22 16:00:00,Bharati,-16.22,8.84,958.8,51.9
2014-06-22 17:00:00,Bharati,-17.62,8.37,976.7,57.6
2014-06-22 18:00:00,Bharati,-22.42,9.18,977.8,70.5
2014-06-22 19:00:00,Bharati,-21.5,10.02,981.8,83.4
2014-06-22 20:00:00,Bharati,-14.78,11.96,1007.7,77.5
2014-06-22 21:00:00,Bharati,-16.54,10.22,977.9,65.3
2014-06-22 22:00:00,Bharati,-13.92,10.22,999.6,46.6
2014-06-22 23:00:00,Bharati,-12.44,12.54,966.2,86.9
2014-06-23 00:00:00,Bharati,-19.89,9.45,993.6,65.5
2014-06-23 01:00:00,Bharati,-19.84,11.54,1017.5,95.2
2014-06-23 02:00:00,Bharati,-17.42,6.12,1006.6,46.5
2014-06-23 03:00:00,Bharati,-15.84,10.72,1005.5,69.3
2014-06-23 04:00:00,Bharati,-14.86,8.05,1005.3,95.0
2014-06-23 05:00:00,Bharati,-17.15,5.04,994.3,71.1
2014-06-23 06:00:00,Bharati,-22.28,12.76,1012.6,65.5
2014-06-23 07:00:00,Bharati,-20.99,9.77,1001.1,55.2
2014-06-23 08:00:00,Bharati,-15.85,4.21,1010.8,47.8
2014-06-23 09:00:00,Bharati,-18.55,7.52,993.1,75.3
2014-06-23 10:00:00,Bharati,-24.5,6.82,995.8,62.0
2014-06-23 11:00:00,Bharati,-13.37,18.77,1007.2,56.6
2014-06-23 12:00:00,Bharati,-20.09,2.3,988.5,73.2
2014-06-23 13:00:00,Bharati,-16.32,4.74,983.3,58.0
2014-06-23 14:00:00,Bharati,-12.29,23.02,977.8,62.9
2014-06-23 15:00:00,Bharati,-12.4,17.14,1002.7,60.8
2014-06-23 16:00:00,Bharati,-17.92,8.68,1019.6,48.5
2014-06-23 17:00:00,Bharati,-17.58,10.23,989.5,65.9
2014-06-23 18:00:00,Bharati,-21.06,0.53,994.1,45.7
2014-06-23 19:00:00,Bharati,-13.96,5.13,984.8,59.8
2014-06-23 20:00:00,Bharati,-18.3,7.07,1003.7,64.8
2014-06-23 21:00:00,Bharati,-14.9,25.42,972.9,89.2
2014-06-23 22:00:00,Bharati,-14.32,14.84,985.3,44.8
2014-06-23 23:00:00,Bharati,-21.94,9.02,984.2,70.2
2014-06-24 00:00:00,Bharati,-19.43,6.44,978.8,86.0
2014-06-24 01:00:00,Bharati,-14.81,7.47,1014.1,56.4
2014-06-24 02:00:00,Bharati,-22.07,8.22,991.5,36.3
2014-06-24 03:00:00,Bharati,-15.4,2.77,1006.6,45.1
2014-06-24 04:00:00,Bharati,-22.9,10.33,986.0,52.1
2014-06-24 05:00:00,Bharati,-17.55,4.83,1001.3,43.0
2014-06-24 06:00:00,Bharati,-15.01,21.9,988.7,40.0
2014-06-24 07:00:00,Bharati,-21.09,1.75,1003.8,58.2
2014-06-24 08:00:00,Bharati,-24.78,9.26,991.9,56.5
2014-06-24 09:00:00,Bharati,-17.66,25.16,983.3,92.4
2014-06-24 10:00:00,Bharati,-18.58,6.43,987.5,80.1
2014-06-24 11:00:00,Bharati,-20.65,16.09,1006.6,79.1
2014-06-24 12:00:00,Bharati,-16.48,11.26,994.7,70.2
2014-06-24 13:00:00,Bharati,-17.45,5.99,1021.8,45.3
2014-06-24 14:00:00,Bharati,-21.02,1.8,978.5,69.3
2014-06-24 15:00:00,Bharati,-18.5,12.91,980.1,53.1
2014-06-24 16:00:00,Bharati,-13.36,11.7,983.9,53.4
2014-06-24 17:00:00,Bharati,-15.17,12.75,997.2,82.8
2014-06-24 18:00:00,Bharati,-13.41,7.02,997.7,73.3
2014-06-24 19:00:00,Bharati,-21.88,1.12,978.6,53.6
2014-06-24 20:00:00,Bharati,-18.95,21.07,977.7,68.2
2014-06-24 21:00:00,Bharati,-19.56,19.15,993.8,72.2
2014-06-24 22:00:00,Bharati,-16.18,8.23,977.3,93.6
2014-06-24 23:00:00,Bharati,-16.74,13.73,966.1,73.7
2014-06-25 00:00:00,Bharati,-19.56,8.7,990.1,73.1
2014-06-25 01:00:00,Bharati,-14.78,11.31,995.2,61.0
2014-06-25 02:00:00,Bharati,-19.31,5.87,975.9,62.7
2014-06-25 03:00:00,Bharati,-11.54,1.6,1001.9,76.9
2014-06-25 04:00:00,Bharati,-19.42,12.56,991.1,77.9
2014-06-25 05:00:00,Bharati,-19.29,16.56,984.3,74.8
2014-06-25 06:00:00,Bharati,-18.37,3.48,992.1,72.5
2014-06-25 07:00:00,Bharati,-12.78,15.91,999.3,44.7
2014-06-25 08:00:00,Bharati,-18.53,10.05,1000.2,59.7
2014-06-25 09:00:00,Bharati,-20.58,6.6,979.9,54.9
2014-06-25 10:00:00,Bharati,-21.74,16.86,965.1,42.9
2014-06-25 11:00:00,Bharati,-18.39,9.17,974.7,69.1
2014-06-25 12:00:00,Bharati,-14.37,8.29,989.8,78.6
2014-06-25 13:00:00,Bharati,-18.76,7.41,969.6,37.9
2014-06-25 14:00:00,Bharati,-18.11,2.98,1016.3,76.3
2014-06-25 15:00:00,Bharati,-17.45,15.74,990.0,44.7
2014-06-25 16:00:00,Bharati,-17.02,5.51,995.6,62.4
2014-06-25 17:00:00,Bharati,-18.86,4.29,990.7,63.7
2014-06-25 18:00:00,Bharati,-19.19,8.5,1015.0,81.6
2014-06-25 19:00:00,Bharati,-20.92,4.36,983.7,58.1
2014-06-25 20:00:00,Bharati,-21.0,5.02,1011.6,40.8
2014-06-25 21:00:00,Bharati,-19.83,13.2,978.7,46.9
2014-06-25 22:00:00,Bharati,-19.32,7.32,1008.9,51.2
2014-06-25 23:00:00,Bharati,-21.97,9.97,987.5,67.1
2014-06-26 00:00:00,Bharati,-15.18,23.65,999.4,53.0
2014-06-26 01:00:00,Bharati,-18.23,5.73,974.7,62.0
2014-06-26 02:00:00,Bharati,-18.67,20.55,1005.5,80.0
2014-06-26 03:00:00,Bharati,-19.94,4.15,981.4,65.5
2014-06-26 04:00:00,Bharati,-18.02,2.86,995.8,36.8
2014-06-26 05:00:00,Bharati,-17.63,4.84,1009.5,58.8
2014-06-26 06:00:00,Bharati,-22.76,6.6,1004.7,58.6
2014-06-26 07:00:00,Bharati,-16.39,20.76,976.3,37.2
2014-06-26 08:00:00,Bharati,-18.6,16.43,989.5,69.5
2014-06-26 09:00:00,Bharati,-21.15,25.74,984.2,54.3
2014-06-26 10:00:00,Bharati,-15.53,11.15,978.5,55.1
2014-06-26 11:00:00,Bharati,-16.6,6.2,1000.9,59.0
2014-06-26 12:00:00,Bharati,-14.46,17.76,978.3,98.0
2014-06-26 13:00:00,Bharati,-15.19,24.28,1006.8,62.7
2014-06-26 14:00:00,Bharati,-22.89,11.76,972.4,94.3
2014-06-26 15:00:00,Bharati,-23.73,8.44,1004.1,87.6
2014-06-26 16:00:00,Bharati,-19.43,2.96,982.3,55.4
2014-06-26 17:00:00,Bharati,-17.36,11.75,982.7,48.8
2014-06-26 18:00:00,Bharati,-12.84,14.79,990.7,50.6
2014-06-26 19:00:00,Bharati,-23.18,5.92,1001.6,34.4
2014-06-26 20:00:00,Bharati,-18.32,13.65,1001.0,60.1
2014-06-26 21:00:00,Bharati,-15.75,8.58,993.9,69.6
2014-06-26 22:00:00,Bharati,-18.52,2.74,989.2,50.9
2014-06-26 23:00:00,Bharati,-14.59,2.79,973.5,52.6
2014-06-27 00:00:00,Bharati,-22.65,13.26,982.8,53.8
2014-06-27 01:00:00,Bharati,-18.56,8.46,1019.6,63.1
2014-06-27 02:00:00,Bharati,-18.73,2.84,1014.5,31.0
2014-06-27 03:00:00,Bharati,-17.29,3.45,983.7,48.9
2014-06-27 04:00:00,Bharati,-21.74,6.26,1006.0,63.6
2014-06-27 05:00:00,Bharati,-20.15,8.59,991.7,64.8
2014-06-27 06:00:00,Bharati,-17.52,8.72,998.7,69.1
2014-06-27 07:00:00,Bharati,-26.3,24.47,985.6,64.7
2014-06-27 08:00:00,Bharati,-16.91,13.25,998.3,74.1
2014-06-27 09:00:00,Bharati,-18.15,16.53,1015.3,76.7
2014-06-27 10:00:00,Bharati,-22.14,20.43,985.6,52.5
2014-06-27 11:00:00,Bharati,-18.11,5.05,1020.1,60.0
2014-06-27 12:00:00,Bharati,-20.98,10.23,1014.9,98.0
2014-06-27 13:00:00,Bharati,-18.94,8.69,1001.2,55.8
2014-06-27 14:00:00,Bharati,-21.35,10.2,988.7,88.6
2014-06-27 15:00:00,Bharati,-18.58,14.58,962.4,47.4
2014-06-27 16:00:00,Bharati,-21.23,11.11,996.3,58.2
2014-06-27 17:00:00,Bharati,-13.76,8.16,1004.5,65.4
2014-06-27 18:00:00,Bharati,-19.82,4.18,988.8,55.6
2014-06-27 19:00:00,Bharati,-18.04,0.67,989.5,68.5
2014-06-27 20:00:00,Bharati,-15.47,8.84,1000.2,60.2
2014-06-27 21:00:00,Bharati,-19.63,15.43,993.8,58.5
2014-06-27 22:00:00,Bharati,-11.88,8.77,1001.7,80.5
2014-06-27 23:00:00,Bharati,-22.66,13.61,977.3,65.1
2014-06-28 00:00:00,Bharati,-13.77,16.95,998.0,58.7
2014-06-28 01:00:00,Bharati,-20.68,12.09,989.6,53.8
2014-06-28 02:00:00,Bharati,-23.32,12.71,995.8,83.0
2014-06-28 03:00:00,Bharati,-20.11,6.03,993.6,81.5
2014-06-28 04:00:00,Bharati,-20.66,5.17,977.1,73.5
2014-06-28 05:00:00,Bharati,-21.9,4.09,990.5,84.4
2014-06-28 06:00:00,Bharati,-17.76,9.74,987.4,40.1
2014-06-28 07:00:00,Bharati,-12.46,7.89,966.4,43.2
2014-06-28 08:00:00,Bharati,-22.24,13.74,988.3,68.8
2014-06-28 09:00:00,Bharati,-21.25,20.64,981.4,82.8
2014-06-28 10:00:00,Bharati,-17.09,8.89,1005.8,91.0
2014-06-28 11:00:00,Bharati,-22.01,13.05,982.8,54.1
2014-06-28 12:00:00,Bharati,-19.47,8.91,1021.3,39.7
2014-06-28 13:00:00,Bharati,-18.29,7.34,1004.3,47.2
2014-06-28 14:00:00,Bharati,-14.06,3.35,991.8,73.4
2014-06-28 15:00:00,Bharati,-12.84,11.45,994.7,56.1
2014-06-28 16:00:00,Bharati,-15.32,3.58,995.3,64.0
2014-06-28 17:00:00,Bharati,-21.73,4.41,996.4,70.6
2014-06-28 18:00:00,Bharati,-15.97,5.61,982.8,49.3
2014-06-28 19:00:00,Bharati,-19.58,7.84,971.5,86.1
2014-06-28 20:00:00,Bharati,-25.95,11.33,993.1,49.2
2014-06-28 21:00:00,Bharati,-20.66,3.02,976.6,61.4
2014-06-28 22:00:00,Bharati,-18.6,12.28,976.5,50.8
2014-06-28 23:00:00,Bharati,-21.17,13.0,991.1,55.6
2014-06-29 00:00:00,Bharati,-15.79,9.25,982.4,70.8
2014-06-29 01:00:00,Bharati,-23.22,8.43,989.7,74.0
2014-06-29 02:00:00,Bharati,-17.82,6.62,1000.5,60.9
2014-06-29 03:00:00,Bharati,-19.5,12.86,987.2,85.3
2014-06-29 04:00:00,Bharati,-11.29,12.72,984.0,76.9
2014-06-29 05:00:00,Bharati,-20.52,8.34,998.4,84.9
2014-06-29 06:00:00,Bharati,-16.47,6.1,1003.5,63.2
2014-06-29 07:00:00,Bharati,-18.84,13.94,971.1,43.3
2014-06-29 08:00:00,Bharati,-18.98,6.75,987.3,69.4
2014-06-29 09:00:00,Bharati,-21.17,15.4,1011.1,64.1
2014-06-29 10:00:00,Bharati,-12.22,5.57,995.9,66.5
2014-06-29 11:00:00,Bharati,-18.16,6.0,1011.6,83.3
2014-06-29 12:00:00,Bharati,-20.81,17.01,1007.2,59.6
2014-06-29 13:00:00,Bharati,-17.08,8.74,983.8,60.9
2014-06-29 14:00:00,Bharati,-18.74,9.42,998.7,43.0
2014-06-29 15:00:00,Bharati,-16.26,2.42,981.2,76.0
2014-06-29 16:00:00,Bharati,-19.35,18.37,991.9,71.2
2014-06-29 17:00:00,Bharati,-16.63,5.63,986.9,59.9
2014-06-29 18:00:00,Bharati,-21.6,10.66,996.4,46.2
2014-06-29 19:00:00,Bharati,-17.73,18.23,1000.1,62.0
2014-06-29 20:00:00,Bharati,-15.48,18.35,987.1,73.8
2014-06-29 21:00:00,Bharati,-18.76,12.38,983.8,69.3
2014-06-29 22:00:00,Bharati,-17.46,13.38,970.8,78.9
2014-06-29 23:00:00,Bharati,-22.36,15.82,1001.2,54.4
2014-06-30 00:00:00,Bharati,-18.82,5.23,988.6,50.1
2014-06-30 01:00:00,Bharati,-11.08,2.39,1010.0,71.5
2014-06-30 02:00:00,Bharati,-20.81,4.08,1003.0,54.6
2014-06-30 03:00:00,Bharati,-16.03,2.04,977.4,76.6
2014-06-30 04:00:00,Bharati,-21.52,10.92,976.4,71.5
2014-06-30 05:00:00,Bharati,-18.11,22.97,991.3,92.0
2014-06-30 06:00:00,Bharati,-14.26,1.58,1008.2,53.3
2014-06-30 07:00:00,Bharati,-18.95,3.65,1011.8,84.5
2014-06-30 08:00:00,Bharati,-21.17,2.33,998.2,67.0
2014-06-30 09:00:00,Bharati,-16.9,1.02,994.9,37.7
2014-06-30 10:00:00,Bharati,-21.77,18.28,983.5,62.5
2014-06-30 11:00:00,Bharati,-19.77,10.66,989.1,49.0
2014-06-30 12:00:00,Bharati,-17.77,12.81,1015.0,66.8
2014-06-30 13:00:00,Bharati,-14.35,7.57,993.4,89.8
2014-06-30 14:00:00,Bharati,-17.17,4.39,1007.2,66.3
2014-06-30 15:00:00,Bharati,-20.23,12.68,998.6,62.1
2014-06-30 16:00:00,Bharati,-18.6,12.36,999.1,70.7
2014-06-30 17:00:00,Bharati,-16.53,7.89,1004.4,60.1
2014-06-30 18:00:00,Bharati,-16.48,5.72,987.0,77.5
2014-06-30 19:00:00,Bharati,-20.55,36.19,997.0,22.0
2014-06-30 20:00:00,Bharati,-17.62,14.9,991.0,62.4
2014-06-30 21:00:00,Bharati,-22.86,28.01,1007.2,62.0
2014-06-30 22:00:00,Bharati,-19.2,13.64,996.1,41.3
2014-06-30 23:00:00,Bharati,-17.33,11.35,981.5,33.4
2014-07-01 00:00:00,Bharati,-19.4,9.24,1001.0,46.4
2014-07-01 01:00:00,Bharati,-17.79,1.96,985.6,42.2
2014-07-01 02:00:00,Bharati,-16.32,9.38,1005.4,95.6
2014-07-01 03:00:00,Bharati,-18.03,16.21,992.8,54.7
2014-07-01 04:00:00,Bharati,-20.88,5.08,968.1,60.9
2014-07-01 05:00:00,Bharati,-17.49,11.51,1006.9,55.6
2014-07-01 06:00:00,Bharati,-17.34,12.78,978.0,57.7
2014-07-01 07:00:00,Bharati,-21.29,9.8,1006.3,31.6
2014-07-01 08:00:00,Bharati,-21.27,6.43,989.2,98.0
2014-07-01 09:00:00,Bharati,-22.58,18.61,985.8,65.9
2014-07-01 10:00:00,Bharati,-11.62,24.43,1015.1,54.6
2014-07-01 11:00:00,Bharati,-25.86,24.25,975.5,44.1
2014-07-01 12:00:00,Bharati,-24.22,13.96,998.4,70.0
2014-07-01 13:00:00,Bharati,-22.27,2.83,994.3,89.9
2014-07-01 14:00:00,Bharati,-22.47,19.81,997.0,69.8
2014-07-01 15:00:00,Bharati,-19.36,5.11,969.8,65.1
2014-07-01 16:00:00,Bharati,-18.93,7.82,987.8,67.6
2014-07-01 17:00:00,Bharati,-20.61,8.37,999.9,56.7
2014-07-01 18:00:00,Bharati,-22.84,7.83,972.9,59.5
2014-07-01 19:00:00,Bharati,-16.32,13.49,976.4,70.5
2014-07-01 20:00:00,Bharati,-20.57,15.72,980.0,68.5
2014-07-01 21:00:00,Bharati,-20.05,6.85,994.6,41.2
2014-07-01 22:00:00,Bharati,-14.34,4.88,990.6,98.0
2014-07-01 23:00:00,Bharati,-21.05,4.85,998.7,44.3
2014-07-02 00:00:00,Bharati,-20.46,14.81,998.7,48.7
2014-07-02 01:00:00,Bharati,-23.05,10.36,985.6,59.9
2014-07-02 02:00:00,Bharati,-20.01,2.82,996.9,43.8
2014-07-02 03:00:00,Bharati,-18.0,5.77,992.4,49.0
2014-07-02 04:00:00,Bharati,-19.82,4.69,984.3,87.8
2014-07-02 05:00:00,Bharati,-19.26,12.03,1001.6,41.1
2014-07-02 06:00:00,Bharati,-13.17,3.37,988.9,44.7
2014-07-02 07:00:00,Bharati,-25.9,13.61,999.0,46.0
2014-07-02 08:00:00,Bharati,-17.2,3.16,984.7,74.7
2014-07-02 09:00:00,Bharati,-17.69,4.33,998.4,92.4
2014-07-02 10:00:00,Bharati,-21.24,28.7,996.0,75.9
2014-07-02 11:00:00,Bharati,-20.89,11.68,986.2,49.7
2014-07-02 12:00:00,Bharati,-18.9,4.96,988.8,49.3
2014-07-02 13:00:00,Bharati,-18.21,8.03,991.2,86.3
2014-07-02 14:00:00,Bharati,-18.68,16.48,981.1,58.9
2014-07-02 15:00:00,Bharati,-14.32,14.78,1002.8,62.5
2014-07-02 16:00:00,Bharati,-20.31,5.65,970.2,54.5
2014-07-02 17:00:00,Bharati,-17.09,15.19,1012.4,57.7
2014-07-02 18:00:00,Bharati,-20.14,7.47,984.7,52.5
2014-07-02 19:00:00,Bharati,-21.23,3.48,978.1,49.0
2014-07-02 20:00:00,Bharati,-20.02,9.27,994.0,83.2
2014-07-02 21:00:00,Bharati,-19.47,6.73,990.6,31.2
2014-07-02 22:00:00,Bharati,-21.57,12.59,973.0,60.1
2014-07-02 23:00:00,Bharati,-17.51,21.41,1009.1,43.6
2014-07-03 00:00:00,Bharati,-14.05,1.81,985.4,55.4
2014-07-03 01:00:00,Bharati,-13.58,18.15,981.7,88.1
2014-07-03 02:00:00,Bharati,-19.42,10.14,1007.0,59.3
2014-07-03 03:00:00,Bharati,-19.66,20.64,999.9,64.4
2014-07-03 04:00:00,Bharati,-17.93,3.88,968.0,70.7
2014-07-03 05:00:00,Bharati,-17.16,10.69,991.8,64.8
2014-07-03 06:00:00,Bharati,-19.51,34.16,984.3,44.0
2014-07-03 07:00:00,Bharati,-17.96,15.72,992.2,62.0
2014-07-03 08:00:00,Bharati,-21.02,6.58,978.6,55.0
2014-07-03 09:00:00,Bharati,-21.72,10.39,989.0,55.6
2014-07-03 10:00:00,Bharati,-23.32,5.18,1014.6,79.4
2014-07-03 11:00:00,Bharati,-11.69,7.78,977.5,57.3
2014-07-03 12:00:00,Bharati,-20.87,8.11,978.1,67.4
2014-07-03 13:00:00,Bharati,-17.31,22.54,981.3,50.0
2014-07-03 14:00:00,Bharati,-22.01,2.91,1001.0,89.4
2014-07-03 15:00:00,Bharati,-16.58,20.2,987.1,52.6
2014-07-03 16:00:00,Bharati,-24.35,9.3,1008.3,38.5
2014-07-03 17:00:00,Bharati,-19.98,9.79,995.8,70.3
2014-07-03 18:00:00,Bharati,-16.56,2.98,999.5,52.3
2014-07-03 19:00:00,Bharati,-18.81,12.9,987.2,64.3
2014-07-03 20:00:00,Bharati,-20.71,7.06,1004.2,61.8
2014-07-03 21:00:00,Bharati,-18.09,4.65,986.1,82.0
2014-07-03 22:00:00,Bharati,-21.71,12.09,978.8,38.9
2014-07-03 23:00:00,Bharati,-16.55,18.88,1003.6,60.5
2014-07-04 00:00:00,Bharati,-20.32,5.3,1002.4,22.0
2014-07-04 01:00:00,Bharati,-22.52,1.71,988.4,69.2
2014-07-04 02:00:00,Bharati,-14.93,10.29,980.5,62.0
2014-07-04 03:00:00,Bharati,-16.6,4.14,1019.1,49.0
2014-07-04 04:00:00,Bharati,-17.66,10.29,1010.0,60.7
2014-07-04 05:00:00,Bharati,-20.36,19.62,981.4,42.6
2014-07-04 06:00:00,Bharati,-21.24,8.37,965.9,50.4
2014-07-04 07:00:00,Bharati,-15.91,8.32,991.8,78.7
2014-07-04 08:00:00,Bharati,-13.91,1.62,987.5,46.2
2014-07-04 09:00:00,Bharati,-23.2,3.54,1001.5,81.3
2014-07-04 10:00:00,Bharati,-16.8,4.23,977.3,67.8
2014-07-04 11:00:00,Bharati,-17.61,15.08,992.2,51.1
2014-07-04 12:00:00,Bharati,-17.31,8.85,989.4,63.4
2014-07-04 13:00:00,Bharati,-17.03,7.82,1014.1,22.0
2014-07-04 14:00:00,Bharati,-26.47,41.41,980.1,38.1
2014-07-04 15:00:00,Bharati,-8.68,20.59,978.2,45.1
2014-07-04 16:00:00,Bharati,-17.11,10.55,976.5,89.3
2014-07-04 17:00:00,Bharati,-19.69,19.76,1012.2,97.3
2014-07-04 18:00:00,Bharati,-15.78,3.74,988.2,66.4
2014-07-04 19:00:00,Bharati,-16.96,11.28,996.8,61.4
2014-07-04 20:00:00,Bharati,-16.64,14.57,979.9,29.9
2014-07-04 21:00:00,Bharati,-19.44,18.37,996.9,52.6
2014-07-04 22:00:00,Bharati,-16.81,14.58,975.2,77.7
2014-07-04 23:00:00,Bharati,-18.7,9.27,997.9,62.5
2014-07-05 00:00:00,Bharati,-13.53,5.48,1017.5,41.4
2014-07-05 01:00:00,Bharati,-17.22,3.0,995.9,70.6
2014-07-05 02:00:00,Bharati,-22.24,6.3,978.4,52.0
2014-07-05 03:00:00,Bharati,-15.27,16.52,1011.5,75.4
2014-07-05 04:00:00,Bharati,-18.18,7.8,1001.4,72.8
2014-07-05 05:00:00,Bharati,-16.02,18.19,1003.0,90.5
2014-07-05 06:00:00,Bharati,-18.01,4.13,986.6,36.0
2014-07-05 07:00:00,Bharati,-21.2,4.65,996.2,68.2
2014-07-05 08:00:00,Bharati,-21.3,4.6,980.0,50.1
2014-07-05 09:00:00,Bharati,-19.64,0.78,984.0,90.4
2014-07-05 10:00:00,Bharati,-18.49,4.94,980.9,55.8
2014-07-05 11:00:00,Bharati,-15.92,7.31,986.4,75.9
2014-07-05 12:00:00,Bharati,-17.06,15.19,1000.1,53.4
2014-07-05 13:00:00,Bharati,-21.36,6.86,994.9,25.6
2014-07-05 14:00:00,Bharati,-14.09,8.26,988.6,35.2
2014-07-05 15:00:00,Bharati,-21.69,7.42,979.1,42.6
2014-07-05 16:00:00,Bharati,-18.37,6.8,1005.8,55.8
2014-07-05 17:00:00,Bharati,-19.85,13.39,1004.2,65.6
2014-07-05 18:00:00,Bharati,-15.0,15.96,1006.9,71.7
2014-07-05 19:00:00,Bharati,-25.64,14.15,987.9,51.1
2014-07-05 20:00:00,Bharati,-18.96,10.88,998.1,51.1
2014-07-05 21:00:00,Bharati,-18.39,20.53,984.7,58.4
2014-07-05 22:00:00,Bharati,-21.36,10.29,978.8,78.1
2014-07-05 23:00:00,Bharati,-17.2,9.79,996.8,48.4
2014-07-06 00:00:00,Bharati,-18.53,15.33,988.7,72.3
2014-07-06 01:00:00,Bharati,-24.81,6.87,1001.9,62.0
2014-07-06 02:00:00,Bharati,-20.65,8.79,1003.6,61.9
2014-07-06 03:00:00,Bharati,-14.18,0.5,1004.1,71.5
2014-07-06 04:00:00,Bharati,-16.36,6.75,1004.4,51.9
2014-07-06 05:00:00,Bharati,-22.12,24.53,994.4,69.3
2014-07-06 06:00:00,Bharati,-16.74,4.39,1007.0,63.0
2014-07-06 07:00:00,Bharati,-18.32,7.23,964.4,64.6
2014-07-06 08:00:00,Bharati,-21.84,14.69,998.2,48.3
2014-07-06 09:00:00,Bharati,-18.69,5.43,991.1,93.2
2014-07-06 10:00:00,Bharati,-21.02,11.05,992.7,76.8
2014-07-06 11:00:00,Bharati,-14.88,2.46,991.3,69.9
2014-07-06 12:00:00,Bharati,-15.78,14.27,1015.4,59.3
2014-07-06 13:00:00,Bharati,-18.21,10.09,1003.3,48.9
2014-07-06 14:00:00,Bharati,-19.35,24.66,980.2,79.1
2014-07-06 15:00:00,Bharati,-20.2,12.74,978.0,58.3
2014-07-06 16:00:00,Bharati,-16.88,15.75,992.2,75.7
2014-07-06 17:00:00,Bharati,-20.34,4.68,1007.3,34.2
2014-07-06 18:00:00,Bharati,-16.06,11.45,986.2,72.0
2014-07-06 19:00:00,Bharati,-16.56,11.52,997.1,59.2
2014-07-06 20:00:00,Bharati,-16.53,10.76,998.2,53.3
2014-07-06 21:00:00,Bharati,-21.49,12.08,982.4,42.2
2014-07-06 22:00:00,Bharati,-15.65,7.22,977.4,50.1
2014-07-06 23:00:00,Bharati,-25.46,10.77,981.8,36.5
2014-07-07 00:00:00,Bharati,-16.12,13.88,997.1,46.8
2014-07-07 01:00:00,Bharati,-18.22,21.7,971.4,52.8
2014-07-07 02:00:00,Bharati,-20.12,1.59,989.5,84.9
2014-07-07 03:00:00,Bharati,-23.96,5.38,993.0,35.5
2014-07-07 04:00:00,Bharati,-20.4,8.07,994.5,72.8
2014-07-07 05:00:00,Bharati,-15.75,2.05,998.3,52.4
2014-07-07 06:00:00,Bharati,-17.89,2.3,994.1,47.8
2014-07-07 07:00:00,Bharati,-17.08,10.54,1005.4,50.3
2014-07-07 08:00:00,Bharati,-19.36,32.71,990.9,69.6
2014-07-07 09:00:00,Bharati,-18.17,7.21,994.4,74.9
2014-07-07 10:00:00,Bharati,-20.05,2.08,993.4,80.1
2014-07-07 11:00:00,Bharati,-27.25,9.56,995.4,87.8
2014-07-07 12:00:00,Bharati,-15.84,12.42,994.0,57.7
2014-07-07 13:00:00,Bharati,-14.87,8.32,1007.3,74.3
2014-07-07 14:00:00,Bharati,-19.3,9.71,1000.2,81.2
2014-07-07 15:00:00,Bharati,-19.78,16.94,992.1,61.4
2014-07-07 16:00:00,Bharati,-16.44,20.77,1011.4,72.1
2014-07-07 17:00:00,Bharati,-17.18,25.16,992.4,40.3
2014-07-07 18:00:00,Bharati,-20.25,2.99,973.8,58.4
2014-07-07 19:00:00,Bharati,-21.92,11.25,969.4,50.9
2014-07-07 20:00:00,Bharati,-19.82,10.66,981.5,41.0
2014-07-07 21:00:00,Bharati,-20.66,13.73,1003.6,70.6
2014-07-07 22:00:00,Bharati,-19.6,14.54,981.0,47.1
2014-07-07 23:00:00,Bharati,-12.43,6.98,992.3,80.0
2014-07-08 00:00:00,Bharati,-17.44,14.51,998.1,84.2
2014-07-08 01:00:00,Bharati,-21.27,7.12,992.6,65.3
2014-07-08 02:00:00,Bharati,-20.18,12.09,990.3,80.8
2014-07-08 03:00:00,Bharati,-19.92,8.01,1005.7,79.1
2014-07-08 04:00:00,Bharati,-14.03,12.05,972.4,80.8
2014-07-08 05:00:00,Bharati,-17.68,4.9,980.3,85.4
2014-07-08 06:00:00,Bharati,-22.3,17.77,992.9,46.8
2014-07-08 07:00:00,Bharati,-19.33,3.12,998.7,72.2
2014-07-08 08:00:00,Bharati,-23.7,14.0,998.3,59.5
2014-07-08 09:00:00,Bharati,-20.16,6.31,1002.1,54.1
2014-07-08 10:00:00,Bharati,-14.66,3.64,1001.2,83.6
2014-07-08 11:00:00,Bharati,-21.52,9.08,992.4,57.7
2014-07-08 12:00:00,Bharati,-18.55,7.84,1001.4,64.5
2014-07-08 13:00:00,Bharati,-17.7,2.21,990.8,27.3
2014-07-08 14:00:00,Bharati,-21.47,9.95,976.5,90.0
2014-07-08 15:00:00,Bharati,-17.31,4.1,972.2,72.6
2014-07-08 16:00:00,Bharati,-19.41,13.07,1007.4,68.8
2014-07-08 17:00:00,Bharati,-22.41,25.76,998.2,69.0
2014-07-08 18:00:00,Bharati,-18.77,7.66,997.1,52.3
2014-07-08 19:00:00,Bharati,-18.72,11.95,995.9,52.7
2014-07-08 20:00:00,Bharati,-17.43,8.67,991.7,61.4
2014-07-08 21:00:00,Bharati,-19.29,10.22,997.5,64.2
2014-07-08 22:00:00,Bharati,-21.42,27.44,971.9,42.7
2014-07-08 23:00:00,Bharati,-17.22,4.77,1003.3,50.8
2014-07-09 00:00:00,Bharati,-18.66,5.89,974.1,69.5
2014-07-09 01:00:00,Bharati,-19.63,8.77,1009.8,45.6
2014-07-09 02:00:00,Bharati,-20.9,4.36,972.3,75.4
2014-07-09 03:00:00,Bharati,-21.58,8.16,981.0,73.5
2014-07-09 04:00:00,Bharati,-17.93,5.73,967.0,53.0
2014-07-09 05:00:00,Bharati,-15.17,8.01,990.1,31.3
2014-07-09 06:00:00,Bharati,-22.93,7.73,1000.1,73.1
2014-07-09 07:00:00,Bharati,-20.71,8.51,957.4,68.7
2014-07-09 08:00:00,Bharati,-19.11,2.01,993.4,59.1
2014-07-09 09:00:00,Bharati,-21.52,3.27,997.6,87.9
2014-07-09 10:00:00,Bharati,-21.04,4.95,1009.8,32.5
2014-07-09 11:00:00,Bharati,-12.43,19.63,988.7,64.3
2014-07-09 12:00:00,Bharati,-21.45,13.38,1001.6,37.8
2014-07-09 13:00:00,Bharati,-20.64,4.32,967.6,41.4
2014-07-09 14:00:00,Bharati,-18.56,6.47,1005.1,79.4
2014-07-09 15:00:00,Bharati,-14.93,8.96,968.5,77.3
2014-07-09 16:00:00,Bharati,-19.37,9.78,994.6,71.5
2014-07-09 17:00:00,Bharati,-15.23,14.67,990.4,92.7
2014-07-09 18:00:00,Bharati,-17.04,1.18,1017.6,54.5
2014-07-09 19:00:00,Bharati,-19.88,12.57,998.6,90.8
2014-07-09 20:00:00,Bharati,-20.77,6.5,1001.7,64.5
2014-07-09 21:00:00,Bharati,-16.59,5.3,985.4,54.1
2014-07-09 22:00:00,Bharati,-17.36,12.74,989.7,81.1
2014-07-09 23:00:00,Bharati,-23.24,8.23,1007.5,52.5
2014-07-10 00:00:00,Bharati,-20.76,9.54,991.0,39.6
2014-07-10 01:00:00,Bharati,-21.77,14.35,990.6,28.5
2014-07-10 02:00:00,Bharati,-16.7,2.74,980.5,66.6
2014-07-10 03:00:00,Bharati,-19.61,4.81,1021.6,50.1
2014-07-10 04:00:00,Bharati,-24.18,4.27,976.1,33.7
2014-07-10 05:00:00,Bharati,-16.77,19.66,981.6,67.7
2014-07-10 06:00:00,Bharati,-15.99,8.06,959.7,65.0
2014-07-10 07:00:00,Bharati,-18.93,8.08,976.0,59.8
2014-07-10 08:00:00,Bharati,-22.35,5.92,996.2,83.3
2014-07-10 09:00:00,Bharati,-20.44,5.51,984.6,59.9
2014-07-10 10:00:00,Bharati,-18.7,17.39,1001.6,56.2
2014-07-10 11:00:00,Bharati,-15.48,12.48,979.1,75.5
2014-07-10 12:00:00,Bharati,-16.26,22.47,973.3,54.0
2014-07-10 13:00:00,Bharati,-19.35,1.34,1002.4,91.9
2014-07-10 14:00:00,Bharati,-18.85,4.71,980.4,70.4
2014-07-10 15:00:00,Bharati,-15.67,13.65,1020.3,64.0
2014-07-10 16:00:00,Bharati,-19.63,16.87,988.2,48.2
2014-07-10 17:00:00,Bharati,-18.39,6.22,985.5,60.6
2014-07-10 18:00:00,Bharati,-19.54,4.58,1008.0,64.6
2014-07-10 19:00:00,Bharati,-19.68,9.85,996.6,82.9
2014-07-10 20:00:00,Bharati,-21.49,8.68,1012.7,93.3
2014-07-10 21:00:00,Bharati,-19.16,14.94,1003.4,44.9
2014-07-10 22:00:00,Bharati,-24.44,11.03,958.6,59.2
2014-07-10 23:00:00,Bharati,-15.58,11.34,1004.9,67.4
2014-07-11 00:00:00,Bharati,-16.69,6.8,997.9,58.3
2014-07-11 01:00:00,Bharati,-17.06,4.09,1005.8,32.8
2014-07-11 02:00:00,Bharati,-15.94,5.09,991.7,94.1
2014-07-11 03:00:00,Bharati,-18.7,24.74,971.3,61.5
2014-07-11 04:00:00,Bharati,-18.85,12.7,986.3,81.7
2014-07-11 05:00:00,Bharati,-20.86,10.79,988.7,52.7
2014-07-11 06:00:00,Bharati,-17.06,17.46,1014.4,67.3
2014-07-11 07:00:00,Bharati,-12.94,7.95,983.4,62.1
2014-07-11 08:00:00,Bharati,-21.82,3.62,998.2,65.4
2014-07-11 09:00:00,Bharati,-16.05,5.34,982.3,84.6
2014-07-11 10:00:00,Bharati,-20.29,7.43,1002.4,67.0
2014-07-11 11:00:00,Bharati,-23.5,10.8,977.6,74.3
2014-07-11 12:00:00,Bharati,-18.11,7.01,996.5,64.6
2014-07-11 13:00:00,Bharati,-15.41,16.51,993.6,35.3
2014-07-11 14:00:00,Bharati,-19.74,8.25,992.5,60.4
2014-07-11 15:00:00,Bharati,-21.49,10.0,991.4,52.5
2014-07-11 16:00:00,Bharati,-21.23,1.65,996.1,51.7
2014-07-11 17:00:00,Bharati,-15.24,7.88,990.5,49.2
2014-07-11 18:00:00,Bharati,-17.04,23.54,980.4,66.3
2014-07-11 19:00:00,Bharati,-19.56,14.45,1000.4,49.3
2014-07-11 20:00:00,Bharati,-21.57,3.3,992.5,65.8
2014-07-11 21:00:00,Bharati,-13.96,10.3,986.6,63.5
2014-07-11 22:00:00,Bharati,-14.13,2.37,985.5,54.7
2014-07-11 23:00:00,Bharati,-18.14,13.25,993.3,55.8
2014-07-12 00:00:00,Bharati,-26.65,12.2,991.3,62.5
2014-07-12 01:00:00,Bharati,-18.59,20.77,983.9,61.0
2014-07-12 02:00:00,Bharati,-20.21,10.74,992.8,48.3
2014-07-12 03:00:00,Bharati,-12.83,24.2,971.5,64.2
2014-07-12 04:00:00,Bharati,-17.6,6.45,1008.9,81.3
2014-07-12 05:00:00,Bharati,-22.52,12.14,986.5,81.6
2014-07-12 06:00:00,Bharati,-20.44,5.23,1002.6,29.0
2014-07-12 07:00:00,Bharati,-23.22,7.11,1004.8,58.3
2014-07-12 08:00:00,Bharati,-12.95,12.88,1009.2,79.0
2014-07-12 09:00:00,Bharati,-17.71,5.05,997.9,71.2
2014-07-12 10:00:00,Bharati,-14.16,6.38,981.3,52.1
2014-07-12 11:00:00,Bharati,-20.87,5.75,1005.5,44.4
2014-07-12 12:00:00,Bharati,-13.35,14.1,983.6,41.1
2014-07-12 13:00:00,Bharati,-21.48,9.81,993.5,64.0
2014-07-12 14:00:00,Bharati,-21.09,1.3,984.3,53.4
2014-07-12 15:00:00,Bharati,-16.23,4.05,1005.1,56.7
2014-07-12 16:00:00,Bharati,-18.0,7.99,973.2,62.7
2014-07-12 17:00:00,Bharati,-17.65,5.76,987.3,67.1
2014-07-12 18:00:00,Bharati,-26.0,7.35,992.1,59.6
2014-07-12 19:00:00,Bharati,-25.58,9.1,983.9,59.4
2014-07-12 20:00:00,Bharati,-18.35,7.4,1003.1,67.6
2014-07-12 21:00:00,Bharati,-16.0,10.17,970.1,72.1
2014-07-12 22:00:00,Bharati,-20.95,9.28,985.2,62.7
2014-07-12 23:00:00,Bharati,-18.78,12.92,997.4,57.2
2014-07-13 00:00:00,Bharati,-18.51,4.54,981.7,58.2
2014-07-13 01:00:00,Bharati,-17.38,2.94,974.3,92.9
2014-07-13 02:00:00,Bharati,-18.5,10.74,975.3,57.1
2014-07-13 03:00:00,Bharati,-16.68,9.12,988.5,67.8
2014-07-13 04:00:00,Bharati,-19.28,6.9,1006.6,54.3
2014-07-13 05:00:00,Bharati,-15.92,17.45,983.0,62.7
2014-07-13 06:00:00,Bharati,-16.52,13.67,993.3,48.6
2014-07-13 07:00:00,Bharati,-22.59,13.68,993.3,39.8
2014-07-13 08:00:00,Bharati,-16.24,2.54,993.4,55.4
2014-07-13 09:00:00,Bharati,-25.9,2.57,998.6,58.7
2014-07-13 10:00:00,Bharati,-16.95,24.18,989.3,98.0
2014-07-13 11:00:00,Bharati,-19.43,12.59,969.5,90.7
2014-07-13 12:00:00,Bharati,-16.1,3.08,1011.3,51.2
2014-07-13 13:00:00,Bharati,-15.37,5.58,1003.1,64.9
2014-07-13 14:00:00,Bharati,-19.46,18.2,1012.8,53.4
2014-07-13 15:00:00,Bharati,-20.61,4.73,986.6,84.2
2014-07-13 16:00:00,Bharati,-15.48,10.43,993.8,66.9
2014-07-13 17:00:00,Bharati,-17.66,5.11,1003.5,57.6
2014-07-13 18:00:00,Bharati,-21.39,29.38,1010.9,51.9
2014-07-13 19:00:00,Bharati,-17.44,5.7,976.8,71.9
2014-07-13 20:00:00,Bharati,-14.03,6.13,991.5,51.2
2014-07-13 21:00:00,Bharati,-18.33,9.75,1002.4,65.8
2014-07-13 22:00:00,Bharati,-19.07,12.5,981.3,86.6
2014-07-13 23:00:00,Bharati,-18.89,23.18,984.8,39.5
2014-07-14 00:00:00,Bharati,-19.84,8.82,996.1,68.6
2014-07-14 01:00:00,Bharati,-14.35,19.79,1000.7,86.7
2014-07-14 02:00:00,Bharati,-21.98,10.48,992.7,34.3
2014-07-14 03:00:00,Bharati,-18.94,24.66,986.1,78.8
2014-07-14 04:00:00,Bharati,-17.99,21.21,996.3,86.3
2014-07-14 05:00:00,Bharati,-13.5,16.67,991.5,73.5
2014-07-14 06:00:00,Bharati,-19.74,5.77,993.5,52.0
2014-07-14 07:00:00,Bharati,-18.2,12.99,988.5,39.9
2014-07-14 08:00:00,Bharati,-17.48,12.3,997.6,52.8
2014-07-14 09:00:00,Bharati,-17.6,11.47,976.4,60.8
2014-07-14 10:00:00,Bharati,-14.79,19.71,971.0,67.9
2014-07-14 11:00:00,Bharati,-17.98,17.04,986.5,43.2
2014-07-14 12:00:00,Bharati,-18.82,15.95,983.4,77.7
2014-07-14 13:00:00,Bharati,-19.98,6.48,1002.3,83.6
2014-07-14 14:00:00,Bharati,-19.32,11.11,1008.8,81.8
2014-07-14 15:00:00,Bharati,-20.66,10.1,996.7,68.8
2014-07-14 16:00:00,Bharati,-22.9,13.66,1006.9,58.8
2014-07-14 17:00:00,Bharati,-15.42,4.79,997.3,55.0
2014-07-14 18:00:00,Bharati,-19.34,10.6,999.0,59.2
2014-07-14 19:00:00,Bharati,-14.73,12.97,968.5,58.8
2014-07-14 20:00:00,Bharati,-19.03,2.7,994.7,72.2
2014-07-14 21:00:00,Bharati,-22.12,8.14,980.9,81.6
2014-07-14 22:00:00,Bharati,-22.41,9.97,997.4,37.5
2014-07-14 23:00:00,Bharati,-23.67,10.27,989.2,50.1
2014-07-15 00:00:00,Bharati,-19.72,8.45,1010.4,53.4
2014-07-15 01:00:00,Bharati,-16.88,4.97,978.4,40.5
2014-07-15 02:00:00,Bharati,-16.9,3.18,989.1,56.6
2014-07-15 03:00:00,Bharati,-18.79,2.68,991.3,46.4
2014-07-15 04:00:00,Bharati,-18.74,22.6,1009.2,43.8
2014-07-15 05:00:00,Bharati,-23.38,5.59,998.6,84.6
2014-07-15 06:00:00,Bharati,-17.31,13.88,996.4,68.5
2014-07-15 07:00:00,Bharati,-20.3,8.36,1002.1,48.7
2014-07-15 08:00:00,Bharati,-15.82,15.03,1013.0,59.7
2014-07-15 09:00:00,Bharati,-18.66,10.36,1020.0,82.4
2014-07-15 10:00:00,Bharati,-17.13,6.38,1007.2,46.1
2014-07-15 11:00:00,Bharati,-22.06,4.55,982.3,58.1
2014-07-15 12:00:00,Bharati,-18.47,3.52,1001.2,40.1
2014-07-15 13:00:00,Bharati,-20.36,7.5,980.5,67.2
2014-07-15 14:00:00,Bharati,-19.34,6.13,1004.2,73.1
2014-07-15 15:00:00,Bharati,-16.84,8.25,985.6,41.9
2014-07-15 16:00:00,Bharati,-17.3,11.42,992.1,40.7
2014-07-15 17:00:00,Bharati,-15.52,2.3,990.6,40.9
2014-07-15 18:00:00,Bharati,-22.77,10.22,980.9,59.7
2014-07-15 19:00:00,Bharati,-12.98,9.04,984.7,53.0
2014-07-15 20:00:00,Bharati,-15.04,9.46,983.6,48.4
2014-07-15 21:00:00,Bharati,-19.61,13.09,998.6,52.6
2014-07-15 22:00:00,Bharati,-25.4,13.87,1014.5,61.5
2014-07-15 23:00:00,Bharati,-20.85,6.42,974.1,52.2
2014-07-16 00:00:00,Bharati,-18.88,7.38,977.0,55.2
2014-07-16 01:00:00,Bharati,-22.69,12.79,985.8,45.4
2014-07-16 02:00:00,Bharati,-23.98,8.31,994.5,71.2
2014-07-16 03:00:00,Bharati,-21.31,19.61,975.0,64.6
2014-07-16 04:00:00,Bharati,-19.89,13.16,990.3,70.9
2014-07-16 05:00:00,Bharati,-21.17,12.57,982.5,72.3
2014-07-16 06:00:00,Bharati,-17.94,12.82,1001.1,56.8
2014-07-16 07:00:00,Bharati,-17.6,11.73,999.2,64.7
2014-07-16 08:00:00,Bharati,-17.75,11.86,994.5,71.1
2014-07-16 09:00:00,Bharati,-17.43,3.86,985.9,62.2
2014-07-16 10:00:00,Bharati,-17.01,15.6,989.0,45.0
2014-07-16 11:00:00,Bharati,-16.66,7.97,994.9,61.2
2014-07-16 12:00:00,Bharati,-17.26,8.66,1000.3,81.3
2014-07-16 13:00:00,Bharati,-19.44,7.46,990.5,53.2
2014-07-16 14:00:00,Bharati,-18.41,7.54,1007.9,59.5
2014-07-16 15:00:00,Bharati,-11.94,16.38,980.6,48.5
2014-07-16 16:00:00,Bharati,-22.85,4.23,1027.0,39.6
2014-07-16 17:00:00,Bharati,-17.47,8.15,1002.0,51.2
2014-07-16 18:00:00,Bharati,-20.47,4.78,981.6,63.2
2014-07-16 19:00:00,Bharati,-20.21,1.31,997.2,60.8
2014-07-16 20:00:00,Bharati,-16.44,5.32,990.4,66.7
2014-07-16 21:00:00,Bharati,-12.52,6.31,996.0,43.4
2014-07-16 22:00:00,Bharati,-17.52,12.69,991.0,56.5
2014-07-16 23:00:00,Bharati,-21.91,9.66,1006.3,56.3
2014-07-17 00:00:00,Bharati,-22.22,26.8,1005.0,79.3
2014-07-17 01:00:00,Bharati,-15.73,10.65,966.2,71.4
2014-07-17 02:00:00,Bharati,-17.7,12.65,1000.7,74.7
2014-07-17 03:00:00,Bharati,-20.3,6.82,989.5,69.4
2014-07-17 04:00:00,Bharati,-14.73,12.02,989.7,56.7
2014-07-17 05:00:00,Bharati,-19.69,12.84,1004.4,78.5
2014-07-17 06:00:00,Bharati,-19.64,7.05,998.2,74.8
2014-07-17 07:00:00,Bharati,-18.03,22.85,979.3,70.1
2014-07-17 08:00:00,Bharati,-17.36,14.58,985.1,36.1
2014-07-17 09:00:00,Bharati,-19.76,9.2,992.3,74.0
2014-07-17 10:00:00,Bharati,-18.57,18.92,985.4,91.0
2014-07-17 11:00:00,Bharati,-21.18,13.72,1002.4,74.4
2014-07-17 12:00:00,Bharati,-16.91,5.51,997.1,40.7
2014-07-17 13:00:00,Bharati,-21.6,19.09,984.4,76.8
2014-07-17 14:00:00,Bharati,-17.77,11.42,985.6,68.5
2014-07-17 15:00:00,Bharati,-21.64,12.51,976.0,61.3
2014-07-17 16:00:00,Bharati,-18.8,21.57,995.8,40.8
2014-07-17 17:00:00,Bharati,-19.54,9.16,994.8,32.8
2014-07-17 18:00:00,Bharati,-10.58,7.58,995.4,51.8
2014-07-17 19:00:00,Bharati,-19.79,12.44,985.3,71.5
2014-07-17 20:00:00,Bharati,-20.94,9.57,985.8,70.1
2014-07-17 21:00:00,Bharati,-25.44,16.33,1005.9,66.1
2014-07-17 22:00:00,Bharati,-22.33,13.22,989.4,66.0
2014-07-17 23:00:00,Bharati,-20.28,5.84,983.0,69.5
2014-07-18 00:00:00,Bharati,-20.63,12.07,988.7,60.4
2014-07-18 01:00:00,Bharati,-14.43,13.15,1002.2,62.7
2014-07-18 02:00:00,Bharati,-22.58,9.95,985.9,88.0
2014-07-18 03:00:00,Bharati,-15.86,13.76,999.6,59.9
2014-07-18 04:00:00,Bharati,-20.57,9.69,1001.9,52.2
2014-07-18 05:00:00,Bharati,-15.17,12.14,1001.9,95.1
2014-07-18 06:00:00,Bharati,-19.81,2.79,987.8,69.7
2014-07-18 07:00:00,Bharati,-15.69,4.43,999.1,69.8
2014-07-18 08:00:00,Bharati,-22.25,7.87,999.3,62.9
2014-07-18 09:00:00,Bharati,-13.87,7.74,988.2,63.0
2014-07-18 10:00:00,Bharati,-19.52,4.23,1001.8,82.9
2014-07-18 11:00:00,Bharati,-16.21,17.97,1004.2,62.2
2014-07-18 12:00:00,Bharati,-20.57,19.36,1004.0,55.6
2014-07-18 13:00:00,Bharati,-11.56,18.59,986.6,56.3
2014-07-18 14:00:00,Bharati,-16.08,10.26,986.9,50.1
2014-07-18 15:00:00,Bharati,-16.35,5.22,1003.2,71.2
2014-07-18 16:00:00,Bharati,-19.73,8.25,978.8,76.4
2014-07-18 17:00:00,Bharati,-20.15,14.4,992.0,62.4
2014-07-18 18:00:00,Bharati,-20.37,5.3,1000.0,90.4
2014-07-18 19:00:00,Bharati,-19.95,11.27,994.4,39.1
2014-07-18 20:00:00,Bharati,-23.53,4.2,1011.6,73.1
2014-07-18 21:00:00,Bharati,-19.41,12.09,1003.6,60.8
2014-07-18 22:00:00,Bharati,-17.5,4.15,998.7,56.6
2014-07-18 23:00:00,Bharati,-19.89,15.88,1017.4,73.7
2014-07-19 00:00:00,Bharati,-18.9,23.39,967.8,76.0
2014-07-19 01:00:00,Bharati,-18.05,3.62,1011.7,22.0
2014-07-19 02:00:00,Bharati,-17.1,6.28,988.3,59.2
2014-07-19 03:00:00,Bharati,-19.94,16.8,979.2,75.3
2014-07-19 04:00:00,Bharati,-24.94,6.4,1005.5,62.2
2014-07-19 05:00:00,Bharati,-24.4,10.63,1002.2,63.0
2014-07-19 06:00:00,Bharati,-19.63,8.1,989.1,39.8
2014-07-19 07:00:00,Bharati,-18.04,7.3,985.7,47.4
2014-07-19 08:00:00,Bharati,-18.33,2.45,1010.0,67.8
2014-07-19 09:00:00,Bharati,-14.54,7.92,996.5,86.8
2014-07-19 10:00:00,Bharati,-21.47,18.08,993.3,44.3
2014-07-19 11:00:00,Bharati,-17.59,28.01,995.1,59.2
2014-07-19 12:00:00,Bharati,-16.47,7.71,977.2,59.0
2014-07-19 13:00:00,Bharati,-20.86,5.0,995.4,46.0
2014-07-19 14:00:00,Bharati,-19.35,4.72,986.3,73.5
2014-07-19 15:00:00,Bharati,-17.86,7.57,987.2,81.4
2014-07-19 16:00:00,Bharati,-15.14,4.55,1006.6,51.1
2014-07-19 17:00:00,Bharati,-18.14,3.88,996.4,40.2
2014-07-19 18:00:00,Bharati,-22.34,2.77,985.8,71.0
2014-07-19 19:00:00,Bharati,-16.24,9.69,1006.5,87.1
2014-07-19 20:00:00,Bharati,-18.54,9.68,975.9,82.3
2014-07-19 21:00:00,Bharati,-17.49,3.31,983.9,55.1
2014-07-19 22:00:00,Bharati,-16.28,5.1,995.2,44.4
2014-07-19 23:00:00,Bharati,-13.08,5.37,999.8,63.5
2014-07-20 00:00:00,Bharati,-21.72,7.64,997.2,64.6
2014-07-20 01:00:00,Bharati,-16.1,10.99,984.8,63.3
2014-07-20 02:00:00,Bharati,-19.49,5.61,981.6,70.2
2014-07-20 03:00:00,Bharati,-17.78,13.07,999.5,65.9
2014-07-20 04:00:00,Bharati,-17.78,21.36,1008.2,65.5
2014-07-20 05:00:00,Bharati,-22.2,0.61,999.4,61.1
2014-07-20 06:00:00,Bharati,-21.34,16.13,1000.1,74.8
2014-07-20 07:00:00,Bharati,-15.24,8.17,990.6,28.9
2014-07-20 08:00:00,Bharati,-19.34,5.65,1004.3,63.6
2014-07-20 09:00:00,Bharati,-19.43,24.26,999.8,98.0
2014-07-20 10:00:00,Bharati,-21.89,4.61,978.4,48.0
2014-07-20 11:00:00,Bharati,-26.31,14.28,1000.3,64.1
2014-07-20 12:00:00,Bharati,-20.34,5.6,992.5,75.9
2014-07-20 13:00:00,Bharati,-13.74,9.45,999.0,97.0
2014-07-20 14:00:00,Bharati,-17.88,11.51,992.9,49.8
2014-07-20 15:00:00,Bharati,-20.0,15.25,988.0,71.7
2014-07-20 16:00:00,Bharati,-14.9,7.7,995.1,54.4
2014-07-20 17:00:00,Bharati,-16.24,3.23,971.0,67.6
2014-07-20 18:00:00,Bharati,-21.38,4.82,1003.6,67.6
2014-07-20 19:00:00,Bharati,-15.97,10.8,1002.8,74.3
2014-07-20 20:00:00,Bharati,-15.92,7.57,992.3,64.4
2014-07-20 21:00:00,Bharati,-25.11,6.67,1026.5,66.6
2014-07-20 22:00:00,Bharati,-16.33,8.45,1001.9,76.1
2014-07-20 23:00:00,Bharati,-18.05,7.84,985.1,68.9
2014-07-21 00:00:00,Bharati,-15.04,18.63,987.5,49.9
2014-07-21 01:00:00,Bharati,-18.33,15.32,1003.3,66.7
2014-07-21 02:00:00,Bharati,-24.42,15.91,998.6,60.6
2014-07-21 03:00:00,Bharati,-15.44,4.93,994.4,77.4
2014-07-21 04:00:00,Bharati,-16.1,13.65,1001.1,94.9
2014-07-21 05:00:00,Bharati,-20.1,7.79,994.4,45.9
2014-07-21 06:00:00,Bharati,-19.81,10.08,997.6,60.1
2014-07-21 07:00:00,Bharati,-16.91,1.49,989.9,88.4
2014-07-21 08:00:00,Bharati,-22.83,19.81,994.6,37.5
2014-07-21 09:00:00,Bharati,-18.73,15.97,1007.5,52.6
2014-07-21 10:00:00,Bharati,-13.78,1.84,986.6,23.8
2014-07-21 11:00:00,Bharati,-16.24,26.88,970.7,58.6
2014-07-21 12:00:00,Bharati,-22.72,18.64,993.1,70.9
2014-07-21 13:00:00,Bharati,-19.53,13.71,986.2,65.6
2014-07-21 14:00:00,Bharati,-18.59,4.24,1021.9,30.2
2014-07-21 15:00:00,Bharati,-20.01,9.21,1007.0,71.3
2014-07-21 16:00:00,Bharati,-23.4,19.84,996.1,60.3
2014-07-21 17:00:00,Bharati,-19.4,1.92,976.5,36.3
2014-07-21 18:00:00,Bharati,-18.29,10.6,995.2,80.4
2014-07-21 19:00:00,Bharati,-23.96,15.81,975.2,53.9
2014-07-21 20:00:00,Bharati,-18.34,15.49,992.2,64.8
2014-07-21 21:00:00,Bharati,-19.16,17.27,986.9,56.8
2014-07-21 22:00:00,Bharati,-22.41,8.62,997.8,87.6
2014-07-21 23:00:00,Bharati,-18.78,6.72,994.6,65.8
2014-07-22 00:00:00,Bharati,-20.08,21.28,987.5,51.9
2014-07-22 01:00:00,Bharati,-18.13,4.06,1013.3,49.5
2014-07-22 02:00:00,Bharati,-20.4,14.35,997.8,76.9
2014-07-22 03:00:00,Bharati,-20.99,13.56,1005.7,71.8
2014-07-22 04:00:00,Bharati,-18.97,42.66,990.8,52.1
2014-07-22 05:00:00,Bharati,-17.69,6.44,970.1,67.8
2014-07-22 06:00:00,Bharati,-24.59,10.38,978.9,96.7
2014-07-22 07:00:00,Bharati,-19.36,8.54,1006.4,91.5
2014-07-22 08:00:00,Bharati,-15.57,8.09,981.6,71.3
2014-07-22 09:00:00,Bharati,-17.85,17.34,977.4,63.7
2014-07-22 10:00:00,Bharati,-21.04,14.63,1016.9,46.5
2014-07-22 11:00:00,Bharati,-21.24,4.74,982.8,48.0
2014-07-22 12:00:00,Bharati,-19.88,22.91,978.9,95.7
2014-07-22 13:00:00,Bharati,-17.12,5.22,983.1,74.9
2014-07-22 14:00:00,Bharati,-17.01,14.43,996.8,60.6
2014-07-22 15:00:00,Bharati,-18.78,8.29,1006.6,98.0
2014-07-22 16:00:00,Bharati,-20.57,5.51,986.2,70.1
2014-07-22 17:00:00,Bharati,-19.07,3.25,1000.4,62.2
2014-07-22 18:00:00,Bharati,-20.09,14.54,990.4,50.7
2014-07-22 19:00:00,Bharati,-23.58,6.02,980.3,90.8
2014-07-22 20:00:00,Bharati,-22.85,8.4,999.2,53.6
2014-07-22 21:00:00,Bharati,-19.92,19.22,977.3,50.9
2014-07-22 22:00:00,Bharati,-16.96,4.86,990.7,54.3
2014-07-22 23:00:00,Bharati,-22.63,0.99,980.2,98.0
2014-07-23 00:00:00,Bharati,-16.4,14.35,1006.6,65.9
2014-07-23 01:00:00,Bharati,-23.54,13.86,1000.9,50.5
2014-07-23 02:00:00,Bharati,-15.28,1.9,1000.1,58.8
2014-07-23 03:00:00,Bharati,-22.03,5.69,996.0,61.9
2014-07-23 04:00:00,Bharati,-17.16,22.75,1006.6,52.1
2014-07-23 05:00:00,Bharati,-22.38,10.32,964.6,73.1
2014-07-23 06:00:00,Bharati,-21.38,8.57,1011.3,83.0
2014-07-23 07:00:00,Bharati,-23.49,6.75,987.3,72.8
2014-07-23 08:00:00,Bharati,-22.59,4.79,990.8,46.8
2014-07-23 09:00:00,Bharati,-19.33,18.83,1000.6,73.6
2014-07-23 10:00:00,Bharati,-24.86,5.42,1005.8,57.4
2014-07-23 11:00:00,Bharati,-20.14,17.94,993.5,61.5
2014-07-23 12:00:00,Bharati,-12.38,6.52,986.3,68.4
2014-07-23 13:00:00,Bharati,-16.9,5.0,974.1,53.2
2014-07-23 14:00:00,Bharati,-18.14,25.61,993.8,67.5
2014-07-23 15:00:00,Bharati,-20.51,18.3,975.3,59.8
2014-07-23 16:00:00,Bharati,-15.58,11.99,999.1,61.7
2014-07-23 17:00:00,Bharati,-19.41,37.09,998.6,61.2
2014-07-23 18:00:00,Bharati,-14.47,7.48,1002.0,48.8
2014-07-23 19:00:00,Bharati,-14.01,12.13,980.8,35.8
2014-07-23 20:00:00,Bharati,-15.92,21.3,968.8,60.8
2014-07-23 21:00:00,Bharati,-14.95,17.69,1013.2,97.0
2014-07-23 22:00:00,Bharati,-16.48,13.02,997.3,54.5
2014-07-23 23:00:00,Bharati,-17.78,5.63,999.1,55.4
2014-07-24 00:00:00,Bharati,-17.41,2.09,968.3,23.9
2014-07-24 01:00:00,Bharati,-14.57,11.98,1013.3,34.0
2014-07-24 02:00:00,Bharati,-17.79,21.24,1016.3,58.0
2014-07-24 03:00:00,Bharati,-22.22,8.73,980.9,67.3
2014-07-24 04:00:00,Bharati,-24.61,6.12,1006.4,68.3
2014-07-24 05:00:00,Bharati,-21.7,13.16,1011.7,34.5
2014-07-24 06:00:00,Bharati,-16.39,4.55,953.7,53.6
2014-07-24 07:00:00,Bharati,-25.34,7.76,986.2,79.1
2014-07-24 08:00:00,Bharati,-20.57,10.43,1022.1,43.0
2014-07-24 09:00:00,Bharati,-18.56,3.49,985.1,56.8
2014-07-24 10:00:00,Bharati,-20.11,5.88,991.4,50.4
2014-07-24 11:00:00,Bharati,-19.17,7.73,995.3,69.6
2014-07-24 12:00:00,Bharati,-18.06,7.73,986.2,69.9
2014-07-24 13:00:00,Bharati,-16.26,3.79,999.6,57.8
2014-07-24 14:00:00,Bharati,-16.79,4.89,1010.1,67.6
2014-07-24 15:00:00,Bharati,-21.05,16.74,981.1,65.4
2014-07-24 16:00:00,Bharati,-17.62,3.0,1000.7,49.9
2014-07-24 17:00:00,Bharati,-23.09,6.14,977.4,57.1
2014-07-24 18:00:00,Bharati,-17.0,6.6,995.7,82.3
2014-07-24 19:00:00,Bharati,-15.09,14.1,994.1,53.6
2014-07-24 20:00:00,Bharati,-17.63,4.77,993.1,44.1
2014-07-24 21:00:00,Bharati,-16.26,14.58,1016.0,68.8
2014-07-24 22:00:00,Bharati,-17.25,2.08,980.1,79.5
2014-07-24 23:00:00,Bharati,-21.19,33.7,979.9,45.3
2014-07-25 00:00:00,Bharati,-16.01,2.91,985.8,64.8
2014-07-25 01:00:00,Bharati,-14.46,8.93,960.0,22.0
2014-07-25 02:00:00,Bharati,-22.63,6.27,988.8,63.6
2014-07-25 03:00:00,Bharati,-23.43,7.44,982.4,68.6
2014-07-25 04:00:00,Bharati,-16.88,10.09,1006.1,64.9
2014-07-25 05:00:00,Bharati,-18.96,8.81,1003.5,75.4
2014-07-25 06:00:00,Bharati,-19.91,18.85,974.1,55.0
2014-07-25 07:00:00,Bharati,-15.04,14.53,988.8,55.5
2014-07-25 08:00:00,Bharati,-18.08,15.69,996.1,71.4
2014-07-25 09:00:00,Bharati,-16.7,20.13,989.1,71.9
2014-07-25 10:00:00,Bharati,-18.31,4.37,1001.4,79.1
2014-07-25 11:00:00,Bharati,-15.54,4.3,973.3,75.4
2014-07-25 12:00:00,Bharati,-11.95,13.12,986.5,87.3
2014-07-25 13:00:00,Bharati,-15.44,1.74,992.4,82.7
2014-07-25 14:00:00,Bharati,-22.66,6.66,988.0,65.0
2014-07-25 15:00:00,Bharati,-18.46,27.47,988.4,51.2
2014-07-25 16:00:00,Bharati,-9.87,15.69,1004.4,64.0
2014-07-25 17:00:00,Bharati,-19.6,10.01,996.1,57.9
2014-07-25 18:00:00,Bharati,-19.52,10.28,1009.9,45.4
2014-07-25 19:00:00,Bharati,-20.2,2.0,997.2,66.9
2014-07-25 20:00:00,Bharati,-13.98,17.6,972.5,78.5
2014-07-25 21:00:00,Bharati,-17.88,14.04,994.5,68.8
2014-07-25 22:00:00,Bharati,-17.49,8.99,987.5,68.0
2014-07-25 23:00:00,Bharati,-18.8,11.02,1000.4,46.4
2014-07-26 00:00:00,Bharati,-14.73,9.15,1010.1,71.7
2014-07-26 01:00:00,Bharati,-21.16,9.79,969.5,28.1
2014-07-26 02:00:00,Bharati,-18.26,2.37,988.1,76.6
2014-07-26 03:00:00,Bharati,-17.31,7.9,990.8,47.2
2014-07-26 04:00:00,Bharati,-16.76,1.03,996.4,36.3
2014-07-26 05:00:00,Bharati,-19.55,9.64,1012.9,53.5
2014-07-26 06:00:00,Bharati,-13.41,4.58,1007.3,58.3
2014-07-26 07:00:00,Bharati,-20.93,5.91,998.4,55.6
2014-07-26 08:00:00,Bharati,-26.51,6.12,989.0,60.3
2014-07-26 09:00:00,Bharati,-15.86,7.18,1011.8,48.7
2014-07-26 10:00:00,Bharati,-15.73,4.33,989.1,91.6
2014-07-26 11:00:00,Bharati,-15.93,23.45,1009.1,64.2
2014-07-26 12:00:00,Bharati,-11.3,7.56,969.2,55.5
2014-07-26 13:00:00,Bharati,-23.94,13.05,995.2,68.3
2014-07-26 14:00:00,Bharati,-15.87,10.12,983.2,47.7
2014-07-26 15:00:00,Bharati,-14.46,3.65,1010.2,66.1
2014-07-26 16:00:00,Bharati,-12.06,9.21,1001.9,85.5
2014-07-26 17:00:00,Bharati,-21.91,2.95,1014.3,83.6
2014-07-26 18:00:00,Bharati,-21.61,5.67,1027.2,79.5
2014-07-26 19:00:00,Bharati,-18.73,17.77,989.1,64.9
2014-07-26 20:00:00,Bharati,-14.38,26.16,1007.6,54.2
2014-07-26 21:00:00,Bharati,-17.35,10.9,998.3,70.2
2014-07-26 22:00:00,Bharati,-22.25,23.59,1001.0,58.6
2014-07-26 23:00:00,Bharati,-17.96,7.32,1002.4,58.4
2014-07-27 00:00:00,Bharati,-15.78,15.35,1001.8,42.1
2014-07-27 01:00:00,Bharati,-17.75,2.76,999.4,54.3
2014-07-27 02:00:00,Bharati,-18.95,6.82,990.9,72.5
2014-07-27 03:00:00,Bharati,-16.56,8.46,1000.3,62.3
2014-07-27 04:00:00,Bharati,-15.49,21.63,1006.5,77.2
2014-07-27 05:00:00,Bharati,-19.44,18.25,983.8,75.3
2014-07-27 06:00:00,Bharati,-23.29,25.1,1001.6,58.4
2014-07-27 07:00:00,Bharati,-16.06,20.17,979.0,66.1
2014-07-27 08:00:00,Bharati,-16.24,31.57,989.9,76.2
2014-07-27 09:00:00,Bharati,-17.27,5.25,1005.9,74.0
2014-07-27 10:00:00,Bharati,-22.39,6.41,1006.1,51.7
2014-07-27 11:00:00,Bharati,-19.01,18.46,1012.4,76.3
2014-07-27 12:00:00,Bharati,-22.46,8.7,982.9,51.2
2014-07-27 13:00:00,Bharati,-17.23,12.01,989.5,66.1
2014-07-27 14:00:00,Bharati,-13.62,11.66,975.2,61.9
2014-07-27 15:00:00,Bharati,-19.35,23.51,987.3,61.5
2014-07-27 16:00:00,Bharati,-20.75,9.95,986.4,89.3
2014-07-27 17:00:00,Bharati,-19.78,7.12,1007.9,63.8
2014-07-27 18:00:00,Bharati,-21.6,12.84,965.4,64.4
2014-07-27 19:00:00,Bharati,-20.9,16.74,991.0,79.0
2014-07-27 20:00:00,Bharati,-17.91,2.07,987.7,75.5
2014-07-27 21:00:00,Bharati,-14.71,4.24,999.2,73.2
2014-07-27 22:00:00,Bharati,-17.38,22.91,1002.6,41.3
2014-07-27 23:00:00,Bharati,-15.17,9.91,976.9,46.5
2014-07-28 00:00:00,Bharati,-14.89,17.14,1000.3,71.8
2014-07-28 01:00:00,Bharati,-14.09,14.22,999.0,88.9
2014-07-28 02:00:00,Bharati,-19.57,9.94,974.5,62.5
2014-07-28 03:00:00,Bharati,-17.63,9.84,975.2,52.6
2014-07-28 04:00:00,Bharati,-15.86,10.35,1017.7,71.0
2014-07-28 05:00:00,Bharati,-14.38,21.39,967.1,81.5
2014-07-28 06:00:00,Bharati,-20.58,16.47,984.8,71.0
2014-07-28 07:00:00,Bharati,-21.44,19.23,984.1,95.9
2014-07-28 08:00:00,Bharati,-17.17,16.08,985.0,61.0
2014-07-28 09:00:00,Bharati,-18.75,12.26,1004.3,60.3
2014-07-28 10:00:00,Bharati,-21.34,7.33,1018.3,37.7
2014-07-28 11:00:00,Bharati,-17.15,3.59,994.0,85.5
2014-07-28 12:00:00,Bharati,-24.4,2.56,969.0,47.7
2014-07-28 13:00:00,Bharati,-23.33,7.79,997.3,66.1
2014-07-28 14:00:00,Bharati,-16.67,9.88,1007.6,69.0
2014-07-28 15:00:00,Bharati,-19.9,5.95,1009.4,57.0
2014-07-28 16:00:00,Bharati,-22.84,6.55,992.5,76.2
2014-07-28 17:00:00,Bharati,-19.14,8.7,1005.3,35.3
2014-07-28 18:00:00,Bharati,-17.34,11.14,1012.4,78.3
2014-07-28 19:00:00,Bharati,-15.35,13.02,989.0,47.8
2014-07-28 20:00:00,Bharati,-16.63,3.26,991.0,78.0
2014-07-28 21:00:00,Bharati,-18.49,12.51,993.7,80.9
2014-07-28 22:00:00,Bharati,-18.5,7.2,980.5,39.4
2014-07-28 23:00:00,Bharati,-20.18,12.22,979.5,68.3
2014-07-29 00:00:00,Bharati,-14.59,34.46,990.8,77.7
2014-07-29 01:00:00,Bharati,-17.2,20.03,983.6,61.8
2014-07-29 02:00:00,Bharati,-18.95,14.11,967.1,59.9
2014-07-29 03:00:00,Bharati,-20.18,4.58,971.0,59.0
2014-07-29 04:00:00,Bharati,-22.81,6.33,974.4,50.5
2014-07-29 05:00:00,Bharati,-17.24,12.65,990.7,87.3
2014-07-29 06:00:00,Bharati,-22.96,11.75,994.4,90.4
2014-07-29 07:00:00,Bharati,-14.79,2.76,1002.9,46.4
2014-07-29 08:00:00,Bharati,-16.52,20.69,976.2,71.2
2014-07-29 09:00:00,Bharati,-21.26,9.58,1019.5,68.3
2014-07-29 10:00:00,Bharati,-18.69,18.74,1009.7,94.1
2014-07-29 11:00:00,Bharati,-20.42,8.85,1012.9,59.3
2014-07-29 12:00:00,Bharati,-16.75,6.08,986.2,73.8
2014-07-29 13:00:00,Bharati,-20.79,9.33,968.5,41.1
2014-07-29 14:00:00,Bharati,-17.34,12.04,970.5,73.0
2014-07-29 15:00:00,Bharati,-22.35,4.41,989.8,59.9
2014-07-29 16:00:00,Bharati,-22.2,6.09,963.9,71.2
2014-07-29 17:00:00,Bharati,-14.99,4.89,1022.2,50.8
2014-07-29 18:00:00,Bharati,-18.89,30.9,989.1,53.4
2014-07-29 19:00:00,Bharati,-18.88,10.41,987.1,48.3
2014-07-29 20:00:00,Bharati,-23.11,3.17,992.1,64.2
2014-07-29 21:00:00,Bharati,-23.78,4.47,993.0,61.4
2014-07-29 22:00:00,Bharati,-19.91,8.11,978.3,38.6
2014-07-29 23:00:00,Bharati,-24.05,6.71,1001.2,74.5
2014-07-30 00:00:00,Bharati,-20.73,3.12,986.8,57.3
2014-07-30 01:00:00,Bharati,-19.07,8.56,994.9,38.8
2014-07-30 02:00:00,Bharati,-20.11,5.03,975.6,71.4
2014-07-30 03:00:00,Bharati,-21.5,4.01,981.1,54.1
2014-07-30 04:00:00,Bharati,-21.59,9.06,992.6,60.8
2014-07-30 05:00:00,Bharati,-18.11,3.42,980.1,53.0
2014-07-30 06:00:00,Bharati,-19.5,10.33,983.6,84.3
2014-07-30 07:00:00,Bharati,-19.95,9.22,1005.4,59.7
2014-07-30 08:00:00,Bharati,-17.12,8.86,1008.8,73.9
2014-07-30 09:00:00,Bharati,-20.3,10.32,1016.5,83.2
2014-07-30 10:00:00,Bharati,-23.13,5.12,1006.7,73.9
2014-07-30 11:00:00,Bharati,-21.71,20.7,973.5,72.9
2014-07-30 12:00:00,Bharati,-19.64,8.69,988.2,69.3
2014-07-30 13:00:00,Bharati,-17.79,16.8,993.4,94.0
2014-07-30 14:00:00,Bharati,-18.12,3.87,985.3,55.7
2014-07-30 15:00:00,Bharati,-17.88,17.62,969.2,45.4
2014-07-30 16:00:00,Bharati,-14.94,5.01,982.0,62.9
2014-07-30 17:00:00,Bharati,-16.72,6.33,960.2,76.8
2014-07-30 18:00:00,Bharati,-15.95,12.45,999.2,70.0
2014-07-30 19:00:00,Bharati,-18.07,9.97,991.4,59.4
2014-07-30 20:00:00,Bharati,-18.97,14.18,996.1,55.9
2014-07-30 21:00:00,Bharati,-19.99,8.14,999.4,22.0
2014-07-30 22:00:00,Bharati,-19.47,8.08,996.2,68.6
2014-07-30 23:00:00,Bharati,-21.82,12.78,990.8,93.6
2014-07-31 00:00:00,Bharati,-21.19,3.67,991.1,62.2
2014-07-31 01:00:00,Bharati,-15.45,3.01,998.7,54.1
2014-07-31 02:00:00,Bharati,-19.47,5.52,993.8,64.5
2014-07-31 03:00:00,Bharati,-17.52,6.57,991.3,52.7
2014-07-31 04:00:00,Bharati,-16.97,7.17,989.1,47.9
2014-07-31 05:00:00,Bharati,-19.3,11.12,983.1,64.2
2014-07-31 06:00:00,Bharati,-22.35,13.4,972.4,68.7
2014-07-31 07:00:00,Bharati,-20.48,11.57,976.5,68.1
2014-07-31 08:00:00,Bharati,-24.47,10.02,1009.9,52.9
2014-07-31 09:00:00,Bharati,-19.18,4.84,1000.1,59.0
2014-07-31 10:00:00,Bharati,-16.1,9.65,1009.9,37.2
2014-07-31 11:00:00,Bharati,-22.18,7.7,1006.4,55.6
2014-07-31 12:00:00,Bharati,-19.79,10.56,990.8,66.0
2014-07-31 13:00:00,Bharati,-24.05,7.89,997.2,69.1
2014-07-31 14:00:00,Bharati,-21.99,5.42,982.8,40.6
2014-07-31 15:00:00,Bharati,-19.7,5.56,1000.1,86.4
2014-07-31 16:00:00,Bharati,-13.15,6.71,1013.0,58.4
2014-07-31 17:00:00,Bharati,-18.59,13.39,991.9,83.8
2014-07-31 18:00:00,Bharati,-20.49,16.79,995.7,77.4
2014-07-31 19:00:00,Bharati,-17.14,13.42,997.9,75.7
2014-07-31 20:00:00,Bharati,-16.09,10.27,964.4,64.2
2014-07-31 21:00:00,Bharati,-15.91,7.31,1006.8,91.0
2014-07-31 22:00:00,Bharati,-16.98,23.74,1005.6,73.5
2014-07-31 23:00:00,Bharati,-18.27,18.37,993.3,23.7
2014-08-01 00:00:00,Bharati,-23.32,4.51,995.6,80.8
2014-08-01 01:00:00,Bharati,-19.76,7.24,1000.0,53.4
2014-08-01 02:00:00,Bharati,-19.2,7.33,987.3,76.5
2014-08-01 03:00:00,Bharati,-23.17,11.91,986.1,73.9
2014-08-01 04:00:00,Bharati,-18.38,3.63,988.3,84.3
2014-08-01 05:00:00,Bharati,-19.4,17.11,995.9,65.8
2014-08-01 06:00:00,Bharati,-20.87,13.72,984.0,53.4
2014-08-01 07:00:00,Bharati,-22.56,11.09,985.6,44.0
2014-08-01 08:00:00,Bharati,-16.54,6.03,1012.6,46.9
2014-08-01 09:00:00,Bharati,-20.29,5.79,994.7,47.2
2014-08-01 10:00:00,Bharati,-16.87,23.89,988.5,77.6
2014-08-01 11:00:00,Bharati,-18.15,4.76,1000.6,79.9
2014-08-01 12:00:00,Bharati,-20.65,4.75,999.6,56.5
2014-08-01 13:00:00,Bharati,-20.67,24.23,966.9,68.2
2014-08-01 14:00:00,Bharati,-18.51,3.07,993.2,64.9
2014-08-01 15:00:00,Bharati,-21.5,1.86,993.7,42.8
2014-08-01 16:00:00,Bharati,-19.91,13.78,993.6,56.4
2014-08-01 17:00:00,Bharati,-15.34,14.35,991.7,80.8
2014-08-01 18:00:00,Bharati,-22.03,22.91,998.9,74.9
2014-08-01 19:00:00,Bharati,-15.58,7.46,986.4,59.2
2014-08-01 20:00:00,Bharati,-21.78,6.2,1004.3,52.8
2014-08-01 21:00:00,Bharati,-21.75,5.59,988.3,57.3
2014-08-01 22:00:00,Bharati,-17.02,12.39,980.5,35.8
2014-08-01 23:00:00,Bharati,-18.55,15.68,976.4,68.6
2014-08-02 00:00:00,Bharati,-22.66,8.59,997.2,53.7
2014-08-02 01:00:00,Bharati,-21.01,6.82,968.0,48.5
2014-08-02 02:00:00,Bharati,-16.64,28.67,988.3,43.6
2014-08-02 03:00:00,Bharati,-18.94,5.19,983.6,36.7
2014-08-02 04:00:00,Bharati,-22.81,9.27,1004.9,79.1
2014-08-02 05:00:00,Bharati,-22.12,9.04,997.8,77.5
2014-08-02 06:00:00,Bharati,-19.31,20.39,1006.0,57.1
2014-08-02 07:00:00,Bharati,-21.45,3.08,996.8,61.8
2014-08-02 08:00:00,Bharati,-15.91,9.65,992.8,57.1
2014-08-02 09:00:00,Bharati,-19.62,7.37,1000.4,46.9
2014-08-02 10:00:00,Bharati,-20.4,11.71,1022.7,78.8
2014-08-02 11:00:00,Bharati,-17.55,9.97,982.8,38.6
2014-08-02 12:00:00,Bharati,-17.16,13.26,982.4,77.3
2014-08-02 13:00:00,Bharati,-20.78,6.74,980.8,65.3
2014-08-02 14:00:00,Bharati,-17.21,9.21,991.3,62.7
2014-08-02 15:00:00,Bharati,-19.35,10.52,981.1,50.0
2014-08-02 16:00:00,Bharati,-23.31,7.09,988.8,38.0
2014-08-02 17:00:00,Bharati,-16.05,0.73,988.7,92.8
2014-08-02 18:00:00,Bharati,-16.28,7.21,982.4,51.9
2014-08-02 19:00:00,Bharati,-13.48,5.61,1000.2,49.1
2014-08-02 20:00:00,Bharati,-17.95,7.88,997.9,73.3
2014-08-02 21:00:00,Bharati,-15.5,13.42,991.2,45.2
2014-08-02 22:00:00,Bharati,-22.54,11.42,991.0,46.0
2014-08-02 23:00:00,Bharati,-19.5,8.14,981.3,33.7
2014-08-03 00:00:00,Bharati,-13.31,17.25,984.3,68.6
2014-08-03 01:00:00,Bharati,-20.52,29.39,992.4,62.2
2014-08-03 02:00:00,Bharati,-18.32,26.47,973.9,88.5
2014-08-03 03:00:00,Bharati,-20.0,7.68,973.9,61.4
2014-08-03 04:00:00,Bharati,-20.65,9.39,986.6,60.4
2014-08-03 05:00:00,Bharati,-19.12,23.31,1006.0,55.4
2014-08-03 06:00:00,Bharati,-13.8,16.12,1001.2,62.9
2014-08-03 07:00:00,Bharati,-22.38,14.02,1008.8,60.9
2014-08-03 08:00:00,Bharati,-10.21,4.67,995.0,62.8
2014-08-03 09:00:00,Bharati,-17.91,5.11,1007.3,78.7
2014-08-03 10:00:00,Bharati,-20.03,5.89,981.6,88.7
2014-08-03 11:00:00,Bharati,-21.49,7.68,1001.3,92.8
2014-08-03 12:00:00,Bharati,-20.62,27.59,993.1,82.5
2014-08-03 13:00:00,Bharati,-22.89,7.53,993.1,33.5
2014-08-03 14:00:00,Bharati,-19.15,14.54,998.4,61.5
2014-08-03 15:00:00,Bharati,-20.64,11.93,995.3,65.9
2014-08-03 16:00:00,Bharati,-19.96,11.34,998.7,71.3
2014-08-03 17:00:00,Bharati,-24.86,15.0,994.8,50.5
2014-08-03 18:00:00,Bharati,-15.24,16.03,1001.7,77.6
2014-08-03 19:00:00,Bharati,-17.41,12.16,974.1,31.3
2014-08-03 20:00:00,Bharati,-16.31,13.25,974.9,78.6
2014-08-03 21:00:00,Bharati,-13.85,10.43,995.1,83.3
2014-08-03 22:00:00,Bharati,-16.02,4.57,980.4,70.6
2014-08-03 23:00:00,Bharati,-15.97,4.67,992.4,34.1
2014-08-04 00:00:00,Bharati,-18.42,24.73,972.7,56.3
2014-08-04 01:00:00,Bharati,-16.34,22.14,989.1,73.0
2014-08-04 02:00:00,Bharati,-21.48,29.02,972.9,64.9
2014-08-04 03:00:00,Bharati,-18.18,6.67,1010.6,80.9
2014-08-04 04:00:00,Bharati,-23.97,8.51,986.5,74.2
2014-08-04 05:00:00,Bharati,-19.18,4.47,996.8,62.8
2014-08-04 06:00:00,Bharati,-21.77,1.45,981.0,67.6
2014-08-04 07:00:00,Bharati,-18.35,9.43,990.6,50.9
2014-08-04 08:00:00,Bharati,-16.38,5.44,979.7,90.9
2014-08-04 09:00:00,Bharati,-14.29,13.14,968.1,61.2
2014-08-04 10:00:00,Bharati,-16.33,5.09,1013.5,69.3
2014-08-04 11:00:00,Bharati,-11.51,14.55,1001.2,51.3
2014-08-04 12:00:00,Bharati,-19.17,1.53,1005.6,46.5
2014-08-04 13:00:00,Bharati,-16.1,7.75,979.2,44.5
2014-08-04 14:00:00,Bharati,-18.14,17.83,991.4,56.4
2014-08-04 15:00:00,Bharati,-19.11,2.06,991.0,58.3
2014-08-04 16:00:00,Bharati,-17.9,14.6,989.0,98.0
2014-08-04 17:00:00,Bharati,-20.09,6.51,1001.4,41.0
2014-08-04 18:00:00,Bharati,-21.91,11.09,1004.5,92.3
2014-08-04 19:00:00,Bharati,-17.55,17.51,994.9,73.6
2014-08-04 20:00:00,Bharati,-19.27,11.21,992.4,72.8
2014-08-04 21:00:00,Bharati,-21.08,1.8,982.4,55.1
2014-08-04 22:00:00,Bharati,-18.6,11.1,1015.9,63.5
2014-08-04 23:00:00,Bharati,-20.47,16.4,986.4,62.3
2014-08-05 00:00:00,Bharati,-21.21,9.4,991.9,61.9
2014-08-05 01:00:00,Bharati,-21.44,11.43,982.4,32.4
2014-08-05 02:00:00,Bharati,-17.8,6.1,974.4,58.1
2014-08-05 03:00:00,Bharati,-20.11,3.07,998.7,72.2
2014-08-05 04:00:00,Bharati,-17.48,8.65,990.6,44.3
2014-08-05 05:00:00,Bharati,-23.97,8.73,987.2,58.8
2014-08-05 06:00:00,Bharati,-15.98,4.63,977.7,57.9
2014-08-05 07:00:00,Bharati,-14.93,3.51,998.5,82.9
2014-08-05 08:00:00,Bharati,-19.83,10.62,1012.6,82.8
2014-08-05 09:00:00,Bharati,-19.8,15.48,1009.3,74.9
2014-08-05 10:00:00,Bharati,-16.74,7.22,983.6,70.2
2014-08-05 11:00:00,Bharati,-20.5,13.35,994.3,48.2
2014-08-05 12:00:00,Bharati,-17.19,4.88,989.0,49.1
2014-08-05 13:00:00,Bharati,-16.96,13.49,1018.0,51.2
2014-08-05 14:00:00,Bharati,-18.32,7.69,985.0,82.9
2014-08-05 15:00:00,Bharati,-17.53,9.41,998.4,83.7
2014-08-05 16:00:00,Bharati,-16.88,19.97,1020.9,44.3
2014-08-05 17:00:00,Bharati,-22.68,16.38,996.0,65.9
2014-08-05 18:00:00,Bharati,-18.1,9.09,996.0,66.0
2014-08-05 19:00:00,Bharati,-17.62,6.52,1011.5,64.5
2014-08-05 20:00:00,Bharati,-14.01,13.91,974.5,49.9
2014-08-05 21:00:00,Bharati,-18.73,1.31,1001.6,72.5
2014-08-05 22:00:00,Bharati,-17.63,29.43,988.2,80.3
2014-08-05 23:00:00,Bharati,-14.33,7.25,954.2,75.9
2014-08-06 00:00:00,Bharati,-18.57,7.64,998.3,53.3
2014-08-06 01:00:00,Bharati,-13.62,19.01,976.7,75.3
2014-08-06 02:00:00,Bharati,-9.97,16.5,990.0,68.7
2014-08-06 03:00:00,Bharati,-20.9,5.95,999.2,53.9
2014-08-06 04:00:00,Bharati,-20.22,6.59,992.9,65.3
2014-08-06 05:00:00,Bharati,-20.8,8.04,1017.4,56.4
2014-08-06 06:00:00,Bharati,-18.46,5.43,979.8,56.4
2014-08-06 07:00:00,Bharati,-18.12,8.28,995.6,48.6
2014-08-06 08:00:00,Bharati,-21.8,7.8,1017.4,53.3
2014-08-06 09:00:00,Bharati,-23.49,6.09,981.0,37.6
2014-08-06 10:00:00,Bharati,-17.33,5.84,987.6,67.6
2014-08-06 11:00:00,Bharati,-17.22,13.29,1001.6,82.7
2014-08-06 12:00:00,Bharati,-13.76,11.93,1004.7,62.5
2014-08-06 13:00:00,Bharati,-19.5,2.05,988.6,69.4
2014-08-06 14:00:00,Bharati,-21.71,16.1,988.0,77.8
2014-08-06 15:00:00,Bharati,-16.97,6.99,992.7,69.4
2014-08-06 16:00:00,Bharati,-16.04,1.62,974.8,59.9
2014-08-06 17:00:00,Bharati,-13.22,10.72,997.0,63.5
2014-08-06 18:00:00,Bharati,-22.63,14.77,993.5,74.7
2014-08-06 19:00:00,Bharati,-20.41,11.26,989.6,91.4
2014-08-06 20:00:00,Bharati,-15.01,6.92,976.9,78.5
2014-08-06 21:00:00,Bharati,-15.18,26.04,973.3,48.6
2014-08-06 22:00:00,Bharati,-20.05,6.3,991.2,82.0
2014-08-06 23:00:00,Bharati,-22.01,19.74,970.2,53.3
2014-08-07 00:00:00,Bharati,-20.85,12.68,980.5,65.4
2014-08-07 01:00:00,Bharati,-14.0,5.92,984.0,53.3
2014-08-07 02:00:00,Bharati,-19.63,1.97,981.2,33.5
2014-08-07 03:00:00,Bharati,-17.86,24.35,988.9,45.5
2014-08-07 04:00:00,Bharati,-19.63,19.88,985.7,54.9
2014-08-07 05:00:00,Bharati,-17.0,4.61,989.5,78.8
2014-08-07 06:00:00,Bharati,-21.52,12.58,982.0,75.2
2014-08-07 07:00:00,Bharati,-18.85,7.47,1014.7,54.8
2014-08-07 08:00:00,Bharati,-18.12,15.54,985.3,66.6
2014-08-07 09:00:00,Bharati,-20.94,6.53,1002.0,55.4
2014-08-07 10:00:00,Bharati,-14.67,8.61,989.3,49.1
2014-08-07 11:00:00,Bharati,-17.12,3.49,988.9,52.5
2014-08-07 12:00:00,Bharati,-15.54,1.36,984.8,64.2
2014-08-07 13:00:00,Bharati,-19.52,11.02,1000.6,60.8
2014-08-07 14:00:00,Bharati,-18.22,5.31,1010.6,47.3
2014-08-07 15:00:00,Bharati,-17.26,4.64,985.0,46.6
2014-08-07 16:00:00,Bharati,-15.51,10.06,981.1,62.6
2014-08-07 17:00:00,Bharati,-15.97,3.38,981.8,59.0
2014-08-07 18:00:00,Bharati,-17.17,12.46,981.8,60.6
2014-08-07 19:00:00,Bharati,-21.93,21.18,992.8,43.0
2014-08-07 20:00:00,Bharati,-16.77,4.41,993.7,68.1
2014-08-07 21:00:00,Bharati,-20.45,3.32,998.7,57.0
2014-08-07 22:00:00,Bharati,-22.43,6.23,984.2,52.5
2014-08-07 23:00:00,Bharati,-22.61,9.65,975.0,69.9
2014-08-08 00:00:00,Bharati,-19.64,12.66,993.7,98.0
2014-08-08 01:00:00,Bharati,-18.64,11.7,1000.8,51.8
2014-08-08 02:00:00,Bharati,-16.96,5.63,1013.0,68.3
2014-08-08 03:00:00,Bharati,-12.56,5.22,984.6,78.6
2014-08-08 04:00:00,Bharati,-21.13,7.5,1002.1,86.6
2014-08-08 05:00:00,Bharati,-19.46,3.25,996.3,61.5
2014-08-08 06:00:00,Bharati,-24.16,14.74,1019.9,41.0
2014-08-08 07:00:00,Bharati,-14.37,8.55,992.1,55.5
2014-08-08 08:00:00,Bharati,-18.59,7.55,1003.0,39.2
2014-08-08 09:00:00,Bharati,-17.83,20.52,991.5,45.3
2014-08-08 10:00:00,Bharati,-13.75,6.89,995.6,91.2
2014-08-08 11:00:00,Bharati,-14.88,12.26,978.8,38.9
2014-08-08 12:00:00,Bharati,-25.12,7.33,995.7,65.8
2014-08-08 13:00:00,Bharati,-15.78,10.01,973.4,91.0
2014-08-08 14:00:00,Bharati,-20.32,5.0,994.2,40.0
2014-08-08 15:00:00,Bharati,-17.94,7.22,999.7,68.0
2014-08-08 16:00:00,Bharati,-23.79,15.83,974.2,89.1
2014-08-08 17:00:00,Bharati,-18.1,1.74,985.5,73.0
2014-08-08 18:00:00,Bharati,-14.26,19.48,999.3,57.5
2014-08-08 19:00:00,Bharati,-12.91,15.15,999.3,73.4
2014-08-08 20:00:00,Bharati,-22.44,7.57,992.6,59.9
2014-08-08 21:00:00,Bharati,-22.54,7.53,1002.5,75.4
2014-08-08 22:00:00,Bharati,-17.79,7.51,1017.7,83.3
2014-08-08 23:00:00,Bharati,-19.15,15.13,989.8,62.3
2014-08-09 00:00:00,Bharati,-16.84,17.45,974.7,47.4
2014-08-09 01:00:00,Bharati,-15.9,14.5,985.8,96.2
2014-08-09 02:00:00,Bharati,-19.61,8.23,990.5,59.1
2014-08-09 03:00:00,Bharati,-19.57,11.69,997.9,42.6
2014-08-09 04:00:00,Bharati,-17.18,12.81,1003.1,46.5
2014-08-09 05:00:00,Bharati,-22.31,17.95,988.9,56.1
2014-08-09 06:00:00,Bharati,-20.77,22.95,987.5,74.3
2014-08-09 07:00:00,Bharati,-17.56,16.48,1001.3,80.9
2014-08-09 08:00:00,Bharati,-19.42,19.57,1006.9,49.0
2014-08-09 09:00:00,Bharati,-17.31,16.79,1004.7,54.8
2014-08-09 10:00:00,Bharati,-16.37,22.27,997.5,54.4
2014-08-09 11:00:00,Bharati,-17.0,13.41,983.9,79.8
2014-08-09 12:00:00,Bharati,-16.04,45.91,1014.2,64.6
2014-08-09 13:00:00,Bharati,-19.73,12.56,985.5,82.9
2014-08-09 14:00:00,Bharati,-21.97,4.9,982.9,59.4
2014-08-09 15:00:00,Bharati,-22.9,10.98,998.1,70.2
2014-08-09 16:00:00,Bharati,-18.11,12.85,983.8,69.4
2014-08-09 17:00:00,Bharati,-16.19,4.6,986.9,44.1
2014-08-09 18:00:00,Bharati,-20.02,13.09,986.1,48.7
2014-08-09 19:00:00,Bharati,-19.31,20.38,1014.2,74.2
2014-08-09 20:00:00,Bharati,-21.96,8.43,993.8,88.0
2014-08-09 21:00:00,Bharati,-15.4,6.3,977.0,77.3
2014-08-09 22:00:00,Bharati,-14.23,11.34,983.0,45.7
2014-08-09 23:00:00,Bharati,-16.93,5.88,999.3,97.0
2014-08-10 00:00:00,Bharati,-19.27,2.25,978.3,94.7
2014-08-10 01:00:00,Bharati,-16.17,8.51,1007.4,79.5
2014-08-10 02:00:00,Bharati,-15.66,5.57,1008.9,53.7
2014-08-10 03:00:00,Bharati,-17.14,10.93,1003.4,48.9
2014-08-10 04:00:00,Bharati,-17.95,9.45,999.9,66.5
2014-08-10 05:00:00,Bharati,-19.82,1.6,980.7,67.1
2014-08-10 06:00:00,Bharati,-18.79,3.61,1003.1,51.5
2014-08-10 07:00:00,Bharati,-14.9,13.37,997.1,89.2
2014-08-10 08:00:00,Bharati,-16.4,6.71,983.5,55.4
2014-08-10 09:00:00,Bharati,-19.47,4.69,965.0,45.1
2014-08-10 10:00:00,Bharati,-16.61,4.37,1012.0,68.5
2014-08-10 11:00:00,Bharati,-21.07,4.94,978.3,48.1
2014-08-10 12:00:00,Bharati,-16.08,6.55,972.3,80.6
2014-08-10 13:00:00,Bharati,-23.12,19.73,983.1,79.6
2014-08-10 14:00:00,Bharati,-17.86,1.5,971.8,85.2
2014-08-10 15:00:00,Bharati,-18.83,29.18,976.4,57.4
2014-08-10 16:00:00,Bharati,-12.11,17.38,998.0,98.0
2014-08-10 17:00:00,Bharati,-13.68,8.62,1002.2,77.3
2014-08-10 18:00:00,Bharati,-20.58,6.93,980.1,45.1
2014-08-10 19:00:00,Bharati,-21.3,17.67,988.8,59.6
2014-08-10 20:00:00,Bharati,-19.31,13.18,1017.8,34.4
2014-08-10 21:00:00,Bharati,-16.5,5.86,988.7,88.1
2014-08-10 22:00:00,Bharati,-15.97,9.89,1013.5,86.4
2014-08-10 23:00:00,Bharati,-20.85,3.33,976.7,57.3
2014-08-11 00:00:00,Bharati,-14.09,12.54,1010.5,45.8
2014-08-11 01:00:00,Bharati,-19.81,3.3,991.9,38.4
2014-08-11 02:00:00,Bharati,-22.07,3.25,977.0,45.8
2014-08-11 03:00:00,Bharati,-17.32,13.14,1014.3,57.2
2014-08-11 04:00:00,Bharati,-18.63,6.57,996.5,58.4
2014-08-11 05:00:00,Bharati,-22.72,8.53,982.9,73.4
2014-08-11 06:00:00,Bharati,-21.89,8.42,997.2,48.6
2014-08-11 07:00:00,Bharati,-17.58,2.48,977.0,44.6
2014-08-11 08:00:00,Bharati,-22.44,8.81,987.7,60.8
2014-08-11 09:00:00,Bharati,-20.67,8.34,986.7,47.1
2014-08-11 10:00:00,Bharati,-15.56,5.6,965.1,69.7
2014-08-11 11:00:00,Bharati,-17.91,8.92,989.8,79.2
2014-08-11 12:00:00,Bharati,-13.53,8.7,986.2,70.3
2014-08-11 13:00:00,Bharati,-19.24,14.56,974.1,60.7
2014-08-11 14:00:00,Bharati,-19.89,4.13,1000.2,63.6
2014-08-11 15:00:00,Bharati,-17.9,6.92,1003.0,57.9
2014-08-11 16:00:00,Bharati,-17.96,6.76,1013.3,50.6
2014-08-11 17:00:00,Bharati,-18.18,5.13,996.6,42.2
2014-08-11 18:00:00,Bharati,-20.27,6.48,994.0,66.1
2014-08-11 19:00:00,Bharati,-16.84,3.84,963.2,86.0
2014-08-11 20:00:00,Bharati,-15.78,13.15,998.4,47.6
2014-08-11 21:00:00,Bharati,-23.12,13.37,1008.7,83.9
2014-08-11 22:00:00,Bharati,-16.21,6.89,1003.1,35.7
2014-08-11 23:00:00,Bharati,-18.79,6.69,980.6,86.3
2014-08-12 00:00:00,Bharati,-16.68,32.75,999.3,59.5
2014-08-12 01:00:00,Bharati,-15.59,7.19,965.1,60.1
2014-08-12 02:00:00,Bharati,-16.88,13.16,1012.3,55.3
2014-08-12 03:00:00,Bharati,-13.77,12.97,997.3,73.4
2014-08-12 04:00:00,Bharati,-23.56,25.37,988.0,72.9
2014-08-12 05:00:00,Bharati,-15.02,14.56,1004.4,73.5
2014-08-12 06:00:00,Bharati,-14.37,9.96,974.3,48.0
2014-08-12 07:00:00,Bharati,-12.45,8.73,999.6,57.9
2014-08-12 08:00:00,Bharati,-19.93,8.7,983.4,62.1
2014-08-12 09:00:00,Bharati,-22.89,3.22,993.0,61.8
2014-08-12 10:00:00,Bharati,-17.6,14.69,996.8,80.4
2014-08-12 11:00:00,Bharati,-21.55,12.26,1005.9,72.6
2014-08-12 12:00:00,Bharati,-18.85,9.25,1011.4,67.2
2014-08-12 13:00:00,Bharati,-20.75,8.71,996.5,42.6
2014-08-12 14:00:00,Bharati,-17.9,11.69,1002.9,60.4
2014-08-12 15:00:00,Bharati,-16.43,3.52,990.2,54.5
2014-08-12 16:00:00,Bharati,-15.52,13.93,992.4,42.5
2014-08-12 17:00:00,Bharati,-16.02,15.09,982.5,75.7
2014-08-12 18:00:00,Bharati,-16.24,27.9,999.4,67.9
2014-08-12 19:00:00,Bharati,-15.1,14.48,993.7,73.2
2014-08-12 20:00:00,Bharati,-22.69,1.27,991.1,82.4
2014-08-12 21:00:00,Bharati,-16.32,11.75,1005.1,55.3
2014-08-12 22:00:00,Bharati,-20.11,22.29,1001.3,75.3
2014-08-12 23:00:00,Bharati,-17.54,6.28,997.4,52.3
2014-08-13 00:00:00,Bharati,-17.49,6.37,1005.4,62.1
2014-08-13 01:00:00,Bharati,-17.8,18.29,990.8,47.4
2014-08-13 02:00:00,Bharati,-19.36,11.1,983.6,87.7
2014-08-13 03:00:00,Bharati,-18.83,2.91,992.9,58.2
2014-08-13 04:00:00,Bharati,-21.81,5.84,997.1,54.8
2014-08-13 05:00:00,Bharati,-23.0,28.65,985.7,62.0
2014-08-13 06:00:00,Bharati,-17.48,2.65,985.0,65.3
2014-08-13 07:00:00,Bharati,-23.53,7.69,1000.2,51.9
2014-08-13 08:00:00,Bharati,-17.0,4.11,995.4,39.2
2014-08-13 09:00:00,Bharati,-18.1,12.67,997.2,60.6
2014-08-13 10:00:00,Bharati,-19.15,7.32,981.6,52.0
2014-08-13 11:00:00,Bharati,-18.24,1.39,995.2,61.8
2014-08-13 12:00:00,Bharati,-13.68,8.43,983.7,51.1
2014-08-13 13:00:00,Bharati,-13.53,19.27,997.7,73.8
2014-08-13 14:00:00,Bharati,-13.91,29.26,976.8,52.9
2014-08-13 15:00:00,Bharati,-18.2,11.63,994.8,58.9
2014-08-13 16:00:00,Bharati,-19.52,6.92,986.2,56.0
2014-08-13 17:00:00,Bharati,-18.84,5.42,1002.2,65.3
2014-08-13 18:00:00,Bharati,-14.38,7.51,994.1,73.4
2014-08-13 19:00:00,Bharati,-18.56,13.32,980.1,52.1
2014-08-13 20:00:00,Bharati,-20.04,25.23,1012.9,61.0
2014-08-13 21:00:00,Bharati,-15.94,2.93,982.1,71.4
2014-08-13 22:00:00,Bharati,-22.26,11.74,993.5,37.9
2014-08-13 23:00:00,Bharati,-13.85,3.29,1020.0,58.0
2014-08-14 00:00:00,Bharati,-12.89,19.53,979.4,37.1
2014-08-14 01:00:00,Bharati,-17.27,6.22,989.3,56.2
2014-08-14 02:00:00,Bharati,-11.49,3.54,1000.9,63.4
2014-08-14 03:00:00,Bharati,-13.61,10.55,981.7,79.2
2014-08-14 04:00:00,Bharati,-25.99,6.93,994.7,60.9
2014-08-14 05:00:00,Bharati,-18.96,16.47,990.5,83.3
2014-08-14 06:00:00,Bharati,-13.46,14.31,1006.2,52.1
2014-08-14 07:00:00,Bharati,-20.81,4.5,988.4,59.2
2014-08-14 08:00:00,Bharati,-14.52,15.36,987.1,55.2
2014-08-14 09:00:00,Bharati,-15.94,4.74,995.7,62.5
2014-08-14 10:00:00,Bharati,-17.6,22.56,1001.8,60.0
2014-08-14 11:00:00,Bharati,-22.01,6.05,1007.8,58.8
2014-08-14 12:00:00,Bharati,-19.31,4.63,998.4,75.0
2014-08-14 13:00:00,Bharati,-19.57,12.37,997.7,68.1
2014-08-14 14:00:00,Bharati,-15.59,4.87,974.6,47.7
2014-08-14 15:00:00,Bharati,-19.32,7.69,996.0,45.9
2014-08-14 16:00:00,Bharati,-21.47,7.25,992.0,84.3
2014-08-14 17:00:00,Bharati,-21.79,4.82,993.6,47.9
2014-08-14 18:00:00,Bharati,-20.1,13.96,1004.1,82.4
2014-08-14 19:00:00,Bharati,-20.16,11.79,994.4,81.4
2014-08-14 20:00:00,Bharati,-18.32,12.58,986.3,73.9
2014-08-14 21:00:00,Bharati,-17.7,7.72,999.8,74.2
2014-08-14 22:00:00,Bharati,-19.98,7.33,993.9,70.0
2014-08-14 23:00:00,Bharati,-20.3,8.31,984.0,77.3
2014-08-15 00:00:00,Bharati,-16.96,9.5,1006.4,60.4
2014-08-15 01:00:00,Bharati,-16.41,12.77,987.2,40.9
2014-08-15 02:00:00,Bharati,-19.13,9.28,989.4,63.7
2014-08-15 03:00:00,Bharati,-19.49,14.32,1004.2,65.9
2014-08-15 04:00:00,Bharati,-16.85,8.03,979.6,64.8
2014-08-15 05:00:00,Bharati,-15.92,12.42,989.9,68.4
2014-08-15 06:00:00,Bharati,-19.35,1.29,983.8,48.0
2014-08-15 07:00:00,Bharati,-17.51,18.89,1001.8,71.2
2014-08-15 08:00:00,Bharati,-19.99,13.44,983.2,77.7
2014-08-15 09:00:00,Bharati,-24.68,9.05,991.5,33.7
2014-08-15 10:00:00,Bharati,-16.92,3.49,991.3,59.0
2014-08-15 11:00:00,Bharati,-14.66,26.28,1004.0,62.7
2014-08-15 12:00:00,Bharati,-18.66,8.35,987.5,44.1
2014-08-15 13:00:00,Bharati,-16.26,12.97,994.3,77.9
2014-08-15 14:00:00,Bharati,-17.29,6.24,1002.8,69.1
2014-08-15 15:00:00,Bharati,-15.84,17.34,995.8,55.3
2014-08-15 16:00:00,Bharati,-15.6,14.89,981.5,50.9
2014-08-15 17:00:00,Bharati,-19.12,5.65,1006.1,64.1
2014-08-15 18:00:00,Bharati,-16.15,23.81,991.0,51.2
2014-08-15 19:00:00,Bharati,-18.63,7.73,1006.9,67.2
2014-08-15 20:00:00,Bharati,-17.53,21.87,989.1,26.5
2014-08-15 21:00:00,Bharati,-18.37,13.88,993.3,60.0
2014-08-15 22:00:00,Bharati,-12.19,8.0,985.9,78.7
2014-08-15 23:00:00,Bharati,-17.52,15.17,988.7,56.0
2014-08-16 00:00:00,Bharati,-15.23,6.51,990.6,68.9
2014-08-16 01:00:00,Bharati,-20.53,6.7,984.4,62.8
2014-08-16 02:00:00,Bharati,-20.61,5.06,987.3,39.7
2014-08-16 03:00:00,Bharati,-19.71,10.83,993.1,35.8
2014-08-16 04:00:00,Bharati,-18.42,3.76,992.3,88.2
2014-08-16 05:00:00,Bharati,-17.9,3.4,979.9,82.4
2014-08-16 06:00:00,Bharati,-17.8,13.93,991.2,37.7
2014-08-16 07:00:00,Bharati,-14.57,24.98,993.0,37.5
2014-08-16 08:00:00,Bharati,-15.55,2.15,976.6,80.2
2014-08-16 09:00:00,Bharati,-14.9,10.57,981.2,62.7
2014-08-16 10:00:00,Bharati,-13.66,2.84,981.7,63.7
2014-08-16 11:00:00,Bharati,-16.11,9.91,997.4,62.7
2014-08-16 12:00:00,Bharati,-15.17,5.13,996.3,85.3
2014-08-16 13:00:00,Bharati,-19.33,12.2,979.8,73.9
2014-08-16 14:00:00,Bharati,-20.0,10.74,991.7,76.8
2014-08-16 15:00:00,Bharati,-20.59,14.29,1007.1,57.5
2014-08-16 16:00:00,Bharati,-18.76,13.1,982.6,64.1
2014-08-16 17:00:00,Bharati,-20.07,8.42,989.3,60.4
2014-08-16 18:00:00,Bharati,-18.78,13.93,1004.8,57.1
2014-08-16 19:00:00,Bharati,-17.9,18.1,1005.9,70.0
2014-08-16 20:00:00,Bharati,-18.87,2.71,974.8,51.1
2014-08-16 21:00:00,Bharati,-18.18,16.33,1009.1,65.3
2014-08-16 22:00:00,Bharati,-16.34,11.68,969.3,58.6
2014-08-16 23:00:00,Bharati,-12.31,7.69,987.9,67.4
2014-08-17 00:00:00,Bharati,-18.17,12.29,1001.6,62.2
2014-08-17 01:00:00,Bharati,-14.91,17.54,990.6,59.4
2014-08-17 02:00:00,Bharati,-20.05,5.39,1001.3,35.5
2014-08-17 03:00:00,Bharati,-21.44,18.83,1003.9,38.4
2014-08-17 04:00:00,Bharati,-17.31,18.28,996.6,67.6
2014-08-17 05:00:00,Bharati,-18.9,11.37,1011.6,55.9
2014-08-17 06:00:00,Bharati,-13.1,17.53,977.2,52.7
2014-08-17 07:00:00,Bharati,-20.41,7.26,983.9,71.3
2014-08-17 08:00:00,Bharati,-18.42,4.22,998.1,62.8
2014-08-17 09:00:00,Bharati,-23.29,6.74,966.5,60.3
2014-08-17 10:00:00,Bharati,-23.6,10.12,1002.3,72.1
2014-08-17 11:00:00,Bharati,-19.58,21.66,999.2,69.5
2014-08-17 12:00:00,Bharati,-17.66,4.33,1004.3,75.8
2014-08-17 13:00:00,Bharati,-16.49,7.48,981.6,62.7
2014-08-17 14:00:00,Bharati,-21.07,10.5,994.9,64.7
2014-08-17 15:00:00,Bharati,-16.5,7.64,976.9,51.6
2014-08-17 16:00:00,Bharati,-16.64,12.16,994.1,87.8
2014-08-17 17:00:00,Bharati,-17.25,6.49,1004.3,65.6
2014-08-17 18:00:00,Bharati,-21.03,14.22,982.8,55.4
2014-08-17 19:00:00,Bharati,-15.22,9.88,983.2,82.7
2014-08-17 20:00:00,Bharati,-17.96,14.07,993.8,43.7
2014-08-17 21:00:00,Bharati,-17.83,9.46,1009.6,47.5
2014-08-17 22:00:00,Bharati,-20.75,25.71,982.7,64.2
2014-08-17 23:00:00,Bharati,-14.4,11.81,989.5,68.5
2014-08-18 00:00:00,Bharati,-16.15,8.01,989.8,89.7
2014-08-18 01:00:00,Bharati,-14.47,23.7,992.9,61.6
2014-08-18 02:00:00,Bharati,-22.12,6.33,1002.7,46.3
2014-08-18 03:00:00,Bharati,-12.06,4.09,994.1,61.4
2014-08-18 04:00:00,Bharati,-15.87,10.74,999.2,64.0
2014-08-18 05:00:00,Bharati,-17.3,16.77,1028.6,34.3
2014-08-18 06:00:00,Bharati,-17.02,13.99,990.7,57.1
2014-08-18 07:00:00,Bharati,-22.02,14.84,984.9,33.7
2014-08-18 08:00:00,Bharati,-20.32,7.34,986.8,54.0
2014-08-18 09:00:00,Bharati,-20.55,12.28,976.6,40.2
2014-08-18 10:00:00,Bharati,-17.02,11.05,1003.4,54.4
2014-08-18 11:00:00,Bharati,-18.33,9.44,996.9,25.4
2014-08-18 12:00:00,Bharati,-21.22,13.53,976.5,70.7
2014-08-18 13:00:00,Bharati,-26.92,5.12,991.5,69.0
2014-08-18 14:00:00,Bharati,-18.15,9.83,981.0,74.6
2014-08-18 15:00:00,Bharati,-16.96,21.72,994.0,73.6
2014-08-18 16:00:00,Bharati,-21.96,14.65,977.4,51.0
2014-08-18 17:00:00,Bharati,-14.33,4.1,999.3,61.9
2014-08-18 18:00:00,Bharati,-14.38,13.15,981.8,68.7
2014-08-18 19:00:00,Bharati,-21.76,2.52,961.2,58.7
2014-08-18 20:00:00,Bharati,-19.7,17.28,990.4,63.2
2014-08-18 21:00:00,Bharati,-17.67,25.1,970.4,76.2
2014-08-18 22:00:00,Bharati,-16.55,13.52,1013.5,98.0
2014-08-18 23:00:00,Bharati,-16.32,3.91,989.8,50.6
2014-08-19 00:00:00,Bharati,-18.26,11.85,976.3,43.4
2014-08-19 01:00:00,Bharati,-17.9,10.43,1002.0,60.2
2014-08-19 02:00:00,Bharati,-18.02,8.74,977.6,41.5
2014-08-19 03:00:00,Bharati,-16.16,14.45,979.1,31.5
2014-08-19 04:00:00,Bharati,-12.92,7.81,977.5,61.8
2014-08-19 05:00:00,Bharati,-18.95,16.0,1013.6,60.2
2014-08-19 06:00:00,Bharati,-10.2,11.65,989.6,64.0
2014-08-19 07:00:00,Bharati,-17.85,8.66,991.4,68.3
2014-08-19 08:00:00,Bharati,-15.9,7.72,1005.8,73.2
2014-08-19 09:00:00,Bharati,-15.47,11.91,984.7,60.0
2014-08-19 10:00:00,Bharati,-22.7,6.44,972.5,70.0
2014-08-19 11:00:00,Bharati,-16.81,3.77,1010.4,69.2
2014-08-19 12:00:00,Bharati,-21.82,3.01,998.5,87.5
2014-08-19 13:00:00,Bharati,-25.37,15.34,997.2,55.3
2014-08-19 14:00:00,Bharati,-18.2,14.69,981.4,73.0
2014-08-19 15:00:00,Bharati,-11.94,2.58,987.6,56.7
2014-08-19 16:00:00,Bharati,-20.54,12.19,1006.9,57.6
2014-08-19 17:00:00,Bharati,-16.5,2.76,990.6,72.6
2014-08-19 18:00:00,Bharati,-9.41,6.99,989.3,80.3
2014-08-19 19:00:00,Bharati,-16.28,28.15,982.1,88.6
2014-08-19 20:00:00,Bharati,-23.06,16.78,1008.0,88.4
2014-08-19 21:00:00,Bharati,-13.11,10.48,991.3,76.7
2014-08-19 22:00:00,Bharati,-13.53,13.11,999.8,68.3
2014-08-19 23:00:00,Bharati,-11.04,2.49,1006.5,77.9
2014-08-20 00:00:00,Bharati,-23.55,34.61,954.4,82.1
2014-08-20 01:00:00,Bharati,-14.87,8.6,1011.8,64.8
2014-08-20 02:00:00,Bharati,-18.29,6.49,987.1,53.2
2014-08-20 03:00:00,Bharati,-18.28,10.28,997.4,49.9
2014-08-20 04:00:00,Bharati,-15.6,9.11,980.4,86.2
2014-08-20 05:00:00,Bharati,-16.76,4.62,970.8,67.1
2014-08-20 06:00:00,Bharati,-18.7,4.07,971.2,48.6
2014-08-20 07:00:00,Bharati,-15.05,11.99,996.1,55.9
2014-08-20 08:00:00,Bharati,-19.8,7.91,983.2,51.6
2014-08-20 09:00:00,Bharati,-18.82,17.84,996.6,71.0
2014-08-20 10:00:00,Bharati,-12.06,19.09,980.4,74.8
2014-08-20 11:00:00,Bharati,-20.81,10.87,1007.5,64.4
2014-08-20 12:00:00,Bharati,-17.3,1.56,991.3,61.5
2014-08-20 13:00:00,Bharati,-14.9,6.54,1014.0,77.8
2014-08-20 14:00:00,Bharati,-11.79,15.39,954.3,61.7
2014-08-20 15:00:00,Bharati,-14.93,8.28,994.9,78.3
2014-08-20 16:00:00,Bharati,-13.98,11.7,986.2,95.2
2014-08-20 17:00:00,Bharati,-18.37,13.66,981.2,35.9
2014-08-20 18:00:00,Bharati,-20.07,6.48,1007.5,52.5
2014-08-20 19:00:00,Bharati,-19.32,7.84,998.3,98.0
2014-08-20 20:00:00,Bharati,-15.61,5.74,1014.3,69.6
2014-08-20 21:00:00,Bharati,-17.18,14.99,997.6,23.0
2014-08-20 22:00:00,Bharati,-17.93,10.56,986.3,73.5
2014-08-20 23:00:00,Bharati,-20.87,13.41,985.5,77.1
2014-08-21 00:00:00,Bharati,-12.57,4.82,987.9,84.0
2014-08-21 01:00:00,Bharati,-20.32,8.74,1006.9,55.5
2014-08-21 02:00:00,Bharati,-23.82,3.45,995.1,41.2
2014-08-21 03:00:00,Bharati,-21.35,4.66,995.5,62.7
2014-08-21 04:00:00,Bharati,-19.11,5.9,992.9,67.1
2014-08-21 05:00:00,Bharati,-15.16,12.82,990.9,54.5
2014-08-21 06:00:00,Bharati,-12.56,3.65,972.4,54.4
2014-08-21 07:00:00,Bharati,-20.53,12.18,982.3,57.7
2014-08-21 08:00:00,Bharati,-19.94,4.98,967.0,72.6
2014-08-21 09:00:00,Bharati,-20.11,15.96,967.4,98.0
2014-08-21 10:00:00,Bharati,-19.76,10.67,996.3,91.8
2014-08-21 11:00:00,Bharati,-9.8,3.32,1009.7,87.4
2014-08-21 12:00:00,Bharati,-14.92,17.6,985.9,79.0
2014-08-21 13:00:00,Bharati,-18.36,10.02,975.5,60.2
2014-08-21 14:00:00,Bharati,-18.23,23.09,989.5,62.5
2014-08-21 15:00:00,Bharati,-24.38,11.39,1005.9,62.6
2014-08-21 16:00:00,Bharati,-20.45,5.7,999.9,65.3
2014-08-21 17:00:00,Bharati,-20.94,23.08,974.5,75.3
2014-08-21 18:00:00,Bharati,-16.47,10.52,1011.5,78.4
2014-08-21 19:00:00,Bharati,-17.78,11.77,981.5,97.3
2014-08-21 20:00:00,Bharati,-19.22,6.85,993.3,46.9
2014-08-21 21:00:00,Bharati,-17.79,11.81,986.5,29.2
2014-08-21 22:00:00,Bharati,-14.91,7.76,992.9,51.0
2014-08-21 23:00:00,Bharati,-17.72,14.47,989.7,65.8
2014-08-22 00:00:00,Bharati,-17.02,19.54,1019.7,86.7
2014-08-22 01:00:00,Bharati,-20.41,5.46,981.5,71.8
2014-08-22 02:00:00,Bharati,-16.81,1.86,986.0,71.4
2014-08-22 03:00:00,Bharati,-20.52,20.23,968.0,68.6
2014-08-22 04:00:00,Bharati,-17.7,5.19,969.7,60.2
2014-08-22 05:00:00,Bharati,-18.42,17.74,978.2,50.4
2014-08-22 06:00:00,Bharati,-20.34,14.86,972.8,63.7
2014-08-22 07:00:00,Bharati,-18.75,9.99,1001.0,54.1
2014-08-22 08:00:00,Bharati,-24.29,7.31,992.4,74.2
2014-08-22 09:00:00,Bharati,-13.47,20.56,995.8,60.9
2014-08-22 10:00:00,Bharati,-19.11,11.66,995.8,63.4
2014-08-22 11:00:00,Bharati,-20.76,3.14,996.3,81.8
2014-08-22 12:00:00,Bharati,-19.73,12.71,1000.3,58.2
2014-08-22 13:00:00,Bharati,-14.5,10.19,997.7,69.6
2014-08-22 14:00:00,Bharati,-16.08,15.78,982.5,71.4
2014-08-22 15:00:00,Bharati,-18.85,10.38,1000.6,64.8
2014-08-22 16:00:00,Bharati,-17.64,9.18,991.3,72.7
2014-08-22 17:00:00,Bharati,-10.99,4.83,984.3,75.4
2014-08-22 18:00:00,Bharati,-21.59,13.35,979.6,46.4
2014-08-22 19:00:00,Bharati,-17.18,14.94,972.6,66.8
2014-08-22 20:00:00,Bharati,-21.0,12.05,990.3,75.8
2014-08-22 21:00:00,Bharati,-16.3,25.96,989.0,77.3
2014-08-22 22:00:00,Bharati,-21.23,10.49,975.4,60.2
2014-08-22 23:00:00,Bharati,-13.13,6.25,1012.8,95.7
2014-08-23 00:00:00,Bharati,-16.4,13.65,1001.4,55.6
2014-08-23 01:00:00,Bharati,-13.73,6.56,979.3,79.9
2014-08-23 02:00:00,Bharati,-18.67,5.27,1010.0,51.0
2014-08-23 03:00:00,Bharati,-15.59,20.44,967.1,46.9
2014-08-23 04:00:00,Bharati,-18.07,6.06,982.0,50.4
2014-08-23 05:00:00,Bharati,-23.55,16.61,1009.9,55.5
2014-08-23 06:00:00,Bharati,-23.37,16.13,1009.9,61.5
2014-08-23 07:00:00,Bharati,-17.98,2.45,994.2,73.6
2014-08-23 08:00:00,Bharati,-17.5,3.65,992.9,47.5
2014-08-23 09:00:00,Bharati,-16.31,8.2,996.3,47.5
2014-08-23 10:00:00,Bharati,-17.11,5.37,991.0,45.8
2014-08-23 11:00:00,Bharati,-19.21,6.16,1016.6,75.1
2014-08-23 12:00:00,Bharati,-18.58,1.64,1002.2,64.5
2014-08-23 13:00:00,Bharati,-19.94,11.78,996.7,42.6
2014-08-23 14:00:00,Bharati,-10.75,38.54,1005.7,48.3
2014-08-23 15:00:00,Bharati,-16.67,14.57,974.4,40.8
2014-08-23 16:00:00,Bharati,-14.77,13.15,991.4,74.3
2014-08-23 17:00:00,Bharati,-15.34,5.42,987.3,37.7
2014-08-23 18:00:00,Bharati,-17.28,10.42,991.0,72.2
2014-08-23 19:00:00,Bharati,-18.08,12.77,995.5,79.1
2014-08-23 20:00:00,Bharati,-15.56,23.52,989.0,64.9
2014-08-23 21:00:00,Bharati,-14.75,9.02,981.7,71.3
2014-08-23 22:00:00,Bharati,-16.67,19.23,985.4,52.2
2014-08-23 23:00:00,Bharati,-16.01,4.12,1000.1,57.5
2014-08-24 00:00:00,Bharati,-16.29,16.7,998.8,51.9
2014-08-24 01:00:00,Bharati,-18.41,24.39,998.6,50.1
2014-08-24 02:00:00,Bharati,-18.3,5.96,962.5,63.2
2014-08-24 03:00:00,Bharati,-21.81,7.5,997.2,54.3
2014-08-24 04:00:00,Bharati,-12.26,16.63,1003.3,90.0
2014-08-24 05:00:00,Bharati,-15.06,6.96,997.9,51.4
2014-08-24 06:00:00,Bharati,-18.16,9.61,982.3,70.8
2014-08-24 07:00:00,Bharati,-10.56,9.68,986.0,54.8
2014-08-24 08:00:00,Bharati,-14.58,6.6,980.8,60.9
2014-08-24 09:00:00,Bharati,-14.01,17.2,987.4,58.4
2014-08-24 10:00:00,Bharati,-16.51,12.21,969.0,72.8
2014-08-24 11:00:00,Bharati,-13.48,3.95,980.6,81.5
2014-08-24 12:00:00,Bharati,-15.72,14.92,979.9,86.3
2014-08-24 13:00:00,Bharati,-14.39,8.24,977.4,61.5
2014-08-24 14:00:00,Bharati,-17.73,6.34,988.4,54.5
2014-08-24 15:00:00,Bharati,-17.86,13.34,979.4,61.4
2014-08-24 16:00:00,Bharati,-17.58,24.38,995.4,44.2
2014-08-24 17:00:00,Bharati,-19.87,15.4,976.3,48.8
2014-08-24 18:00:00,Bharati,-18.72,21.68,988.5,60.5
2014-08-24 19:00:00,Bharati,-20.18,14.76,1008.2,75.0
2014-08-24 20:00:00,Bharati,-18.79,20.35,988.9,78.2
2014-08-24 21:00:00,Bharati,-15.76,18.99,978.7,59.6
2014-08-24 22:00:00,Bharati,-16.05,11.87,1011.9,62.3
2014-08-24 23:00:00,Bharati,-23.08,12.19,992.7,43.2
2014-08-25 00:00:00,Bharati,-15.67,6.21,1002.8,52.9
2014-08-25 01:00:00,Bharati,-17.3,5.88,1015.2,86.4
2014-08-25 02:00:00,Bharati,-18.03,10.44,996.9,55.8
2014-08-25 03:00:00,Bharati,-15.96,8.84,973.9,58.7
2014-08-25 04:00:00,Bharati,-14.93,8.26,988.3,78.2
2014-08-25 05:00:00,Bharati,-18.55,6.87,972.0,70.4
2014-08-25 06:00:00,Bharati,-19.84,11.01,980.0,46.2
2014-08-25 07:00:00,Bharati,-16.81,14.15,995.2,42.0
2014-08-25 08:00:00,Bharati,-16.4,10.47,995.0,44.2
2014-08-25 09:00:00,Bharati,-16.73,19.77,1001.0,59.6
2014-08-25 10:00:00,Bharati,-17.31,5.02,973.6,66.7
2014-08-25 11:00:00,Bharati,-18.21,10.59,972.8,49.2
2014-08-25 12:00:00,Bharati,-17.28,11.08,998.1,64.4
2014-08-25 13:00:00,Bharati,-12.28,10.22,1000.5,61.2
2014-08-25 14:00:00,Bharati,-18.55,5.72,994.0,38.2
2014-08-25 15:00:00,Bharati,-23.08,16.06,1001.2,69.0
2014-08-25 16:00:00,Bharati,-19.02,4.09,993.0,45.7
2014-08-25 17:00:00,Bharati,-16.02,7.01,1007.9,58.0
2014-08-25 18:00:00,Bharati,-14.76,12.16,995.2,68.5
2014-08-25 19:00:00,Bharati,-14.2,17.18,983.6,61.1
2014-08-25 20:00:00,Bharati,-13.82,6.01,1010.3,46.0
2014-08-25 21:00:00,Bharati,-16.65,6.64,1002.5,62.5
2014-08-25 22:00:00,Bharati,-16.52,12.8,977.8,80.7
2014-08-25 23:00:00,Bharati,-10.03,4.54,992.0,57.4
2014-08-26 00:00:00,Bharati,-15.28,8.4,957.1,32.2
2014-08-26 01:00:00,Bharati,-23.5,4.92,988.5,44.9
2014-08-26 02:00:00,Bharati,-15.05,20.86,999.8,67.2
2014-08-26 03:00:00,Bharati,-20.28,7.84,989.4,53.9
2014-08-26 04:00:00,Bharati,-14.29,3.83,999.1,52.9
2014-08-26 05:00:00,Bharati,-16.4,14.83,995.5,74.2
2014-08-26 06:00:00,Bharati,-16.87,10.79,981.8,68.7
2014-08-26 07:00:00,Bharati,-21.96,35.86,982.0,52.9
2014-08-26 08:00:00,Bharati,-15.13,17.89,999.3,73.6
2014-08-26 09:00:00,Bharati,-17.44,9.1,983.3,42.4
2014-08-26 10:00:00,Bharati,-14.25,18.84,978.2,63.7
2014-08-26 11:00:00,Bharati,-19.61,6.15,1013.7,48.2
2014-08-26 12:00:00,Bharati,-16.69,9.28,1012.4,71.7
2014-08-26 13:00:00,Bharati,-21.15,13.38,988.3,45.9
2014-08-26 14:00:00,Bharati,-17.6,3.65,1000.3,68.6
2014-08-26 15:00:00,Bharati,-18.32,3.65,996.4,60.9
2014-08-26 16:00:00,Bharati,-20.84,29.42,1009.1,57.2
2014-08-26 17:00:00,Bharati,-16.54,16.62,966.6,30.5
2014-08-26 18:00:00,Bharati,-21.52,4.26,1015.4,56.9
2014-08-26 19:00:00,Bharati,-21.92,7.3,1000.9,68.5
2014-08-26 20:00:00,Bharati,-19.47,14.63,986.2,43.1
2014-08-26 21:00:00,Bharati,-17.88,10.51,977.1,40.1
2014-08-26 22:00:00,Bharati,-14.76,2.78,993.6,40.6
2014-08-26 23:00:00,Bharati,-13.43,2.86,985.9,62.0
2014-08-27 00:00:00,Bharati,-14.29,4.65,976.4,60.8
2014-08-27 01:00:00,Bharati,-20.75,4.65,1011.0,37.7
2014-08-27 02:00:00,Bharati,-13.91,7.66,986.4,30.6
2014-08-27 03:00:00,Bharati,-17.32,6.92,987.1,39.3
2014-08-27 04:00:00,Bharati,-16.88,9.28,977.5,86.6
2014-08-27 05:00:00,Bharati,-19.83,10.69,1010.2,65.4
2014-08-27 06:00:00,Bharati,-6.7,11.81,992.9,57.2
2014-08-27 07:00:00,Bharati,-16.63,12.71,989.7,49.9
2014-08-27 08:00:00,Bharati,-12.47,23.36,1010.8,60.3
2014-08-27 09:00:00,Bharati,-12.87,15.13,983.7,58.0
2014-08-27 10:00:00,Bharati,-17.48,8.51,1000.3,72.4
2014-08-27 11:00:00,Bharati,-18.38,11.0,995.1,35.2
2014-08-27 12:00:00,Bharati,-11.47,9.41,989.6,71.8
2014-08-27 13:00:00,Bharati,-16.94,12.1,984.0,50.1
2014-08-27 14:00:00,Bharati,-12.15,13.43,997.8,62.9
2014-08-27 15:00:00,Bharati,-16.58,11.29,997.6,62.5
2014-08-27 16:00:00,Bharati,-11.04,6.56,1007.6,77.9
2014-08-27 17:00:00,Bharati,-21.23,7.16,978.7,55.7
2014-08-27 18:00:00,Bharati,-17.88,5.53,1006.2,83.7
2014-08-27 19:00:00,Bharati,-17.78,9.67,1009.0,68.8
2014-08-27 20:00:00,Bharati,-18.77,10.05,986.0,55.9
2014-08-27 21:00:00,Bharati,-19.18,4.18,994.5,79.8
2014-08-27 22:00:00,Bharati,-12.56,9.72,985.1,62.8
2014-08-27 23:00:00,Bharati,-13.74,11.4,1004.2,72.1
2014-08-28 00:00:00,Bharati,-17.02,18.94,986.5,33.7
2014-08-28 01:00:00,Bharati,-21.57,3.27,1005.0,42.6
2014-08-28 02:00:00,Bharati,-12.34,21.67,995.1,62.5
2014-08-28 03:00:00,Bharati,-20.41,27.57,1008.5,64.9
2014-08-28 04:00:00,Bharati,-18.68,5.9,1007.5,75.9
2014-08-28 05:00:00,Bharati,-17.32,10.36,1009.3,55.1
2014-08-28 06:00:00,Bharati,-16.56,8.47,989.1,49.2
2014-08-28 07:00:00,Bharati,-10.96,10.91,1001.6,80.3
2014-08-28 08:00:00,Bharati,-20.04,14.32,999.4,51.0
2014-08-28 09:00:00,Bharati,-19.03,5.86,1006.9,68.1
2014-08-28 10:00:00,Bharati,-19.24,5.4,1000.2,54.6
2014-08-28 11:00:00,Bharati,-20.87,14.08,985.5,79.0
2014-08-28 12:00:00,Bharati,-16.84,10.16,989.5,85.2
2014-08-28 13:00:00,Bharati,-20.13,12.35,1002.7,69.0
2014-08-28 14:00:00,Bharati,-21.62,12.47,1003.0,58.1
2014-08-28 15:00:00,Bharati,-18.3,6.65,1002.3,63.6
2014-08-28 16:00:00,Bharati,-17.89,22.54,991.2,68.0
2014-08-28 17:00:00,Bharati,-16.03,24.43,969.2,52.4
2014-08-28 18:00:00,Bharati,-15.99,16.7,987.2,55.2
2014-08-28 19:00:00,Bharati,-17.45,11.5,969.6,38.0
2014-08-28 20:00:00,Bharati,-12.43,12.21,986.8,37.5
2014-08-28 21:00:00,Bharati,-15.19,13.2,1008.2,32.0
2014-08-28 22:00:00,Bharati,-18.18,17.51,980.9,86.2
2014-08-28 23:00:00,Bharati,-15.32,10.29,1009.0,60.8
2014-08-29 00:00:00,Bharati,-18.7,16.85,995.0,76.6
2014-08-29 01:00:00,Bharati,-18.0,3.9,1005.4,52.5
2014-08-29 02:00:00,Bharati,-16.05,3.42,1012.1,57.2
2014-08-29 03:00:00,Bharati,-16.56,11.09,989.3,80.9
2014-08-29 04:00:00,Bharati,-18.76,4.33,1003.5,64.0
2014-08-29 05:00:00,Bharati,-18.31,4.46,974.1,56.5
2014-08-29 06:00:00,Bharati,-16.23,19.35,997.4,57.7
2014-08-29 07:00:00,Bharati,-15.46,5.47,971.5,45.5
2014-08-29 08:00:00,Bharati,-15.5,9.73,1003.1,66.9
2014-08-29 09:00:00,Bharati,-15.82,16.67,966.9,62.8
2014-08-29 10:00:00,Bharati,-19.8,5.34,999.5,62.4
2014-08-29 11:00:00,Bharati,-13.79,18.0,994.7,90.6
2014-08-29 12:00:00,Bharati,-18.98,6.68,1007.2,59.8
2014-08-29 13:00:00,Bharati,-17.99,10.18,985.5,82.0
2014-08-29 14:00:00,Bharati,-16.21,5.27,1018.2,64.6
2014-08-29 15:00:00,Bharati,-17.02,5.83,979.6,58.0
2014-08-29 16:00:00,Bharati,-12.33,12.75,1001.5,53.7
2014-08-29 17:00:00,Bharati,-19.58,3.16,994.9,65.1
2014-08-29 18:00:00,Bharati,-18.11,23.94,997.4,71.7
2014-08-29 19:00:00,Bharati,-14.45,12.89,994.4,66.4
2014-08-29 20:00:00,Bharati,-19.05,6.48,960.9,64.8
2014-08-29 21:00:00,Bharati,-15.05,19.4,1011.3,48.0
2014-08-29 22:00:00,Bharati,-11.13,12.15,1004.4,53.0
2014-08-29 23:00:00,Bharati,-19.19,9.62,994.8,39.3
2014-08-30 00:00:00,Bharati,-17.19,5.96,984.2,63.6
2014-08-30 01:00:00,Bharati,-20.48,11.77,1001.6,54.4
2014-08-30 02:00:00,Bharati,-17.58,11.87,1017.1,88.0
2014-08-30 03:00:00,Bharati,-18.75,11.52,991.6,81.9
2014-08-30 04:00:00,Bharati,-18.87,12.68,979.2,56.0
2014-08-30 05:00:00,Bharati,-22.16,9.98,989.7,68.5
2014-08-30 06:00:00,Bharati,-22.75,4.04,998.4,75.0
2014-08-30 07:00:00,Bharati,-15.71,14.87,1004.3,46.4
2014-08-30 08:00:00,Bharati,-23.0,7.03,989.1,76.8
2014-08-30 09:00:00,Bharati,-16.73,6.76,985.5,47.3
2014-08-30 10:00:00,Bharati,-16.94,14.28,992.1,87.0
2014-08-30 11:00:00,Bharati,-17.1,13.54,986.1,98.0
2014-08-30 12:00:00,Bharati,-14.82,8.64,978.3,93.1
2014-08-30 13:00:00,Bharati,-14.27,2.36,1004.3,67.0
2014-08-30 14:00:00,Bharati,-20.37,6.21,996.9,69.4
2014-08-30 15:00:00,Bharati,-14.57,19.5,988.5,41.4
2014-08-30 16:00:00,Bharati,-14.52,6.36,970.1,60.6
2014-08-30 17:00:00,Bharati,-10.02,21.49,990.2,67.6
2014-08-30 18:00:00,Bharati,-16.94,12.08,1011.2,68.7
2014-08-30 19:00:00,Bharati,-14.95,26.62,985.1,81.9
2014-08-30 20:00:00,Bharati,-13.88,7.5,982.5,38.4
2014-08-30 21:00:00,Bharati,-15.56,6.46,974.8,68.4
2014-08-30 22:00:00,Bharati,-11.86,9.54,978.7,70.1
2014-08-30 23:00:00,Bharati,-12.37,14.33,1000.8,44.0
2014-08-31 00:00:00,Bharati,-16.1,16.45,996.3,65.6
2014-08-31 01:00:00,Bharati,-15.11,6.68,996.8,60.6
2014-08-31 02:00:00,Bharati,-13.22,7.43,995.5,62.8
2014-08-31 03:00:00,Bharati,-15.46,4.48,1018.0,55.9
2014-08-31 04:00:00,Bharati,-16.29,16.93,1003.7,53.6
2014-08-31 05:00:00,Bharati,-19.42,2.25,1003.6,32.7
2014-08-31 06:00:00,Bharati,-20.18,4.87,993.6,56.4
2014-08-31 07:00:00,Bharati,-17.44,10.65,988.9,35.6
2014-08-31 08:00:00,Bharati,-19.57,3.08,983.1,64.3
2014-08-31 09:00:00,Bharati,-13.25,11.95,1012.3,63.4
2014-08-31 10:00:00,Bharati,-16.55,1.88,1000.9,32.1
2014-08-31 11:00:00,Bharati,-20.92,7.39,970.8,66.4
2014-08-31 12:00:00,Bharati,-17.57,20.32,986.8,54.9
2014-08-31 13:00:00,Bharati,-18.58,15.57,991.9,69.3
2014-08-31 14:00:00,Bharati,-13.49,3.17,997.6,69.4
2014-08-31 15:00:00,Bharati,-15.45,2.43,986.0,85.1
2014-08-31 16:00:00,Bharati,-13.22,15.45,977.2,57.2
2014-08-31 17:00:00,Bharati,-16.91,12.66,986.9,46.8
2014-08-31 18:00:00,Bharati,-13.94,15.33,988.6,47.2
2014-08-31 19:00:00,Bharati,-14.26,4.46,997.1,71.1
2014-08-31 20:00:00,Bharati,-15.03,4.35,991.4,69.5
2014-08-31 21:00:00,Bharati,-16.72,4.74,1019.4,29.2
2014-08-31 22:00:00,Bharati,-14.02,4.09,990.5,86.3
2014-08-31 23:00:00,Bharati,-25.22,3.53,987.3,39.7
2014-09-01 00:00:00,Bharati,-15.02,2.29,983.4,79.2
2014-09-01 01:00:00,Bharati,-22.11,22.96,998.0,59.6
2014-09-01 02:00:00,Bharati,-18.38,6.59,1012.1,66.1
2014-09-01 03:00:00,Bharati,-15.95,9.81,984.9,71.4
2014-09-01 04:00:00,Bharati,-17.17,7.1,979.9,52.6
2014-09-01 05:00:00,Bharati,-21.4,12.89,982.2,79.7
2014-09-01 06:00:00,Bharati,-17.38,3.82,1012.2,59.8
2014-09-01 07:00:00,Bharati,-18.3,4.88,1000.3,34.4
2014-09-01 08:00:00,Bharati,-11.3,21.76,991.9,74.0
2014-09-01 09:00:00,Bharati,-17.28,13.43,995.7,71.6
2014-09-01 10:00:00,Bharati,-12.66,8.44,992.0,75.8
2014-09-01 11:00:00,Bharati,-12.54,8.71,1013.3,22.0
2014-09-01 12:00:00,Bharati,-15.01,18.35,994.4,52.3
2014-09-01 13:00:00,Bharati,-15.28,6.16,972.3,67.2
2014-09-01 14:00:00,Bharati,-21.86,17.44,988.9,68.0
2014-09-01 15:00:00,Bharati,-18.7,11.56,978.2,24.7
2014-09-01 16:00:00,Bharati,-18.93,14.43,992.5,86.1
2014-09-01 17:00:00,Bharati,-18.75,5.08,983.4,66.3
2014-09-01 18:00:00,Bharati,-15.21,20.26,1003.5,72.5
2014-09-01 19:00:00,Bharati,-24.82,10.08,983.7,71.5
2014-09-01 20:00:00,Bharati,-12.45,19.16,996.7,54.6
2014-09-01 21:00:00,Bharati,-13.89,4.84,979.1,39.1
2014-09-01 22:00:00,Bharati,-12.85,13.24,983.4,75.8
2014-09-01 23:00:00,Bharati,-21.53,1.6,1000.6,49.8
2014-09-02 00:00:00,Bharati,-18.91,11.19,974.7,64.3
2014-09-02 01:00:00,Bharati,-11.6,10.12,1011.8,64.9
2014-09-02 02:00:00,Bharati,-12.58,7.47,1006.3,78.6
2014-09-02 03:00:00,Bharati,-13.03,23.73,1006.7,89.7
2014-09-02 04:00:00,Bharati,-14.11,2.56,1026.1,60.5
2014-09-02 05:00:00,Bharati,-16.94,7.11,984.8,57.1
2014-09-02 06:00:00,Bharati,-9.68,4.65,1011.8,56.5
2014-09-02 07:00:00,Bharati,-13.78,8.16,1004.5,77.0
2014-09-02 08:00:00,Bharati,-17.5,11.8,980.0,87.8
2014-09-02 09:00:00,Bharati,-15.33,13.04,981.4,57.9
2014-09-02 10:00:00,Bharati,-15.91,3.65,971.0,65.1
2014-09-02 11:00:00,Bharati,-19.73,4.15,977.4,44.7
2014-09-02 12:00:00,Bharati,-11.46,6.35,1000.1,86.0
2014-09-02 13:00:00,Bharati,-17.69,2.59,997.2,83.7
2014-09-02 14:00:00,Bharati,-18.05,3.62,988.2,63.5
2014-09-02 15:00:00,Bharati,-11.24,3.22,995.8,79.8
2014-09-02 16:00:00,Bharati,-13.79,7.35,972.3,42.1
2014-09-02 17:00:00,Bharati,-15.87,18.46,999.0,42.1
2014-09-02 18:00:00,Bharati,-16.05,2.88,995.0,69.8
2014-09-02 19:00:00,Bharati,-16.6,11.02,994.5,63.4
2014-09-02 20:00:00,Bharati,-10.56,5.32,981.8,62.4
2014-09-02 21:00:00,Bharati,-16.79,20.93,1018.0,76.6
2014-09-02 22:00:00,Bharati,-16.09,19.73,992.0,62.3
2014-09-02 23:00:00,Bharati,-15.13,14.03,1001.7,54.6
2014-09-03 00:00:00,Bharati,-11.04,5.1,977.3,84.4
2014-09-03 01:00:00,Bharati,-10.04,11.54,995.7,61.2
2014-09-03 02:00:00,Bharati,-13.42,17.81,1008.2,65.1
2014-09-03 03:00:00,Bharati,-18.69,5.07,996.1,71.0
2014-09-03 04:00:00,Bharati,-15.05,13.33,1003.5,76.8
2014-09-03 05:00:00,Bharati,-17.03,6.59,995.7,59.0
2014-09-03 06:00:00,Bharati,-18.61,7.73,987.2,89.9
2014-09-03 07:00:00,Bharati,-7.82,3.45,1003.8,76.9
2014-09-03 08:00:00,Bharati,-16.96,19.85,984.5,68.8
2014-09-03 09:00:00,Bharati,-21.63,5.85,992.7,69.2
2014-09-03 10:00:00,Bharati,-18.88,6.64,999.4,66.9
2014-09-03 11:00:00,Bharati,-16.95,9.57,1006.4,68.7
2014-09-03 12:00:00,Bharati,-12.62,13.56,996.8,60.8
2014-09-03 13:00:00,Bharati,-14.35,2.68,991.9,46.8
2014-09-03 14:00:00,Bharati,-11.39,7.69,1020.2,55.6
2014-09-03 15:00:00,Bharati,-14.36,6.37,1005.7,71.2
2014-09-03 16:00:00,Bharati,-14.57,23.88,1000.6,79.5
2014-09-03 17:00:00,Bharati,-17.75,6.26,998.8,93.8
2014-09-03 18:00:00,Bharati,-13.67,36.99,1001.2,59.3
2014-09-03 19:00:00,Bharati,-18.07,4.33,980.4,44.7
2014-09-03 20:00:00,Bharati,-18.16,10.84,1000.6,43.7
2014-09-03 21:00:00,Bharati,-16.69,11.7,991.6,54.8
2014-09-03 22:00:00,Bharati,-20.57,41.15,998.5,41.2
2014-09-03 23:00:00,Bharati,-16.86,18.71,1004.2,53.7
2014-09-04 00:00:00,Bharati,-21.0,6.56,996.2,48.6
2014-09-04 01:00:00,Bharati,-14.06,18.24,999.9,41.5
2014-09-04 02:00:00,Bharati,-12.65,6.03,977.9,65.6
2014-09-04 03:00:00,Bharati,-19.2,22.75,987.0,74.3
2014-09-04 04:00:00,Bharati,-14.3,16.51,992.7,36.4
2014-09-04 05:00:00,Bharati,-15.91,5.75,993.8,73.1
2014-09-04 06:00:00,Bharati,-15.31,1.46,992.2,83.1
2014-09-04 07:00:00,Bharati,-18.04,12.77,1003.0,60.0
2014-09-04 08:00:00,Bharati,-15.65,15.24,1010.7,58.0
2014-09-04 09:00:00,Bharati,-14.71,5.04,999.5,48.3
2014-09-04 10:00:00,Bharati,-17.26,18.91,1010.9,47.3
2014-09-04 11:00:00,Bharati,-13.01,21.65,1000.6,58.9
2014-09-04 12:00:00,Bharati,-15.07,23.88,998.9,68.8
2014-09-04 13:00:00,Bharati,-14.79,2.79,1015.4,30.0
2014-09-04 14:00:00,Bharati,-18.52,4.38,985.2,71.9
2014-09-04 15:00:00,Bharati,-17.84,8.75,1010.0,55.5
2014-09-04 16:00:00,Bharati,-17.11,13.69,985.4,69.6
2014-09-04 17:00:00,Bharati,-13.59,3.63,974.8,69.5
2014-09-04 18:00:00,Bharati,-18.99,7.6,985.9,58.5
2014-09-04 19:00:00,Bharati,-9.69,8.21,991.0,55.9
2014-09-04 20:00:00,Bharati,-11.17,8.07,985.8,56.4
2014-09-04 21:00:00,Bharati,-8.7,16.64,1006.8,97.3
2014-09-04 22:00:00,Bharati,-15.02,6.74,1000.1,64.9
2014-09-04 23:00:00,Bharati,-21.1,18.35,997.2,48.3
2014-09-05 00:00:00,Bharati,-14.28,22.12,984.0,67.6
2014-09-05 01:00:00,Bharati,-16.64,6.36,1006.9,58.8
2014-09-05 02:00:00,Bharati,-18.59,2.5,983.1,63.4
2014-09-05 03:00:00,Bharati,-13.98,33.67,990.8,40.6
2014-09-05 04:00:00,Bharati,-13.87,6.98,999.9,64.4
2014-09-05 05:00:00,Bharati,-17.14,4.91,1006.3,82.7
2014-09-05 06:00:00,Bharati,-14.37,8.91,1013.4,60.1
2014-09-05 07:00:00,Bharati,-14.13,3.1,999.2,32.3
2014-09-05 08:00:00,Bharati,-9.01,5.52,990.6,57.5
2014-09-05 09:00:00,Bharati,-14.63,8.82,991.1,58.6
2014-09-05 10:00:00,Bharati,-18.17,21.73,983.1,62.7
2014-09-05 11:00:00,Bharati,-16.87,13.33,989.4,63.7
2014-09-05 12:00:00,Bharati,-19.86,6.2,1001.9,80.1
2014-09-05 13:00:00,Bharati,-17.02,8.84,977.4,31.4
2014-09-05 14:00:00,Bharati,-20.41,10.69,969.5,50.7
2014-09-05 15:00:00,Bharati,-17.8,13.94,993.3,79.2
2014-09-05 16:00:00,Bharati,-16.27,8.34,987.2,68.3
2014-09-05 17:00:00,Bharati,-18.79,5.48,998.5,37.2
2014-09-05 18:00:00,Bharati,-15.23,12.66,975.2,46.8
2014-09-05 19:00:00,Bharati,-14.8,6.19,994.7,74.9
2014-09-05 20:00:00,Bharati,-13.98,24.95,993.2,64.6
2014-09-05 21:00:00,Bharati,-15.42,3.57,1019.4,79.1
2014-09-05 22:00:00,Bharati,-16.43,0.97,997.4,47.6
2014-09-05 23:00:00,Bharati,-13.18,2.93,989.6,60.1
2014-09-06 00:00:00,Bharati,-15.16,10.81,980.6,90.5
2014-09-06 01:00:00,Bharati,-17.08,10.26,1020.2,76.3
2014-09-06 02:00:00,Bharati,-18.23,7.92,1001.9,65.0
2014-09-06 03:00:00,Bharati,-18.87,26.26,987.9,79.2
2014-09-06 04:00:00,Bharati,-13.14,16.56,986.7,81.4
2014-09-06 05:00:00,Bharati,-16.85,4.74,972.1,75.8
2014-09-06 06:00:00,Bharati,-17.72,5.23,983.1,48.8
2014-09-06 07:00:00,Bharati,-6.47,6.67,986.8,58.8
2014-09-06 08:00:00,Bharati,-17.17,12.15,1004.5,83.5
2014-09-06 09:00:00,Bharati,-12.58,6.31,979.5,22.0
2014-09-06 10:00:00,Bharati,-13.65,7.28,989.8,49.4
2014-09-06 11:00:00,Bharati,-16.55,8.25,1000.3,57.7
2014-09-06 12:00:00,Bharati,-15.8,11.5,1008.5,53.9
2014-09-06 13:00:00,Bharati,-18.45,6.96,985.5,91.4
2014-09-06 14:00:00,Bharati,-17.3,6.85,987.0,86.0
2014-09-06 15:00:00,Bharati,-10.5,5.52,1004.7,85.1
2014-09-06 16:00:00,Bharati,-16.86,12.03,1002.0,69.1
2014-09-06 17:00:00,Bharati,-18.6,12.47,985.7,29.5
2014-09-06 18:00:00,Bharati,-14.01,14.12,991.2,64.7
2014-09-06 19:00:00,Bharati,-16.43,4.56,1002.1,61.5
2014-09-06 20:00:00,Bharati,-13.55,12.63,968.6,49.5
2014-09-06 21:00:00,Bharati,-16.88,4.74,970.2,67.2
2014-09-06 22:00:00,Bharati,-15.18,17.13,977.4,53.6
2014-09-06 23:00:00,Bharati,-9.9,8.11,989.7,65.3
2014-09-07 00:00:00,Bharati,-13.31,3.89,1002.2,43.9
2014-09-07 01:00:00,Bharati,-18.32,9.66,995.0,75.2
2014-09-07 02:00:00,Bharati,-14.03,20.39,964.7,69.9
2014-09-07 03:00:00,Bharati,-11.94,15.23,994.2,57.0
2014-09-07 04:00:00,Bharati,-18.64,13.88,995.1,64.4
2014-09-07 05:00:00,Bharati,-23.12,5.35,992.6,49.0
2014-09-07 06:00:00,Bharati,-22.95,33.28,970.5,35.3
2014-09-07 07:00:00,Bharati,-14.58,19.19,994.2,85.1
2014-09-07 08:00:00,Bharati,-13.69,4.39,998.2,61.2
2014-09-07 09:00:00,Bharati,-15.51,6.88,977.0,51.3
2014-09-07 10:00:00,Bharati,-16.76,0.47,1001.8,42.8
2014-09-07 11:00:00,Bharati,-13.48,1.85,991.5,79.1
2014-09-07 12:00:00,Bharati,-18.61,11.06,989.4,60.1
2014-09-07 13:00:00,Bharati,-12.39,7.78,992.6,77.2
2014-09-07 14:00:00,Bharati,-11.25,17.68,1009.0,39.4
2014-09-07 15:00:00,Bharati,-12.03,7.64,1004.7,60.8
2014-09-07 16:00:00,Bharati,-16.45,18.19,991.4,24.6
2014-09-07 17:00:00,Bharati,-16.32,10.0,979.0,98.0
2014-09-07 18:00:00,Bharati,-13.73,6.24,984.7,77.4
2014-09-07 19:00:00,Bharati,-18.94,4.52,981.8,48.4
2014-09-07 20:00:00,Bharati,-14.49,21.73,988.8,87.6
2014-09-07 21:00:00,Bharati,-12.91,15.3,1012.3,43.8
2014-09-07 22:00:00,Bharati,-17.85,5.1,975.6,54.9
2014-09-07 23:00:00,Bharati,-16.56,14.85,983.5,46.0
2014-09-08 00:00:00,Bharati,-15.33,13.86,985.9,53.0
2014-09-08 01:00:00,Bharati,-17.84,13.33,990.7,55.8
2014-09-08 02:00:00,Bharati,-18.6,1.01,992.2,58.4
2014-09-08 03:00:00,Bharati,-23.88,2.43,983.9,51.7
2014-09-08 04:00:00,Bharati,-11.37,6.49,1006.6,91.8
2014-09-08 05:00:00,Bharati,-15.87,37.18,1000.9,43.6
2014-09-08 06:00:00,Bharati,-12.79,4.14,985.4,45.1
2014-09-08 07:00:00,Bharati,-8.86,5.7,1001.9,77.7
2014-09-08 08:00:00,Bharati,-10.66,11.62,987.2,51.2
2014-09-08 09:00:00,Bharati,-15.46,13.41,999.8,75.4
2014-09-08 10:00:00,Bharati,-15.58,7.54,983.6,69.6
2014-09-08 11:00:00,Bharati,-17.98,10.89,1007.8,53.9
2014-09-08 12:00:00,Bharati,-12.23,4.52,1009.6,69.9
2014-09-08 13:00:00,Bharati,-12.37,6.72,988.6,85.2
2014-09-08 14:00:00,Bharati,-20.15,6.98,997.0,55.7
2014-09-08 15:00:00,Bharati,-21.05,3.6,993.0,47.2
2014-09-08 16:00:00,Bharati,-14.11,25.08,976.6,76.3
2014-09-08 17:00:00,Bharati,-20.48,16.08,1006.1,49.6
2014-09-08 18:00:00,Bharati,-18.95,12.87,1021.5,80.4
2014-09-08 19:00:00,Bharati,-14.4,12.12,991.3,59.4
2014-09-08 20:00:00,Bharati,-11.02,30.02,992.8,48.8
2014-09-08 21:00:00,Bharati,-14.44,18.17,1005.4,45.1
2014-09-08 22:00:00,Bharati,-13.37,21.93,997.3,87.3
2014-09-08 23:00:00,Bharati,-15.06,5.57,988.4,80.8
2014-09-09 00:00:00,Bharati,-16.54,15.69,1012.6,65.3
2014-09-09 01:00:00,Bharati,-11.57,2.18,1003.7,93.5
2014-09-09 02:00:00,Bharati,-17.58,1.79,983.6,78.7
2014-09-09 03:00:00,Bharati,-18.21,8.58,1006.1,61.5
2014-09-09 04:00:00,Bharati,-11.59,4.27,1003.8,46.9
2014-09-09 05:00:00,Bharati,-13.42,18.61,979.1,63.5
2014-09-09 06:00:00,Bharati,-17.51,13.28,996.7,42.5
2014-09-09 07:00:00,Bharati,-12.47,16.35,986.9,53.8
2014-09-09 08:00:00,Bharati,-20.79,4.28,993.6,65.1
2014-09-09 09:00:00,Bharati,-13.13,19.52,991.6,75.7
2014-09-09 10:00:00,Bharati,-18.18,20.03,987.1,51.2
2014-09-09 11:00:00,Bharati,-11.81,2.45,994.2,81.8
2014-09-09 12:00:00,Bharati,-15.46,10.33,1000.1,39.0
2014-09-09 13:00:00,Bharati,-13.19,9.59,982.7,57.0
2014-09-09 14:00:00,Bharati,-15.85,5.6,1002.6,72.1
2014-09-09 15:00:00,Bharati,-20.39,8.62,992.4,52.6
2014-09-09 16:00:00,Bharati,-13.77,4.0,990.1,58.9
2014-09-09 17:00:00,Bharati,-8.36,10.8,984.1,51.2
2014-09-09 18:00:00,Bharati,-8.84,3.54,996.9,39.0
2014-09-09 19:00:00,Bharati,-19.75,3.51,1002.6,35.1
2014-09-09 20:00:00,Bharati,-14.98,9.67,985.1,62.5
2014-09-09 21:00:00,Bharati,-15.07,27.67,1004.6,26.7
2014-09-09 22:00:00,Bharati,-11.21,8.29,1014.0,57.1
2014-09-09 23:00:00,Bharati,-16.41,2.65,997.4,62.4
2014-09-10 00:00:00,Bharati,-15.5,8.33,1004.8,65.2
2014-09-10 01:00:00,Bharati,-18.44,28.94,988.9,51.7
2014-09-10 02:00:00,Bharati,-16.68,15.97,970.2,59.3
2014-09-10 03:00:00,Bharati,-13.56,17.92,999.3,54.2
2014-09-10 04:00:00,Bharati,-13.77,5.95,994.3,65.0
2014-09-10 05:00:00,Bharati,-15.56,9.46,988.2,64.3
2014-09-10 06:00:00,Bharati,-14.99,6.84,1015.9,54.2
2014-09-10 07:00:00,Bharati,-12.7,11.91,1004.0,70.4
2014-09-10 08:00:00,Bharati,-15.38,19.2,988.5,85.3
2014-09-10 09:00:00,Bharati,-11.88,7.29,993.1,90.6
2014-09-10 10:00:00,Bharati,-14.36,23.86,987.3,79.8
2014-09-10 11:00:00,Bharati,-12.4,6.9,979.4,67.7
2014-09-10 12:00:00,Bharati,-16.8,10.41,1001.9,31.0
2014-09-10 13:00:00,Bharati,-19.0,5.72,990.9,27.6
2014-09-10 14:00:00,Bharati,-17.17,3.99,993.8,51.2
2014-09-10 15:00:00,Bharati,-9.78,6.48,1000.8,40.7
2014-09-10 16:00:00,Bharati,-11.51,3.64,1010.3,64.9
2014-09-10 17:00:00,Bharati,-17.02,7.05,990.2,73.9
2014-09-10 18:00:00,Bharati,-15.1,4.1,988.6,28.7
2014-09-10 19:00:00,Bharati,-17.65,11.73,1009.3,80.5
2014-09-10 20:00:00,Bharati,-9.8,7.75,1002.1,82.6
2014-09-10 21:00:00,Bharati,-16.09,1.54,997.8,67.5
2014-09-10 22:00:00,Bharati,-16.11,7.55,977.5,43.7
2014-09-10 23:00:00,Bharati,-19.38,7.59,989.5,55.5
2014-09-11 00:00:00,Bharati,-10.76,8.8,983.7,59.5
2014-09-11 01:00:00,Bharati,-8.94,7.25,996.7,70.7
2014-09-11 02:00:00,Bharati,-16.55,9.78,993.7,57.0
2014-09-11 03:00:00,Bharati,-19.5,3.21,984.3,61.1
2014-09-11 04:00:00,Bharati,-18.57,3.46,999.7,47.1
2014-09-11 05:00:00,Bharati,-14.03,9.01,975.9,37.3
2014-09-11 06:00:00,Bharati,-9.6,14.34,1003.0,51.1
2014-09-11 07:00:00,Bharati,-11.98,5.19,989.5,66.4
2014-09-11 08:00:00,Bharati,-16.83,9.22,980.3,50.8
2014-09-11 09:00:00,Bharati,-14.12,8.9,999.4,66.6
2014-09-11 10:00:00,Bharati,-14.66,5.77,974.4,57.5
2014-09-11 11:00:00,Bharati,-10.89,1.83,973.0,56.2
2014-09-11 12:00:00,Bharati,-11.48,7.14,1012.9,46.1
2014-09-11 13:00:00,Bharati,-15.5,8.44,1006.5,89.8
2014-09-11 14:00:00,Bharati,-14.3,10.86,998.2,89.5
2014-09-11 15:00:00,Bharati,-14.8,10.26,984.0,43.8
2014-09-11 16:00:00,Bharati,-17.73,7.77,984.7,74.3
2014-09-11 17:00:00,Bharati,-20.42,22.55,966.1,75.2
2014-09-11 18:00:00,Bharati,-17.75,7.36,978.9,73.9
2014-09-11 19:00:00,Bharati,-15.7,4.75,992.9,78.1
2014-09-11 20:00:00,Bharati,-10.11,13.18,975.0,55.5
2014-09-11 21:00:00,Bharati,-13.95,13.24,1000.8,73.8
2014-09-11 22:00:00,Bharati,-17.46,8.79,984.5,59.9
2014-09-11 23:00:00,Bharati,-15.03,7.42,1005.4,36.0
2014-09-12 00:00:00,Bharati,-12.69,8.96,980.9,56.0
2014-09-12 01:00:00,Bharati,-11.74,9.9,990.2,48.9
2014-09-12 02:00:00,Bharati,-18.41,16.12,991.0,49.9
2014-09-12 03:00:00,Bharati,-17.64,13.82,997.5,65.9
2014-09-12 04:00:00,Bharati,-13.07,18.12,1016.3,59.2
2014-09-12 05:00:00,Bharati,-13.78,16.86,980.3,81.3
2014-09-12 06:00:00,Bharati,-9.19,12.08,992.4,31.9
2014-09-12 07:00:00,Bharati,-13.91,6.66,1000.1,75.2
2014-09-12 08:00:00,Bharati,-15.52,9.3,997.9,57.9
2014-09-12 09:00:00,Bharati,-16.83,6.98,1007.9,54.0
2014-09-12 10:00:00,Bharati,-12.24,11.27,989.1,77.5
2014-09-12 11:00:00,Bharati,-21.04,6.37,1004.2,59.1
2014-09-12 12:00:00,Bharati,-12.83,7.2,982.4,71.2
2014-09-12 13:00:00,Bharati,-14.72,7.57,1003.0,42.4
2014-09-12 14:00:00,Bharati,-16.23,14.11,998.1,70.2
2014-09-12 15:00:00,Bharati,-16.32,10.2,995.3,34.0
2014-09-12 16:00:00,Bharati,-17.25,9.74,995.8,49.8
2014-09-12 17:00:00,Bharati,-14.23,16.37,981.1,44.2
2014-09-12 18:00:00,Bharati,-16.05,24.62,971.3,55.2
2014-09-12 19:00:00,Bharati,-13.4,9.1,982.1,86.6
2014-09-12 20:00:00,Bharati,-11.86,11.41,998.2,57.8
2014-09-12 21:00:00,Bharati,-12.42,10.4,1010.6,59.6
2014-09-12 22:00:00,Bharati,-16.49,10.26,988.4,57.3
2014-09-12 23:00:00,Bharati,-15.8,7.87,986.1,48.2
2014-09-13 00:00:00,Bharati,-14.09,10.36,986.5,68.5
2014-09-13 01:00:00,Bharati,-13.17,27.67,1005.8,52.6
2014-09-13 02:00:00,Bharati,-15.23,5.78,977.0,45.3
2014-09-13 03:00:00,Bharati,-15.91,6.92,995.8,63.0
2014-09-13 04:00:00,Bharati,-13.95,27.08,970.9,52.5
2014-09-13 05:00:00,Bharati,-18.29,9.92,979.7,65.3
2014-09-13 06:00:00,Bharati,-12.98,9.73,984.2,51.0
2014-09-13 07:00:00,Bharati,-24.04,9.96,987.7,31.8
2014-09-13 08:00:00,Bharati,-7.53,18.03,1003.7,73.5
2014-09-13 09:00:00,Bharati,-15.48,1.31,977.4,65.5
2014-09-13 10:00:00,Bharati,-12.19,12.44,999.4,65.7
2014-09-13 11:00:00,Bharati,-14.89,26.29,1008.7,71.0
2014-09-13 12:00:00,Bharati,-17.29,9.62,979.6,69.4
2014-09-13 13:00:00,Bharati,-12.52,4.49,994.5,70.4
2014-09-13 14:00:00,Bharati,-11.82,15.38,984.0,91.4
2014-09-13 15:00:00,Bharati,-16.53,10.91,998.9,44.3
2014-09-13 16:00:00,Bharati,-16.3,11.27,995.8,63.4
2014-09-13 17:00:00,Bharati,-13.21,19.44,992.3,58.6
2014-09-13 18:00:00,Bharati,-13.19,12.06,986.8,45.4
2014-09-13 19:00:00,Bharati,-13.86,17.09,989.9,75.8
2014-09-13 20:00:00,Bharati,-11.82,14.87,1003.8,51.5
2014-09-13 21:00:00,Bharati,-18.39,3.65,996.8,61.7
2014-09-13 22:00:00,Bharati,-16.19,4.02,989.7,60.4
2014-09-13 23:00:00,Bharati,-11.73,19.35,998.8,59.8
2014-09-14 00:00:00,Bharati,-18.48,10.3,980.8,42.3
2014-09-14 01:00:00,Bharati,-18.49,17.69,994.5,77.0
2014-09-14 02:00:00,Bharati,-16.46,22.67,999.5,48.9
2014-09-14 03:00:00,Bharati,-14.29,3.91,1001.9,36.1
2014-09-14 04:00:00,Bharati,-11.7,19.01,1000.1,62.5
2014-09-14 05:00:00,Bharati,-9.23,5.45,994.2,72.7
2014-09-14 06:00:00,Bharati,-16.43,3.41,1009.4,72.5
2014-09-14 07:00:00,Bharati,-15.92,10.62,987.3,73.3
2014-09-14 08:00:00,Bharati,-16.48,15.4,983.1,53.3
2014-09-14 09:00:00,Bharati,-11.72,3.69,984.6,56.7
2014-09-14 10:00:00,Bharati,-15.6,3.7,994.9,54.0
2014-09-14 11:00:00,Bharati,-15.21,32.12,1009.7,89.9
2014-09-14 12:00:00,Bharati,-15.61,8.51,973.5,53.3
2014-09-14 13:00:00,Bharati,-14.16,4.05,1018.1,45.1
2014-09-14 14:00:00,Bharati,-10.57,6.88,1008.6,40.5
2014-09-14 15:00:00,Bharati,-12.33,10.93,1003.4,60.6
2014-09-14 16:00:00,Bharati,-14.47,5.15,994.6,32.3
2014-09-14 17:00:00,Bharati,-16.44,9.24,987.1,66.2
2014-09-14 18:00:00,Bharati,-17.11,17.56,979.4,78.7
2014-09-14 19:00:00,Bharati,-18.23,11.07,997.2,58.9
2014-09-14 20:00:00,Bharati,-15.72,3.29,993.3,83.2
2014-09-14 21:00:00,Bharati,-13.83,13.03,981.0,60.8
2014-09-14 22:00:00,Bharati,-13.8,6.76,993.8,79.5
2014-09-14 23:00:00,Bharati,-14.77,12.62,971.6,50.7
2014-09-15 00:00:00,Bharati,-6.57,1.85,991.6,66.8
2014-09-15 01:00:00,Bharati,-13.08,11.55,978.5,71.1
2014-09-15 02:00:00,Bharati,-16.07,8.7,979.9,75.7
2014-09-15 03:00:00,Bharati,-15.7,1.68,993.7,49.2
2014-09-15 04:00:00,Bharati,-11.08,6.58,983.7,73.5
2014-09-15 05:00:00,Bharati,-15.72,3.33,988.6,51.8
2014-09-15 06:00:00,Bharati,-15.75,6.06,1004.9,64.5
2014-09-15 07:00:00,Bharati,-11.62,31.01,999.5,54.9
2014-09-15 08:00:00,Bharati,-12.92,7.65,985.5,84.8
2014-09-15 09:00:00,Bharati,-18.65,16.62,990.7,76.0
2014-09-15 10:00:00,Bharati,-11.48,3.25,987.7,64.9
2014-09-15 11:00:00,Bharati,-16.72,6.64,1004.4,81.0
2014-09-15 12:00:00,Bharati,-13.05,8.4,963.1,61.7
2014-09-15 13:00:00,Bharati,-14.08,8.36,998.6,71.9
2014-09-15 14:00:00,Bharati,-9.95,12.61,1013.3,37.0
2014-09-15 15:00:00,Bharati,-7.66,11.94,992.4,54.7
2014-09-15 16:00:00,Bharati,-15.22,6.3,987.8,74.6
2014-09-15 17:00:00,Bharati,-7.54,14.57,987.5,53.9
2014-09-15 18:00:00,Bharati,-14.73,10.83,1007.3,75.9
2014-09-15 19:00:00,Bharati,-24.79,7.46,998.3,59.4
2014-09-15 20:00:00,Bharati,-12.81,14.29,1007.0,56.9
2014-09-15 21:00:00,Bharati,-13.21,10.5,980.6,71.6
2014-09-15 22:00:00,Bharati,-14.16,5.13,995.9,43.5
2014-09-15 23:00:00,Bharati,-10.83,6.69,1003.4,73.0
2014-09-16 00:00:00,Bharati,-14.57,6.25,981.5,63.0
2014-09-16 01:00:00,Bharati,-13.5,17.88,987.6,56.3
2014-09-16 02:00:00,Bharati,-8.69,4.13,996.2,69.8
2014-09-16 03:00:00,Bharati,-14.54,13.34,992.2,56.8
2014-09-16 04:00:00,Bharati,-9.6,7.81,991.1,86.2
2014-09-16 05:00:00,Bharati,-20.2,4.62,999.5,51.2
2014-09-16 06:00:00,Bharati,-13.59,4.46,981.3,47.7
2014-09-16 07:00:00,Bharati,-22.09,2.8,976.2,52.2
2014-09-16 08:00:00,Bharati,-13.75,5.74,997.5,42.4
2014-09-16 09:00:00,Bharati,-16.34,6.88,973.0,42.9
2014-09-16 10:00:00,Bharati,-13.35,5.68,989.6,74.7
2014-09-16 11:00:00,Bharati,-10.15,9.7,979.2,41.7
2014-09-16 12:00:00,Bharati,-15.47,16.47,975.8,65.0
2014-09-16 13:00:00,Bharati,-16.3,10.04,988.9,42.2
2014-09-16 14:00:00,Bharati,-11.96,10.61,976.0,46.4
2014-09-16 15:00:00,Bharati,-8.91,15.59,1005.2,53.3
2014-09-16 16:00:00,Bharati,-10.34,1.63,1000.4,64.4
2014-09-16 17:00:00,Bharati,-17.24,9.08,983.4,61.8
2014-09-16 18:00:00,Bharati,-17.56,10.86,991.1,38.7
2014-09-16 19:00:00,Bharati,-13.45,1.87,995.6,82.6
2014-09-16 20:00:00,Bharati,-15.55,25.13,996.5,48.9
2014-09-16 21:00:00,Bharati,-13.18,2.42,986.6,72.7
2014-09-16 22:00:00,Bharati,-12.46,1.5,989.8,56.8
2014-09-16 23:00:00,Bharati,-17.22,22.65,956.4,62.2
2014-09-17 00:00:00,Bharati,-8.03,3.17,1008.3,67.2
2014-09-17 01:00:00,Bharati,-15.77,14.48,1007.2,65.6
2014-09-17 02:00:00,Bharati,-10.37,13.2,1003.1,71.9
2014-09-17 03:00:00,Bharati,-19.63,13.23,986.9,49.1
2014-09-17 04:00:00,Bharati,-15.13,10.56,1000.1,66.3
2014-09-17 05:00:00,Bharati,-14.07,8.63,991.5,61.2
2014-09-17 06:00:00,Bharati,-9.7,10.49,995.4,52.1
2014-09-17 07:00:00,Bharati,-13.88,13.29,983.5,58.1
2014-09-17 08:00:00,Bharati,-13.35,7.26,993.4,46.2
2014-09-17 09:00:00,Bharati,-14.51,6.69,982.6,69.8
2014-09-17 10:00:00,Bharati,-15.91,5.16,1001.8,51.0
2014-09-17 11:00:00,Bharati,-15.16,13.66,979.5,52.5
2014-09-17 12:00:00,Bharati,-13.66,6.76,977.1,98.0
2014-09-17 13:00:00,Bharati,-15.55,4.15,1008.5,70.2
2014-09-17 14:00:00,Bharati,-11.02,7.88,976.9,98.0
2014-09-17 15:00:00,Bharati,-9.68,11.12,972.7,95.7
2014-09-17 16:00:00,Bharati,-13.77,5.13,980.6,83.4
2014-09-17 17:00:00,Bharati,-14.86,13.93,1003.9,79.3
2014-09-17 18:00:00,Bharati,-10.63,13.83,994.6,50.4
2014-09-17 19:00:00,Bharati,-20.12,3.0,993.0,61.7
2014-09-17 20:00:00,Bharati,-14.54,23.63,992.7,63.3
2014-09-17 21:00:00,Bharati,-13.93,7.19,986.1,57.5
2014-09-17 22:00:00,Bharati,-11.41,26.56,978.2,81.3
2014-09-17 23:00:00,Bharati,-10.29,5.44,982.5,65.0
2014-09-18 00:00:00,Bharati,-18.12,9.04,985.1,22.0
2014-09-18 01:00:00,Bharati,-16.3,5.47,1002.0,73.7
2014-09-18 02:00:00,Bharati,-13.7,10.25,998.6,66.0
2014-09-18 03:00:00,Bharati,-11.1,2.09,997.2,50.4
2014-09-18 04:00:00,Bharati,-8.92,6.35,995.0,54.1
2014-09-18 05:00:00,Bharati,-13.62,7.79,1000.9,66.1
2014-09-18 06:00:00,Bharati,-8.55,13.58,989.8,72.0
2014-09-18 07:00:00,Bharati,-18.48,4.64,985.3,53.9
2014-09-18 08:00:00,Bharati,-15.68,6.91,985.3,79.6
2014-09-18 09:00:00,Bharati,-11.2,14.66,974.3,62.9
2014-09-18 10:00:00,Bharati,-10.98,13.59,980.6,65.7
2014-09-18 11:00:00,Bharati,-14.82,7.45,979.1,72.9
2014-09-18 12:00:00,Bharati,-12.5,13.08,998.4,68.5
2014-09-18 13:00:00,Bharati,-17.48,17.91,1000.9,65.1
2014-09-18 14:00:00,Bharati,-19.49,5.02,982.6,56.4
2014-09-18 15:00:00,Bharati,-12.81,7.51,991.3,39.1
2014-09-18 16:00:00,Bharati,-15.28,5.77,1007.6,79.9
2014-09-18 17:00:00,Bharati,-13.64,8.72,994.9,87.2
2014-09-18 18:00:00,Bharati,-18.08,8.06,982.3,33.3
2014-09-18 19:00:00,Bharati,-10.98,8.75,986.8,23.4
2014-09-18 20:00:00,Bharati,-10.97,9.93,992.8,68.6
2014-09-18 21:00:00,Bharati,-8.47,3.84,970.7,54.4
2014-09-18 22:00:00,Bharati,-14.26,13.48,980.1,70.5
2014-09-18 23:00:00,Bharati,-15.04,7.36,983.4,48.7
2014-09-19 00:00:00,Bharati,-15.08,22.12,989.6,41.4
2014-09-19 01:00:00,Bharati,-20.09,6.02,1004.1,64.5
2014-09-19 02:00:00,Bharati,-16.83,6.73,971.2,55.5
2014-09-19 03:00:00,Bharati,-15.27,16.03,980.4,77.4
2014-09-19 04:00:00,Bharati,-11.3,9.89,995.9,65.1
2014-09-19 05:00:00,Bharati,-14.46,10.82,992.9,49.8
2014-09-19 06:00:00,Bharati,-18.44,3.09,977.1,62.2
2014-09-19 07:00:00,Bharati,-12.63,13.97,988.8,73.3
2014-09-19 08:00:00,Bharati,-8.49,10.86,984.6,63.4
2014-09-19 09:00:00,Bharati,-11.2,8.13,979.8,59.5
2014-09-19 10:00:00,Bharati,-10.27,6.16,995.4,73.5
2014-09-19 11:00:00,Bharati,-8.49,25.05,985.4,82.5
2014-09-19 12:00:00,Bharati,-13.11,14.15,997.1,82.9
2014-09-19 13:00:00,Bharati,-14.98,14.97,1005.3,84.8
2014-09-19 14:00:00,Bharati,-16.43,5.55,989.7,86.5
2014-09-19 15:00:00,Bharati,-11.63,11.54,1018.6,86.7
2014-09-19 16:00:00,Bharati,-15.05,9.13,1021.1,86.1
2014-09-19 17:00:00,Bharati,-13.96,3.13,990.3,54.7
2014-09-19 18:00:00,Bharati,-14.9,12.88,995.1,54.4
2014-09-19 19:00:00,Bharati,-14.16,9.67,1012.2,41.0
2014-09-19 20:00:00,Bharati,-12.29,8.1,1004.1,76.6
2014-09-19 21:00:00,Bharati,-13.27,10.58,1003.8,51.3
2014-09-19 22:00:00,Bharati,-16.73,1.58,1000.5,78.1
2014-09-19 23:00:00,Bharati,-10.05,30.0,1007.0,35.5
2014-09-20 00:00:00,Bharati,-12.89,14.34,1014.0,82.4
2014-09-20 01:00:00,Bharati,-8.05,7.89,1001.4,77.2
2014-09-20 02:00:00,Bharati,-13.96,9.59,1019.7,58.6
2014-09-20 03:00:00,Bharati,-17.88,9.84,982.2,73.3
2014-09-20 04:00:00,Bharati,-11.33,5.89,997.9,77.9
2014-09-20 05:00:00,Bharati,-14.63,8.52,979.8,61.3
2014-09-20 06:00:00,Bharati,-12.17,6.74,990.1,73.3
2014-09-20 07:00:00,Bharati,-13.07,24.43,1003.2,46.7
2014-09-20 08:00:00,Bharati,-18.36,3.87,967.4,70.4
2014-09-20 09:00:00,Bharati,-5.92,9.21,991.8,57.0
2014-09-20 10:00:00,Bharati,-11.89,21.62,982.2,85.5
2014-09-20 11:00:00,Bharati,-14.09,18.13,975.5,65.4
2014-09-20 12:00:00,Bharati,-17.91,9.69,995.4,88.8
2014-09-20 13:00:00,Bharati,-15.77,18.54,984.1,60.2
2014-09-20 14:00:00,Bharati,-11.89,15.3,975.0,59.9
2014-09-20 15:00:00,Bharati,-10.59,7.4,993.6,75.7
2014-09-20 16:00:00,Bharati,-13.83,5.91,1008.9,40.5
2014-09-20 17:00:00,Bharati,-9.32,8.55,1005.5,66.5
2014-09-20 18:00:00,Bharati,-13.8,7.85,991.3,40.8
2014-09-20 19:00:00,Bharati,-10.82,6.5,965.2,58.0
2014-09-20 20:00:00,Bharati,-11.14,2.08,1017.3,80.3
2014-09-20 21:00:00,Bharati,-10.82,14.05,999.7,81.5
2014-09-20 22:00:00,Bharati,-18.29,33.29,978.8,66.9
2014-09-20 23:00:00,Bharati,-9.98,10.4,999.2,71.0
2014-09-21 00:00:00,Bharati,-14.01,10.93,996.0,53.8
2014-09-21 01:00:00,Bharati,-8.52,13.25,1012.5,22.1
2014-09-21 02:00:00,Bharati,-8.12,37.16,976.4,27.8
2014-09-21 03:00:00,Bharati,-14.51,2.01,1007.0,36.4
2014-09-21 04:00:00,Bharati,-14.16,16.6,1001.5,63.6
2014-09-21 05:00:00,Bharati,-17.64,16.76,974.9,77.6
2014-09-21 06:00:00,Bharati,-15.4,17.08,981.5,70.1
2014-09-21 07:00:00,Bharati,-15.16,7.96,994.4,40.6
2014-09-21 08:00:00,Bharati,-16.93,12.14,993.3,64.4
2014-09-21 09:00:00,Bharati,-15.1,5.38,974.8,48.5
2014-09-21 10:00:00,Bharati,-16.28,6.2,986.6,36.4
2014-09-21 11:00:00,Bharati,-14.48,10.64,1000.0,54.3
2014-09-21 12:00:00,Bharati,-8.52,12.62,995.9,61.1
2014-09-21 13:00:00,Bharati,-14.65,7.71,982.4,58.5
2014-09-21 14:00:00,Bharati,-14.68,19.18,1001.5,56.8
2014-09-21 15:00:00,Bharati,-8.86,4.54,1006.0,64.0
2014-09-21 16:00:00,Bharati,-10.07,9.94,996.2,74.7
2014-09-21 17:00:00,Bharati,-17.5,5.42,987.3,52.5
2014-09-21 18:00:00,Bharati,-13.51,8.91,990.2,55.8
2014-09-21 19:00:00,Bharati,-13.72,7.26,983.0,53.9
2014-09-21 20:00:00,Bharati,-12.62,10.73,985.2,62.0
2014-09-21 21:00:00,Bharati,-11.81,17.63,1002.8,75.2
2014-09-21 22:00:00,Bharati,-14.8,4.49,998.4,79.4
2014-09-21 23:00:00,Bharati,-14.26,8.16,1000.4,45.0
2014-09-22 00:00:00,Bharati,-6.94,6.94,984.7,64.0
2014-09-22 01:00:00,Bharati,-11.29,5.0,965.0,71.0
2014-09-22 02:00:00,Bharati,-10.11,20.39,999.3,59.7
2014-09-22 03:00:00,Bharati,-14.27,5.52,996.1,72.1
2014-09-22 04:00:00,Bharati,-15.05,5.69,1011.9,39.9
2014-09-22 05:00:00,Bharati,-11.78,8.13,995.5,65.9
2014-09-22 06:00:00,Bharati,-19.75,18.14,988.6,79.4
2014-09-22 07:00:00,Bharati,-19.59,16.25,1030.4,42.5
2014-09-22 08:00:00,Bharati,-12.11,8.76,992.5,64.4
2014-09-22 09:00:00,Bharati,-15.07,6.94,995.0,60.1
2014-09-22 10:00:00,Bharati,-14.14,14.05,1001.2,34.2
2014-09-22 11:00:00,Bharati,-17.94,4.99,986.7,67.1
2014-09-22 12:00:00,Bharati,-15.44,15.2,988.9,77.9
2014-09-22 13:00:00,Bharati,-17.45,18.45,985.7,87.8
2014-09-22 14:00:00,Bharati,-13.02,11.7,1014.3,42.1
2014-09-22 15:00:00,Bharati,-18.28,4.09,997.7,52.7
2014-09-22 16:00:00,Bharati,-14.45,22.27,989.9,50.4
2014-09-22 17:00:00,Bharati,-11.6,7.03,993.8,50.0
2014-09-22 18:00:00,Bharati,-9.1,10.4,1003.8,52.2
2014-09-22 19:00:00,Bharati,-12.56,4.86,987.3,35.4
2014-09-22 20:00:00,Bharati,-14.08,3.77,983.5,64.3
2014-09-22 21:00:00,Bharati,-9.04,14.44,979.1,47.3
2014-09-22 22:00:00,Bharati,-13.35,5.93,992.5,59.7
2014-09-22 23:00:00,Bharati,-14.25,15.25,991.5,61.7
2014-09-23 00:00:00,Bharati,-17.14,4.52,1007.6,63.3
2014-09-23 01:00:00,Bharati,-12.03,0.94,976.9,45.5
2014-09-23 02:00:00,Bharati,-19.42,25.37,973.1,63.1
2014-09-23 03:00:00,Bharati,-13.42,9.28,1009.9,50.0
2014-09-23 04:00:00,Bharati,-14.53,6.07,979.2,41.6
2014-09-23 05:00:00,Bharati,-14.05,17.57,971.9,35.0
2014-09-23 06:00:00,Bharati,-13.11,8.33,991.2,33.3
2014-09-23 07:00:00,Bharati,-18.4,6.7,1018.3,59.0
2014-09-23 08:00:00,Bharati,-18.06,2.59,1002.2,65.6
2014-09-23 09:00:00,Bharati,-13.19,5.29,988.4,62.4
2014-09-23 10:00:00,Bharati,-15.31,14.71,994.2,46.1
2014-09-23 11:00:00,Bharati,-16.25,1.69,990.0,66.2
2014-09-23 12:00:00,Bharati,-16.27,6.55,1002.7,73.4
2014-09-23 13:00:00,Bharati,-11.88,18.48,991.9,59.1
2014-09-23 14:00:00,Bharati,-10.6,15.7,993.4,82.0
2014-09-23 15:00:00,Bharati,-9.39,10.45,994.4,65.9
2014-09-23 16:00:00,Bharati,-12.28,32.99,990.8,68.7
2014-09-23 17:00:00,Bharati,-11.37,5.98,963.2,77.3
2014-09-23 18:00:00,Bharati,-11.32,3.57,1011.9,53.5
2014-09-23 19:00:00,Bharati,-13.53,6.84,966.6,48.0
2014-09-23 20:00:00,Bharati,-17.08,16.33,967.7,89.2
2014-09-23 21:00:00,Bharati,-16.54,4.13,974.5,78.0
2014-09-23 22:00:00,Bharati,-6.93,4.64,985.7,67.5
2014-09-23 23:00:00,Bharati,-11.77,22.79,987.4,35.0
2014-09-24 00:00:00,Bharati,-14.98,15.79,983.2,70.5
2014-09-24 01:00:00,Bharati,-12.08,3.92,996.3,45.6
2014-09-24 02:00:00,Bharati,-14.75,9.19,989.6,82.7
2014-09-24 03:00:00,Bharati,-10.41,4.27,977.8,75.2
2014-09-24 04:00:00,Bharati,-9.73,18.83,1008.7,62.8
2014-09-24 05:00:00,Bharati,-11.5,16.21,1007.6,52.8
2014-09-24 06:00:00,Bharati,-15.52,14.01,1003.2,59.6
2014-09-24 07:00:00,Bharati,-15.94,18.47,995.3,74.3
2014-09-24 08:00:00,Bharati,-11.34,11.15,995.9,63.3
2014-09-24 09:00:00,Bharati,-12.19,6.29,990.4,51.8
2014-09-24 10:00:00,Bharati,-15.74,7.09,988.6,67.7
2014-09-24 11:00:00,Bharati,-13.94,5.23,998.4,96.9
2014-09-24 12:00:00,Bharati,-14.08,5.1,988.7,70.4
2014-09-24 13:00:00,Bharati,-12.26,10.44,975.2,96.9
2014-09-24 14:00:00,Bharati,-17.13,5.1,999.3,78.8
2014-09-24 15:00:00,Bharati,-8.94,10.29,1002.4,77.7
2014-09-24 16:00:00,Bharati,-13.41,4.89,986.0,39.0
2014-09-24 17:00:00,Bharati,-12.66,13.78,995.3,60.9
2014-09-24 18:00:00,Bharati,-11.17,9.06,982.3,56.0
2014-09-24 19:00:00,Bharati,-16.65,7.69,979.0,51.7
2014-09-24 20:00:00,Bharati,-13.64,8.08,1007.8,57.5
2014-09-24 21:00:00,Bharati,-12.47,12.46,998.0,86.4
2014-09-24 22:00:00,Bharati,-15.58,16.05,973.3,66.2
2014-09-24 23:00:00,Bharati,-9.8,13.05,996.2,67.5
2014-09-25 00:00:00,Bharati,-10.65,17.83,1005.9,66.8
2014-09-25 01:00:00,Bharati,-15.57,9.83,975.9,74.7
2014-09-25 02:00:00,Bharati,-10.46,6.15,993.9,52.1
2014-09-25 03:00:00,Bharati,-11.57,8.93,1006.7,88.8
2014-09-25 04:00:00,Bharati,-15.1,24.47,968.0,54.7
2014-09-25 05:00:00,Bharati,-12.51,12.46,995.1,96.7
2014-09-25 06:00:00,Bharati,-18.37,18.01,993.9,74.4
2014-09-25 07:00:00,Bharati,-14.13,13.0,973.7,58.0
2014-09-25 08:00:00,Bharati,-11.2,16.09,981.1,86.4
2014-09-25 09:00:00,Bharati,-14.88,4.96,1006.5,66.0
2014-09-25 10:00:00,Bharati,-13.35,4.34,992.9,43.9
2014-09-25 11:00:00,Bharati,-13.82,14.64,1004.9,56.6
2014-09-25 12:00:00,Bharati,-8.19,4.05,982.4,57.3
2014-09-25 13:00:00,Bharati,-13.37,4.57,985.1,55.3
2014-09-25 14:00:00,Bharati,-15.19,10.24,977.4,31.6
2014-09-25 15:00:00,Bharati,-13.74,12.59,986.1,57.2
2014-09-25 16:00:00,Bharati,-11.51,9.72,1013.0,39.1
2014-09-25 17:00:00,Bharati,-12.49,15.04,990.3,48.2
2014-09-25 18:00:00,Bharati,-21.39,23.59,980.7,64.5
2014-09-25 19:00:00,Bharati,-17.32,16.14,986.3,52.6
2014-09-25 20:00:00,Bharati,-14.08,29.53,987.9,53.5
2014-09-25 21:00:00,Bharati,-9.89,2.15,1011.9,49.0
2014-09-25 22:00:00,Bharati,-12.24,8.13,1005.1,43.0
2014-09-25 23:00:00,Bharati,-11.11,10.63,991.0,75.2
2014-09-26 00:00:00,Bharati,-11.97,8.92,996.3,43.3
2014-09-26 01:00:00,Bharati,-11.54,40.48,978.6,75.8
2014-09-26 02:00:00,Bharati,-12.65,5.39,996.9,90.4
2014-09-26 03:00:00,Bharati,-16.59,9.95,999.4,34.1
2014-09-26 04:00:00,Bharati,-15.81,5.5,981.7,59.8
2014-09-26 05:00:00,Bharati,-12.83,9.05,964.0,77.8
2014-09-26 06:00:00,Bharati,-16.42,2.42,977.2,44.1
2014-09-26 07:00:00,Bharati,-16.15,24.51,999.8,67.2
2014-09-26 08:00:00,Bharati,-9.86,6.88,1007.8,58.3
2014-09-26 09:00:00,Bharati,-16.08,13.04,973.9,67.0
2014-09-26 10:00:00,Bharati,-13.93,8.49,994.4,53.2
2014-09-26 11:00:00,Bharati,-18.11,6.72,977.7,83.6
2014-09-26 12:00:00,Bharati,-11.71,3.81,1005.4,89.5
2014-09-26 13:00:00,Bharati,-18.42,14.55,987.2,98.0
2014-09-26 14:00:00,Bharati,-10.27,14.65,996.4,35.5
2014-09-26 15:00:00,Bharati,-16.33,14.16,1019.5,75.1
2014-09-26 16:00:00,Bharati,-13.41,8.54,987.9,56.6
2014-09-26 17:00:00,Bharati,-12.5,7.14,1011.2,56.1
2014-09-26 18:00:00,Bharati,-8.64,11.55,992.9,58.4
2014-09-26 19:00:00,Bharati,-15.82,13.64,994.0,71.0
2014-09-26 20:00:00,Bharati,-10.27,10.59,1001.7,58.3
2014-09-26 21:00:00,Bharati,-13.51,17.69,991.3,71.1
2014-09-26 22:00:00,Bharati,-11.21,5.77,986.7,57.4
2014-09-26 23:00:00,Bharati,-10.56,7.6,992.3,28.3
2014-09-27 00:00:00,Bharati,-12.77,2.01,1000.7,59.8
2014-09-27 01:00:00,Bharati,-14.19,10.24,1009.3,29.9
2014-09-27 02:00:00,Bharati,-11.98,17.14,985.9,58.4
2014-09-27 03:00:00,Bharati,-14.22,5.07,994.7,69.3
2014-09-27 04:00:00,Bharati,-13.82,12.81,975.4,43.6
2014-09-27 05:00:00,Bharati,-11.14,8.39,986.1,73.7
2014-09-27 06:00:00,Bharati,-17.74,3.78,996.0,74.8
2014-09-27 07:00:00,Bharati,-14.13,20.51,996.0,36.9
2014-09-27 08:00:00,Bharati,-15.88,11.48,1001.7,74.9
2014-09-27 09:00:00,Bharati,-12.01,8.9,997.5,73.0
2014-09-27 10:00:00,Bharati,-9.11,7.75,997.0,56.8
2014-09-27 11:00:00,Bharati,-16.62,16.23,998.1,47.4
2014-09-27 12:00:00,Bharati,-15.42,9.23,976.4,81.6
2014-09-27 13:00:00,Bharati,-9.76,7.99,990.6,72.6
2014-09-27 14:00:00,Bharati,-15.19,17.91,1007.3,49.1
2014-09-27 15:00:00,Bharati,-15.95,5.86,995.8,50.6
2014-09-27 16:00:00,Bharati,-12.7,10.53,988.0,54.1
2014-09-27 17:00:00,Bharati,-12.33,5.01,988.8,50.8
2014-09-27 18:00:00,Bharati,-16.67,6.52,999.7,56.7
2014-09-27 19:00:00,Bharati,-11.65,14.08,989.3,61.3
2014-09-27 20:00:00,Bharati,-17.33,19.44,994.5,68.7
2014-09-27 21:00:00,Bharati,-13.58,5.4,988.2,98.0
2014-09-27 22:00:00,Bharati,-18.09,9.75,988.2,67.0
2014-09-27 23:00:00,Bharati,-15.42,12.88,1007.1,81.0
2014-09-28 00:00:00,Bharati,-12.13,11.24,1003.3,60.0
2014-09-28 01:00:00,Bharati,-11.1,11.54,1007.3,76.2
2014-09-28 02:00:00,Bharati,-8.93,7.21,1001.0,63.6
2014-09-28 03:00:00,Bharati,-11.0,5.53,977.5,33.2
2014-09-28 04:00:00,Bharati,-9.82,5.14,1011.0,48.6
2014-09-28 05:00:00,Bharati,-9.88,15.28,988.3,79.4
2014-09-28 06:00:00,Bharati,-13.47,5.63,993.7,36.3
2014-09-28 07:00:00,Bharati,-11.16,10.55,966.0,66.2
2014-09-28 08:00:00,Bharati,-22.23,13.75,991.1,62.2
2014-09-28 09:00:00,Bharati,-16.26,8.22,993.7,51.8
2014-09-28 10:00:00,Bharati,-12.78,10.41,1003.0,63.1
2014-09-28 11:00:00,Bharati,-14.34,7.03,977.5,41.2
2014-09-28 12:00:00,Bharati,-17.67,25.21,969.1,45.5
2014-09-28 13:00:00,Bharati,-16.41,3.46,986.0,61.9
2014-09-28 14:00:00,Bharati,-10.8,7.39,963.7,62.7
2014-09-28 15:00:00,Bharati,-15.17,4.17,985.0,67.6
2014-09-28 16:00:00,Bharati,-15.21,10.25,1000.5,48.0
2014-09-28 17:00:00,Bharati,-11.2,22.38,998.3,61.6
2014-09-28 18:00:00,Bharati,-11.71,26.64,992.3,60.1
2014-09-28 19:00:00,Bharati,-15.19,6.77,994.1,67.3
2014-09-28 20:00:00,Bharati,-8.79,25.48,983.3,66.3
2014-09-28 21:00:00,Bharati,-13.72,9.35,986.6,58.1
2014-09-28 22:00:00,Bharati,-18.47,8.99,989.2,55.6
2014-09-28 23:00:00,Bharati,-9.7,15.99,982.6,55.5
2014-09-29 00:00:00,Bharati,-9.1,16.47,1000.3,73.3
2014-09-29 01:00:00,Bharati,-9.34,6.8,997.8,32.7
2014-09-29 02:00:00,Bharati,-15.3,7.01,1009.0,86.9
2014-09-29 03:00:00,Bharati,-11.89,7.23,995.5,28.2
2014-09-29 04:00:00,Bharati,-8.42,8.42,1008.3,46.6
2014-09-29 05:00:00,Bharati,-16.7,6.75,987.5,51.6
2014-09-29 06:00:00,Bharati,-14.09,11.58,977.2,52.1
2014-09-29 07:00:00,Bharati,-16.02,8.87,966.3,40.0
2014-09-29 08:00:00,Bharati,-18.65,23.09,994.8,72.8
2014-09-29 09:00:00,Bharati,-10.93,10.33,998.1,68.6
2014-09-29 10:00:00,Bharati,-8.86,7.03,978.8,85.1
2014-09-29 11:00:00,Bharati,-10.77,1.23,971.9,53.1
2014-09-29 12:00:00,Bharati,-13.39,11.8,992.9,84.2
2014-09-29 13:00:00,Bharati,-8.69,4.84,989.8,79.4
2014-09-29 14:00:00,Bharati,-5.67,8.02,1012.0,65.8
2014-09-29 15:00:00,Bharati,-14.79,2.78,979.6,53.7
2014-09-29 16:00:00,Bharati,-16.97,9.59,991.0,63.0
2014-09-29 17:00:00,Bharati,-12.1,11.47,995.4,36.6
2014-09-29 18:00:00,Bharati,-17.46,3.01,989.6,54.8
2014-09-29 19:00:00,Bharati,-18.25,3.81,993.6,62.7
2014-09-29 20:00:00,Bharati,-15.77,1.27,1000.4,24.6
2014-09-29 21:00:00,Bharati,-10.61,11.0,999.1,66.8
2014-09-29 22:00:00,Bharati,-10.53,10.24,1005.2,55.7
2014-09-29 23:00:00,Bharati,-16.83,9.97,1017.4,57.6
2014-09-30 00:00:00,Bharati,-10.07,12.2,994.8,73.6
2014-09-30 01:00:00,Bharati,-17.06,21.78,999.1,40.4
2014-09-30 02:00:00,Bharati,-13.83,6.32,992.5,77.4
2014-09-30 03:00:00,Bharati,-11.65,4.72,986.9,57.8
2014-09-30 04:00:00,Bharati,-15.75,29.89,998.5,69.4
2014-09-30 05:00:00,Bharati,-13.49,14.63,1009.2,38.2
2014-09-30 06:00:00,Bharati,-11.34,9.27,1006.2,72.6
2014-09-30 07:00:00,Bharati,-11.57,16.5,971.6,98.0
2014-09-30 08:00:00,Bharati,-13.85,9.85,999.6,76.7
2014-09-30 09:00:00,Bharati,-14.99,7.18,979.8,72.5
2014-09-30 10:00:00,Bharati,-9.58,11.56,993.5,61.9
2014-09-30 11:00:00,Bharati,-13.02,19.26,1013.7,70.3
2014-09-30 12:00:00,Bharati,-16.18,15.9,997.8,56.6
2014-09-30 13:00:00,Bharati,-7.64,4.2,990.4,74.3
2014-09-30 14:00:00,Bharati,-16.09,6.93,994.7,50.0
2014-09-30 15:00:00,Bharati,-6.69,23.94,965.9,52.3
2014-09-30 16:00:00,Bharati,-11.65,18.45,975.8,48.3
2014-09-30 17:00:00,Bharati,-5.94,5.78,997.0,62.3
2014-09-30 18:00:00,Bharati,-11.64,26.44,979.5,58.0
2014-09-30 19:00:00,Bharati,-15.5,6.69,990.4,75.1
2014-09-30 20:00:00,Bharati,-10.93,3.66,985.1,46.8
2014-09-30 21:00:00,Bharati,-12.33,10.61,991.2,68.6
2014-09-30 22:00:00,Bharati,-10.7,18.48,1007.4,78.0
2014-09-30 23:00:00,Bharati,-13.03,11.21,997.1,38.8
2014-10-01 00:00:00,Bharati,-14.77,4.35,986.9,57.1
2014-10-01 01:00:00,Bharati,-13.81,4.78,991.6,65.9
2014-10-01 02:00:00,Bharati,-10.81,8.43,972.7,85.1
2014-10-01 03:00:00,Bharati,-13.54,22.33,990.3,74.1
2014-10-01 04:00:00,Bharati,-14.56,7.13,982.8,51.3
2014-10-01 05:00:00,Bharati,-15.22,11.16,983.1,54.0
2014-10-01 06:00:00,Bharati,-15.17,13.66,974.8,70.9
2014-10-01 07:00:00,Bharati,-13.78,5.39,979.7,77.2
2014-10-01 08:00:00,Bharati,-3.6,20.75,1006.7,61.9
2014-10-01 09:00:00,Bharati,-13.82,20.92,996.0,61.3
2014-10-01 10:00:00,Bharati,-7.33,15.2,998.9,76.1
2014-10-01 11:00:00,Bharati,-9.42,9.63,998.8,74.8
2014-10-01 12:00:00,Bharati,-11.9,3.42,982.1,98.0
2014-10-01 13:00:00,Bharati,-14.47,8.99,978.9,52.2
2014-10-01 14:00:00,Bharati,-18.05,4.03,991.1,66.4
2014-10-01 15:00:00,Bharati,-17.99,2.09,982.1,80.5
2014-10-01 16:00:00,Bharati,-15.12,9.55,997.2,51.4
2014-10-01 17:00:00,Bharati,-15.75,10.66,991.9,42.3
2014-10-01 18:00:00,Bharati,-11.29,13.94,991.8,56.0
2014-10-01 19:00:00,Bharati,-11.64,2.66,1007.4,81.2
2014-10-01 20:00:00,Bharati,-10.51,3.0,995.0,56.2
2014-10-01 21:00:00,Bharati,-14.08,6.83,980.5,65.0
2014-10-01 22:00:00,Bharati,-16.22,10.99,982.8,39.4
2014-10-01 23:00:00,Bharati,-14.14,0.9,986.7,52.8
2014-10-02 00:00:00,Bharati,-17.09,3.03,997.0,61.9
2014-10-02 01:00:00,Bharati,-15.31,13.92,999.2,57.0
2014-10-02 02:00:00,Bharati,-10.55,1.82,981.4,80.2
2014-10-02 03:00:00,Bharati,-11.32,2.49,992.2,88.1
2014-10-02 04:00:00,Bharati,-8.91,5.71,996.1,50.6
2014-10-02 05:00:00,Bharati,-3.84,8.62,986.6,77.5
2014-10-02 06:00:00,Bharati,-13.63,12.76,966.8,59.9
2014-10-02 07:00:00,Bharati,-18.49,2.08,967.2,80.6
2014-10-02 08:00:00,Bharati,-8.99,5.01,984.5,63.1
2014-10-02 09:00:00,Bharati,-16.08,4.37,992.7,58.2
2014-10-02 10:00:00,Bharati,-9.06,6.95,975.9,26.7
2014-10-02 11:00:00,Bharati,-9.16,9.8,991.0,68.5
2014-10-02 12:00:00,Bharati,-13.75,9.29,978.6,70.5
2014-10-02 13:00:00,Bharati,-7.93,2.58,1009.6,57.0
2014-10-02 14:00:00,Bharati,-8.88,18.26,1008.6,55.7
2014-10-02 15:00:00,Bharati,-10.5,16.06,998.9,50.8
2014-10-02 16:00:00,Bharati,-9.67,2.73,1004.1,45.2
2014-10-02 17:00:00,Bharati,-13.77,6.55,1005.1,59.0
2014-10-02 18:00:00,Bharati,-11.78,7.46,1003.6,67.2
2014-10-02 19:00:00,Bharati,-10.82,7.57,993.1,77.8
2014-10-02 20:00:00,Bharati,-9.79,2.65,1019.4,55.8
2014-10-02 21:00:00,Bharati,-13.67,10.1,1001.1,59.4
2014-10-02 22:00:00,Bharati,-14.79,2.99,984.6,64.7
2014-10-02 23:00:00,Bharati,-12.5,12.6,989.3,51.5
2014-10-03 00:00:00,Bharati,-17.63,6.49,985.4,55.8
2014-10-03 01:00:00,Bharati,-6.6,13.86,993.3,64.5
2014-10-03 02:00:00,Bharati,-9.98,3.28,968.5,48.7
2014-10-03 03:00:00,Bharati,-13.32,13.06,984.7,58.9
2014-10-03 04:00:00,Bharati,-13.37,4.65,983.7,46.3
2014-10-03 05:00:00,Bharati,-13.1,2.64,985.1,66.3
2014-10-03 06:00:00,Bharati,-12.1,10.05,993.3,75.1
2014-10-03 07:00:00,Bharati,-8.19,8.81,1003.7,78.7
2014-10-03 08:00:00,Bharati,-15.69,10.01,982.7,86.7
2014-10-03 09:00:00,Bharati,-5.2,22.04,996.9,75.3
2014-10-03 10:00:00,Bharati,-15.66,14.13,973.2,59.8
2014-10-03 11:00:00,Bharati,-16.41,9.97,993.0,74.2
2014-10-03 12:00:00,Bharati,-11.54,18.28,1007.6,64.0
2014-10-03 13:00:00,Bharati,-11.72,13.23,993.1,80.1
2014-10-03 14:00:00,Bharati,-10.84,12.69,998.3,79.3
2014-10-03 15:00:00,Bharati,-15.96,2.55,987.0,55.1
2014-10-03 16:00:00,Bharati,-8.71,7.76,994.6,43.9
2014-10-03 17:00:00,Bharati,-8.2,10.36,983.9,52.7
2014-10-03 18:00:00,Bharati,-8.27,13.99,985.0,55.1
2014-10-03 19:00:00,Bharati,-15.08,4.01,1000.9,38.5
2014-10-03 20:00:00,Bharati,-10.7,7.48,1001.5,58.6
2014-10-03 21:00:00,Bharati,-11.04,7.52,987.5,59.9
2014-10-03 22:00:00,Bharati,-11.48,11.43,987.7,75.9
2014-10-03 23:00:00,Bharati,-11.11,0.73,990.2,75.7
2014-10-04 00:00:00,Bharati,-10.94,18.77,998.3,74.2
2014-10-04 01:00:00,Bharati,-11.14,8.18,989.2,53.1
2014-10-04 02:00:00,Bharati,-11.09,3.85,1028.6,63.8
2014-10-04 03:00:00,Bharati,-11.19,8.41,978.4,71.6
2014-10-04 04:00:00,Bharati,-13.24,17.96,983.2,70.6
2014-10-04 05:00:00,Bharati,-15.03,9.21,994.2,70.5
2014-10-04 06:00:00,Bharati,-20.24,8.9,979.4,81.4
2014-10-04 07:00:00,Bharati,-12.3,2.27,994.0,47.3
2014-10-04 08:00:00,Bharati,-7.97,1.76,1002.8,49.2
2014-10-04 09:00:00,Bharati,-11.99,11.11,1008.4,41.6
2014-10-04 10:00:00,Bharati,-12.25,13.37,999.5,58.5
2014-10-04 11:00:00,Bharati,-15.59,9.97,990.1,78.7
2014-10-04 12:00:00,Bharati,-14.87,9.75,992.0,74.4
2014-10-04 13:00:00,Bharati,-15.21,2.49,988.2,75.0
2014-10-04 14:00:00,Bharati,-12.62,4.21,994.1,91.0
2014-10-04 15:00:00,Bharati,-10.91,7.34,1010.3,96.9
2014-10-04 16:00:00,Bharati,-13.57,8.64,982.5,38.2
2014-10-04 17:00:00,Bharati,-10.34,11.03,1015.6,71.7
2014-10-04 18:00:00,Bharati,-6.41,8.32,998.5,63.5
2014-10-04 19:00:00,Bharati,-17.77,14.52,984.8,34.7
2014-10-04 20:00:00,Bharati,-7.68,35.82,982.9,65.3
2014-10-04 21:00:00,Bharati,-13.05,10.58,985.9,71.6
2014-10-04 22:00:00,Bharati,-16.66,12.88,986.5,48.8
2014-10-04 23:00:00,Bharati,-16.24,15.78,977.9,57.0
2014-10-05 00:00:00,Bharati,-11.86,11.77,1016.9,68.8
2014-10-05 01:00:00,Bharati,-8.82,24.89,1015.8,53.6
2014-10-05 02:00:00,Bharati,-19.15,6.64,999.2,61.8
2014-10-05 03:00:00,Bharati,-12.37,6.13,999.1,76.6
2014-10-05 04:00:00,Bharati,-12.97,3.71,986.8,43.8
2014-10-05 05:00:00,Bharati,-16.72,4.48,1010.8,69.4
2014-10-05 06:00:00,Bharati,-6.99,12.95,1006.8,38.1
2014-10-05 07:00:00,Bharati,-13.17,1.68,1000.7,41.8
2014-10-05 08:00:00,Bharati,-8.53,2.32,988.3,58.6
2014-10-05 09:00:00,Bharati,-11.97,16.99,989.0,42.7
2014-10-05 10:00:00,Bharati,-8.77,9.86,981.9,76.2
2014-10-05 11:00:00,Bharati,-10.74,12.15,1008.5,66.9
2014-10-05 12:00:00,Bharati,-5.76,13.29,1000.1,68.7
2014-10-05 13:00:00,Bharati,-16.04,12.51,992.3,65.2
2014-10-05 14:00:00,Bharati,-10.75,6.25,980.3,87.6
2014-10-05 15:00:00,Bharati,-11.83,4.12,985.0,66.8
2014-10-05 16:00:00,Bharati,-16.9,13.62,1013.7,63.2
2014-10-05 17:00:00,Bharati,-14.35,18.7,981.9,59.8
2014-10-05 18:00:00,Bharati,-12.3,11.39,1012.7,57.2
2014-10-05 19:00:00,Bharati,-13.32,10.95,999.8,71.6
2014-10-05 20:00:00,Bharati,-10.52,7.51,997.2,76.8
2014-10-05 21:00:00,Bharati,-5.31,8.42,997.4,76.0
2014-10-05 22:00:00,Bharati,-13.94,6.84,981.7,47.9
2014-10-05 23:00:00,Bharati,-12.96,15.7,978.6,73.7
2014-10-06 00:00:00,Bharati,-15.74,9.43,999.8,78.6
2014-10-06 01:00:00,Bharati,-8.37,2.03,994.5,90.7
2014-10-06 02:00:00,Bharati,-16.28,8.84,1000.5,62.9
2014-10-06 03:00:00,Bharati,-10.38,7.29,993.5,73.1
2014-10-06 04:00:00,Bharati,-6.22,7.55,1001.6,71.1
2014-10-06 05:00:00,Bharati,-10.61,3.69,987.3,56.1
2014-10-06 06:00:00,Bharati,-12.92,8.38,998.1,62.0
2014-10-06 07:00:00,Bharati,-8.02,12.59,1014.2,48.1
2014-10-06 08:00:00,Bharati,-13.26,3.03,1000.8,48.0
2014-10-06 09:00:00,Bharati,-12.01,23.82,1007.8,70.9
2014-10-06 10:00:00,Bharati,-15.66,11.78,976.1,67.9
2014-10-06 11:00:00,Bharati,-12.83,4.18,978.0,35.7
2014-10-06 12:00:00,Bharati,-13.68,9.12,990.7,92.7
2014-10-06 13:00:00,Bharati,-14.13,8.78,977.0,41.3
2014-10-06 14:00:00,Bharati,-8.16,11.12,980.9,52.4
2014-10-06 15:00:00,Bharati,-11.34,21.03,978.8,67.3
2014-10-06 16:00:00,Bharati,-9.08,8.74,990.5,71.4
2014-10-06 17:00:00,Bharati,-13.82,4.4,984.1,63.6
2014-10-06 18:00:00,Bharati,-10.94,8.58,996.4,68.0
2014-10-06 19:00:00,Bharati,-11.96,1.19,1009.5,48.7
2014-10-06 20:00:00,Bharati,-12.58,18.73,983.8,98.0
2014-10-06 21:00:00,Bharati,-12.28,15.79,979.2,57.6
2014-10-06 22:00:00,Bharati,-12.5,5.26,990.5,59.7
2014-10-06 23:00:00,Bharati,-3.66,5.79,1009.5,56.4
2014-10-07 00:00:00,Bharati,-10.35,19.66,993.3,41.6
2014-10-07 01:00:00,Bharati,-13.83,12.01,997.6,63.5
2014-10-07 02:00:00,Bharati,-12.37,9.33,1006.9,73.6
2014-10-07 03:00:00,Bharati,-11.21,2.21,980.6,86.8
2014-10-07 04:00:00,Bharati,-19.38,9.8,980.7,56.1
2014-10-07 05:00:00,Bharati,-14.87,20.04,986.2,71.2
2014-10-07 06:00:00,Bharati,-14.65,5.02,991.2,52.5
2014-10-07 07:00:00,Bharati,-9.27,18.42,1012.7,70.4
2014-10-07 08:00:00,Bharati,-12.69,16.45,1010.9,50.4
2014-10-07 09:00:00,Bharati,-15.25,12.15,990.9,74.9
2014-10-07 10:00:00,Bharati,-19.69,5.78,962.7,92.1
2014-10-07 11:00:00,Bharati,-12.9,6.33,1004.9,47.6
2014-10-07 12:00:00,Bharati,-9.74,7.65,984.1,40.5
2014-10-07 13:00:00,Bharati,-13.26,8.53,987.7,76.3
2014-10-07 14:00:00,Bharati,-8.34,11.96,1000.1,50.8
2014-10-07 15:00:00,Bharati,-14.1,9.09,978.9,79.7
2014-10-07 16:00:00,Bharati,-11.34,5.95,997.3,38.3
2014-10-07 17:00:00,Bharati,-13.78,3.17,974.0,52.1
2014-10-07 18:00:00,Bharati,-6.86,13.36,997.7,54.4
2014-10-07 19:00:00,Bharati,-11.7,11.18,973.8,61.7
2014-10-07 20:00:00,Bharati,-6.94,26.46,997.0,41.6
2014-10-07 21:00:00,Bharati,-7.31,11.76,990.6,79.0
2014-10-07 22:00:00,Bharati,-12.3,4.78,989.1,84.8
2014-10-07 23:00:00,Bharati,-13.98,9.3,988.9,37.1
2014-10-08 00:00:00,Bharati,-13.66,3.83,1007.6,64.4
2014-10-08 01:00:00,Bharati,-8.16,8.16,991.0,61.5
2014-10-08 02:00:00,Bharati,-9.98,13.39,1009.3,52.9
2014-10-08 03:00:00,Bharati,-8.66,7.99,992.7,49.5
2014-10-08 04:00:00,Bharati,-14.49,16.65,998.9,38.0
2014-10-08 05:00:00,Bharati,-14.57,9.03,1000.7,57.3
2014-10-08 06:00:00,Bharati,-12.89,5.39,980.0,65.8
2014-10-08 07:00:00,Bharati,-8.76,8.69,990.0,74.1
2014-10-08 08:00:00,Bharati,-8.33,5.14,1008.7,54.4
2014-10-08 09:00:00,Bharati,-13.24,4.91,997.3,98.0
2014-10-08 10:00:00,Bharati,-9.12,14.11,1006.5,41.9
2014-10-08 11:00:00,Bharati,-10.13,6.72,1001.8,67.8
2014-10-08 12:00:00,Bharati,-8.62,7.07,984.8,58.7
2014-10-08 13:00:00,Bharati,-8.93,7.78,998.8,65.1
2014-10-08 14:00:00,Bharati,-11.52,8.04,996.5,57.9
2014-10-08 15:00:00,Bharati,-12.19,14.96,989.9,63.8
2014-10-08 16:00:00,Bharati,-8.27,6.79,993.6,51.4
2014-10-08 17:00:00,Bharati,-14.91,13.3,979.7,67.8
2014-10-08 18:00:00,Bharati,-10.67,5.63,1001.9,74.6
2014-10-08 19:00:00,Bharati,-10.0,12.6,1016.6,58.4
2014-10-08 20:00:00,Bharati,-11.52,20.31,1009.1,77.9
2014-10-08 21:00:00,Bharati,-17.76,4.73,985.0,64.8
2014-10-08 22:00:00,Bharati,-11.48,10.9,1011.8,74.1
2014-10-08 23:00:00,Bharati,-9.87,7.05,1015.7,40.9
2014-10-09 00:00:00,Bharati,-17.49,4.31,992.7,68.6
2014-10-09 01:00:00,Bharati,-9.77,4.47,1004.8,65.6
2014-10-09 02:00:00,Bharati,-8.93,3.72,992.4,54.9
2014-10-09 03:00:00,Bharati,-11.2,6.4,1005.0,30.1
2014-10-09 04:00:00,Bharati,-10.85,6.38,980.7,43.1
2014-10-09 05:00:00,Bharati,-8.56,4.2,995.0,55.7
2014-10-09 06:00:00,Bharati,-12.08,12.08,988.0,57.1
2014-10-09 07:00:00,Bharati,-6.08,17.2,996.8,67.0
2014-10-09 08:00:00,Bharati,-4.34,13.19,985.6,72.4
2014-10-09 09:00:00,Bharati,-10.27,17.55,989.1,74.7
2014-10-09 10:00:00,Bharati,-4.81,10.81,1006.6,68.5
2014-10-09 11:00:00,Bharati,-15.99,11.61,991.8,65.6
2014-10-09 12:00:00,Bharati,-10.99,9.12,1000.6,44.8
2014-10-09 13:00:00,Bharati,-12.44,7.7,991.5,55.5
2014-10-09 14:00:00,Bharati,-13.95,9.38,991.7,51.1
2014-10-09 15:00:00,Bharati,-14.39,3.55,1016.6,74.6
2014-10-09 16:00:00,Bharati,-9.85,24.57,961.8,57.3
2014-10-09 17:00:00,Bharati,-6.8,30.43,981.0,80.3
2014-10-09 18:00:00,Bharati,-9.85,22.8,997.8,72.2
2014-10-09 19:00:00,Bharati,-12.0,10.4,977.2,43.1
2014-10-09 20:00:00,Bharati,-12.66,11.32,988.3,60.2
2014-10-09 21:00:00,Bharati,-9.3,17.26,969.5,51.3
2014-10-09 22:00:00,Bharati,-6.07,6.02,1013.9,46.9
2014-10-09 23:00:00,Bharati,-16.62,10.28,990.5,61.0
2014-10-10 00:00:00,Bharati,-11.06,1.8,959.4,58.6
2014-10-10 01:00:00,Bharati,-9.29,21.46,1000.3,63.7
2014-10-10 02:00:00,Bharati,-12.96,14.37,985.4,34.2
2014-10-10 03:00:00,Bharati,-8.44,9.68,1008.0,85.6
2014-10-10 04:00:00,Bharati,-9.46,13.96,977.3,61.2
2014-10-10 05:00:00,Bharati,-14.83,4.22,1006.9,57.2
2014-10-10 06:00:00,Bharati,-13.15,12.86,983.5,65.2
2014-10-10 07:00:00,Bharati,-5.54,20.82,1005.8,72.2
2014-10-10 08:00:00,Bharati,-9.44,8.66,1004.0,63.6
2014-10-10 09:00:00,Bharati,-4.95,7.58,1000.3,69.4
2014-10-10 10:00:00,Bharati,-8.49,7.31,983.8,51.2
2014-10-10 11:00:00,Bharati,-8.89,14.97,1021.3,82.5
2014-10-10 12:00:00,Bharati,-10.58,7.72,979.2,24.9
2014-10-10 13:00:00,Bharati,-8.61,10.69,1003.0,77.6
2014-10-10 14:00:00,Bharati,-8.72,3.33,979.3,64.8
2014-10-10 15:00:00,Bharati,-13.09,16.3,996.0,68.4
2014-10-10 16:00:00,Bharati,-12.33,8.93,975.1,82.6
2014-10-10 17:00:00,Bharati,-9.36,4.03,990.5,75.4
2014-10-10 18:00:00,Bharati,-6.12,9.3,1013.6,54.8
2014-10-10 19:00:00,Bharati,-10.42,6.92,987.0,77.9
2014-10-10 20:00:00,Bharati,-12.04,29.41,990.6,48.7
2014-10-10 21:00:00,Bharati,-14.62,13.73,989.2,49.5
2014-10-10 22:00:00,Bharati,-11.78,7.36,1011.0,57.4
2014-10-10 23:00:00,Bharati,-11.04,7.69,980.3,73.8
2014-10-11 00:00:00,Bharati,-10.76,15.96,992.6,39.3
2014-10-11 01:00:00,Bharati,-8.2,12.36,992.4,53.2
2014-10-11 02:00:00,Bharati,-15.95,6.15,1004.9,52.0
2014-10-11 03:00:00,Bharati,-11.47,12.19,978.8,61.5
2014-10-11 04:00:00,Bharati,-11.84,13.51,1001.1,67.8
2014-10-11 05:00:00,Bharati,-7.97,12.49,972.2,95.5
2014-10-11 06:00:00,Bharati,-13.37,4.49,991.6,70.6
2014-10-11 07:00:00,Bharati,-12.52,7.45,1002.0,71.1
2014-10-11 08:00:00,Bharati,-15.47,4.93,981.7,78.0
2014-10-11 09:00:00,Bharati,-7.84,10.46,997.1,87.1
2014-10-11 10:00:00,Bharati,-14.56,11.85,992.8,75.4
2014-10-11 11:00:00,Bharati,-13.57,8.03,974.5,46.2
2014-10-11 12:00:00,Bharati,-12.93,26.89,997.5,66.0
2014-10-11 13:00:00,Bharati,-15.54,8.17,992.0,52.2
2014-10-11 14:00:00,Bharati,-11.9,10.18,991.0,55.1
2014-10-11 15:00:00,Bharati,-11.26,5.26,974.7,62.5
2014-10-11 16:00:00,Bharati,-13.48,1.62,1005.2,75.8
2014-10-11 17:00:00,Bharati,-10.03,17.38,994.0,68.2
2014-10-11 18:00:00,Bharati,-6.46,2.86,1003.3,62.5
2014-10-11 19:00:00,Bharati,-8.92,14.42,990.8,59.2
2014-10-11 20:00:00,Bharati,-18.5,8.52,1012.6,66.1
2014-10-11 21:00:00,Bharati,-6.45,14.95,997.6,50.3
2014-10-11 22:00:00,Bharati,-9.31,3.47,1012.4,57.7
2014-10-11 23:00:00,Bharati,-11.4,8.45,973.4,67.5
2014-10-12 00:00:00,Bharati,-8.8,13.47,997.4,53.2
2014-10-12 01:00:00,Bharati,-13.0,21.27,993.5,67.3
2014-10-12 02:00:00,Bharati,-9.92,8.07,1003.8,56.6
2014-10-12 03:00:00,Bharati,-7.95,5.88,991.5,53.8
2014-10-12 04:00:00,Bharati,-7.4,10.01,983.6,66.9
2014-10-12 05:00:00,Bharati,-13.43,18.56,965.1,96.5
2014-10-12 06:00:00,Bharati,-7.24,4.7,1001.7,40.6
2014-10-12 07:00:00,Bharati,-8.09,35.78,992.6,55.3
2014-10-12 08:00:00,Bharati,-10.84,12.85,1001.6,61.6
2014-10-12 09:00:00,Bharati,-16.0,3.07,992.7,67.2
2014-10-12 10:00:00,Bharati,-10.73,9.69,993.3,61.6
2014-10-12 11:00:00,Bharati,-9.38,10.08,988.7,64.9
2014-10-12 12:00:00,Bharati,-6.92,9.24,1000.7,42.2
2014-10-12 13:00:00,Bharati,-13.25,5.79,978.0,84.6
2014-10-12 14:00:00,Bharati,-8.47,17.72,990.3,73.1
2014-10-12 15:00:00,Bharati,-9.31,11.01,1018.4,30.5
2014-10-12 16:00:00,Bharati,-8.98,6.0,1006.5,79.4
2014-10-12 17:00:00,Bharati,-7.37,8.57,988.3,49.9
2014-10-12 18:00:00,Bharati,-11.07,23.49,988.8,60.1
2014-10-12 19:00:00,Bharati,-5.36,5.75,989.6,61.2
2014-10-12 20:00:00,Bharati,-8.28,19.99,981.2,49.7
2014-10-12 21:00:00,Bharati,-12.4,28.43,993.9,38.8
2014-10-12 22:00:00,Bharati,-10.6,3.34,1017.6,62.4
2014-10-12 23:00:00,Bharati,-11.22,29.13,984.6,69.0
2014-10-13 00:00:00,Bharati,-8.66,11.82,988.4,59.5
2014-10-13 01:00:00,Bharati,-12.98,16.36,1008.5,76.8
2014-10-13 02:00:00,Bharati,-8.79,14.58,978.0,38.1
2014-10-13 03:00:00,Bharati,-9.74,14.4,987.0,56.2
2014-10-13 04:00:00,Bharati,-13.65,4.17,984.5,68.7
2014-10-13 05:00:00,Bharati,-5.97,4.67,1003.4,44.6
2014-10-13 06:00:00,Bharati,-7.76,9.0,993.5,64.4
2014-10-13 07:00:00,Bharati,-13.42,10.08,990.7,71.4
2014-10-13 08:00:00,Bharati,-8.96,11.34,1000.8,53.8
2014-10-13 09:00:00,Bharati,-10.68,21.95,982.9,50.6
2014-10-13 10:00:00,Bharati,-11.52,21.48,979.6,75.7
2014-10-13 11:00:00,Bharati,-9.73,19.61,989.0,42.9
2014-10-13 12:00:00,Bharati,-6.66,3.82,1009.9,32.2
2014-10-13 13:00:00,Bharati,-10.81,15.9,982.9,60.7
2014-10-13 14:00:00,Bharati,-10.76,5.09,1004.3,32.8
2014-10-13 15:00:00,Bharati,-8.05,43.01,1004.8,59.1
2014-10-13 16:00:00,Bharati,-10.79,17.12,1006.7,70.2
2014-10-13 17:00:00,Bharati,-11.99,3.02,980.7,30.0
2014-10-13 18:00:00,Bharati,-9.88,15.92,1000.7,70.7
2014-10-13 19:00:00,Bharati,-5.91,7.39,993.1,59.7
2014-10-13 20:00:00,Bharati,-7.24,17.48,991.7,62.2
2014-10-13 21:00:00,Bharati,-9.4,9.53,998.5,70.8
2014-10-13 22:00:00,Bharati,-9.96,0.9,986.9,38.3
2014-10-13 23:00:00,Bharati,-8.38,10.13,1007.6,50.5
2014-10-14 00:00:00,Bharati,-12.56,18.29,999.5,35.1
2014-10-14 01:00:00,Bharati,-9.73,16.19,987.5,81.1
2014-10-14 02:00:00,Bharati,-8.35,11.83,1000.0,63.5
2014-10-14 03:00:00,Bharati,-16.18,14.4,979.3,51.5
2014-10-14 04:00:00,Bharati,-9.59,6.48,991.5,23.9
2014-10-14 05:00:00,Bharati,-5.59,13.93,1004.7,68.1
2014-10-14 06:00:00,Bharati,-8.6,6.93,1002.4,56.4
2014-10-14 07:00:00,Bharati,-5.0,8.98,988.5,56.4
2014-10-14 08:00:00,Bharati,-9.93,11.37,991.4,62.3
2014-10-14 09:00:00,Bharati,-11.77,7.87,993.4,56.2
2014-10-14 10:00:00,Bharati,-12.09,9.4,1002.6,29.7
2014-10-14 11:00:00,Bharati,-13.68,15.15,994.6,72.7
2014-10-14 12:00:00,Bharati,-10.1,7.68,987.6,67.9
2014-10-14 13:00:00,Bharati,-13.76,7.81,991.1,41.9
2014-10-14 14:00:00,Bharati,-7.83,4.32,986.0,62.8
2014-10-14 15:00:00,Bharati,-11.84,9.71,986.5,68.5
2014-10-14 16:00:00,Bharati,-14.39,9.86,976.6,55.4
2014-10-14 17:00:00,Bharati,-3.4,17.16,995.6,68.4
2014-10-14 18:00:00,Bharati,-8.07,9.68,983.9,67.4
2014-10-14 19:00:00,Bharati,-9.73,3.32,992.5,56.9
2014-10-14 20:00:00,Bharati,-11.27,10.26,994.8,58.7
2014-10-14 21:00:00,Bharati,-10.13,2.45,976.2,71.6
2014-10-14 22:00:00,Bharati,-6.71,16.51,987.5,52.6
2014-10-14 23:00:00,Bharati,-13.36,7.53,1015.9,77.4
2014-10-15 00:00:00,Bharati,-11.37,15.99,995.5,44.0
2014-10-15 01:00:00,Bharati,-13.54,4.86,981.5,60.4
2014-10-15 02:00:00,Bharati,-13.12,12.67,1000.0,62.4
2014-10-15 03:00:00,Bharati,-17.53,5.76,980.1,55.8
2014-10-15 04:00:00,Bharati,-14.75,20.87,1005.8,45.1
2014-10-15 05:00:00,Bharati,-11.63,24.5,1003.2,50.9
2014-10-15 06:00:00,Bharati,-8.99,16.34,996.4,50.3
2014-10-15 07:00:00,Bharati,-11.91,1.72,997.4,58.7
2014-10-15 08:00:00,Bharati,-10.8,23.09,1002.2,76.2
2014-10-15 09:00:00,Bharati,-7.14,6.33,993.2,36.9
2014-10-15 10:00:00,Bharati,-11.58,6.03,982.9,62.7
2014-10-15 11:00:00,Bharati,-9.93,17.3,1010.3,74.6
2014-10-15 12:00:00,Bharati,-9.22,6.79,1015.3,31.9
2014-10-15 13:00:00,Bharati,-3.44,10.17,994.1,51.3
2014-10-15 14:00:00,Bharati,-8.98,10.39,1009.4,52.3
2014-10-15 15:00:00,Bharati,-12.0,10.43,996.1,36.9
2014-10-15 16:00:00,Bharati,-11.84,15.29,1001.2,57.0
2014-10-15 17:00:00,Bharati,-4.45,4.37,992.3,51.1
2014-10-15 18:00:00,Bharati,-3.27,14.92,970.3,55.0
2014-10-15 19:00:00,Bharati,-12.12,2.82,1000.0,48.1
2014-10-15 20:00:00,Bharati,-5.63,4.82,986.1,85.4
2014-10-15 21:00:00,Bharati,-12.54,3.11,1006.9,45.0
2014-10-15 22:00:00,Bharati,-8.03,6.26,978.5,53.5
2014-10-15 23:00:00,Bharati,-7.54,4.89,978.9,85.8
2014-10-16 00:00:00,Bharati,-9.76,11.11,989.2,67.8
2014-10-16 01:00:00,Bharati,-16.9,24.07,993.1,65.9
2014-10-16 02:00:00,Bharati,-13.66,13.21,990.9,72.8
2014-10-16 03:00:00,Bharati,-12.46,5.79,999.0,71.7
2014-10-16 04:00:00,Bharati,-8.0,8.55,974.7,96.2
2014-10-16 05:00:00,Bharati,-5.0,3.96,984.9,98.0
2014-10-16 06:00:00,Bharati,-11.07,10.15,983.2,74.3
2014-10-16 07:00:00,Bharati,-9.26,12.04,1003.8,58.3
2014-10-16 08:00:00,Bharati,-9.9,15.87,1009.2,66.7
2014-10-16 09:00:00,Bharati,-9.0,15.54,982.6,49.3
2014-10-16 10:00:00,Bharati,-11.45,7.03,980.3,69.5
2014-10-16 11:00:00,Bharati,-10.22,13.32,995.3,85.6
2014-10-16 12:00:00,Bharati,-13.81,15.23,996.8,28.1
2014-10-16 13:00:00,Bharati,-13.03,10.5,987.4,62.1
2014-10-16 14:00:00,Bharati,-6.08,3.29,997.5,53.9
2014-10-16 15:00:00,Bharati,-7.13,9.15,978.2,77.7
2014-10-16 16:00:00,Bharati,-10.15,11.37,1025.0,37.8
2014-10-16 17:00:00,Bharati,-7.78,10.5,1001.8,59.8
2014-10-16 18:00:00,Bharati,-9.41,20.21,993.9,65.9
2014-10-16 19:00:00,Bharati,-7.51,9.09,996.8,64.1
2014-10-16 20:00:00,Bharati,-12.81,13.6,970.8,71.5
2014-10-16 21:00:00,Bharati,-12.21,4.31,980.5,57.8
2014-10-16 22:00:00,Bharati,-11.41,14.42,1013.4,64.2
2014-10-16 23:00:00,Bharati,-7.58,17.8,989.8,55.6
2014-10-17 00:00:00,Bharati,-8.36,5.43,1006.0,57.2
2014-10-17 01:00:00,Bharati,-12.59,20.51,992.1,57.9
2014-10-17 02:00:00,Bharati,-10.91,18.9,986.6,65.5
2014-10-17 03:00:00,Bharati,-7.29,7.44,1009.3,49.7
2014-10-17 04:00:00,Bharati,-8.92,9.59,992.3,47.3
2014-10-17 05:00:00,Bharati,-11.47,20.03,994.1,63.5
2014-10-17 06:00:00,Bharati,-7.96,2.77,996.3,74.8
2014-10-17 07:00:00,Bharati,-10.63,3.53,986.4,77.6
2014-10-17 08:00:00,Bharati,-11.16,27.21,994.4,61.5
2014-10-17 09:00:00,Bharati,-14.76,13.04,986.4,64.5
2014-10-17 10:00:00,Bharati,-13.33,8.02,990.2,77.4
2014-10-17 11:00:00,Bharati,-5.26,8.03,990.5,54.6
2014-10-17 12:00:00,Bharati,-12.5,8.65,993.8,53.4
2014-10-17 13:00:00,Bharati,-6.31,7.65,988.8,81.4
2014-10-17 14:00:00,Bharati,-7.69,11.34,985.4,51.2
2014-10-17 15:00:00,Bharati,-15.11,21.42,1005.7,59.2
2014-10-17 16:00:00,Bharati,-10.72,3.89,997.5,50.5
2014-10-17 17:00:00,Bharati,-5.14,18.56,1007.1,58.2
2014-10-17 18:00:00,Bharati,-13.92,7.87,1019.2,58.0
2014-10-17 19:00:00,Bharati,-10.1,9.41,1005.1,58.5
2014-10-17 20:00:00,Bharati,-6.3,9.46,1007.4,76.4
2014-10-17 21:00:00,Bharati,-12.22,16.27,996.3,78.7
2014-10-17 22:00:00,Bharati,-13.02,9.86,1002.3,46.4
2014-10-17 23:00:00,Bharati,-11.25,5.95,983.4,49.1
2014-10-18 00:00:00,Bharati,-8.08,2.61,976.8,45.4
2014-10-18 01:00:00,Bharati,-12.14,15.32,976.6,38.3
2014-10-18 02:00:00,Bharati,-2.88,10.55,1000.4,73.6
2014-10-18 03:00:00,Bharati,-10.39,13.96,981.3,43.9
2014-10-18 04:00:00,Bharati,-7.57,10.48,1021.5,69.6
2014-10-18 05:00:00,Bharati,-5.11,2.99,996.0,69.7
2014-10-18 06:00:00,Bharati,-17.37,14.94,990.9,69.7
2014-10-18 07:00:00,Bharati,-7.92,17.92,999.9,59.4
2014-10-18 08:00:00,Bharati,-4.89,3.58,981.0,61.3
2014-10-18 09:00:00,Bharati,-15.22,7.67,990.2,48.5
2014-10-18 10:00:00,Bharati,-12.46,11.45,993.0,47.3
2014-10-18 11:00:00,Bharati,-8.22,13.38,991.2,83.1
2014-10-18 12:00:00,Bharati,-7.45,41.93,998.8,62.7
2014-10-18 13:00:00,Bharati,-7.18,10.6,983.6,37.0
2014-10-18 14:00:00,Bharati,-14.35,9.36,996.2,60.7
2014-10-18 15:00:00,Bharati,-10.69,4.78,992.0,56.8
2014-10-18 16:00:00,Bharati,-9.79,10.3,969.3,53.3
2014-10-18 17:00:00,Bharati,-8.04,8.84,980.1,54.7
2014-10-18 18:00:00,Bharati,-11.68,12.78,1002.9,62.4
2014-10-18 19:00:00,Bharati,-7.46,19.67,977.8,64.7
2014-10-18 20:00:00,Bharati,-15.84,12.33,982.8,60.5
2014-10-18 21:00:00,Bharati,-12.49,20.14,986.6,22.0
2014-10-18 22:00:00,Bharati,-9.38,18.91,1000.7,59.8
2014-10-18 23:00:00,Bharati,-9.19,24.12,964.0,73.6
2014-10-19 00:00:00,Bharati,-1.72,3.35,1016.8,63.9
2014-10-19 01:00:00,Bharati,-7.52,8.97,984.9,59.9
2014-10-19 02:00:00,Bharati,-15.22,11.91,989.7,62.1
2014-10-19 03:00:00,Bharati,-11.64,29.0,999.5,49.5
2014-10-19 04:00:00,Bharati,-9.08,10.15,995.0,75.6
2014-10-19 05:00:00,Bharati,-10.72,9.56,979.8,57.6
2014-10-19 06:00:00,Bharati,-9.66,7.36,976.2,62.8
2014-10-19 07:00:00,Bharati,-12.8,12.52,995.3,42.4
2014-10-19 08:00:00,Bharati,-8.11,6.29,1008.0,68.8
2014-10-19 09:00:00,Bharati,-6.54,4.82,989.8,57.7
2014-10-19 10:00:00,Bharati,-7.22,8.04,981.1,78.4
2014-10-19 11:00:00,Bharati,-6.89,9.59,1000.0,62.4
2014-10-19 12:00:00,Bharati,-6.76,7.03,987.3,46.2
2014-10-19 13:00:00,Bharati,-10.76,5.93,1001.1,93.0
2014-10-19 14:00:00,Bharati,-8.57,2.37,988.7,57.1
2014-10-19 15:00:00,Bharati,-3.91,7.55,971.4,60.7
2014-10-19 16:00:00,Bharati,-9.63,5.97,990.6,54.0
2014-10-19 17:00:00,Bharati,-8.22,5.8,992.8,67.1
2014-10-19 18:00:00,Bharati,-8.59,8.73,998.4,74.4
2014-10-19 19:00:00,Bharati,-2.87,6.65,997.8,54.9
2014-10-19 20:00:00,Bharati,-4.71,18.48,980.5,79.4
2014-10-19 21:00:00,Bharati,-12.79,20.22,996.0,73.7
2014-10-19 22:00:00,Bharati,-13.92,21.38,989.1,82.2
2014-10-19 23:00:00,Bharati,-4.63,8.19,984.2,79.2
2014-10-20 00:00:00,Bharati,-9.63,1.8,989.6,57.1
2014-10-20 01:00:00,Bharati,-6.85,11.45,1004.4,75.6
2014-10-20 02:00:00,Bharati,-8.83,10.39,992.8,53.1
2014-10-20 03:00:00,Bharati,-13.53,5.84,997.3,67.3
2014-10-20 04:00:00,Bharati,-14.53,6.3,1005.0,41.8
2014-10-20 05:00:00,Bharati,-2.96,7.96,981.2,46.7
2014-10-20 06:00:00,Bharati,-12.21,37.21,1010.3,51.1
2014-10-20 07:00:00,Bharati,-11.91,5.83,1005.7,68.5
2014-10-20 08:00:00,Bharati,-9.76,3.84,1015.5,86.1
2014-10-20 09:00:00,Bharati,-10.82,12.16,1000.2,53.2
2014-10-20 10:00:00,Bharati,-8.53,5.7,973.9,69.0
2014-10-20 11:00:00,Bharati,-14.39,13.0,988.1,49.2
2014-10-20 12:00:00,Bharati,-8.77,11.89,1009.4,75.4
2014-10-20 13:00:00,Bharati,-5.23,4.61,1010.0,63.6
2014-10-20 14:00:00,Bharati,-8.18,14.95,975.9,66.6
2014-10-20 15:00:00,Bharati,-5.43,8.61,976.8,64.3
2014-10-20 16:00:00,Bharati,-9.29,15.81,994.7,60.1
2014-10-20 17:00:00,Bharati,-10.15,8.42,1001.0,38.4
2014-10-20 18:00:00,Bharati,-7.59,4.72,987.6,60.3
2014-10-20 19:00:00,Bharati,-6.11,5.12,1004.1,63.9
2014-10-20 20:00:00,Bharati,-7.31,23.91,1000.9,67.2
2014-10-20 21:00:00,Bharati,-7.6,7.79,985.9,92.3
2014-10-20 22:00:00,Bharati,-9.8,11.89,978.6,48.8
2014-10-20 23:00:00,Bharati,-8.47,5.82,1000.9,39.1
2014-10-21 00:00:00,Bharati,-11.02,23.71,1011.6,69.6
2014-10-21 01:00:00,Bharati,-8.44,11.98,981.1,39.9
2014-10-21 02:00:00,Bharati,-5.79,10.58,988.7,89.7
2014-10-21 03:00:00,Bharati,-9.84,20.3,976.6,68.3
2014-10-21 04:00:00,Bharati,-6.94,1.85,983.8,68.2
2014-10-21 05:00:00,Bharati,-11.21,15.35,997.1,46.5
2014-10-21 06:00:00,Bharati,-8.48,16.75,998.7,65.5
2014-10-21 07:00:00,Bharati,-8.82,21.32,989.6,83.5
2014-10-21 08:00:00,Bharati,-7.7,9.21,1001.7,88.9
2014-10-21 09:00:00,Bharati,-7.87,5.81,970.7,33.5
2014-10-21 10:00:00,Bharati,-8.9,21.09,980.3,60.2
2014-10-21 11:00:00,Bharati,-10.97,8.74,999.4,93.2
2014-10-21 12:00:00,Bharati,-6.7,23.73,985.2,61.7
2014-10-21 13:00:00,Bharati,-7.12,3.13,1003.8,42.9
2014-10-21 14:00:00,Bharati,-11.91,17.64,995.3,70.7
2014-10-21 15:00:00,Bharati,-0.91,21.88,976.5,49.9
2014-10-21 16:00:00,Bharati,-8.84,14.47,976.2,72.4
2014-10-21 17:00:00,Bharati,-9.02,5.33,1003.9,42.5
2014-10-21 18:00:00,Bharati,-8.76,3.54,969.6,66.5
2014-10-21 19:00:00,Bharati,-13.62,19.02,999.3,64.9
2014-10-21 20:00:00,Bharati,-7.11,11.58,1000.7,79.3
2014-10-21 21:00:00,Bharati,-11.28,9.35,995.2,80.9
2014-10-21 22:00:00,Bharati,-7.45,2.86,993.3,90.3
2014-10-21 23:00:00,Bharati,-9.93,15.49,977.2,64.8
2014-10-22 00:00:00,Bharati,-13.86,6.7,973.3,66.1
2014-10-22 01:00:00,Bharati,-15.39,4.49,983.0,71.0
2014-10-22 02:00:00,Bharati,-9.35,5.65,963.9,43.9
2014-10-22 03:00:00,Bharati,-6.24,8.32,997.3,51.3
2014-10-22 04:00:00,Bharati,-11.88,13.4,1004.2,75.6
2014-10-22 05:00:00,Bharati,-9.61,8.53,1000.9,45.6
2014-10-22 06:00:00,Bharati,-4.02,12.89,1013.8,62.6
2014-10-22 07:00:00,Bharati,-14.32,4.68,990.7,61.0
2014-10-22 08:00:00,Bharati,-5.87,7.45,977.6,57.3
2014-10-22 09:00:00,Bharati,-6.25,15.15,979.6,38.2
2014-10-22 10:00:00,Bharati,-5.59,31.84,997.5,49.9
2014-10-22 11:00:00,Bharati,-14.06,16.22,976.1,83.2
2014-10-22 12:00:00,Bharati,-11.21,7.71,991.0,49.4
2014-10-22 13:00:00,Bharati,-9.14,8.22,979.9,77.5
2014-10-22 14:00:00,Bharati,-7.72,7.21,999.5,67.7
2014-10-22 15:00:00,Bharati,-5.54,12.45,993.5,68.7
2014-10-22 16:00:00,Bharati,-8.21,11.09,994.8,62.7
2014-10-22 17:00:00,Bharati,-7.96,8.55,1014.9,65.7
2014-10-22 18:00:00,Bharati,-7.44,20.24,974.2,67.3
2014-10-22 19:00:00,Bharati,-10.9,7.93,982.0,75.2
2014-10-22 20:00:00,Bharati,-10.23,4.51,977.0,56.1
2014-10-22 21:00:00,Bharati,-5.49,10.57,990.4,59.7
2014-10-22 22:00:00,Bharati,-10.21,8.36,1006.7,74.8
2014-10-22 23:00:00,Bharati,-3.43,21.39,973.4,69.2
2014-10-23 00:00:00,Bharati,-1.79,5.9,992.7,56.6
2014-10-23 01:00:00,Bharati,-6.37,4.61,1002.5,59.0
2014-10-23 02:00:00,Bharati,-10.35,7.11,982.9,50.2
2014-10-23 03:00:00,Bharati,-8.31,7.27,994.6,63.1
2014-10-23 04:00:00,Bharati,-8.45,7.27,976.7,58.8
2014-10-23 05:00:00,Bharati,-7.87,3.72,983.7,43.3
2014-10-23 06:00:00,Bharati,-10.38,5.22,1002.0,72.0
2014-10-23 07:00:00,Bharati,-7.54,9.72,996.3,74.4
2014-10-23 08:00:00,Bharati,-7.84,25.89,1007.6,40.2
2014-10-23 09:00:00,Bharati,-5.16,19.51,1000.4,55.9
2014-10-23 10:00:00,Bharati,-13.02,10.24,980.6,60.8
2014-10-23 11:00:00,Bharati,-13.26,15.29,1002.3,72.0
2014-10-23 12:00:00,Bharati,-11.07,9.47,988.4,58.5
2014-10-23 13:00:00,Bharati,-6.12,10.23,988.7,50.9
2014-10-23 14:00:00,Bharati,-11.41,16.4,1005.2,70.2
2014-10-23 15:00:00,Bharati,-12.01,7.19,996.3,57.9
2014-10-23 16:00:00,Bharati,-6.86,6.86,1000.3,50.8
2014-10-23 17:00:00,Bharati,-10.25,8.97,986.7,69.3
2014-10-23 18:00:00,Bharati,-6.58,16.59,979.5,71.0
2014-10-23 19:00:00,Bharati,-12.56,10.59,987.8,36.6
2014-10-23 20:00:00,Bharati,-7.66,6.83,990.4,83.4
2014-10-23 21:00:00,Bharati,-11.65,22.01,1000.8,69.2
2014-10-23 22:00:00,Bharati,-9.48,4.48,975.4,37.0
2014-10-23 23:00:00,Bharati,-9.85,10.57,985.9,58.1
2014-10-24 00:00:00,Bharati,-9.5,22.61,1005.5,55.1
2014-10-24 01:00:00,Bharati,-7.41,13.68,988.7,54.7
2014-10-24 02:00:00,Bharati,-11.4,10.5,989.8,45.6
2014-10-24 03:00:00,Bharati,-7.67,10.07,996.8,34.7
2014-10-24 04:00:00,Bharati,-7.44,3.06,996.1,54.1
2014-10-24 05:00:00,Bharati,-3.49,8.79,992.6,73.9
2014-10-24 06:00:00,Bharati,-4.36,18.49,1003.2,74.8
2014-10-24 07:00:00,Bharati,-9.5,23.23,992.3,49.8
2014-10-24 08:00:00,Bharati,-5.24,26.91,995.3,48.9
2014-10-24 09:00:00,Bharati,-7.13,18.9,990.4,42.7
2014-10-24 10:00:00,Bharati,-13.82,8.33,1016.8,91.2
2014-10-24 11:00:00,Bharati,-6.92,4.96,996.0,39.7
2014-10-24 12:00:00,Bharati,-9.46,10.88,994.8,59.4
2014-10-24 13:00:00,Bharati,-8.39,17.63,992.5,33.3
2014-10-24 14:00:00,Bharati,-4.42,12.09,1000.9,75.7
2014-10-24 15:00:00,Bharati,-9.16,2.98,983.4,79.3
2014-10-24 16:00:00,Bharati,-9.73,4.91,978.6,55.9
2014-10-24 17:00:00,Bharati,-2.04,8.84,1007.1,54.7
2014-10-24 18:00:00,Bharati,-11.22,4.59,1014.0,69.5
2014-10-24 19:00:00,Bharati,-14.6,5.43,999.1,55.6
2014-10-24 20:00:00,Bharati,-7.53,11.61,983.3,55.8
2014-10-24 21:00:00,Bharati,-7.83,13.08,979.9,41.3
2014-10-24 22:00:00,Bharati,-9.86,18.48,983.5,73.7
2014-10-24 23:00:00,Bharati,-3.65,4.29,983.9,50.7
2014-10-25 00:00:00,Bharati,-5.94,11.42,990.1,59.5
2014-10-25 01:00:00,Bharati,-5.64,2.65,991.1,42.5
2014-10-25 02:00:00,Bharati,-10.19,11.28,988.7,63.3
2014-10-25 03:00:00,Bharati,-8.42,8.99,980.2,50.1
2014-10-25 04:00:00,Bharati,-6.95,3.55,994.7,53.9
2014-10-25 05:00:00,Bharati,-9.64,7.0,990.6,40.0
2014-10-25 06:00:00,Bharati,-10.62,5.8,991.5,73.5
2014-10-25 07:00:00,Bharati,-10.76,25.85,981.9,75.2
2014-10-25 08:00:00,Bharati,-10.15,6.08,992.2,73.4
2014-10-25 09:00:00,Bharati,-7.41,16.5,984.2,68.4
2014-10-25 10:00:00,Bharati,-4.77,6.89,987.5,52.8
2014-10-25 11:00:00,Bharati,-6.63,12.71,992.2,55.9
2014-10-25 12:00:00,Bharati,-10.37,2.4,987.0,33.4
2014-10-25 13:00:00,Bharati,-8.38,5.94,986.6,85.8
2014-10-25 14:00:00,Bharati,-11.97,9.2,966.8,77.6
2014-10-25 15:00:00,Bharati,-4.08,10.57,997.2,45.3
2014-10-25 16:00:00,Bharati,-6.64,9.29,997.7,64.0
2014-10-25 17:00:00,Bharati,-7.47,41.44,975.2,62.0
2014-10-25 18:00:00,Bharati,-14.18,9.17,1017.1,98.0
2014-10-25 19:00:00,Bharati,-10.33,5.03,987.6,62.3
2014-10-25 20:00:00,Bharati,-9.68,16.91,984.8,78.7
2014-10-25 21:00:00,Bharati,-9.03,10.06,998.0,67.3
2014-10-25 22:00:00,Bharati,-5.33,5.28,1010.4,67.6
2014-10-25 23:00:00,Bharati,-10.1,10.69,988.8,60.5
2014-10-26 00:00:00,Bharati,-9.48,15.45,982.5,67.2
2014-10-26 01:00:00,Bharati,-5.07,5.51,1005.3,51.7
2014-10-26 02:00:00,Bharati,-6.83,17.69,1002.9,79.2
2014-10-26 03:00:00,Bharati,-10.22,12.98,983.8,85.8
2014-10-26 04:00:00,Bharati,-8.77,22.94,1003.7,58.6
2014-10-26 05:00:00,Bharati,-6.79,3.72,993.3,62.9
2014-10-26 06:00:00,Bharati,-8.66,22.51,990.2,35.1
2014-10-26 07:00:00,Bharati,-5.18,14.17,989.9,58.0
2014-10-26 08:00:00,Bharati,-8.62,35.57,985.3,98.0
2014-10-26 09:00:00,Bharati,-11.79,4.87,1002.5,77.7
2014-10-26 10:00:00,Bharati,-4.24,4.1,985.5,52.1
2014-10-26 11:00:00,Bharati,-5.35,27.63,985.4,33.4
2014-10-26 12:00:00,Bharati,-4.23,16.55,991.8,77.6
2014-10-26 13:00:00,Bharati,-5.98,7.03,1000.4,98.0
2014-10-26 14:00:00,Bharati,-12.02,6.85,986.0,71.4
2014-10-26 15:00:00,Bharati,-10.34,4.44,1001.5,79.9
2014-10-26 16:00:00,Bharati,-10.19,15.23,1014.1,58.4
2014-10-26 17:00:00,Bharati,-14.39,14.2,1004.8,69.7
2014-10-26 18:00:00,Bharati,-11.45,6.95,986.8,56.7
2014-10-26 19:00:00,Bharati,-9.87,5.59,1001.9,66.6
2014-10-26 20:00:00,Bharati,-8.42,8.02,983.5,47.0
2014-10-26 21:00:00,Bharati,-5.13,12.83,990.2,69.9
2014-10-26 22:00:00,Bharati,-6.04,9.31,986.9,56.1
2014-10-26 23:00:00,Bharati,-8.63,10.01,990.8,46.0
2014-10-27 00:00:00,Bharati,-9.07,1.37,986.0,65.7
2014-10-27 01:00:00,Bharati,-6.65,5.77,1001.0,81.6
2014-10-27 02:00:00,Bharati,-0.49,2.49,984.7,53.8
2014-10-27 03:00:00,Bharati,-8.23,3.44,1008.2,58.8
2014-10-27 04:00:00,Bharati,-9.84,12.97,987.3,57.2
2014-10-27 05:00:00,Bharati,-8.52,10.58,982.4,76.3
2014-10-27 06:00:00,Bharati,-7.06,8.33,974.4,46.3
2014-10-27 07:00:00,Bharati,-6.38,3.46,968.5,58.2
2014-10-27 08:00:00,Bharati,-6.46,10.22,992.1,70.3
2014-10-27 09:00:00,Bharati,-6.58,3.59,994.6,60.7
2014-10-27 10:00:00,Bharati,-9.74,7.28,1019.0,87.7
2014-10-27 11:00:00,Bharati,-11.85,2.58,988.1,75.1
2014-10-27 12:00:00,Bharati,-8.89,14.0,981.3,41.6
2014-10-27 13:00:00,Bharati,-11.35,13.03,974.7,45.7
2014-10-27 14:00:00,Bharati,-8.2,3.94,994.1,67.6
2014-10-27 15:00:00,Bharati,-12.71,9.72,999.6,54.1
2014-10-27 16:00:00,Bharati,-6.51,22.08,993.9,36.0
2014-10-27 17:00:00,Bharati,-7.62,6.24,978.8,68.2
2014-10-27 18:00:00,Bharati,-5.9,5.04,987.3,75.4
2014-10-27 19:00:00,Bharati,-11.58,5.11,1005.0,69.2
2014-10-27 20:00:00,Bharati,-12.91,8.74,1018.0,59.3
2014-10-27 21:00:00,Bharati,-5.79,10.47,986.6,57.0
2014-10-27 22:00:00,Bharati,-6.77,15.22,973.9,46.2
2014-10-27 23:00:00,Bharati,-7.41,14.13,993.1,79.1
2014-10-28 00:00:00,Bharati,0.55,7.83,989.5,81.5
2014-10-28 01:00:00,Bharati,-11.75,10.77,993.0,60.5
2014-10-28 02:00:00,Bharati,-5.76,9.17,990.3,62.5
2014-10-28 03:00:00,Bharati,-5.87,42.45,1004.0,76.4
2014-10-28 04:00:00,Bharati,-5.64,4.13,982.9,72.8
2014-10-28 05:00:00,Bharati,-8.16,4.2,1005.2,60.7
2014-10-28 06:00:00,Bharati,-10.75,6.88,990.9,60.2
2014-10-28 07:00:00,Bharati,-7.02,5.48,1002.3,48.1
2014-10-28 08:00:00,Bharati,-9.5,9.31,984.5,77.5
2014-10-28 09:00:00,Bharati,-10.83,14.21,1002.9,63.5
2014-10-28 10:00:00,Bharati,-3.58,14.85,997.4,57.3
2014-10-28 11:00:00,Bharati,-10.39,5.09,985.4,48.7
2014-10-28 12:00:00,Bharati,-3.53,2.88,1002.0,77.6
2014-10-28 13:00:00,Bharati,-10.99,17.15,980.7,79.4
2014-10-28 14:00:00,Bharati,-8.61,5.16,1006.4,30.3
2014-10-28 15:00:00,Bharati,-9.45,21.32,1002.4,67.0
2014-10-28 16:00:00,Bharati,-3.74,10.55,1010.4,60.5
2014-10-28 17:00:00,Bharati,-5.73,4.95,994.0,38.6
2014-10-28 18:00:00,Bharati,-4.21,3.23,1003.7,71.0
2014-10-28 19:00:00,Bharati,-9.15,4.06,999.2,51.8
2014-10-28 20:00:00,Bharati,-7.06,15.08,1008.4,59.2
2014-10-28 21:00:00,Bharati,-4.21,15.76,994.7,47.4
2014-10-28 22:00:00,Bharati,-8.91,12.1,970.5,76.2
2014-10-28 23:00:00,Bharati,-6.64,13.61,994.6,38.6
2014-10-29 00:00:00,Bharati,-7.68,12.76,985.1,57.1
2014-10-29 01:00:00,Bharati,-7.58,10.52,999.7,56.7
2014-10-29 02:00:00,Bharati,-5.11,17.89,995.2,56.2
2014-10-29 03:00:00,Bharati,-3.31,2.66,1000.4,38.8
2014-10-29 04:00:00,Bharati,-4.25,2.54,964.3,80.3
2014-10-29 05:00:00,Bharati,-3.73,17.97,1002.7,67.4
2014-10-29 06:00:00,Bharati,-9.41,25.52,1011.5,57.5
2014-10-29 07:00:00,Bharati,-11.41,18.24,984.1,73.8
2014-10-29 08:00:00,Bharati,-9.68,10.56,1000.7,55.7
2014-10-29 09:00:00,Bharati,-6.41,11.55,991.0,82.0
2014-10-29 10:00:00,Bharati,-8.53,16.15,985.1,77.4
2014-10-29 11:00:00,Bharati,-7.94,4.95,997.6,59.3
2014-10-29 12:00:00,Bharati,-5.13,16.36,995.1,39.1
2014-10-29 13:00:00,Bharati,-7.55,8.49,1018.8,92.9
2014-10-29 14:00:00,Bharati,-8.34,7.83,975.4,50.8
2014-10-29 15:00:00,Bharati,-4.49,13.94,992.4,64.0
2014-10-29 16:00:00,Bharati,-7.49,14.81,967.2,76.3
2014-10-29 17:00:00,Bharati,-7.93,3.42,982.4,44.4
2014-10-29 18:00:00,Bharati,-5.06,8.76,991.0,39.8
2014-10-29 19:00:00,Bharati,-10.63,12.41,997.9,54.3
2014-10-29 20:00:00,Bharati,-8.34,16.17,993.3,57.9
2014-10-29 21:00:00,Bharati,-7.52,9.86,994.2,83.0
2014-10-29 22:00:00,Bharati,-4.63,13.4,1006.7,56.4
2014-10-29 23:00:00,Bharati,-7.71,16.03,1008.6,61.7
2014-10-30 00:00:00,Bharati,-12.37,11.79,1017.5,47.2
2014-10-30 01:00:00,Bharati,-12.66,7.28,987.2,67.9
2014-10-30 02:00:00,Bharati,-4.49,11.75,992.7,75.0
2014-10-30 03:00:00,Bharati,-5.85,4.01,987.1,65.6
2014-10-30 04:00:00,Bharati,-9.9,4.62,988.3,57.3
2014-10-30 05:00:00,Bharati,-11.25,10.53,1000.9,52.9
2014-10-30 06:00:00,Bharati,-5.54,40.98,960.6,63.8
2014-10-30 07:00:00,Bharati,-2.34,6.38,999.8,47.7
2014-10-30 08:00:00,Bharati,-8.34,12.64,990.3,57.5
2014-10-30 09:00:00,Bharati,-10.6,37.56,994.8,73.7
2014-10-30 10:00:00,Bharati,-10.5,3.31,989.0,53.6
2014-10-30 11:00:00,Bharati,-1.54,7.18,991.4,95.3
2014-10-30 12:00:00,Bharati,-7.75,14.35,980.2,69.1
2014-10-30 13:00:00,Bharati,-8.24,15.61,984.6,67.0
2014-10-30 14:00:00,Bharati,-8.62,7.81,986.2,54.5
2014-10-30 15:00:00,Bharati,-8.1,9.95,1014.8,75.5
2014-10-30 16:00:00,Bharati,-7.65,6.37,970.4,68.9
2014-10-30 17:00:00,Bharati,-6.54,2.85,996.7,49.2
2014-10-30 18:00:00,Bharati,-11.1,10.91,998.0,64.3
2014-10-30 19:00:00,Bharati,-10.17,9.96,962.2,91.3
2014-10-30 20:00:00,Bharati,-3.9,5.25,993.0,49.7
2014-10-30 21:00:00,Bharati,-13.15,11.84,995.6,68.7
2014-10-30 22:00:00,Bharati,-11.25,15.59,981.0,59.6
2014-10-30 23:00:00,Bharati,-9.23,11.63,988.4,51.0
2014-10-31 00:00:00,Bharati,-13.87,19.38,993.0,67.5
2014-10-31 01:00:00,Bharati,-3.86,9.09,1001.8,86.8
2014-10-31 02:00:00,Bharati,-7.81,13.25,988.0,65.2
2014-10-31 03:00:00,Bharati,-12.45,3.66,994.6,64.8
2014-10-31 04:00:00,Bharati,-7.13,6.53,980.3,79.2
2014-10-31 05:00:00,Bharati,-4.66,7.94,1014.7,61.8
2014-10-31 06:00:00,Bharati,-4.88,14.88,999.1,61.7
2014-10-31 07:00:00,Bharati,-17.28,9.13,994.1,79.2
2014-10-31 08:00:00,Bharati,-10.42,6.84,1002.1,62.5
2014-10-31 09:00:00,Bharati,-5.93,12.52,1000.9,68.9
2014-10-31 10:00:00,Bharati,-10.01,4.02,982.5,67.8
2014-10-31 11:00:00,Bharati,-10.83,4.98,1018.8,55.4
2014-10-31 12:00:00,Bharati,-6.69,7.26,995.9,55.3
2014-10-31 13:00:00,Bharati,-1.2,10.02,973.8,31.7
2014-10-31 14:00:00,Bharati,-9.7,11.64,1005.5,55.4
2014-10-31 15:00:00,Bharati,-5.01,5.77,976.2,84.3
2014-10-31 16:00:00,Bharati,-7.47,11.33,988.0,73.9
2014-10-31 17:00:00,Bharati,-5.41,2.62,1001.5,81.9
2014-10-31 18:00:00,Bharati,-5.52,16.95,990.4,67.1
2014-10-31 19:00:00,Bharati,-2.5,10.67,981.9,60.9
2014-10-31 20:00:00,Bharati,-9.59,16.04,974.0,96.4
2014-10-31 21:00:00,Bharati,-6.22,13.92,971.9,65.3
2014-10-31 22:00:00,Bharati,-6.33,7.19,997.0,65.7
2014-10-31 23:00:00,Bharati,-5.4,8.17,1009.2,69.8
2014-11-01 00:00:00,Bharati,-11.05,15.77,995.8,68.5
2014-11-01 01:00:00,Bharati,-7.91,9.85,1000.9,58.4
2014-11-01 02:00:00,Bharati,-6.55,12.09,969.1,66.4
2014-11-01 03:00:00,Bharati,-8.12,4.03,1022.5,64.5
2014-11-01 04:00:00,Bharati,-5.15,12.08,986.5,46.6
2014-11-01 05:00:00,Bharati,-6.47,12.77,989.1,60.5
2014-11-01 06:00:00,Bharati,-6.13,10.41,991.0,52.5
2014-11-01 07:00:00,Bharati,-4.8,8.0,980.4,55.7
2014-11-01 08:00:00,Bharati,-4.13,13.58,989.8,63.6
2014-11-01 09:00:00,Bharati,-3.19,15.06,971.8,35.0
2014-11-01 10:00:00,Bharati,-4.35,27.99,982.7,38.2
2014-11-01 11:00:00,Bharati,-6.35,14.82,997.6,60.2
2014-11-01 12:00:00,Bharati,-12.5,4.96,986.1,56.9
2014-11-01 13:00:00,Bharati,-5.84,12.14,992.4,67.2
2014-11-01 14:00:00,Bharati,0.97,8.95,1006.4,57.2
2014-11-01 15:00:00,Bharati,-6.8,8.52,996.9,79.9
2014-11-01 16:00:00,Bharati,-8.15,3.58,1008.8,57.9
2014-11-01 17:00:00,Bharati,-5.27,6.16,1001.7,57.7
2014-11-01 18:00:00,Bharati,-6.29,15.32,1003.1,85.5
2014-11-01 19:00:00,Bharati,-9.5,8.53,960.8,69.1
2014-11-01 20:00:00,Bharati,-9.38,27.07,999.1,69.5
2014-11-01 21:00:00,Bharati,-4.62,8.2,1002.1,76.9
2014-11-01 22:00:00,Bharati,-6.03,15.83,996.8,61.6
2014-11-01 23:00:00,Bharati,-7.11,11.31,988.8,60.8
2014-11-02 00:00:00,Bharati,-4.4,9.67,979.2,59.3
2014-11-02 01:00:00,Bharati,1.4,2.79,989.1,77.3
2014-11-02 02:00:00,Bharati,-1.28,10.52,973.3,34.5
2014-11-02 03:00:00,Bharati,-5.18,6.3,1017.8,75.3
2014-11-02 04:00:00,Bharati,-6.08,10.88,1014.2,61.3
2014-11-02 05:00:00,Bharati,-8.55,10.88,1002.1,75.9
2014-11-02 06:00:00,Bharati,-5.87,5.95,988.0,57.4
2014-11-02 07:00:00,Bharati,-1.04,10.95,980.6,63.9
2014-11-02 08:00:00,Bharati,-5.06,6.6,990.3,91.2
2014-11-02 09:00:00,Bharati,-8.26,4.57,1001.5,48.8
2014-11-02 10:00:00,Bharati,-8.02,24.01,1014.4,73.2
2014-11-02 11:00:00,Bharati,0.23,23.91,994.5,65.0
2014-11-02 12:00:00,Bharati,-8.18,3.27,998.1,65.1
2014-11-02 13:00:00,Bharati,-9.34,3.04,1000.2,65.5
2014-11-02 14:00:00,Bharati,-1.23,8.82,980.0,54.4
2014-11-02 15:00:00,Bharati,-7.21,9.04,994.1,54.6
2014-11-02 16:00:00,Bharati,-7.58,3.76,988.9,61.9
2014-11-02 17:00:00,Bharati,-8.97,2.44,994.8,51.1
2014-11-02 18:00:00,Bharati,-8.56,5.85,991.5,37.5
2014-11-02 19:00:00,Bharati,-8.17,7.9,999.2,67.0
2014-11-02 20:00:00,Bharati,-14.03,13.18,991.1,72.9
2014-11-02 21:00:00,Bharati,-7.41,8.07,1007.4,63.6
2014-11-02 22:00:00,Bharati,-3.92,5.91,977.6,35.1
2014-11-02 23:00:00,Bharati,-7.43,9.88,975.3,75.2
2014-11-03 00:00:00,Bharati,-7.25,10.4,994.0,49.0
2014-11-03 01:00:00,Bharati,-8.76,6.35,995.3,75.7
2014-11-03 02:00:00,Bharati,-1.38,14.7,964.3,64.1
2014-11-03 03:00:00,Bharati,-6.95,14.23,985.4,68.7
2014-11-03 04:00:00,Bharati,-4.77,18.55,1002.6,64.6
2014-11-03 05:00:00,Bharati,-10.94,17.04,1003.1,59.4
2014-11-03 06:00:00,Bharati,-6.56,33.13,1007.9,67.7
2014-11-03 07:00:00,Bharati,-8.82,8.02,998.9,97.0
2014-11-03 08:00:00,Bharati,-9.45,12.05,996.9,70.1
2014-11-03 09:00:00,Bharati,-6.84,13.19,990.6,44.4
2014-11-03 10:00:00,Bharati,-1.07,17.02,981.8,88.5
2014-11-03 11:00:00,Bharati,-7.77,13.19,983.6,55.9
2014-11-03 12:00:00,Bharati,-7.65,14.05,990.4,63.5
2014-11-03 13:00:00,Bharati,-8.28,15.82,981.8,83.4
2014-11-03 14:00:00,Bharati,-5.51,4.97,991.3,65.1
2014-11-03 15:00:00,Bharati,-6.64,5.34,988.7,74.0
2014-11-03 16:00:00,Bharati,-9.59,12.32,992.5,78.5
2014-11-03 17:00:00,Bharati,-2.62,14.29,1003.3,70.8
2014-11-03 18:00:00,Bharati,-6.12,7.71,976.5,63.4
2014-11-03 19:00:00,Bharati,-9.0,14.19,977.4,80.2
2014-11-03 20:00:00,Bharati,-10.45,26.34,980.0,62.3
2014-11-03 21:00:00,Bharati,-8.71,12.21,1010.8,75.9
2014-11-03 22:00:00,Bharati,-5.0,10.12,993.6,68.1
2014-11-03 23:00:00,Bharati,-13.36,7.03,980.5,72.0
2014-11-04 00:00:00,Bharati,-6.22,15.49,992.9,63.9
2014-11-04 01:00:00,Bharati,-4.95,11.16,974.6,44.5
2014-11-04 02:00:00,Bharati,-9.73,8.95,984.6,70.9
2014-11-04 03:00:00,Bharati,-2.81,6.14,972.1,48.0
2014-11-04 04:00:00,Bharati,-6.63,13.02,988.1,55.4
2014-11-04 05:00:00,Bharati,-11.33,7.33,995.8,61.1
2014-11-04 06:00:00,Bharati,-6.79,9.54,985.0,34.2
2014-11-04 07:00:00,Bharati,-5.8,18.68,974.9,46.8
2014-11-04 08:00:00,Bharati,-4.98,7.48,994.1,90.1
2014-11-04 09:00:00,Bharati,-4.13,8.74,1012.6,70.9
2014-11-04 10:00:00,Bharati,-8.61,8.87,988.2,85.0
2014-11-04 11:00:00,Bharati,-13.6,2.78,1013.6,81.6
2014-11-04 12:00:00,Bharati,-8.51,6.15,986.8,59.2
2014-11-04 13:00:00,Bharati,-6.47,5.94,992.1,79.6
2014-11-04 14:00:00,Bharati,-6.83,6.94,1008.9,79.2
2014-11-04 15:00:00,Bharati,-3.44,5.46,993.1,44.4
2014-11-04 16:00:00,Bharati,-4.85,7.38,1003.6,54.8
2014-11-04 17:00:00,Bharati,-4.99,10.09,977.3,61.0
2014-11-04 18:00:00,Bharati,-3.97,4.83,992.8,81.6
2014-11-04 19:00:00,Bharati,-7.07,5.82,990.0,70.3
2014-11-04 20:00:00,Bharati,-6.89,8.28,1009.1,54.3
2014-11-04 21:00:00,Bharati,-13.63,10.75,992.9,50.7
2014-11-04 22:00:00,Bharati,-6.23,6.75,968.3,54.8
2014-11-04 23:00:00,Bharati,-6.12,13.06,984.6,77.8
2014-11-05 00:00:00,Bharati,-9.27,4.86,991.0,71.2
2014-11-05 01:00:00,Bharati,-9.2,28.7,993.5,47.1
2014-11-05 02:00:00,Bharati,-8.45,9.18,975.3,46.5
2014-11-05 03:00:00,Bharati,-6.07,4.4,988.9,68.4
2014-11-05 04:00:00,Bharati,-7.02,14.0,1009.6,72.5
2014-11-05 05:00:00,Bharati,-7.17,25.48,1008.1,63.4
2014-11-05 06:00:00,Bharati,-4.09,9.38,989.9,56.8
2014-11-05 07:00:00,Bharati,-11.76,3.19,996.8,69.6
2014-11-05 08:00:00,Bharati,-3.19,12.81,1008.3,77.6
2014-11-05 09:00:00,Bharati,-5.59,11.5,976.1,66.4
2014-11-05 10:00:00,Bharati,-8.8,8.23,987.1,72.4
2014-11-05 11:00:00,Bharati,-7.75,14.06,987.0,48.2
2014-11-05 12:00:00,Bharati,-6.82,9.64,984.5,63.5
2014-11-05 13:00:00,Bharati,-11.04,14.06,996.9,44.8
2014-11-05 14:00:00,Bharati,-11.47,5.35,996.1,57.2
2014-11-05 15:00:00,Bharati,-4.79,15.69,980.7,53.8
2014-11-05 16:00:00,Bharati,-9.15,11.42,977.2,78.7
2014-11-05 17:00:00,Bharati,-7.84,7.87,972.7,57.1
2014-11-05 18:00:00,Bharati,-14.34,2.18,992.6,32.1
2014-11-05 19:00:00,Bharati,-4.9,11.63,968.9,68.2
2014-11-05 20:00:00,Bharati,-11.42,13.17,997.3,73.5
2014-11-05 21:00:00,Bharati,-3.34,11.09,999.2,86.6
2014-11-05 22:00:00,Bharati,-13.66,2.54,1008.4,71.8
2014-11-05 23:00:00,Bharati,-6.67,4.76,994.1,25.9
2014-11-06 00:00:00,Bharati,0.11,7.15,978.8,43.8
2014-11-06 01:00:00,Bharati,-3.96,3.59,994.1,46.4
2014-11-06 02:00:00,Bharati,0.49,18.03,980.7,73.0
2014-11-06 03:00:00,Bharati,-10.42,6.96,998.8,61.8
2014-11-06 04:00:00,Bharati,-11.81,5.14,979.6,72.1
2014-11-06 05:00:00,Bharati,-9.17,7.92,984.1,48.4
2014-11-06 06:00:00,Bharati,-5.92,10.17,998.0,70.3
2014-11-06 07:00:00,Bharati,-6.69,25.02,987.7,76.7
2014-11-06 08:00:00,Bharati,-11.29,13.43,1000.5,70.2
2014-11-06 09:00:00,Bharati,-6.84,7.09,1002.0,38.9
2014-11-06 10:00:00,Bharati,-2.3,14.77,987.0,53.3
2014-11-06 11:00:00,Bharati,-3.73,2.81,1004.9,46.4
2014-11-06 12:00:00,Bharati,-2.35,4.92,994.0,39.2
2014-11-06 13:00:00,Bharati,0.14,6.26,1004.2,65.9
2014-11-06 14:00:00,Bharati,-7.83,3.58,1030.6,75.0
2014-11-06 15:00:00,Bharati,-4.9,7.61,992.4,53.7
2014-11-06 16:00:00,Bharati,-2.13,13.69,1015.3,62.7
2014-11-06 17:00:00,Bharati,-6.87,10.11,1021.7,53.5
2014-11-06 18:00:00,Bharati,-6.05,25.69,1009.5,43.6
2014-11-06 19:00:00,Bharati,-6.71,44.39,993.1,58.9
2014-11-06 20:00:00,Bharati,-6.23,18.17,982.6,67.8
2014-11-06 21:00:00,Bharati,-5.72,15.45,1005.3,51.5
2014-11-06 22:00:00,Bharati,-1.92,12.99,1001.5,39.5
2014-11-06 23:00:00,Bharati,-3.49,16.28,984.7,59.6
2014-11-07 00:00:00,Bharati,-6.34,8.3,996.1,65.5
2014-11-07 01:00:00,Bharati,-12.12,14.6,984.2,83.6
2014-11-07 02:00:00,Bharati,-3.47,5.99,1006.7,51.9
2014-11-07 03:00:00,Bharati,-4.69,12.08,990.4,62.6
2014-11-07 04:00:00,Bharati,-8.39,3.52,985.6,58.0
2014-11-07 05:00:00,Bharati,-6.41,7.33,982.0,68.7
2014-11-07 06:00:00,Bharati,-12.42,16.52,1006.9,46.1
2014-11-07 07:00:00,Bharati,-7.48,4.1,978.4,84.6
2014-11-07 08:00:00,Bharati,-8.72,18.94,982.5,51.0
2014-11-07 09:00:00,Bharati,-7.07,9.92,985.4,59.1
2014-11-07 10:00:00,Bharati,-7.25,14.01,984.0,75.9
2014-11-07 11:00:00,Bharati,-8.99,7.41,996.3,78.6
2014-11-07 12:00:00,Bharati,-5.54,11.76,979.0,53.5
2014-11-07 13:00:00,Bharati,-7.21,7.36,1011.6,68.9
2014-11-07 14:00:00,Bharati,-8.3,21.52,986.7,98.0
2014-11-07 15:00:00,Bharati,-8.78,6.91,985.9,62.7
2014-11-07 16:00:00,Bharati,-6.32,13.84,979.6,65.8
2014-11-07 17:00:00,Bharati,-7.25,8.01,990.3,66.8
2014-11-07 18:00:00,Bharati,-7.92,10.96,992.2,59.5
2014-11-07 19:00:00,Bharati,-4.85,4.74,981.9,34.2
2014-11-07 20:00:00,Bharati,-5.37,6.2,968.6,54.5
2014-11-07 21:00:00,Bharati,-10.36,18.45,998.8,75.6
2014-11-07 22:00:00,Bharati,-6.82,20.3,977.9,55.1
2014-11-07 23:00:00,Bharati,-1.91,21.13,990.7,58.6
2014-11-08 00:00:00,Bharati,-0.44,8.95,987.4,74.3
2014-11-08 01:00:00,Bharati,-4.1,12.36,982.4,76.3
2014-11-08 02:00:00,Bharati,-5.77,14.33,993.7,69.5
2014-11-08 03:00:00,Bharati,-5.43,13.97,974.3,59.7
2014-11-08 04:00:00,Bharati,-12.44,7.76,968.0,63.6
2014-11-08 05:00:00,Bharati,-6.0,0.88,997.0,74.1
2014-11-08 06:00:00,Bharati,-2.37,3.23,985.7,56.7
2014-11-08 07:00:00,Bharati,-7.78,5.24,990.3,59.4
2014-11-08 08:00:00,Bharati,-7.36,7.95,990.1,59.6
2014-11-08 09:00:00,Bharati,-3.24,9.69,989.8,54.2
2014-11-08 10:00:00,Bharati,-3.08,10.52,993.9,76.8
2014-11-08 11:00:00,Bharati,-4.09,22.28,1001.8,82.3
2014-11-08 12:00:00,Bharati,-8.56,6.55,998.4,51.7
2014-11-08 13:00:00,Bharati,-3.5,15.39,1005.7,70.2
2014-11-08 14:00:00,Bharati,-0.06,3.4,973.1,73.6
2014-11-08 15:00:00,Bharati,-4.17,10.43,982.2,75.1
2014-11-08 16:00:00,Bharati,-8.05,32.33,973.9,65.0
2014-11-08 17:00:00,Bharati,-5.03,1.04,994.7,50.5
2014-11-08 18:00:00,Bharati,-7.4,14.53,968.5,76.5
2014-11-08 19:00:00,Bharati,-9.0,17.67,1004.0,86.5
2014-11-08 20:00:00,Bharati,-4.93,17.67,989.5,66.0
2014-11-08 21:00:00,Bharati,-3.97,11.59,984.7,50.3
2014-11-08 22:00:00,Bharati,-4.16,7.59,995.5,43.6
2014-11-08 23:00:00,Bharati,-8.75,27.49,968.7,78.1
2014-11-09 00:00:00,Bharati,-6.04,1.24,994.5,62.7
2014-11-09 01:00:00,Bharati,-3.95,11.51,996.7,47.7
2014-11-09 02:00:00,Bharati,-11.21,9.68,997.4,44.6
2014-11-09 03:00:00,Bharati,-7.62,2.67,993.2,47.3
2014-11-09 04:00:00,Bharati,-5.81,9.32,987.0,59.2
2014-11-09 05:00:00,Bharati,-9.36,12.8,1004.0,80.2
2014-11-09 06:00:00,Bharati,-10.85,5.82,998.1,46.6
2014-11-09 07:00:00,Bharati,-11.09,16.32,971.7,52.7
2014-11-09 08:00:00,Bharati,-4.65,8.41,995.4,73.8
2014-11-09 09:00:00,Bharati,-6.92,12.7,1014.3,65.6
2014-11-09 10:00:00,Bharati,-11.1,9.78,973.3,38.3
2014-11-09 11:00:00,Bharati,-6.17,13.7,987.7,61.9
2014-11-09 12:00:00,Bharati,-6.34,10.22,1002.2,51.5
2014-11-09 13:00:00,Bharati,-2.81,9.82,1002.4,61.5
2014-11-09 14:00:00,Bharati,-3.23,11.18,977.2,51.7
2014-11-09 15:00:00,Bharati,-8.45,9.6,973.9,75.5
2014-11-09 16:00:00,Bharati,-11.33,7.55,1005.6,35.7
2014-11-09 17:00:00,Bharati,-9.01,5.47,984.9,57.3
2014-11-09 18:00:00,Bharati,-7.65,6.38,975.4,41.5
2014-11-09 19:00:00,Bharati,-4.62,4.82,986.1,46.6
2014-11-09 20:00:00,Bharati,-16.03,16.99,995.5,64.4
2014-11-09 21:00:00,Bharati,-5.18,3.77,973.6,71.7
2014-11-09 22:00:00,Bharati,-11.93,5.89,1002.0,66.0
2014-11-09 23:00:00,Bharati,-6.52,20.9,1006.6,80.6
2014-11-10 00:00:00,Bharati,-7.62,4.49,1004.1,45.5
2014-11-10 01:00:00,Bharati,0.1,7.23,975.3,37.8
2014-11-10 02:00:00,Bharati,-8.57,13.5,1006.1,61.2
2014-11-10 03:00:00,Bharati,-4.2,3.88,1007.6,50.8
2014-11-10 04:00:00,Bharati,-7.08,16.14,984.7,39.9
2014-11-10 05:00:00,Bharati,-6.5,29.0,993.1,45.8
2014-11-10 06:00:00,Bharati,-1.77,12.76,1020.5,84.1
2014-11-10 07:00:00,Bharati,-1.31,11.61,983.6,96.8
2014-11-10 08:00:00,Bharati,0.57,10.13,1017.0,65.7
2014-11-10 09:00:00,Bharati,-0.22,13.15,983.7,67.4
2014-11-10 10:00:00,Bharati,-4.31,7.58,1014.4,69.7
2014-11-10 11:00:00,Bharati,-5.99,3.64,997.7,67.2
2014-11-10 12:00:00,Bharati,-6.57,7.93,972.8,52.9
2014-11-10 13:00:00,Bharati,-5.51,13.55,1005.8,69.3
2014-11-10 14:00:00,Bharati,-3.43,9.28,1015.8,41.0
2014-11-10 15:00:00,Bharati,-3.44,6.37,1002.2,73.3
2014-11-10 16:00:00,Bharati,-10.62,5.78,996.8,42.6
2014-11-10 17:00:00,Bharati,-5.77,13.06,1005.5,58.8
2014-11-10 18:00:00,Bharati,-7.15,14.49,993.6,55.8
2014-11-10 19:00:00,Bharati,-8.27,16.98,989.0,47.9
2014-11-10 20:00:00,Bharati,-5.6,1.13,985.2,61.0
2014-11-10 21:00:00,Bharati,-8.0,27.65,1001.8,78.8
2014-11-10 22:00:00,Bharati,4.75,4.84,981.7,64.2
2014-11-10 23:00:00,Bharati,-1.34,17.22,987.6,57.7
2014-11-11 00:00:00,Bharati,-4.47,12.65,1000.2,42.5
2014-11-11 01:00:00,Bharati,-3.74,6.22,980.1,76.7
2014-11-11 02:00:00,Bharati,-9.96,10.5,983.8,58.2
2014-11-11 03:00:00,Bharati,-3.6,3.48,984.3,60.7
2014-11-11 04:00:00,Bharati,-7.1,8.26,994.5,57.5
2014-11-11 05:00:00,Bharati,-11.93,7.32,980.8,42.7
2014-11-11 06:00:00,Bharati,-5.46,11.78,996.9,83.3
2014-11-11 07:00:00,Bharati,-8.95,5.9,994.8,47.5
2014-11-11 08:00:00,Bharati,-10.38,10.24,991.4,79.5
2014-11-11 09:00:00,Bharati,-8.89,8.17,992.1,65.5
2014-11-11 10:00:00,Bharati,-0.63,8.85,1000.8,73.7
2014-11-11 11:00:00,Bharati,-6.14,2.86,967.4,54.1
2014-11-11 12:00:00,Bharati,-5.16,5.81,997.6,37.9
2014-11-11 13:00:00,Bharati,-7.21,17.4,1001.1,72.0
2014-11-11 14:00:00,Bharati,-9.62,8.65,985.1,66.1
2014-11-11 15:00:00,Bharati,-7.85,4.61,959.7,42.4
2014-11-11 16:00:00,Bharati,-5.76,11.57,1013.5,44.8
2014-11-11 17:00:00,Bharati,-9.79,12.26,1011.2,57.7
2014-11-11 18:00:00,Bharati,-8.08,12.06,994.0,53.1
2014-11-11 19:00:00,Bharati,-5.02,9.89,989.4,55.5
2014-11-11 20:00:00,Bharati,-5.21,6.79,985.1,71.2
2014-11-11 21:00:00,Bharati,-5.67,27.03,980.9,42.7
2014-11-11 22:00:00,Bharati,-4.82,15.23,994.2,63.9
2014-11-11 23:00:00,Bharati,-9.16,7.41,994.2,80.8
2014-11-12 00:00:00,Bharati,-8.78,5.69,985.2,68.7
2014-11-12 01:00:00,Bharati,-4.85,1.52,985.2,62.6
2014-11-12 02:00:00,Bharati,-6.47,14.19,989.8,37.0
2014-11-12 03:00:00,Bharati,-9.67,7.95,981.9,73.1
2014-11-12 04:00:00,Bharati,-5.65,10.5,1007.1,71.7
2014-11-12 05:00:00,Bharati,-4.77,7.58,1007.5,72.3
2014-11-12 06:00:00,Bharati,-9.33,4.84,982.3,58.4
2014-11-12 07:00:00,Bharati,-7.88,10.84,978.7,81.6
2014-11-12 08:00:00,Bharati,-5.43,12.86,984.4,71.0
2014-11-12 09:00:00,Bharati,-4.28,14.77,976.9,46.5
2014-11-12 10:00:00,Bharati,-4.12,9.0,994.5,59.8
2014-11-12 11:00:00,Bharati,-6.98,28.03,1017.2,71.0
2014-11-12 12:00:00,Bharati,-5.21,2.83,1001.7,62.5
2014-11-12 13:00:00,Bharati,-12.09,15.12,989.8,64.8
2014-11-12 14:00:00,Bharati,-3.53,10.05,981.3,50.5
2014-11-12 15:00:00,Bharati,-6.77,10.54,988.5,51.2
2014-11-12 16:00:00,Bharati,-6.88,7.16,965.1,59.6
2014-11-12 17:00:00,Bharati,-4.84,12.21,991.9,51.3
2014-11-12 18:00:00,Bharati,-9.19,12.95,1001.1,87.8
2014-11-12 19:00:00,Bharati,-6.08,8.73,990.6,62.2
2014-11-12 20:00:00,Bharati,-5.47,24.32,984.5,83.2
2014-11-12 21:00:00,Bharati,-2.0,14.12,994.3,49.5
2014-11-12 22:00:00,Bharati,-3.8,8.25,995.7,59.7
2014-11-12 23:00:00,Bharati,-3.09,3.21,1014.7,45.2
2014-11-13 00:00:00,Bharati,-2.53,6.56,1001.2,36.4
2014-11-13 01:00:00,Bharati,-3.47,5.53,1001.5,58.0
2014-11-13 02:00:00,Bharati,-4.28,18.84,994.9,68.0
2014-11-13 03:00:00,Bharati,-6.28,3.93,1012.1,87.0
2014-11-13 04:00:00,Bharati,-6.4,2.51,1000.8,40.9
2014-11-13 05:00:00,Bharati,-7.21,26.63,979.2,50.0
2014-11-13 06:00:00,Bharati,-3.9,11.23,993.4,61.3
2014-11-13 07:00:00,Bharati,-8.06,1.56,980.2,75.9
2014-11-13 08:00:00,Bharati,-4.61,5.97,998.8,66.8
2014-11-13 09:00:00,Bharati,-6.62,11.09,1007.2,63.9
2014-11-13 10:00:00,Bharati,-8.15,10.14,1008.4,64.0
2014-11-13 11:00:00,Bharati,-8.41,12.87,997.7,55.4
2014-11-13 12:00:00,Bharati,-1.53,9.56,1001.8,76.0
2014-11-13 13:00:00,Bharati,-10.27,21.51,1008.6,85.3
2014-11-13 14:00:00,Bharati,-5.26,6.68,971.7,46.7
2014-11-13 15:00:00,Bharati,-8.9,32.89,984.1,43.7
2014-11-13 16:00:00,Bharati,-11.49,7.79,989.1,85.9
2014-11-13 17:00:00,Bharati,1.21,16.57,991.4,98.0
2014-11-13 18:00:00,Bharati,-1.58,7.7,988.0,68.9
2014-11-13 19:00:00,Bharati,-4.8,14.5,1001.4,68.9
2014-11-13 20:00:00,Bharati,-3.16,9.17,974.6,30.9
2014-11-13 21:00:00,Bharati,-4.99,10.66,965.2,68.5
2014-11-13 22:00:00,Bharati,-6.26,13.09,965.1,66.1
2014-11-13 23:00:00,Bharati,-5.23,7.49,997.1,40.3
2014-11-14 00:00:00,Bharati,-3.69,8.92,967.9,48.0
2014-11-14 01:00:00,Bharati,-7.44,13.36,993.4,57.6
2014-11-14 02:00:00,Bharati,-4.83,6.95,997.9,57.7
2014-11-14 03:00:00,Bharati,-7.85,5.05,1010.8,64.8
2014-11-14 04:00:00,Bharati,-6.62,13.65,987.3,89.7
2014-11-14 05:00:00,Bharati,-6.96,6.71,983.1,35.0
2014-11-14 06:00:00,Bharati,-3.0,5.1,1010.9,40.3
2014-11-14 07:00:00,Bharati,-7.46,4.24,1004.3,62.8
2014-11-14 08:00:00,Bharati,-4.18,11.97,999.6,66.7
2014-11-14 09:00:00,Bharati,-4.26,18.2,960.5,74.3
2014-11-14 10:00:00,Bharati,-7.04,16.39,985.2,50.4
2014-11-14 11:00:00,Bharati,-0.21,9.93,998.6,60.8
2014-11-14 12:00:00,Bharati,-4.01,12.38,972.1,98.0
2014-11-14 13:00:00,Bharati,-1.99,7.69,978.7,57.1
2014-11-14 14:00:00,Bharati,-5.25,4.09,1004.2,46.6
2014-11-14 15:00:00,Bharati,-9.9,6.35,998.7,71.1
2014-11-14 16:00:00,Bharati,-3.92,14.4,1008.1,59.0
2014-11-14 17:00:00,Bharati,-4.75,9.16,1000.3,42.5
2014-11-14 18:00:00,Bharati,-3.31,9.64,988.5,28.4
2014-11-14 19:00:00,Bharati,-0.92,7.32,1003.7,58.9
2014-11-14 20:00:00,Bharati,-8.73,21.19,980.9,52.8
2014-11-14 21:00:00,Bharati,-2.81,14.6,964.5,55.1
2014-11-14 22:00:00,Bharati,-2.98,8.11,997.3,61.6
2014-11-14 23:00:00,Bharati,-11.1,13.09,1001.9,98.0
2014-11-15 00:00:00,Bharati,-4.64,1.92,1008.7,73.5
2014-11-15 01:00:00,Bharati,-4.23,3.11,981.2,78.0
2014-11-15 02:00:00,Bharati,-3.72,11.85,977.3,72.6
2014-11-15 03:00:00,Bharati,-3.45,13.65,1007.4,66.7
2014-11-15 04:00:00,Bharati,-3.15,5.24,1007.5,66.8
2014-11-15 05:00:00,Bharati,-9.22,33.9,967.8,85.9
2014-11-15 06:00:00,Bharati,-3.98,8.52,978.4,46.8
2014-11-15 07:00:00,Bharati,-5.97,4.75,994.9,61.3
2014-11-15 08:00:00,Bharati,-4.52,21.03,994.7,62.0
2014-11-15 09:00:00,Bharati,-7.28,31.4,997.3,58.0
2014-11-15 10:00:00,Bharati,-4.66,18.1,977.5,98.0
2014-11-15 11:00:00,Bharati,-6.03,5.73,988.1,69.5
2014-11-15 12:00:00,Bharati,-2.3,9.56,979.8,57.1
2014-11-15 13:00:00,Bharati,-2.75,2.53,993.3,86.0
2014-11-15 14:00:00,Bharati,-8.89,17.93,1010.9,35.9
2014-11-15 15:00:00,Bharati,-3.78,8.77,989.1,34.8
2014-11-15 16:00:00,Bharati,-8.12,20.85,983.6,52.0
2014-11-15 17:00:00,Bharati,-6.37,7.87,996.5,47.2
2014-11-15 18:00:00,Bharati,-4.14,5.24,977.8,73.0
2014-11-15 19:00:00,Bharati,-3.37,1.76,1003.9,74.9
2014-11-15 20:00:00,Bharati,-3.99,10.46,998.2,38.8
2014-11-15 21:00:00,Bharati,-6.36,10.71,985.2,85.2
2014-11-15 22:00:00,Bharati,-4.54,9.77,979.7,33.7
2014-11-15 23:00:00,Bharati,-6.06,6.8,992.7,76.9
2014-11-16 00:00:00,Bharati,0.02,18.84,974.3,73.6
2014-11-16 01:00:00,Bharati,-7.27,22.89,1012.3,56.8
2014-11-16 02:00:00,Bharati,-9.94,2.55,990.3,67.2
2014-11-16 03:00:00,Bharati,-2.98,6.25,1000.4,71.6
2014-11-16 04:00:00,Bharati,-7.13,19.39,1007.1,65.9
2014-11-16 05:00:00,Bharati,-4.82,13.85,998.0,58.9
2014-11-16 06:00:00,Bharati,-9.61,15.46,995.8,63.9
2014-11-16 07:00:00,Bharati,-10.5,7.29,995.8,59.2
2014-11-16 08:00:00,Bharati,-8.07,10.4,972.1,46.7
2014-11-16 09:00:00,Bharati,-8.16,2.08,1003.0,46.3
2014-11-16 10:00:00,Bharati,-5.44,5.91,995.8,53.4
2014-11-16 11:00:00,Bharati,-4.52,25.55,980.0,64.2
2014-11-16 12:00:00,Bharati,-6.78,3.83,1016.6,37.2
2014-11-16 13:00:00,Bharati,-7.46,0.84,1015.8,40.7
2014-11-16 14:00:00,Bharati,-6.11,19.82,999.1,46.1
2014-11-16 15:00:00,Bharati,-8.01,4.78,989.4,62.2
2014-11-16 16:00:00,Bharati,-1.88,11.61,1005.8,64.6
2014-11-16 17:00:00,Bharati,-5.48,14.58,988.4,54.6
2014-11-16 18:00:00,Bharati,-9.65,1.66,995.8,75.0
2014-11-16 19:00:00,Bharati,-4.62,4.53,983.5,67.7
2014-11-16 20:00:00,Bharati,-3.75,13.89,989.9,29.6
2014-11-16 21:00:00,Bharati,-3.0,6.28,1003.8,58.2
2014-11-16 22:00:00,Bharati,-1.89,5.82,991.5,73.1
2014-11-16 23:00:00,Bharati,-3.14,4.16,987.4,37.1
2014-11-17 00:00:00,Bharati,-2.04,8.6,961.8,48.5
2014-11-17 01:00:00,Bharati,-4.31,11.47,985.8,57.8
2014-11-17 02:00:00,Bharati,-5.31,9.2,992.4,59.4
2014-11-17 03:00:00,Bharati,-3.2,16.37,1007.6,60.5
2014-11-17 04:00:00,Bharati,1.66,3.44,987.2,78.1
2014-11-17 05:00:00,Bharati,1.71,5.19,998.3,66.0
2014-11-17 06:00:00,Bharati,-5.91,5.93,971.1,81.6
2014-11-17 07:00:00,Bharati,-7.03,10.55,983.6,74.9
2014-11-17 08:00:00,Bharati,-6.63,2.61,1001.0,59.8
2014-11-17 09:00:00,Bharati,-5.61,7.14,989.8,65.5
2014-11-17 10:00:00,Bharati,-6.51,5.21,998.5,59.5
2014-11-17 11:00:00,Bharati,-1.4,9.44,997.1,70.0
2014-11-17 12:00:00,Bharati,-1.3,25.03,971.8,72.9
2014-11-17 13:00:00,Bharati,-8.85,3.62,995.2,62.0
2014-11-17 14:00:00,Bharati,-6.36,11.66,981.5,80.8
2014-11-17 15:00:00,Bharati,-8.41,18.04,989.3,59.8
2014-11-17 16:00:00,Bharati,-7.1,6.14,979.6,66.4
2014-11-17 17:00:00,Bharati,-2.2,20.4,976.2,48.7
2014-11-17 18:00:00,Bharati,-6.19,1.21,1016.1,59.2
2014-11-17 19:00:00,Bharati,-5.08,8.77,1002.3,37.7
2014-11-17 20:00:00,Bharati,-8.19,3.58,979.6,51.2
2014-11-17 21:00:00,Bharati,-1.22,16.65,997.5,71.4
2014-11-17 22:00:00,Bharati,-6.59,6.75,973.1,65.0
2014-11-17 23:00:00,Bharati,-4.93,13.24,976.2,80.7
2014-11-18 00:00:00,Bharati,-7.59,13.72,1007.5,78.1
2014-11-18 01:00:00,Bharati,-9.2,7.95,994.1,80.6
2014-11-18 02:00:00,Bharati,-11.91,9.0,996.3,72.5
2014-11-18 03:00:00,Bharati,-5.35,16.46,989.9,56.2
2014-11-18 04:00:00,Bharati,-10.3,20.7,998.8,40.6
2014-11-18 05:00:00,Bharati,-3.34,8.15,986.6,83.1
2014-11-18 06:00:00,Bharati,-2.07,16.01,985.2,63.5
2014-11-18 07:00:00,Bharati,-3.66,7.01,995.2,67.6
2014-11-18 08:00:00,Bharati,-4.21,2.01,995.0,73.2
2014-11-18 09:00:00,Bharati,-5.24,2.65,991.4,67.7
2014-11-18 10:00:00,Bharati,-5.02,12.47,982.4,60.5
2014-11-18 11:00:00,Bharati,-2.35,7.84,968.4,66.0
2014-11-18 12:00:00,Bharati,-7.69,5.21,987.4,28.6
2014-11-18 13:00:00,Bharati,-7.69,4.91,984.9,81.4
2014-11-18 14:00:00,Bharati,-10.92,14.34,997.5,44.1
2014-11-18 15:00:00,Bharati,-3.57,6.52,998.8,57.5
2014-11-18 16:00:00,Bharati,-6.76,13.54,991.6,64.5
2014-11-18 17:00:00,Bharati,-7.33,11.61,982.0,49.4
2014-11-18 18:00:00,Bharati,-8.08,13.25,998.7,53.0
2014-11-18 19:00:00,Bharati,-4.35,2.88,1000.9,71.7
2014-11-18 20:00:00,Bharati,-4.74,6.21,973.8,46.4
2014-11-18 21:00:00,Bharati,-6.23,6.56,1009.0,67.1
2014-11-18 22:00:00,Bharati,-7.58,5.61,997.5,42.2
2014-11-18 23:00:00,Bharati,-11.29,13.26,993.5,67.8
2014-11-19 00:00:00,Bharati,1.36,17.39,999.1,62.2
2014-11-19 01:00:00,Bharati,-2.66,6.92,983.2,59.0
2014-11-19 02:00:00,Bharati,-6.11,12.54,998.3,51.3
2014-11-19 03:00:00,Bharati,-7.59,9.45,1001.3,49.8
2014-11-19 04:00:00,Bharati,-0.42,13.65,996.1,69.1
2014-11-19 05:00:00,Bharati,-7.19,26.07,985.0,54.8
2014-11-19 06:00:00,Bharati,-4.22,11.08,1003.7,64.6
2014-11-19 07:00:00,Bharati,-0.27,3.93,995.7,55.6
2014-11-19 08:00:00,Bharati,-6.22,14.13,994.8,80.1
2014-11-19 09:00:00,Bharati,-2.65,20.03,992.7,57.7
2014-11-19 10:00:00,Bharati,-9.72,17.91,1014.9,68.2
2014-11-19 11:00:00,Bharati,0.9,7.27,997.9,70.3
2014-11-19 12:00:00,Bharati,-4.94,3.13,1001.7,48.6
2014-11-19 13:00:00,Bharati,-8.47,4.57,1009.3,84.2
2014-11-19 14:00:00,Bharati,-8.67,6.62,969.7,63.0
2014-11-19 15:00:00,Bharati,-5.4,12.67,998.1,67.8
2014-11-19 16:00:00,Bharati,-11.42,5.04,999.3,50.2
2014-11-19 17:00:00,Bharati,-6.92,13.42,996.2,57.4
2014-11-19 18:00:00,Bharati,-5.31,5.92,991.3,40.0
2014-11-19 19:00:00,Bharati,-1.67,4.18,963.5,49.7
2014-11-19 20:00:00,Bharati,-5.62,14.11,984.5,57.9
2014-11-19 21:00:00,Bharati,-10.33,9.06,1001.8,62.7
2014-11-19 22:00:00,Bharati,-1.23,11.49,994.5,73.2
2014-11-19 23:00:00,Bharati,-7.16,5.68,981.8,73.1
2014-11-20 00:00:00,Bharati,-1.15,3.19,981.9,76.0
2014-11-20 01:00:00,Bharati,-6.53,9.4,983.3,90.5
2014-11-20 02:00:00,Bharati,-11.15,10.89,983.3,39.1
2014-11-20 03:00:00,Bharati,-7.93,6.55,991.7,60.5
2014-11-20 04:00:00,Bharati,-3.81,24.74,997.1,26.6
2014-11-20 05:00:00,Bharati,-5.41,6.48,1006.4,58.7
2014-11-20 06:00:00,Bharati,-6.01,2.49,989.1,70.7
2014-11-20 07:00:00,Bharati,-4.58,11.31,1008.8,46.8
2014-11-20 08:00:00,Bharati,-5.01,1.54,991.1,72.3
2014-11-20 09:00:00,Bharati,-1.92,8.14,1010.5,69.2
2014-11-20 10:00:00,Bharati,-6.68,19.46,977.9,65.1
2014-11-20 11:00:00,Bharati,-6.21,7.54,988.7,76.0
2014-11-20 12:00:00,Bharati,-5.63,12.32,994.4,83.5
2014-11-20 13:00:00,Bharati,-4.24,2.61,994.2,57.3
2014-11-20 14:00:00,Bharati,-2.12,2.63,995.7,43.9
2014-11-20 15:00:00,Bharati,-4.57,13.07,969.0,59.5
2014-11-20 16:00:00,Bharati,-3.45,4.59,988.7,43.3
2014-11-20 17:00:00,Bharati,-3.65,9.29,995.7,69.2
2014-11-20 18:00:00,Bharati,-3.49,5.36,991.1,46.2
2014-11-20 19:00:00,Bharati,1.46,19.1,999.6,69.7
2014-11-20 20:00:00,Bharati,-4.64,11.37,1010.3,53.0
2014-11-20 21:00:00,Bharati,-5.02,7.86,985.9,67.5
2014-11-20 22:00:00,Bharati,-0.16,33.15,980.2,54.8
2014-11-20 23:00:00,Bharati,-5.55,7.61,988.1,60.3
2014-11-21 00:00:00,Bharati,-8.58,18.36,992.3,65.6
2014-11-21 01:00:00,Bharati,-1.04,3.2,984.8,55.1
2014-11-21 02:00:00,Bharati,-6.7,4.5,990.4,65.3
2014-11-21 03:00:00,Bharati,-1.48,17.14,991.4,58.3
2014-11-21 04:00:00,Bharati,-5.91,11.21,985.1,57.1
2014-11-21 05:00:00,Bharati,-6.96,6.21,982.2,38.5
2014-11-21 06:00:00,Bharati,-9.24,4.47,991.6,55.2
2014-11-21 07:00:00,Bharati,-2.41,7.46,994.7,81.8
2014-11-21 08:00:00,Bharati,-8.09,14.04,1004.2,49.5
2014-11-21 09:00:00,Bharati,-5.73,7.05,984.7,53.3
2014-11-21 10:00:00,Bharati,-1.61,4.88,974.8,50.2
2014-11-21 11:00:00,Bharati,-5.56,5.75,1010.5,44.4
2014-11-21 12:00:00,Bharati,-0.79,20.2,999.7,51.4
2014-11-21 13:00:00,Bharati,-0.3,4.56,993.4,51.5
2014-11-21 14:00:00,Bharati,-2.4,18.35,986.6,48.7
2014-11-21 15:00:00,Bharati,-2.53,5.12,1005.4,68.9
2014-11-21 16:00:00,Bharati,-3.87,8.75,1010.8,98.0
2014-11-21 17:00:00,Bharati,-5.32,16.3,968.1,40.4
2014-11-21 18:00:00,Bharati,-2.12,19.07,996.4,53.9
2014-11-21 19:00:00,Bharati,-5.26,13.44,984.9,70.4
2014-11-21 20:00:00,Bharati,-6.75,13.01,1002.0,39.7
2014-11-21 21:00:00,Bharati,-7.31,19.89,1020.0,45.0
2014-11-21 22:00:00,Bharati,1.93,22.6,1004.2,64.3
2014-11-21 23:00:00,Bharati,-1.15,6.66,1001.8,85.2
2014-11-22 00:00:00,Bharati,-5.13,11.56,1002.0,78.8
2014-11-22 01:00:00,Bharati,-3.94,17.69,1003.5,76.7
2014-11-22 02:00:00,Bharati,-6.19,9.05,973.3,49.7
2014-11-22 03:00:00,Bharati,0.51,7.61,995.6,79.9
2014-11-22 04:00:00,Bharati,-1.68,4.31,990.7,47.7
2014-11-22 05:00:00,Bharati,-8.98,8.49,999.7,64.3
2014-11-22 06:00:00,Bharati,-6.68,4.16,1000.2,93.4
2014-11-22 07:00:00,Bharati,-4.25,8.47,994.0,62.3
2014-11-22 08:00:00,Bharati,-2.11,1.78,993.5,90.8
2014-11-22 09:00:00,Bharati,-7.91,9.9,969.9,38.5
2014-11-22 10:00:00,Bharati,-0.55,1.93,1006.9,75.3
2014-11-22 11:00:00,Bharati,-4.55,24.05,1003.7,64.1
2014-11-22 12:00:00,Bharati,-5.76,5.88,1012.4,70.9
2014-11-22 13:00:00,Bharati,-4.01,9.73,990.5,54.3
2014-11-22 14:00:00,Bharati,-0.09,3.77,965.6,61.7
2014-11-22 15:00:00,Bharati,-9.19,12.13,988.8,79.3
2014-11-22 16:00:00,Bharati,-4.85,2.53,977.3,66.8
2014-11-22 17:00:00,Bharati,-6.92,13.41,1001.4,85.0
2014-11-22 18:00:00,Bharati,-0.23,4.75,1012.0,51.1
2014-11-22 19:00:00,Bharati,-2.87,4.09,992.2,63.6
2014-11-22 20:00:00,Bharati,-7.37,12.25,975.9,44.6
2014-11-22 21:00:00,Bharati,-7.15,32.94,974.2,80.8
2014-11-22 22:00:00,Bharati,-6.96,4.34,987.1,76.2
2014-11-22 23:00:00,Bharati,-9.14,8.9,990.9,67.0
2014-11-23 00:00:00,Bharati,-7.85,3.65,994.1,62.1
2014-11-23 01:00:00,Bharati,-7.5,10.12,994.4,44.7
2014-11-23 02:00:00,Bharati,-9.55,10.45,987.1,51.4
2014-11-23 03:00:00,Bharati,-8.36,3.09,1016.7,82.7
2014-11-23 04:00:00,Bharati,-6.37,3.86,1017.6,94.4
2014-11-23 05:00:00,Bharati,-0.64,10.91,980.8,52.6
2014-11-23 06:00:00,Bharati,2.09,11.58,1007.8,70.9
2014-11-23 07:00:00,Bharati,-1.91,7.3,1000.8,61.6
2014-11-23 08:00:00,Bharati,-8.19,6.59,992.5,77.1
2014-11-23 09:00:00,Bharati,1.52,8.97,1001.6,50.7
2014-11-23 10:00:00,Bharati,-1.35,15.03,984.2,59.6
2014-11-23 11:00:00,Bharati,-3.05,9.18,1019.5,74.8
2014-11-23 12:00:00,Bharati,-5.96,20.73,986.4,66.4
2014-11-23 13:00:00,Bharati,-5.05,11.49,989.8,59.5
2014-11-23 14:00:00,Bharati,-3.52,7.26,990.5,53.9
2014-11-23 15:00:00,Bharati,-5.78,14.6,994.5,43.6
2014-11-23 16:00:00,Bharati,-2.82,14.24,1003.6,49.2
2014-11-23 17:00:00,Bharati,-2.11,3.7,994.2,94.5
2014-11-23 18:00:00,Bharati,-2.64,10.41,985.5,50.8
2014-11-23 19:00:00,Bharati,2.23,8.51,1004.8,48.3
2014-11-23 20:00:00,Bharati,-4.58,1.27,1001.0,40.7
2014-11-23 21:00:00,Bharati,-0.58,5.54,998.8,47.3
2014-11-23 22:00:00,Bharati,-7.17,7.66,996.2,66.2
2014-11-23 23:00:00,Bharati,-3.84,8.74,987.8,62.0
2014-11-24 00:00:00,Bharati,-2.56,18.34,979.9,68.1
2014-11-24 01:00:00,Bharati,-6.24,11.26,988.2,53.1
2014-11-24 02:00:00,Bharati,-3.87,7.77,994.7,57.1
2014-11-24 03:00:00,Bharati,-4.16,15.89,1003.5,53.3
2014-11-24 04:00:00,Bharati,-2.61,1.94,991.8,69.2
2014-11-24 05:00:00,Bharati,-4.44,7.48,995.9,49.5
2014-11-24 06:00:00,Bharati,-8.23,8.85,986.7,59.5
2014-11-24 07:00:00,Bharati,-3.64,4.61,997.3,77.2
2014-11-24 08:00:00,Bharati,-5.82,9.82,979.6,62.1
2014-11-24 09:00:00,Bharati,-9.74,6.9,993.2,60.1
2014-11-24 10:00:00,Bharati,-6.58,21.26,1000.8,91.9
2014-11-24 11:00:00,Bharati,-2.9,2.11,1004.5,66.7
2014-11-24 12:00:00,Bharati,-8.21,10.19,998.7,39.2
2014-11-24 13:00:00,Bharati,-1.0,7.11,1006.4,50.9
2014-11-24 14:00:00,Bharati,2.26,7.82,990.6,65.4
2014-11-24 15:00:00,Bharati,-0.55,22.82,967.2,70.1
2014-11-24 16:00:00,Bharati,-4.13,13.04,1001.7,62.3
2014-11-24 17:00:00,Bharati,-0.75,6.66,994.2,58.8
2014-11-24 18:00:00,Bharati,-2.32,16.47,978.3,51.9
2014-11-24 19:00:00,Bharati,4.37,8.75,1003.8,55.4
2014-11-24 20:00:00,Bharati,1.85,9.8,1002.6,51.2
2014-11-24 21:00:00,Bharati,-7.79,8.68,1019.0,55.7
2014-11-24 22:00:00,Bharati,-0.8,14.18,972.3,58.3
2014-11-24 23:00:00,Bharati,0.31,12.64,1011.1,64.6
2014-11-25 00:00:00,Bharati,-5.77,6.7,992.5,42.9
2014-11-25 01:00:00,Bharati,2.51,11.68,961.0,64.4
2014-11-25 02:00:00,Bharati,-0.75,8.09,1007.4,50.0
2014-11-25 03:00:00,Bharati,-8.64,5.03,1004.5,57.0
2014-11-25 04:00:00,Bharati,-3.81,11.92,997.7,32.7
2014-11-25 05:00:00,Bharati,0.39,9.03,989.1,30.3
2014-11-25 06:00:00,Bharati,-10.33,4.88,993.7,40.3
2014-11-25 07:00:00,Bharati,-0.45,12.53,994.0,64.0
2014-11-25 08:00:00,Bharati,-1.25,13.96,993.8,77.1
2014-11-25 09:00:00,Bharati,-5.07,11.01,986.6,72.1
2014-11-25 10:00:00,Bharati,-0.32,19.08,1002.5,66.5
2014-11-25 11:00:00,Bharati,-3.92,16.93,990.0,49.3
2014-11-25 12:00:00,Bharati,-9.16,10.49,997.0,65.3
2014-11-25 13:00:00,Bharati,-2.19,4.99,989.3,78.4
2014-11-25 14:00:00,Bharati,-5.83,7.32,1013.7,90.7
2014-11-25 15:00:00,Bharati,-0.57,12.15,991.9,70.1
2014-11-25 16:00:00,Bharati,-5.82,11.44,1009.7,44.5
2014-11-25 17:00:00,Bharati,-3.84,4.71,992.8,58.4
2014-11-25 18:00:00,Bharati,1.51,5.32,992.6,55.5
2014-11-25 19:00:00,Bharati,-7.26,2.5,983.6,54.0
2014-11-25 20:00:00,Bharati,-1.69,12.11,1000.9,52.5
2014-11-25 21:00:00,Bharati,-3.41,10.78,988.6,79.4
2014-11-25 22:00:00,Bharati,-3.74,2.57,1013.7,79.2
2014-11-25 23:00:00,Bharati,-6.46,10.34,1010.7,78.9
2014-11-26 00:00:00,Bharati,-1.32,4.03,971.3,64.1
2014-11-26 01:00:00,Bharati,-0.68,29.1,982.2,72.6
2014-11-26 02:00:00,Bharati,-5.08,27.15,978.9,47.3
2014-11-26 03:00:00,Bharati,-3.91,11.72,998.4,55.0
2014-11-26 04:00:00,Bharati,-0.47,18.53,990.8,41.7
2014-11-26 05:00:00,Bharati,-6.11,13.05,977.4,48.8
2014-11-26 06:00:00,Bharati,-8.65,12.88,997.5,54.1
2014-11-26 07:00:00,Bharati,-0.83,12.77,985.6,67.5
2014-11-26 08:00:00,Bharati,-6.48,17.35,982.8,63.4
2014-11-26 09:00:00,Bharati,-6.26,42.19,991.1,84.6
2014-11-26 10:00:00,Bharati,-5.24,26.5,986.6,45.3
2014-11-26 11:00:00,Bharati,-6.41,7.58,996.6,52.1
2014-11-26 12:00:00,Bharati,-10.31,10.9,1019.2,54.9
2014-11-26 13:00:00,Bharati,-5.65,11.3,966.6,53.2
2014-11-26 14:00:00,Bharati,-5.56,2.61,985.9,62.9
2014-11-26 15:00:00,Bharati,-0.38,8.41,992.9,48.0
2014-11-26 16:00:00,Bharati,-5.95,3.79,998.4,58.8
2014-11-26 17:00:00,Bharati,-2.44,3.24,977.8,49.3
2014-11-26 18:00:00,Bharati,-6.98,7.05,993.2,45.7
2014-11-26 19:00:00,Bharati,-7.96,16.47,991.7,67.0
2014-11-26 20:00:00,Bharati,-3.73,2.18,980.2,52.1
2014-11-26 21:00:00,Bharati,-8.58,6.09,994.9,72.3
2014-11-26 22:00:00,Bharati,-6.96,12.26,1009.3,54.2
2014-11-26 23:00:00,Bharati,-7.94,33.27,985.3,48.9
2014-11-27 00:00:00,Bharati,-1.72,9.44,985.5,62.9
2014-11-27 01:00:00,Bharati,-4.11,12.3,974.7,48.6
2014-11-27 02:00:00,Bharati,-5.63,8.52,971.9,50.4
2014-11-27 03:00:00,Bharati,-7.97,5.69,985.1,33.9
2014-11-27 04:00:00,Bharati,-6.62,11.48,989.5,60.2
2014-11-27 05:00:00,Bharati,-3.33,18.36,1006.5,51.3
2014-11-27 06:00:00,Bharati,-2.46,7.97,973.6,45.1
2014-11-27 07:00:00,Bharati,-8.19,21.61,1021.7,41.4
2014-11-27 08:00:00,Bharati,-6.69,27.23,994.6,39.9
2014-11-27 09:00:00,Bharati,-6.08,8.29,974.4,54.3
2014-11-27 10:00:00,Bharati,-11.59,18.63,977.2,68.1
2014-11-27 11:00:00,Bharati,-5.07,10.92,974.8,48.7
2014-11-27 12:00:00,Bharati,-7.46,15.7,996.5,69.7
2014-11-27 13:00:00,Bharati,-5.66,14.29,969.9,42.6
2014-11-27 14:00:00,Bharati,-1.71,27.04,1000.3,81.6
2014-11-27 15:00:00,Bharati,-10.03,20.14,987.8,63.9
2014-11-27 16:00:00,Bharati,-8.7,13.58,968.3,49.5
2014-11-27 17:00:00,Bharati,-3.61,16.48,1007.4,65.5
2014-11-27 18:00:00,Bharati,0.59,8.44,993.9,65.8
2014-11-27 19:00:00,Bharati,-7.12,8.0,1000.8,35.7
2014-11-27 20:00:00,Bharati,-4.93,2.47,996.2,77.3
2014-11-27 21:00:00,Bharati,-1.97,7.33,997.5,94.3
2014-11-27 22:00:00,Bharati,-2.43,19.38,1003.5,75.8
2014-11-27 23:00:00,Bharati,-9.46,6.89,1002.2,59.4
2014-11-28 00:00:00,Bharati,-0.18,8.25,992.0,60.6
2014-11-28 01:00:00,Bharati,-1.24,8.92,990.3,43.0
2014-11-28 02:00:00,Bharati,-2.17,2.53,994.6,43.1
2014-11-28 03:00:00,Bharati,-5.94,9.68,994.5,59.1
2014-11-28 04:00:00,Bharati,-2.83,5.35,1001.5,96.3
2014-11-28 05:00:00,Bharati,-2.44,7.84,996.4,34.3
2014-11-28 06:00:00,Bharati,-1.99,5.8,1009.6,79.1
2014-11-28 07:00:00,Bharati,-7.58,5.02,1027.7,58.2
2014-11-28 08:00:00,Bharati,-5.53,13.11,994.1,83.8
2014-11-28 09:00:00,Bharati,-3.19,16.07,971.6,53.8
2014-11-28 10:00:00,Bharati,-2.22,8.67,988.4,46.2
2014-11-28 11:00:00,Bharati,-5.04,10.32,957.4,71.8
2014-11-28 12:00:00,Bharati,-2.84,9.94,1001.3,69.9
2014-11-28 13:00:00,Bharati,-3.78,7.67,994.1,80.8
2014-11-28 14:00:00,Bharati,1.5,16.11,985.5,60.3
2014-11-28 15:00:00,Bharati,-3.91,10.61,994.3,73.2
2014-11-28 16:00:00,Bharati,-6.58,3.11,1008.7,65.3
2014-11-28 17:00:00,Bharati,-5.59,11.85,995.9,46.5
2014-11-28 18:00:00,Bharati,-4.03,18.8,993.6,63.0
2014-11-28 19:00:00,Bharati,-1.56,8.31,1018.0,72.1
2014-11-28 20:00:00,Bharati,-3.23,8.65,985.1,60.3
2014-11-28 21:00:00,Bharati,-1.64,4.77,991.6,91.9
2014-11-28 22:00:00,Bharati,-3.19,11.63,989.2,26.5
2014-11-28 23:00:00,Bharati,2.01,5.69,996.1,67.8
2014-11-29 00:00:00,Bharati,-3.27,8.35,977.6,69.6
2014-11-29 01:00:00,Bharati,2.09,6.0,993.2,61.1
2014-11-29 02:00:00,Bharati,3.67,7.86,986.0,84.4
2014-11-29 03:00:00,Bharati,0.09,6.88,988.9,81.3
2014-11-29 04:00:00,Bharati,-2.69,8.46,1013.4,45.7
2014-11-29 05:00:00,Bharati,-5.22,18.23,1021.9,51.2
2014-11-29 06:00:00,Bharati,0.26,9.39,1001.9,52.6
2014-11-29 07:00:00,Bharati,-2.06,9.15,1007.7,76.4
2014-11-29 08:00:00,Bharati,-2.95,7.15,972.1,42.3
2014-11-29 09:00:00,Bharati,-5.73,8.12,984.2,43.2
2014-11-29 10:00:00,Bharati,0.03,14.16,995.2,70.9
2014-11-29 11:00:00,Bharati,-5.87,5.79,988.6,41.1
2014-11-29 12:00:00,Bharati,-7.01,6.25,1003.2,60.0
2014-11-29 13:00:00,Bharati,-3.03,16.12,990.3,60.3
2014-11-29 14:00:00,Bharati,-2.99,8.57,988.3,67.9
2014-11-29 15:00:00,Bharati,-4.09,21.95,1000.2,51.8
2014-11-29 16:00:00,Bharati,0.15,5.79,1002.2,49.4
2014-11-29 17:00:00,Bharati,0.16,6.96,982.2,73.8
2014-11-29 18:00:00,Bharati,-6.87,13.12,994.5,53.0
2014-11-29 19:00:00,Bharati,-1.87,10.1,994.2,68.8
2014-11-29 20:00:00,Bharati,2.72,12.63,1028.5,79.6
2014-11-29 21:00:00,Bharati,-0.07,4.0,989.1,30.5
2014-11-29 22:00:00,Bharati,0.13,9.52,983.9,51.2
2014-11-29 23:00:00,Bharati,-4.01,1.82,1010.1,43.2
2014-11-30 00:00:00,Bharati,-2.19,8.36,1001.3,79.2
2014-11-30 01:00:00,Bharati,1.73,5.99,998.3,70.9
2014-11-30 02:00:00,Bharati,1.65,7.18,990.8,70.9
2014-11-30 03:00:00,Bharati,-1.28,7.97,988.8,79.9
2014-11-30 04:00:00,Bharati,-6.89,8.01,1011.8,50.5
2014-11-30 05:00:00,Bharati,-3.07,31.06,982.2,76.3
2014-11-30 06:00:00,Bharati,-5.81,3.44,999.4,57.4
2014-11-30 07:00:00,Bharati,-3.24,16.7,994.7,74.5
2014-11-30 08:00:00,Bharati,-4.8,10.5,998.9,85.9
2014-11-30 09:00:00,Bharati,2.6,8.61,983.5,70.0
2014-11-30 10:00:00,Bharati,-0.36,7.26,983.5,63.0
2014-11-30 11:00:00,Bharati,-7.62,13.38,990.0,35.1
2014-11-30 12:00:00,Bharati,-5.77,7.2,1011.0,57.5
2014-11-30 13:00:00,Bharati,-6.4,25.79,982.3,61.0
2014-11-30 14:00:00,Bharati,-5.02,12.73,1008.7,54.2
2014-11-30 15:00:00,Bharati,-3.22,9.67,995.1,76.3
2014-11-30 16:00:00,Bharati,-6.37,11.69,1003.4,51.5
2014-11-30 17:00:00,Bharati,-2.25,22.15,1010.7,81.9
2014-11-30 18:00:00,Bharati,-1.64,11.44,999.7,56.7
2014-11-30 19:00:00,Bharati,-2.1,5.05,1007.6,48.7
2014-11-30 20:00:00,Bharati,-8.86,14.73,995.1,40.4
2014-11-30 21:00:00,Bharati,2.69,5.39,1021.0,54.9
2014-11-30 22:00:00,Bharati,-1.58,7.2,1000.5,46.5
2014-11-30 23:00:00,Bharati,-4.49,7.42,990.6,45.5
2014-12-01 00:00:00,Bharati,-2.47,6.1,1010.3,89.5
2014-12-01 01:00:00,Bharati,1.23,11.04,992.4,71.8
2014-12-01 02:00:00,Bharati,-4.93,12.77,986.3,65.8
2014-12-01 03:00:00,Bharati,-1.62,12.15,1010.6,86.4
2014-12-01 04:00:00,Bharati,-2.71,12.15,1004.3,91.4
2014-12-01 05:00:00,Bharati,-3.43,4.42,986.3,73.1
2014-12-01 06:00:00,Bharati,-2.56,10.85,991.7,24.6
2014-12-01 07:00:00,Bharati,1.16,6.1,999.9,45.9
2014-12-01 08:00:00,Bharati,-4.92,20.11,967.3,66.6
2014-12-01 09:00:00,Bharati,-3.74,8.29,1005.0,37.8
2014-12-01 10:00:00,Bharati,3.94,26.65,981.6,63.9
2014-12-01 11:00:00,Bharati,-11.59,10.15,1007.6,67.2
2014-12-01 12:00:00,Bharati,-3.78,3.72,998.1,80.0
2014-12-01 13:00:00,Bharati,-0.4,4.06,990.0,48.7
2014-12-01 14:00:00,Bharati,-7.29,7.96,979.4,50.7
2014-12-01 15:00:00,Bharati,-5.19,10.33,981.6,84.3
2014-12-01 16:00:00,Bharati,-7.89,11.89,976.6,44.5
2014-12-01 17:00:00,Bharati,-2.2,21.11,1004.5,45.3
2014-12-01 18:00:00,Bharati,-1.57,34.29,1010.0,79.4
2014-12-01 19:00:00,Bharati,0.57,19.3,985.0,71.5
2014-12-01 20:00:00,Bharati,-5.38,3.58,995.5,59.6
2014-12-01 21:00:00,Bharati,-5.01,5.15,993.4,87.2
2014-12-01 22:00:00,Bharati,-3.07,8.36,989.8,71.4
2014-12-01 23:00:00,Bharati,-3.83,9.64,989.2,76.2
2014-12-02 00:00:00,Bharati,-3.47,11.91,982.0,54.7
2014-12-02 01:00:00,Bharati,-2.54,8.08,1000.6,32.9
2014-12-02 02:00:00,Bharati,-1.5,16.85,982.6,69.4
2014-12-02 03:00:00,Bharati,-1.73,4.42,973.7,42.3
2014-12-02 04:00:00,Bharati,-6.79,3.58,1006.7,66.3
2014-12-02 05:00:00,Bharati,1.46,5.95,996.5,56.1
2014-12-02 06:00:00,Bharati,-5.75,15.17,995.4,73.6
2014-12-02 07:00:00,Bharati,2.8,18.48,1001.5,66.8
2014-12-02 08:00:00,Bharati,-5.1,24.1,989.2,57.9
2014-12-02 09:00:00,Bharati,-0.84,11.5,989.8,66.8
2014-12-02 10:00:00,Bharati,-9.82,14.28,1005.9,80.7
2014-12-02 11:00:00,Bharati,-2.08,6.45,1000.9,74.8
2014-12-02 12:00:00,Bharati,-2.88,13.51,986.5,51.7
2014-12-02 13:00:00,Bharati,-3.03,8.0,980.4,34.1
2014-12-02 14:00:00,Bharati,-6.52,21.45,983.1,40.7
2014-12-02 15:00:00,Bharati,1.85,7.22,1005.2,51.7
2014-12-02 16:00:00,Bharati,-0.56,14.54,984.2,54.5
2014-12-02 17:00:00,Bharati,-5.36,6.93,996.9,67.4
2014-12-02 18:00:00,Bharati,-2.08,9.6,994.5,36.0
2014-12-02 19:00:00,Bharati,-7.25,7.77,988.1,74.8
2014-12-02 20:00:00,Bharati,2.7,4.54,997.7,37.9
2014-12-02 21:00:00,Bharati,-4.91,7.4,1007.1,73.3
2014-12-02 22:00:00,Bharati,0.49,4.66,1015.5,63.8
2014-12-02 23:00:00,Bharati,-5.9,25.53,996.5,77.9
2014-12-03 00:00:00,Bharati,-1.97,10.97,988.1,84.0
2014-12-03 01:00:00,Bharati,-4.5,5.76,970.0,54.7
2014-12-03 02:00:00,Bharati,-0.12,15.82,990.7,66.8
2014-12-03 03:00:00,Bharati,-2.51,12.57,985.8,90.6
2014-12-03 04:00:00,Bharati,-0.47,1.79,995.0,30.2
2014-12-03 05:00:00,Bharati,3.66,11.6,1000.1,74.9
2014-12-03 06:00:00,Bharati,-6.36,5.47,986.1,66.0
2014-12-03 07:00:00,Bharati,-4.19,9.17,1004.9,62.2
2014-12-03 08:00:00,Bharati,1.28,5.24,1011.8,73.6
2014-12-03 09:00:00,Bharati,-3.87,1.94,964.1,62.7
2014-12-03 10:00:00,Bharati,-0.16,2.8,1007.7,80.0
2014-12-03 11:00:00,Bharati,-2.37,6.79,995.1,49.7
2014-12-03 12:00:00,Bharati,3.09,11.64,992.6,65.8
2014-12-03 13:00:00,Bharati,-4.79,11.51,992.9,90.6
2014-12-03 14:00:00,Bharati,1.41,4.57,1005.4,68.9
2014-12-03 15:00:00,Bharati,-1.72,24.68,966.9,39.8
2014-12-03 16:00:00,Bharati,-2.58,1.63,996.4,68.7
2014-12-03 17:00:00,Bharati,-1.49,21.16,982.0,48.6
2014-12-03 18:00:00,Bharati,-0.01,18.11,979.7,74.4
2014-12-03 19:00:00,Bharati,-1.89,8.7,980.9,83.9
2014-12-03 20:00:00,Bharati,-1.4,8.61,999.6,46.7
2014-12-03 21:00:00,Bharati,1.68,5.57,1005.6,54.8
2014-12-03 22:00:00,Bharati,-4.56,7.55,991.3,68.5
2014-12-03 23:00:00,Bharati,-4.93,17.61,993.1,59.9
2014-12-04 00:00:00,Bharati,-3.38,13.42,986.5,55.2
2014-12-04 01:00:00,Bharati,-0.24,15.37,995.5,52.8
2014-12-04 02:00:00,Bharati,-6.0,3.45,959.9,64.0
2014-12-04 03:00:00,Bharati,1.48,5.9,997.2,46.1
2014-12-04 04:00:00,Bharati,-7.32,13.93,989.1,59.5
2014-12-04 05:00:00,Bharati,2.35,9.59,985.3,76.5
2014-12-04 06:00:00,Bharati,-3.18,15.79,1008.4,56.0
2014-12-04 07:00:00,Bharati,-2.32,19.55,989.9,60.4
2014-12-04 08:00:00,Bharati,-3.4,5.58,1011.5,91.8
2014-12-04 09:00:00,Bharati,-4.42,14.65,990.7,72.0
2014-12-04 10:00:00,Bharati,-0.44,9.61,1000.4,65.5
2014-12-04 11:00:00,Bharati,-3.45,20.18,1010.8,43.6
2014-12-04 12:00:00,Bharati,-0.21,10.7,988.6,22.0
2014-12-04 13:00:00,Bharati,-3.89,3.47,998.0,79.9
2014-12-04 14:00:00,Bharati,-5.35,4.61,979.2,59.6
2014-12-04 15:00:00,Bharati,0.52,6.46,994.8,64.7
2014-12-04 16:00:00,Bharati,-1.97,11.37,990.9,50.3
2014-12-04 17:00:00,Bharati,-8.04,4.73,1016.0,71.8
2014-12-04 18:00:00,Bharati,-3.23,10.49,1003.5,62.5
2014-12-04 19:00:00,Bharati,-1.22,3.65,993.2,44.7
2014-12-04 20:00:00,Bharati,-5.16,6.98,996.5,51.8
2014-12-04 21:00:00,Bharati,0.03,4.29,1004.1,49.6
2014-12-04 22:00:00,Bharati,-9.79,11.39,992.5,70.9
2014-12-04 23:00:00,Bharati,-4.52,14.93,988.7,40.0
2014-12-05 00:00:00,Bharati,-1.73,13.07,1001.9,64.9
2014-12-05 01:00:00,Bharati,-4.18,23.85,979.6,77.7
2014-12-05 02:00:00,Bharati,-4.81,9.75,976.0,55.2
2014-12-05 03:00:00,Bharati,-2.72,11.61,993.9,57.6
2014-12-05 04:00:00,Bharati,-4.29,5.67,998.1,82.3
2014-12-05 05:00:00,Bharati,2.95,3.51,999.6,69.2
2014-12-05 06:00:00,Bharati,-2.55,10.34,998.1,62.7
2014-12-05 07:00:00,Bharati,1.56,23.52,1000.0,45.4
2014-12-05 08:00:00,Bharati,-2.22,6.49,994.8,32.0
2014-12-05 09:00:00,Bharati,2.62,9.34,1003.2,67.0
2014-12-05 10:00:00,Bharati,-5.14,26.12,994.5,62.3
2014-12-05 11:00:00,Bharati,2.76,10.63,999.0,47.5
2014-12-05 12:00:00,Bharati,-0.29,8.66,981.9,60.9
2014-12-05 13:00:00,Bharati,-2.23,22.65,1008.5,88.9
2014-12-05 14:00:00,Bharati,-6.61,2.51,1007.4,41.4
2014-12-05 15:00:00,Bharati,-6.17,5.82,991.1,45.2
2014-12-05 16:00:00,Bharati,-5.64,14.39,1006.1,64.4
2014-12-05 17:00:00,Bharati,-3.0,14.58,974.9,56.9
2014-12-05 18:00:00,Bharati,-1.82,4.67,987.7,88.2
2014-12-05 19:00:00,Bharati,-4.96,19.05,977.7,54.9
2014-12-05 20:00:00,Bharati,-3.83,9.03,979.2,30.8
2014-12-05 21:00:00,Bharati,-4.39,11.02,986.3,73.4
2014-12-05 22:00:00,Bharati,-6.2,2.15,996.8,70.5
2014-12-05 23:00:00,Bharati,1.45,12.23,993.3,56.2
2014-12-06 00:00:00,Bharati,4.27,9.39,990.5,73.4
2014-12-06 01:00:00,Bharati,-3.47,23.6,984.7,69.6
2014-12-06 02:00:00,Bharati,-0.91,11.1,993.5,69.8
2014-12-06 03:00:00,Bharati,2.57,3.55,1000.7,61.1
2014-12-06 04:00:00,Bharati,-2.9,8.72,989.3,37.6
2014-12-06 05:00:00,Bharati,0.23,19.38,994.0,75.5
2014-12-06 06:00:00,Bharati,-1.16,25.52,979.1,66.5
2014-12-06 07:00:00,Bharati,-2.14,3.2,986.7,60.7
2014-12-06 08:00:00,Bharati,-4.61,7.33,973.4,77.1
2014-12-06 09:00:00,Bharati,-1.5,5.48,1000.7,59.7
2014-12-06 10:00:00,Bharati,-5.21,15.78,974.0,59.2
2014-12-06 11:00:00,Bharati,-7.54,7.35,998.5,61.5
2014-12-06 12:00:00,Bharati,-7.51,12.57,987.1,88.7
2014-12-06 13:00:00,Bharati,-1.47,7.91,1001.9,62.6
2014-12-06 14:00:00,Bharati,-3.28,22.68,988.6,61.5
2014-12-06 15:00:00,Bharati,0.25,4.32,988.8,64.8
2014-12-06 16:00:00,Bharati,-0.56,4.95,1004.8,51.1
2014-12-06 17:00:00,Bharati,-7.49,5.17,998.4,50.3
2014-12-06 18:00:00,Bharati,-3.39,12.32,1001.2,48.4
2014-12-06 19:00:00,Bharati,0.35,8.3,993.8,51.4
2014-12-06 20:00:00,Bharati,-5.47,9.65,1010.0,52.2
2014-12-06 21:00:00,Bharati,-2.75,5.31,985.3,82.2
2014-12-06 22:00:00,Bharati,-3.53,7.22,989.1,59.0
2014-12-06 23:00:00,Bharati,0.28,18.47,1009.2,45.7
2014-12-07 00:00:00,Bharati,-5.55,16.91,988.9,49.2
2014-12-07 01:00:00,Bharati,-6.35,9.41,1006.8,72.7
2014-12-07 02:00:00,Bharati,-0.62,5.89,978.6,43.6
2014-12-07 03:00:00,Bharati,-4.3,21.53,972.5,56.1
2014-12-07 04:00:00,Bharati,-3.89,4.14,980.7,98.0
2014-12-07 05:00:00,Bharati,-2.21,9.45,1000.9,53.1
2014-12-07 06:00:00,Bharati,-5.11,15.45,1007.2,76.8
2014-12-07 07:00:00,Bharati,-7.91,0.28,973.6,85.2
2014-12-07 08:00:00,Bharati,1.45,16.47,973.8,47.9
2014-12-07 09:00:00,Bharati,-6.83,5.83,1006.1,49.4
2014-12-07 10:00:00,Bharati,-1.83,10.77,958.4,63.9
2014-12-07 11:00:00,Bharati,4.22,10.5,996.3,49.6
2014-12-07 12:00:00,Bharati,-7.29,12.52,990.1,61.2
2014-12-07 13:00:00,Bharati,-8.21,16.87,964.4,64.4
2014-12-07 14:00:00,Bharati,-3.07,8.71,1001.2,62.8
2014-12-07 15:00:00,Bharati,-7.17,6.43,991.9,42.4
2014-12-07 16:00:00,Bharati,-5.4,27.12,983.9,71.8
2014-12-07 17:00:00,Bharati,3.79,17.46,990.6,57.7
2014-12-07 18:00:00,Bharati,1.45,8.2,1004.7,67.2
2014-12-07 19:00:00,Bharati,2.01,7.63,991.9,83.6
2014-12-07 20:00:00,Bharati,-2.37,10.06,969.2,65.6
2014-12-07 21:00:00,Bharati,-2.9,5.14,1009.6,71.0
2014-12-07 22:00:00,Bharati,-0.61,4.16,979.1,66.5
2014-12-07 23:00:00,Bharati,-5.47,12.6,995.9,86.1
2014-12-08 00:00:00,Bharati,-4.71,6.24,992.2,58.1
2014-12-08 01:00:00,Bharati,-2.14,15.57,1006.3,82.5
2014-12-08 02:00:00,Bharati,-5.99,18.08,998.8,70.0
2014-12-08 03:00:00,Bharati,-5.25,13.25,990.5,57.6
2014-12-08 04:00:00,Bharati,-4.08,15.9,978.8,75.8
2014-12-08 05:00:00,Bharati,-2.99,13.71,979.4,57.2
2014-12-08 06:00:00,Bharati,-5.88,16.11,990.6,83.9
2014-12-08 07:00:00,Bharati,-5.79,8.47,994.6,69.4
2014-12-08 08:00:00,Bharati,-1.24,10.24,977.7,68.9
2014-12-08 09:00:00,Bharati,-2.77,13.86,1002.8,65.1
2014-12-08 10:00:00,Bharati,3.59,4.9,999.2,58.2
2014-12-08 11:00:00,Bharati,-7.96,14.45,1001.9,40.3
2014-12-08 12:00:00,Bharati,-0.81,8.35,983.9,58.0
2014-12-08 13:00:00,Bharati,-2.74,17.2,995.5,24.4
2014-12-08 14:00:00,Bharati,1.06,14.28,989.6,74.6
2014-12-08 15:00:00,Bharati,-1.05,12.63,989.6,55.6
2014-12-08 16:00:00,Bharati,0.77,8.65,1005.0,41.3
2014-12-08 17:00:00,Bharati,-1.57,8.59,994.8,56.0
2014-12-08 18:00:00,Bharati,1.08,8.27,990.3,67.8
2014-12-08 19:00:00,Bharati,-8.29,3.01,978.3,67.9
2014-12-08 20:00:00,Bharati,-4.13,13.4,993.0,66.0
2014-12-08 21:00:00,Bharati,-13.91,6.51,1006.3,80.6
2014-12-08 22:00:00,Bharati,-6.82,7.78,995.2,49.1
2014-12-08 23:00:00,Bharati,-1.09,13.05,986.7,52.2
2014-12-09 00:00:00,Bharati,-5.93,42.24,987.4,62.4
2014-12-09 01:00:00,Bharati,-2.88,9.8,984.9,76.6
2014-12-09 02:00:00,Bharati,3.95,17.69,1001.4,71.5
2014-12-09 03:00:00,Bharati,4.66,6.44,995.3,46.1
2014-12-09 04:00:00,Bharati,-6.11,3.63,984.2,98.0
2014-12-09 05:00:00,Bharati,-8.0,12.13,984.5,43.6
2014-12-09 06:00:00,Bharati,-3.53,15.33,961.6,49.9
2014-12-09 07:00:00,Bharati,-2.34,20.91,973.1,31.7
2014-12-09 08:00:00,Bharati,0.86,23.42,987.3,46.6
2014-12-09 09:00:00,Bharati,-3.55,12.42,1001.2,75.2
2014-12-09 10:00:00,Bharati,-0.78,7.25,1005.2,70.9
2014-12-09 11:00:00,Bharati,-3.19,16.38,985.9,54.4
2014-12-09 12:00:00,Bharati,-2.55,5.6,982.7,45.5
2014-12-09 13:00:00,Bharati,-1.26,15.82,994.5,48.4
2014-12-09 14:00:00,Bharati,-2.07,12.02,966.4,58.8
2014-12-09 15:00:00,Bharati,-6.37,4.72,983.0,46.8
2014-12-09 16:00:00,Bharati,-5.55,15.43,992.8,50.2
2014-12-09 17:00:00,Bharati,-3.33,12.19,973.1,31.2
2014-12-09 18:00:00,Bharati,-6.16,8.06,1009.2,78.1
2014-12-09 19:00:00,Bharati,-6.01,1.64,1017.5,48.9
2014-12-09 20:00:00,Bharati,0.62,4.92,1021.3,66.3
2014-12-09 21:00:00,Bharati,-5.18,30.18,989.7,51.1
2014-12-09 22:00:00,Bharati,-1.96,12.2,991.6,67.2
2014-12-09 23:00:00,Bharati,-2.54,14.13,1005.2,72.0
2014-12-10 00:00:00,Bharati,-2.08,3.24,984.1,72.6
2014-12-10 01:00:00,Bharati,-2.59,6.93,997.0,61.6
2014-12-10 02:00:00,Bharati,-4.2,4.86,1007.2,78.6
2014-12-10 03:00:00,Bharati,-5.47,6.81,1004.9,34.2
2014-12-10 04:00:00,Bharati,-5.8,1.73,991.7,54.6
2014-12-10 05:00:00,Bharati,-3.99,13.7,988.9,56.0
2014-12-10 06:00:00,Bharati,-5.77,3.18,991.0,51.0
2014-12-10 07:00:00,Bharati,0.84,8.01,1006.4,57.3
2014-12-10 08:00:00,Bharati,0.96,12.15,1021.7,55.9
2014-12-10 09:00:00,Bharati,-0.49,13.37,984.4,54.9
2014-12-10 10:00:00,Bharati,-3.08,4.2,1001.6,58.1
2014-12-10 11:00:00,Bharati,-0.1,15.07,1009.0,66.1
2014-12-10 12:00:00,Bharati,-4.79,7.27,983.7,62.0
2014-12-10 13:00:00,Bharati,-2.68,9.36,995.3,41.1
2014-12-10 14:00:00,Bharati,-8.59,14.07,980.9,66.0
2014-12-10 15:00:00,Bharati,-4.72,8.71,973.6,63.0
2014-12-10 16:00:00,Bharati,-4.76,10.18,991.3,67.9
2014-12-10 17:00:00,Bharati,-4.43,7.09,1003.9,41.1
2014-12-10 18:00:00,Bharati,1.81,17.44,970.9,49.8
2014-12-10 19:00:00,Bharati,1.79,14.41,998.8,60.0
2014-12-10 20:00:00,Bharati,-2.73,3.68,1000.9,65.4
2014-12-10 21:00:00,Bharati,1.55,9.39,988.7,57.6
2014-12-10 22:00:00,Bharati,0.64,14.75,988.0,45.7
2014-12-10 23:00:00,Bharati,5.69,4.3,980.8,97.7
2014-12-11 00:00:00,Bharati,-1.46,9.99,983.9,64.3
2014-12-11 01:00:00,Bharati,-2.7,14.74,1001.2,72.8
2014-12-11 02:00:00,Bharati,-4.2,25.11,990.7,57.9
2014-12-11 03:00:00,Bharati,0.68,17.46,1007.3,81.9
2014-12-11 04:00:00,Bharati,-1.56,1.3,1005.5,88.6
2014-12-11 05:00:00,Bharati,-3.69,7.99,989.8,66.3
2014-12-11 06:00:00,Bharati,-3.7,16.3,982.6,53.8
2014-12-11 07:00:00,Bharati,-4.05,7.98,991.3,60.5
2014-12-11 08:00:00,Bharati,0.51,10.66,1010.6,65.2
2014-12-11 09:00:00,Bharati,-4.37,11.76,988.9,44.8
2014-12-11 10:00:00,Bharati,-5.39,14.09,987.7,55.2
2014-12-11 11:00:00,Bharati,-3.91,5.93,980.6,58.8
2014-12-11 12:00:00,Bharati,-6.3,2.96,990.9,57.1
2014-12-11 13:00:00,Bharati,-2.03,9.41,969.1,76.9
2014-12-11 14:00:00,Bharati,-9.87,4.4,1032.0,60.9
2014-12-11 15:00:00,Bharati,-2.57,5.73,998.5,54.8
2014-12-11 16:00:00,Bharati,-2.25,7.85,1011.6,44.8
2014-12-11 17:00:00,Bharati,-4.21,2.37,991.0,45.8
2014-12-11 18:00:00,Bharati,-2.14,5.86,1001.3,66.0
2014-12-11 19:00:00,Bharati,-2.4,6.79,994.2,48.4
2014-12-11 20:00:00,Bharati,-3.24,17.66,988.8,33.8
2014-12-11 21:00:00,Bharati,-3.42,2.09,982.8,56.4
2014-12-11 22:00:00,Bharati,0.52,14.51,990.8,41.2
2014-12-11 23:00:00,Bharati,-0.17,15.41,974.0,60.7
2014-12-12 00:00:00,Bharati,-2.66,8.79,996.8,60.7
2014-12-12 01:00:00,Bharati,-6.92,16.08,986.7,66.1
2014-12-12 02:00:00,Bharati,0.21,9.69,984.9,37.1
2014-12-12 03:00:00,Bharati,1.59,14.83,998.6,45.4
2014-12-12 04:00:00,Bharati,-0.23,8.02,995.6,72.9
2014-12-12 05:00:00,Bharati,-1.43,8.43,1009.8,45.9
2014-12-12 06:00:00,Bharati,-1.87,7.92,984.5,50.8
2014-12-12 07:00:00,Bharati,-1.69,2.63,994.9,69.1
2014-12-12 08:00:00,Bharati,1.96,17.51,983.4,56.1
2014-12-12 09:00:00,Bharati,-2.74,3.56,987.8,56.3
2014-12-12 10:00:00,Bharati,2.05,11.64,991.4,75.1
2014-12-12 11:00:00,Bharati,-2.82,3.44,993.4,46.1
2014-12-12 12:00:00,Bharati,2.28,4.92,995.2,67.4
2014-12-12 13:00:00,Bharati,1.46,14.85,973.9,69.7
2014-12-12 14:00:00,Bharati,-3.97,9.8,996.7,59.7
2014-12-12 15:00:00,Bharati,-3.55,17.26,1017.4,86.2
2014-12-12 16:00:00,Bharati,-0.08,6.39,1003.5,90.4
2014-12-12 17:00:00,Bharati,-7.61,19.0,986.1,58.0
2014-12-12 18:00:00,Bharati,-2.75,7.29,988.0,60.9
2014-12-12 19:00:00,Bharati,1.11,22.03,987.1,80.8
2014-12-12 20:00:00,Bharati,1.26,13.72,978.2,40.9
2014-12-12 21:00:00,Bharati,-3.04,12.09,998.8,65.7
2014-12-12 22:00:00,Bharati,-3.35,13.75,986.2,72.9
2014-12-12 23:00:00,Bharati,4.28,3.03,989.6,51.1
2014-12-13 00:00:00,Bharati,-4.44,1.85,1004.1,64.7
2014-12-13 01:00:00,Bharati,-5.69,14.81,998.8,68.4
2014-12-13 02:00:00,Bharati,-2.37,23.73,995.2,68.3
2014-12-13 03:00:00,Bharati,1.91,3.18,983.9,62.8
2014-12-13 04:00:00,Bharati,-2.49,11.81,967.4,48.9
2014-12-13 05:00:00,Bharati,-1.41,4.25,995.2,41.4
2014-12-13 06:00:00,Bharati,-3.23,8.24,1005.9,41.7
2014-12-13 07:00:00,Bharati,0.15,22.7,978.2,39.1
2014-12-13 08:00:00,Bharati,6.88,4.24,1003.9,73.1
2014-12-13 09:00:00,Bharati,-4.0,6.55,983.2,62.1
2014-12-13 10:00:00,Bharati,2.24,19.53,1002.6,41.3
2014-12-13 11:00:00,Bharati,-2.18,9.01,1021.8,52.7
2014-12-13 12:00:00,Bharati,-10.46,19.13,991.1,77.4
2014-12-13 13:00:00,Bharati,1.47,4.21,982.2,55.7
2014-12-13 14:00:00,Bharati,-2.35,0.8,1000.1,46.0
2014-12-13 15:00:00,Bharati,4.52,8.17,986.5,87.7
2014-12-13 16:00:00,Bharati,0.5,15.52,993.1,58.9
2014-12-13 17:00:00,Bharati,-2.24,10.9,982.2,67.9
2014-12-13 18:00:00,Bharati,2.66,19.75,999.3,68.9
2014-12-13 19:00:00,Bharati,-3.08,4.12,977.0,57.4
2014-12-13 20:00:00,Bharati,-9.04,5.34,970.8,59.8
2014-12-13 21:00:00,Bharati,-0.89,4.42,1006.9,86.9
2014-12-13 22:00:00,Bharati,1.21,7.46,1014.9,55.6
2014-12-13 23:00:00,Bharati,-1.7,15.15,1001.5,84.1
2014-12-14 00:00:00,Bharati,-6.92,20.62,990.5,72.9
2014-12-14 01:00:00,Bharati,-5.69,6.63,981.0,72.4
2014-12-14 02:00:00,Bharati,-0.74,5.9,998.4,59.6
2014-12-14 03:00:00,Bharati,-1.11,3.17,984.1,50.6
2014-12-14 04:00:00,Bharati,1.88,8.66,981.0,43.6
2014-12-14 05:00:00,Bharati,-4.65,11.76,994.1,46.0
2014-12-14 06:00:00,Bharati,0.1,5.94,979.8,77.2
2014-12-14 07:00:00,Bharati,-5.38,3.4,996.7,75.5
2014-12-14 08:00:00,Bharati,1.58,5.98,1007.3,87.8
2014-12-14 09:00:00,Bharati,-1.22,6.5,978.6,77.8
2014-12-14 10:00:00,Bharati,1.61,27.03,1005.1,59.1
2014-12-14 11:00:00,Bharati,3.25,4.72,1014.2,56.9
2014-12-14 12:00:00,Bharati,-2.5,3.41,961.3,66.1
2014-12-14 13:00:00,Bharati,0.29,11.05,995.6,70.8
2014-12-14 14:00:00,Bharati,-2.12,9.0,991.8,46.8
2014-12-14 15:00:00,Bharati,0.29,12.28,989.2,73.3
2014-12-14 16:00:00,Bharati,-1.65,3.64,979.9,42.8
2014-12-14 17:00:00,Bharati,-3.59,1.9,977.6,50.3
2014-12-14 18:00:00,Bharati,-1.53,18.81,1018.4,66.2
2014-12-14 19:00:00,Bharati,0.09,15.24,992.2,22.0
2014-12-14 20:00:00,Bharati,-2.62,18.09,992.7,54.0
2014-12-14 21:00:00,Bharati,-3.39,33.2,1011.3,58.6
2014-12-14 22:00:00,Bharati,-6.87,11.55,999.4,90.4
2014-12-14 23:00:00,Bharati,-2.42,13.35,984.9,26.3
2014-12-15 00:00:00,Bharati,-3.25,10.48,987.6,60.5
2014-12-15 01:00:00,Bharati,0.31,21.34,1005.1,59.2
2014-12-15 02:00:00,Bharati,-3.24,12.31,985.7,45.8
2014-12-15 03:00:00,Bharati,1.66,17.12,1001.0,46.0
2014-12-15 04:00:00,Bharati,-0.83,5.67,991.8,86.8
2014-12-15 05:00:00,Bharati,1.28,15.62,983.5,59.6
2014-12-15 06:00:00,Bharati,0.22,17.67,993.7,49.5
2014-12-15 07:00:00,Bharati,-3.76,29.3,991.7,67.2
2014-12-15 08:00:00,Bharati,-5.0,3.55,1005.7,50.6
2014-12-15 09:00:00,Bharati,-4.31,8.94,988.2,84.7
2014-12-15 10:00:00,Bharati,-4.22,9.06,982.7,81.2
2014-12-15 11:00:00,Bharati,-0.96,4.62,977.0,62.3
2014-12-15 12:00:00,Bharati,6.66,11.84,989.4,61.6
2014-12-15 13:00:00,Bharati,1.46,19.35,992.4,75.1
2014-12-15 14:00:00,Bharati,-4.03,19.59,1005.2,29.7
2014-12-15 15:00:00,Bharati,-1.77,12.97,990.3,70.0
2014-12-15 16:00:00,Bharati,-1.6,6.47,980.0,53.5
2014-12-15 17:00:00,Bharati,-2.14,1.37,1003.3,52.9
2014-12-15 18:00:00,Bharati,-3.57,8.04,976.4,52.7
2014-12-15 19:00:00,Bharati,1.8,24.0,983.0,60.3
2014-12-15 20:00:00,Bharati,-4.6,2.5,988.3,63.1
2014-12-15 21:00:00,Bharati,-4.49,11.73,1003.4,48.8
2014-12-15 22:00:00,Bharati,2.76,8.67,1001.7,73.0
2014-12-15 23:00:00,Bharati,1.63,22.11,999.7,81.7
2014-12-16 00:00:00,Bharati,-1.3,6.27,1003.9,70.7
2014-12-16 01:00:00,Bharati,-6.27,16.61,986.0,66.4
2014-12-16 02:00:00,Bharati,-3.94,8.45,984.2,83.5
2014-12-16 03:00:00,Bharati,-1.55,7.26,1007.6,82.0
2014-12-16 04:00:00,Bharati,-3.03,12.87,994.1,39.3
2014-12-16 05:00:00,Bharati,-0.65,15.79,981.5,56.5
2014-12-16 06:00:00,Bharati,-2.49,3.93,976.1,53.4
2014-12-16 07:00:00,Bharati,-4.79,8.41,996.9,66.4
2014-12-16 08:00:00,Bharati,1.14,2.98,1009.8,71.2
2014-12-16 09:00:00,Bharati,-4.42,9.89,996.2,45.0
2014-12-16 10:00:00,Bharati,0.57,21.55,1001.2,42.0
2014-12-16 11:00:00,Bharati,-2.99,6.34,990.9,77.1
2014-12-16 12:00:00,Bharati,-0.8,7.24,992.7,26.8
2014-12-16 13:00:00,Bharati,-4.44,22.88,985.0,74.4
2014-12-16 14:00:00,Bharati,2.05,12.77,983.7,32.9
2014-12-16 15:00:00,Bharati,-11.85,10.25,993.4,46.0
2014-12-16 16:00:00,Bharati,-2.89,3.12,998.4,64.5
2014-12-16 17:00:00,Bharati,0.79,1.85,1000.7,66.0
2014-12-16 18:00:00,Bharati,-4.44,6.9,984.7,28.0
2014-12-16 19:00:00,Bharati,-7.18,18.6,982.2,48.8
2014-12-16 20:00:00,Bharati,2.35,12.04,992.9,43.5
2014-12-16 21:00:00,Bharati,-2.13,4.6,1000.6,63.9
2014-12-16 22:00:00,Bharati,-2.55,4.52,986.3,65.4
2014-12-16 23:00:00,Bharati,-7.19,3.45,1009.2,67.5
2014-12-17 00:00:00,Bharati,1.09,16.13,993.0,38.1
2014-12-17 01:00:00,Bharati,-4.32,9.38,985.4,42.8
2014-12-17 02:00:00,Bharati,4.06,11.61,975.0,59.3
2014-12-17 03:00:00,Bharati,1.73,29.19,984.3,59.7
2014-12-17 04:00:00,Bharati,1.09,10.98,990.8,92.1
2014-12-17 05:00:00,Bharati,2.93,2.21,989.5,37.1
2014-12-17 06:00:00,Bharati,2.63,14.18,1011.9,40.6
2014-12-17 07:00:00,Bharati,3.59,1.71,989.8,47.2
2014-12-17 08:00:00,Bharati,1.28,6.28,1009.8,84.7
2014-12-17 09:00:00,Bharati,-1.67,2.98,984.6,39.7
2014-12-17 10:00:00,Bharati,-1.68,8.8,995.3,65.9
2014-12-17 11:00:00,Bharati,3.06,5.8,998.9,98.0
2014-12-17 12:00:00,Bharati,4.57,10.56,996.8,24.8
2014-12-17 13:00:00,Bharati,-3.42,1.85,974.9,75.4
2014-12-17 14:00:00,Bharati,-1.21,13.18,989.7,29.2
2014-12-17 15:00:00,Bharati,3.58,11.9,980.9,47.4
2014-12-17 16:00:00,Bharati,4.05,2.23,984.7,59.4
2014-12-17 17:00:00,Bharati,-5.14,7.67,1012.3,52.2
2014-12-17 18:00:00,Bharati,-2.97,16.06,997.8,58.3
2014-12-17 19:00:00,Bharati,-3.63,18.98,1006.1,86.7
2014-12-17 20:00:00,Bharati,-8.96,29.9,999.5,67.7
2014-12-17 21:00:00,Bharati,1.08,26.67,995.4,64.4
2014-12-17 22:00:00,Bharati,-3.99,3.57,998.9,54.9
2014-12-17 23:00:00,Bharati,-3.82,7.33,1011.5,81.1
2014-12-18 00:00:00,Bharati,0.83,28.93,1004.0,52.8
2014-12-18 01:00:00,Bharati,-5.48,13.59,985.8,54.9
2014-12-18 02:00:00,Bharati,-2.25,11.45,976.2,70.8
2014-12-18 03:00:00,Bharati,-5.83,6.49,995.3,66.9
2014-12-18 04:00:00,Bharati,0.67,6.37,991.6,41.8
2014-12-18 05:00:00,Bharati,1.64,18.06,991.6,62.6
2014-12-18 06:00:00,Bharati,-3.62,9.33,1007.4,46.1
2014-12-18 07:00:00,Bharati,-0.79,7.44,985.9,52.4
2014-12-18 08:00:00,Bharati,-6.31,12.03,973.8,46.2
2014-12-18 09:00:00,Bharati,-1.84,9.33,988.0,81.5
2014-12-18 10:00:00,Bharati,-1.7,6.37,989.3,81.5
2014-12-18 11:00:00,Bharati,-3.13,3.91,983.8,69.5
2014-12-18 12:00:00,Bharati,-1.95,5.79,987.4,46.6
2014-12-18 13:00:00,Bharati,1.98,10.66,986.8,65.4
2014-12-18 14:00:00,Bharati,-5.78,3.69,975.2,49.2
2014-12-18 15:00:00,Bharati,-9.47,4.53,992.6,74.3
2014-12-18 16:00:00,Bharati,-4.47,12.23,999.9,54.9
2014-12-18 17:00:00,Bharati,-1.98,11.3,1020.7,45.0
2014-12-18 18:00:00,Bharati,0.05,11.02,973.3,56.1
2014-12-18 19:00:00,Bharati,-6.32,12.02,1012.0,45.6
2014-12-18 20:00:00,Bharati,-2.42,0.78,969.7,62.7
2014-12-18 21:00:00,Bharati,2.8,2.54,991.0,44.7
2014-12-18 22:00:00,Bharati,1.69,34.05,1022.1,67.0
2014-12-18 23:00:00,Bharati,0.32,22.56,1002.7,49.6
2014-12-19 00:00:00,Bharati,-5.64,13.55,968.4,73.8
2014-12-19 01:00:00,Bharati,1.12,5.15,1004.0,37.0
2014-12-19 02:00:00,Bharati,-1.53,17.15,1005.7,63.0
2014-12-19 03:00:00,Bharati,-1.76,3.97,988.3,80.0
2014-12-19 04:00:00,Bharati,-2.41,10.24,980.5,59.7
2014-12-19 05:00:00,Bharati,-3.46,22.39,991.0,76.9
2014-12-19 06:00:00,Bharati,-1.47,7.5,1008.2,69.2
2014-12-19 07:00:00,Bharati,4.1,10.37,981.8,63.5
2014-12-19 08:00:00,Bharati,-4.04,1.21,997.5,64.1
2014-12-19 09:00:00,Bharati,-0.29,17.33,993.7,65.7
2014-12-19 10:00:00,Bharati,-5.07,3.38,979.3,82.8
2014-12-19 11:00:00,Bharati,1.5,10.85,997.1,79.5
2014-12-19 12:00:00,Bharati,3.96,13.05,992.7,47.5
2014-12-19 13:00:00,Bharati,-4.67,15.28,980.0,50.8
2014-12-19 14:00:00,Bharati,-6.26,34.69,990.6,49.6
2014-12-19 15:00:00,Bharati,-2.23,8.23,982.2,80.7
2014-12-19 16:00:00,Bharati,-5.17,6.09,1008.8,44.1
2014-12-19 17:00:00,Bharati,-5.56,12.08,995.2,26.8
2014-12-19 18:00:00,Bharati,-3.43,38.29,991.4,64.0
2014-12-19 19:00:00,Bharati,-3.34,10.24,1011.3,52.4
2014-12-19 20:00:00,Bharati,0.02,5.4,1018.0,98.0
2014-12-19 21:00:00,Bharati,-2.34,13.99,1003.6,47.1
2014-12-19 22:00:00,Bharati,-2.8,8.08,986.1,67.3
2014-12-19 23:00:00,Bharati,-0.67,4.18,991.2,96.3
2014-12-20 00:00:00,Bharati,-4.47,15.55,1003.7,68.6
2014-12-20 01:00:00,Bharati,-2.64,4.94,987.8,48.0
2014-12-20 02:00:00,Bharati,1.04,11.4,990.6,51.7
2014-12-20 03:00:00,Bharati,-5.84,12.27,997.2,58.1
2014-12-20 04:00:00,Bharati,-4.83,4.61,979.5,64.0
2014-12-20 05:00:00,Bharati,-6.15,12.47,1002.2,65.9
2014-12-20 06:00:00,Bharati,-0.11,7.0,977.1,66.4
2014-12-20 07:00:00,Bharati,-8.72,15.89,1013.8,56.8
2014-12-20 08:00:00,Bharati,-0.47,1.05,1004.6,79.7
2014-12-20 09:00:00,Bharati,3.26,13.36,998.8,58.9
2014-12-20 10:00:00,Bharati,-3.98,13.51,1012.1,66.2
2014-12-20 11:00:00,Bharati,-1.3,4.81,989.4,81.5
2014-12-20 12:00:00,Bharati,-3.58,9.49,997.4,80.1
2014-12-20 13:00:00,Bharati,-2.92,16.94,994.9,48.4
2014-12-20 14:00:00,Bharati,-4.7,36.49,969.9,38.7
2014-12-20 15:00:00,Bharati,4.19,16.32,994.5,53.3
2014-12-20 16:00:00,Bharati,-1.33,28.59,992.8,59.1
2014-12-20 17:00:00,Bharati,-2.13,12.0,995.0,47.5
2014-12-20 18:00:00,Bharati,-3.61,11.71,982.8,61.2
2014-12-20 19:00:00,Bharati,3.41,7.33,1003.4,52.2
2014-12-20 20:00:00,Bharati,-7.24,8.7,986.9,69.0
2014-12-20 21:00:00,Bharati,-2.21,22.87,1003.9,80.5
2014-12-20 22:00:00,Bharati,1.45,6.61,989.2,45.9
2014-12-20 23:00:00,Bharati,-3.82,9.3,997.0,66.7
2014-12-21 00:00:00,Bharati,-2.3,10.73,1001.2,61.6
2014-12-21 01:00:00,Bharati,-1.89,4.83,984.7,49.0
2014-12-21 02:00:00,Bharati,1.84,3.61,1004.7,73.0
2014-12-21 03:00:00,Bharati,-3.8,3.77,1001.2,65.7
2014-12-21 04:00:00,Bharati,-1.13,6.38,981.2,67.5
2014-12-21 05:00:00,Bharati,3.75,21.18,985.2,65.4
2014-12-21 06:00:00,Bharati,-2.37,6.38,991.8,70.7
2014-12-21 07:00:00,Bharati,0.64,23.43,980.1,54.2
2014-12-21 08:00:00,Bharati,-1.94,7.09,999.9,63.5
2014-12-21 09:00:00,Bharati,-1.61,9.7,991.5,77.3
2014-12-21 10:00:00,Bharati,2.9,10.67,995.4,64.5
2014-12-21 11:00:00,Bharati,4.14,13.95,993.7,52.6
2014-12-21 12:00:00,Bharati,-5.17,9.6,986.6,46.0
2014-12-21 13:00:00,Bharati,-1.53,13.98,998.5,43.9
2014-12-21 14:00:00,Bharati,-4.26,7.26,983.5,37.0
2014-12-21 15:00:00,Bharati,0.24,9.93,1001.6,51.1
2014-12-21 16:00:00,Bharati,-6.33,15.85,996.1,41.0
2014-12-21 17:00:00,Bharati,-1.36,21.09,974.9,42.1
2014-12-21 18:00:00,Bharati,4.02,3.57,1004.2,61.5
2014-12-21 19:00:00,Bharati,1.38,26.93,988.5,78.9
2014-12-21 20:00:00,Bharati,-5.34,7.73,971.9,87.7
2014-12-21 21:00:00,Bharati,3.47,4.61,1007.8,85.0
2014-12-21 22:00:00,Bharati,-9.09,5.9,987.7,59.1
2014-12-21 23:00:00,Bharati,3.38,6.44,969.2,29.7
2014-12-22 00:00:00,Bharati,-4.06,28.44,995.6,43.2
2014-12-22 01:00:00,Bharati,1.16,14.45,984.5,60.1
2014-12-22 02:00:00,Bharati,-0.25,5.0,1001.0,54.2
2014-12-22 03:00:00,Bharati,1.58,9.44,980.6,68.5
2014-12-22 04:00:00,Bharati,0.55,13.56,990.8,69.8
2014-12-22 05:00:00,Bharati,4.62,3.69,989.1,56.6
2014-12-22 06:00:00,Bharati,-1.66,6.83,991.9,71.0
2014-12-22 07:00:00,Bharati,-4.07,7.02,972.4,51.5
2014-12-22 08:00:00,Bharati,-4.33,5.36,1002.3,65.3
2014-12-22 09:00:00,Bharati,0.2,6.59,1021.8,77.7
2014-12-22 10:00:00,Bharati,-1.47,4.28,1009.6,78.6
2014-12-22 11:00:00,Bharati,-2.25,15.0,993.4,70.5
2014-12-22 12:00:00,Bharati,-5.72,6.88,997.4,36.7
2014-12-22 13:00:00,Bharati,-1.1,9.15,994.7,98.0
2014-12-22 14:00:00,Bharati,2.21,18.59,1000.0,67.8
2014-12-22 15:00:00,Bharati,-2.41,7.06,983.2,91.8
2014-12-22 16:00:00,Bharati,-1.53,1.75,995.9,93.4
2014-12-22 17:00:00,Bharati,-1.59,20.36,992.9,42.1
2014-12-22 18:00:00,Bharati,5.5,13.68,968.3,64.6
2014-12-22 19:00:00,Bharati,0.62,7.06,995.6,58.0
2014-12-22 20:00:00,Bharati,-0.27,16.67,982.0,54.5
2014-12-22 21:00:00,Bharati,-1.41,7.11,992.1,58.7
2014-12-22 22:00:00,Bharati,-5.88,1.7,980.6,63.3
2014-12-22 23:00:00,Bharati,1.34,10.74,977.5,67.6
2014-12-23 00:00:00,Bharati,-2.05,11.96,986.1,94.7
2014-12-23 01:00:00,Bharati,0.9,26.18,1009.9,47.8
2014-12-23 02:00:00,Bharati,-2.29,9.41,1004.5,57.6
2014-12-23 03:00:00,Bharati,1.24,5.14,985.9,70.8
2014-12-23 04:00:00,Bharati,-4.92,5.95,981.6,37.6
2014-12-23 05:00:00,Bharati,-2.58,9.89,981.6,70.8
2014-12-23 06:00:00,Bharati,0.22,8.96,988.3,77.0
2014-12-23 07:00:00,Bharati,-6.79,10.02,981.9,54.7
2014-12-23 08:00:00,Bharati,1.3,20.76,973.5,41.3
2014-12-23 09:00:00,Bharati,-1.5,11.91,992.3,71.0
2014-12-23 10:00:00,Bharati,-2.32,30.95,1002.5,85.6
2014-12-23 11:00:00,Bharati,0.8,10.29,1009.0,98.0
2014-12-23 12:00:00,Bharati,-1.55,9.65,994.0,56.4
2014-12-23 13:00:00,Bharati,3.16,18.61,993.1,56.2
2014-12-23 14:00:00,Bharati,-3.66,12.62,1009.4,52.1
2014-12-23 15:00:00,Bharati,-2.57,12.89,961.4,60.8
2014-12-23 16:00:00,Bharati,3.45,13.06,975.2,62.0
2014-12-23 17:00:00,Bharati,-1.37,5.77,1001.8,88.1
2014-12-23 18:00:00,Bharati,-2.1,6.3,993.9,53.5
2014-12-23 19:00:00,Bharati,-2.68,3.74,987.1,82.7
2014-12-23 20:00:00,Bharati,-2.29,31.36,984.1,76.5
2014-12-23 21:00:00,Bharati,-4.8,2.63,976.4,65.9
2014-12-23 22:00:00,Bharati,-3.62,6.73,967.9,89.2
2014-12-23 23:00:00,Bharati,-7.79,2.17,998.1,63.4
2014-12-24 00:00:00,Bharati,-4.83,13.31,990.9,60.7
2014-12-24 01:00:00,Bharati,3.39,6.12,982.5,46.0
2014-12-24 02:00:00,Bharati,-1.1,11.1,972.1,94.3
2014-12-24 03:00:00,Bharati,-2.59,29.55,991.0,75.4
2014-12-24 04:00:00,Bharati,1.52,5.28,992.8,56.7
2014-12-24 05:00:00,Bharati,0.6,16.6,992.0,65.9
2014-12-24 06:00:00,Bharati,-1.3,14.44,996.8,52.9
2014-12-24 07:00:00,Bharati,0.69,13.29,987.0,63.3
2014-12-24 08:00:00,Bharati,0.6,16.31,1001.5,57.8
2014-12-24 09:00:00,Bharati,-4.61,7.63,976.2,69.0
2014-12-24 10:00:00,Bharati,-0.22,6.99,979.4,65.8
2014-12-24 11:00:00,Bharati,0.27,15.25,983.8,77.0
2014-12-24 12:00:00,Bharati,1.06,14.99,1002.2,69.2
2014-12-24 13:00:00,Bharati,3.01,6.57,982.8,66.5
2014-12-24 14:00:00,Bharati,-0.91,10.93,977.5,74.8
2014-12-24 15:00:00,Bharati,-3.47,13.73,979.4,51.9
2014-12-24 16:00:00,Bharati,5.39,15.86,998.5,90.7
2014-12-24 17:00:00,Bharati,-2.96,21.17,990.4,92.1
2014-12-24 18:00:00,Bharati,-1.42,12.14,998.4,49.1
2014-12-24 19:00:00,Bharati,-0.56,28.16,990.9,46.4
2014-12-24 20:00:00,Bharati,-1.45,4.15,977.4,78.6
2014-12-24 21:00:00,Bharati,-2.07,3.35,983.6,56.9
2014-12-24 22:00:00,Bharati,1.21,8.8,1001.1,66.7
2014-12-24 23:00:00,Bharati,-1.75,6.77,1002.5,32.4
2014-12-25 00:00:00,Bharati,-2.67,5.96,998.2,67.9
2014-12-25 01:00:00,Bharati,-5.56,12.62,999.9,81.0
2014-12-25 02:00:00,Bharati,-2.51,7.11,967.7,72.0
2014-12-25 03:00:00,Bharati,-3.85,7.29,996.3,27.7
2014-12-25 04:00:00,Bharati,-3.97,7.02,990.3,40.2
2014-12-25 05:00:00,Bharati,3.76,16.81,1028.7,54.5
2014-12-25 06:00:00,Bharati,2.65,1.78,1011.1,70.9
2014-12-25 07:00:00,Bharati,-7.91,16.67,981.2,73.7
2014-12-25 08:00:00,Bharati,-3.53,6.2,986.0,54.0
2014-12-25 09:00:00,Bharati,-1.31,5.92,977.5,37.1
2014-12-25 10:00:00,Bharati,-0.88,13.26,1010.7,48.4
2014-12-25 11:00:00,Bharati,-0.21,5.81,1004.7,93.2
2014-12-25 12:00:00,Bharati,3.04,4.9,998.6,45.4
2014-12-25 13:00:00,Bharati,-1.23,8.08,996.8,45.8
2014-12-25 14:00:00,Bharati,-4.38,23.43,977.0,61.5
2014-12-25 15:00:00,Bharati,-2.9,11.03,1017.9,53.8
2014-12-25 16:00:00,Bharati,2.55,7.94,985.0,61.3
2014-12-25 17:00:00,Bharati,-1.85,24.18,996.8,54.5
2014-12-25 18:00:00,Bharati,-2.92,25.26,988.8,47.6
2014-12-25 19:00:00,Bharati,-0.37,6.43,978.5,67.6
2014-12-25 20:00:00,Bharati,5.76,9.49,991.0,58.8
2014-12-25 21:00:00,Bharati,-3.41,10.61,991.2,46.9
2014-12-25 22:00:00,Bharati,1.74,23.9,1001.1,80.1
2014-12-25 23:00:00,Bharati,-1.72,17.18,1010.8,52.0
2014-12-26 00:00:00,Bharati,-5.59,5.74,991.7,70.3
2014-12-26 01:00:00,Bharati,-2.29,14.28,1008.6,45.5
2014-12-26 02:00:00,Bharati,-0.35,3.86,974.9,65.3
2014-12-26 03:00:00,Bharati,2.2,22.71,998.5,58.0
2014-12-26 04:00:00,Bharati,0.26,7.96,999.8,82.9
2014-12-26 05:00:00,Bharati,5.44,20.85,985.7,46.1
2014-12-26 06:00:00,Bharati,-4.71,7.61,1005.5,74.4
2014-12-26 07:00:00,Bharati,-3.45,4.65,998.6,73.4
2014-12-26 08:00:00,Bharati,-1.22,12.82,993.9,51.0
2014-12-26 09:00:00,Bharati,1.21,8.38,976.9,45.4
2014-12-26 10:00:00,Bharati,-1.42,18.34,998.2,52.8
2014-12-26 11:00:00,Bharati,-0.86,11.63,994.3,31.3
2014-12-26 12:00:00,Bharati,-1.34,23.49,976.7,56.4
2014-12-26 13:00:00,Bharati,-4.68,8.59,994.8,68.8
2014-12-26 14:00:00,Bharati,-2.97,15.28,984.7,75.9
2014-12-26 15:00:00,Bharati,-5.25,13.88,991.5,62.8
2014-12-26 16:00:00,Bharati,1.8,3.79,1026.0,88.0
2014-12-26 17:00:00,Bharati,-1.66,18.08,975.4,63.5
2014-12-26 18:00:00,Bharati,-0.19,8.33,992.0,66.0
2014-12-26 19:00:00,Bharati,-0.13,11.84,981.5,83.7
2014-12-26 20:00:00,Bharati,4.35,6.9,1005.1,51.3
2014-12-26 21:00:00,Bharati,1.51,3.34,1004.5,68.0
2014-12-26 22:00:00,Bharati,-3.21,7.89,979.1,75.8
2014-12-26 23:00:00,Bharati,-5.53,8.16,1005.2,37.1
2014-12-27 00:00:00,Bharati,-1.86,27.94,1005.0,62.6
2014-12-27 01:00:00,Bharati,1.54,2.9,998.2,61.7
2014-12-27 02:00:00,Bharati,2.58,6.58,992.1,62.8
2014-12-27 03:00:00,Bharati,-2.65,13.02,990.7,63.0
2014-12-27 04:00:00,Bharati,1.47,11.4,998.9,61.1
2014-12-27 05:00:00,Bharati,-1.61,16.28,995.1,29.0
2014-12-27 06:00:00,Bharati,-4.91,6.7,978.2,80.3
2014-12-27 07:00:00,Bharati,-1.45,10.12,1015.1,83.6
2014-12-27 08:00:00,Bharati,-2.76,10.61,994.4,52.0
2014-12-27 09:00:00,Bharati,-1.0,6.96,989.2,56.2
2014-12-27 10:00:00,Bharati,0.2,6.17,981.7,36.4
2014-12-27 11:00:00,Bharati,0.81,6.5,982.4,48.8
2014-12-27 12:00:00,Bharati,-0.69,3.51,1014.0,61.6
2014-12-27 13:00:00,Bharati,-0.02,21.93,1011.7,68.8
2014-12-27 14:00:00,Bharati,-3.88,6.38,978.5,76.1
2014-12-27 15:00:00,Bharati,-5.11,6.21,995.2,85.5
2014-12-27 16:00:00,Bharati,-2.54,16.87,1002.1,74.7
2014-12-27 17:00:00,Bharati,1.99,19.21,1008.2,62.4
2014-12-27 18:00:00,Bharati,-1.25,13.09,1001.7,48.2
2014-12-27 19:00:00,Bharati,-3.8,4.46,1003.5,51.4
2014-12-27 20:00:00,Bharati,2.63,14.66,986.5,41.0
2014-12-27 21:00:00,Bharati,-3.3,2.73,991.0,64.8
2014-12-27 22:00:00,Bharati,-0.79,12.01,989.6,79.1
2014-12-27 23:00:00,Bharati,3.01,8.15,1001.7,51.8
2014-12-28 00:00:00,Bharati,-2.26,8.44,981.7,42.2
2014-12-28 01:00:00,Bharati,-0.92,4.59,1011.2,43.7
2014-12-28 02:00:00,Bharati,3.68,9.0,992.1,69.9
2014-12-28 03:00:00,Bharati,5.83,7.15,989.7,59.3
2014-12-28 04:00:00,Bharati,-2.46,22.24,980.0,44.8
2014-12-28 05:00:00,Bharati,1.9,18.28,1022.2,60.2
2014-12-28 06:00:00,Bharati,1.8,2.25,992.1,51.8
2014-12-28 07:00:00,Bharati,3.17,3.83,1002.2,39.8
2014-12-28 08:00:00,Bharati,-1.99,16.43,988.3,67.4
2014-12-28 09:00:00,Bharati,-4.7,1.77,1007.7,66.6
2014-12-28 10:00:00,Bharati,0.68,2.26,987.6,59.5
2014-12-28 11:00:00,Bharati,-6.86,2.97,997.1,77.5
2014-12-28 12:00:00,Bharati,-1.82,16.38,989.0,72.7
2014-12-28 13:00:00,Bharati,-3.53,14.92,988.3,45.3
2014-12-28 14:00:00,Bharati,-5.25,5.7,1003.4,43.7
2014-12-28 15:00:00,Bharati,-0.36,37.76,1000.4,46.0
2014-12-28 16:00:00,Bharati,-2.54,7.46,997.3,45.3
2014-12-28 17:00:00,Bharati,3.12,8.87,987.9,27.9
2014-12-28 18:00:00,Bharati,1.9,4.55,971.4,50.4
2014-12-28 19:00:00,Bharati,-1.25,5.08,983.5,83.4
2014-12-28 20:00:00,Bharati,-1.79,10.52,999.9,74.3
2014-12-28 21:00:00,Bharati,1.69,4.65,986.8,69.6
2014-12-28 22:00:00,Bharati,1.12,9.24,990.3,64.0
2014-12-28 23:00:00,Bharati,-3.06,9.54,1016.1,59.3
2014-12-29 00:00:00,Bharati,-0.96,15.02,998.8,52.9
2014-12-29 01:00:00,Bharati,2.41,11.28,988.1,58.6
2014-12-29 02:00:00,Bharati,0.08,7.2,992.2,74.8
2014-12-29 03:00:00,Bharati,-2.46,11.15,1011.1,50.0
2014-12-29 04:00:00,Bharati,0.04,27.92,988.0,61.1
2014-12-29 05:00:00,Bharati,1.34,4.11,1002.1,77.6
2014-12-29 06:00:00,Bharati,-2.79,6.4,995.5,68.7
2014-12-29 07:00:00,Bharati,-2.87,6.45,967.3,67.5
2014-12-29 08:00:00,Bharati,-7.16,6.78,1007.9,38.6
2014-12-29 09:00:00,Bharati,-1.18,10.51,1000.7,71.0
2014-12-29 10:00:00,Bharati,-3.69,3.48,987.2,74.6
2014-12-29 11:00:00,Bharati,1.45,16.2,982.0,64.6
2014-12-29 12:00:00,Bharati,-0.55,4.44,963.1,81.6
2014-12-29 13:00:00,Bharati,-5.07,10.33,997.1,60.8
2014-12-29 14:00:00,Bharati,1.1,11.07,995.6,57.4
2014-12-29 15:00:00,Bharati,-3.13,5.07,985.6,49.1
2014-12-29 16:00:00,Bharati,0.18,20.14,975.9,49.0
2014-12-29 17:00:00,Bharati,-6.45,8.71,986.3,38.4
2014-12-29 18:00:00,Bharati,2.0,12.81,993.7,87.0
2014-12-29 19:00:00,Bharati,0.62,10.12,980.1,47.8
2014-12-29 20:00:00,Bharati,0.69,27.66,958.4,58.7
2014-12-29 21:00:00,Bharati,1.96,9.52,992.2,46.1
2014-12-29 22:00:00,Bharati,-4.36,10.46,1006.3,60.7
2014-12-29 23:00:00,Bharati,1.23,7.52,1004.8,72.7
2014-12-30 00:00:00,Bharati,-0.82,6.04,977.0,67.5
2014-12-30 01:00:00,Bharati,2.88,6.2,979.4,56.0
2014-12-30 02:00:00,Bharati,-2.17,4.28,1003.4,76.5
2014-12-30 03:00:00,Bharati,-7.84,10.84,985.6,63.3
2014-12-30 04:00:00,Bharati,-0.16,15.24,1004.0,56.2
2014-12-30 05:00:00,Bharati,-4.93,11.68,1004.6,65.8
2014-12-30 06:00:00,Bharati,-2.54,10.5,969.7,88.2
2014-12-30 07:00:00,Bharati,1.95,5.84,1015.5,65.3
2014-12-30 08:00:00,Bharati,2.68,10.37,981.5,55.5
2014-12-30 09:00:00,Bharati,-1.93,5.45,1006.7,65.9
2014-12-30 10:00:00,Bharati,0.56,18.18,993.7,59.1
2014-12-30 11:00:00,Bharati,5.21,2.78,992.3,48.2
2014-12-30 12:00:00,Bharati,-3.39,6.1,973.6,75.8
2014-12-30 13:00:00,Bharati,2.3,11.4,1014.8,64.9
2014-12-30 14:00:00,Bharati,-8.81,9.36,969.6,49.9
2014-12-30 15:00:00,Bharati,-0.81,10.3,993.3,82.5
2014-12-30 16:00:00,Bharati,0.2,3.07,991.7,60.9
2014-12-30 17:00:00,Bharati,-0.95,4.99,990.6,28.9
2014-12-30 18:00:00,Bharati,-0.15,8.86,992.3,75.1
2014-12-30 19:00:00,Bharati,-1.81,16.78,997.7,66.1
2014-12-30 20:00:00,Bharati,1.53,13.22,981.5,58.7
2014-12-30 21:00:00,Bharati,-6.12,7.04,987.0,60.1
2014-12-30 22:00:00,Bharati,0.96,10.12,987.3,62.5
2014-12-30 23:00:00,Bharati,4.72,13.22,991.7,74.9
2014-12-31 00:00:00,Bharati,-5.55,18.92,972.6,62.0
2014-12-31 01:00:00,Bharati,-1.47,11.26,988.1,69.1
2014-12-31 02:00:00,Bharati,0.53,14.72,1001.0,79.7
2014-12-31 03:00:00,Bharati,-1.65,11.77,990.5,47.6
2014-12-31 04:00:00,Bharati,1.96,12.72,987.3,57.6
2014-12-31 05:00:00,Bharati,2.61,10.87,992.8,68.4
2014-12-31 06:00:00,Bharati,2.04,9.78,993.5,54.7
2014-12-31 07:00:00,Bharati,0.41,15.76,1001.4,81.1
2014-12-31 08:00:00,Bharati,-3.68,10.95,989.3,50.9
2014-12-31 09:00:00,Bharati,2.71,6.34,1006.3,68.5
2014-12-31 10:00:00,Bharati,-2.96,19.09,999.2,66.6
2014-12-31 11:00:00,Bharati,-2.69,12.24,990.5,47.7
2014-12-31 12:00:00,Bharati,-1.54,10.26,983.3,55.5
2014-12-31 13:00:00,Bharati,-1.3,9.74,985.5,67.6
2014-12-31 14:00:00,Bharati,-5.05,13.86,984.6,98.0
2014-12-31 15:00:00,Bharati,3.09,3.45,1000.2,36.8
2014-12-31 16:00:00,Bharati,-0.48,11.44,1003.8,39.5
2014-12-31 17:00:00,Bharati,-3.02,6.5,994.5,81.1
2014-12-31 18:00:00,Bharati,-3.98,19.5,987.7,66.4
2014-12-31 19:00:00,Bharati,-0.27,9.5,978.6,68.4
2014-12-31 20:00:00,Bharati,-0.31,15.57,1006.4,70.3
2014-12-31 21:00:00,Bharati,-5.04,7.31,1009.3,54.5
2014-12-31 22:00:00,Bharati,1.9,5.4,971.5,45.1
2014-12-31 23:00:00,Bharati,-2.6,6.19,995.8,34.4
