timestamp,station,air_temperature,wind_speed,atmospheric_pressure,relative_humidity
2013-01-01 00:00:00,Maitri,-1.65,8.7,995.8,38.1
2013-01-01 01:00:00,Maitri,-5.73,10.48,985.1,50.6
2013-01-01 02:00:00,Maitri,-3.88,8.11,993.1,50.2
2013-01-01 03:00:00,Maitri,-4.43,10.48,988.9,60.5
2013-01-01 04:00:00,Maitri,0.45,22.43,973.3,46.8
2013-01-01 05:00:00,Maitri,-4.0,13.89,983.5,53.9
2013-01-01 06:00:00,Maitri,-0.81,9.22,988.2,58.0
2013-01-01 07:00:00,Maitri,4.48,14.57,1003.3,48.3
2013-01-01 08:00:00,Maitri,1.87,8.56,991.8,44.2
2013-01-01 09:00:00,Maitri,-4.09,7.11,972.7,71.9
2013-01-01 10:00:00,Maitri,-3.77,13.59,982.2,78.4
2013-01-01 11:00:00,Maitri,-0.96,14.09,982.7,44.5
2013-01-01 12:00:00,Maitri,-8.39,15.74,1000.7,60.1
2013-01-01 13:00:00,Maitri,-5.57,17.01,962.6,43.9
2013-01-01 14:00:00,Maitri,-0.83,13.21,984.9,63.3
2013-01-01 15:00:00,Maitri,-2.99,9.04,979.5,65.5
2013-01-01 16:00:00,Maitri,4.22,3.86,972.8,44.1
2013-01-01 17:00:00,Maitri,-4.72,8.39,996.6,56.0
2013-01-01 18:00:00,Maitri,-6.22,5.97,986.1,61.3
2013-01-01 19:00:00,Maitri,-5.67,5.25,981.0,47.3
2013-01-01 20:00:00,Maitri,-2.51,8.66,999.9,58.0
2013-01-01 21:00:00,Maitri,-3.12,13.85,972.1,65.6
2013-01-01 22:00:00,Maitri,5.25,9.88,991.3,32.3
2013-01-01 23:00:00,Maitri,-3.95,10.28,1005.9,59.2
2013-01-02 00:00:00,Maitri,-2.33,6.68,987.8,49.8
2013-01-02 01:00:00,Maitri,0.58,30.68,993.4,51.6
2013-01-02 02:00:00,Maitri,-2.9,7.34,994.5,57.7
2013-01-02 03:00:00,Maitri,-0.57,9.63,993.4,48.9
2013-01-02 04:00:00,Maitri,-1.14,13.74,975.9,73.6
2013-01-02 05:00:00,Maitri,0.41,8.45,980.1,57.1
2013-01-02 06:00:00,Maitri,-7.45,17.76,996.5,46.5
2013-01-02 07:00:00,Maitri,0.31,14.96,980.8,55.6
2013-01-02 08:00:00,Maitri,-3.0,18.9,998.6,40.8
2013-01-02 09:00:00,Maitri,-1.86,14.41,1001.0,46.9
2013-01-02 10:00:00,Maitri,-3.87,9.46,1002.4,67.9
2013-01-02 11:00:00,Maitri,3.29,3.26,1004.8,56.0
2013-01-02 12:00:00,Maitri,-9.68,1.89,1008.2,65.2
2013-01-02 13:00:00,Maitri,2.38,20.62,984.5,55.4
2013-01-02 14:00:00,Maitri,-4.9,4.41,992.7,52.4
2013-01-02 15:00:00,Maitri,2.83,7.14,996.9,70.9
2013-01-02 16:00:00,Maitri,1.75,4.37,972.8,57.8
2013-01-02 17:00:00,Maitri,1.03,9.3,983.0,69.5
2013-01-02 18:00:00,Maitri,0.38,8.09,993.8,47.4
2013-01-02 19:00:00,Maitri,5.41,10.45,987.6,43.4
2013-01-02 20:00:00,Maitri,-4.6,7.6,992.1,68.9
2013-01-02 21:00:00,Maitri,-4.55,3.72,982.0,58.8
2013-01-02 22:00:00,Maitri,-4.82,40.65,984.5,26.0
2013-01-02 23:00:00,Maitri,0.72,6.28,986.3,65.5
2013-01-03 00:00:00,Maitri,-7.03,7.7,1002.7,57.0
2013-01-03 01:00:00,Maitri,1.05,6.98,997.3,40.8
2013-01-03 02:00:00,Maitri,-3.5,5.47,991.3,62.5
2013-01-03 03:00:00,Maitri,-6.22,11.25,987.3,51.2
2013-01-03 04:00:00,Maitri,-6.26,6.77,998.8,59.1
2013-01-03 05:00:00,Maitri,-5.28,7.14,991.1,48.3
2013-01-03 06:00:00,Maitri,-7.69,5.93,993.4,55.4
2013-01-03 07:00:00,Maitri,-0.69,15.62,999.9,57.4
2013-01-03 08:00:00,Maitri,0.49,6.09,989.5,50.3
2013-01-03 09:00:00,Maitri,0.87,10.87,978.5,47.1
2013-01-03 10:00:00,Maitri,-4.68,18.0,998.4,52.4
2013-01-03 11:00:00,Maitri,-1.41,5.62,993.4,59.2
2013-01-03 12:00:00,Maitri,-2.47,16.59,981.6,59.1
2013-01-03 13:00:00,Maitri,-0.07,8.96,999.2,24.6
2013-01-03 14:00:00,Maitri,-0.93,7.42,989.9,56.1
2013-01-03 15:00:00,Maitri,-2.17,14.76,981.3,60.2
2013-01-03 16:00:00,Maitri,-8.99,11.53,986.6,67.9
2013-01-03 17:00:00,Maitri,-3.07,6.52,982.7,67.0
2013-01-03 18:00:00,Maitri,-2.1,22.18,975.8,57.7
2013-01-03 19:00:00,Maitri,-4.92,10.44,986.1,52.1
2013-01-03 20:00:00,Maitri,-3.43,20.22,978.3,34.3
2013-01-03 21:00:00,Maitri,-7.03,11.64,989.1,42.2
2013-01-03 22:00:00,Maitri,-3.61,8.23,999.8,63.0
2013-01-03 23:00:00,Maitri,-0.72,16.48,998.9,60.2
2013-01-04 00:00:00,Maitri,4.85,6.1,979.1,61.4
2013-01-04 01:00:00,Maitri,-6.0,13.96,1003.8,64.3
2013-01-04 02:00:00,Maitri,-2.54,13.2,988.6,49.4
2013-01-04 03:00:00,Maitri,-5.82,4.98,973.2,67.4
2013-01-04 04:00:00,Maitri,-2.78,8.26,983.2,61.1
2013-01-04 05:00:00,Maitri,-3.24,18.43,991.6,65.8
2013-01-04 06:00:00,Maitri,0.46,11.22,968.7,80.2
2013-01-04 07:00:00,Maitri,0.95,16.68,973.9,50.3
2013-01-04 08:00:00,Maitri,-1.89,4.83,973.0,50.0
2013-01-04 09:00:00,Maitri,-2.86,8.87,988.1,46.3
2013-01-04 10:00:00,Maitri,1.7,12.49,995.1,49.6
2013-01-04 11:00:00,Maitri,-1.83,15.01,981.1,60.5
2013-01-04 12:00:00,Maitri,2.85,6.77,984.0,50.5
2013-01-04 13:00:00,Maitri,-8.18,3.11,994.5,53.0
2013-01-04 14:00:00,Maitri,3.78,25.89,994.0,64.7
2013-01-04 15:00:00,Maitri,-4.62,8.22,987.3,64.0
2013-01-04 16:00:00,Maitri,-6.26,11.85,985.3,54.5
2013-01-04 17:00:00,Maitri,-2.61,10.95,979.1,58.7
2013-01-04 18:00:00,Maitri,-6.53,8.12,983.3,57.4
2013-01-04 19:00:00,Maitri,-0.47,9.02,971.6,41.8
2013-01-04 20:00:00,Maitri,-4.08,6.18,995.1,55.3
2013-01-04 21:00:00,Maitri,-1.45,17.23,987.3,77.3
2013-01-04 22:00:00,Maitri,-5.88,33.44,981.0,62.0
2013-01-04 23:00:00,Maitri,-3.24,9.42,991.3,65.9
2013-01-05 00:00:00,Maitri,-2.09,5.24,1012.4,53.1
2013-01-05 01:00:00,Maitri,-3.09,23.77,1000.8,55.0
2013-01-05 02:00:00,Maitri,3.14,12.16,971.1,55.8
2013-01-05 03:00:00,Maitri,-0.38,8.36,995.7,78.6
2013-01-05 04:00:00,Maitri,-1.72,12.49,997.2,63.5
2013-01-05 05:00:00,Maitri,-8.93,9.46,981.9,59.5
2013-01-05 06:00:00,Maitri,-1.11,13.56,982.3,68.8
2013-01-05 07:00:00,Maitri,1.9,15.42,1004.7,70.7
2013-01-05 08:00:00,Maitri,-4.84,28.2,984.6,51.6
2013-01-05 09:00:00,Maitri,-3.12,13.75,988.7,45.2
2013-01-05 10:00:00,Maitri,-13.02,6.75,972.4,84.4
2013-01-05 11:00:00,Maitri,-6.79,11.63,994.1,49.3
2013-01-05 12:00:00,Maitri,-9.72,15.4,967.6,78.5
2013-01-05 13:00:00,Maitri,-2.07,9.32,991.4,79.7
2013-01-05 14:00:00,Maitri,-2.96,12.82,995.9,63.5
2013-01-05 15:00:00,Maitri,-2.8,15.83,991.3,68.2
2013-01-05 16:00:00,Maitri,-3.96,5.9,967.4,37.4
2013-01-05 17:00:00,Maitri,1.14,3.6,981.7,49.0
2013-01-05 18:00:00,Maitri,-6.74,15.59,979.3,58.7
2013-01-05 19:00:00,Maitri,-2.69,13.32,1004.4,48.8
2013-01-05 20:00:00,Maitri,-0.34,11.16,994.5,40.4
2013-01-05 21:00:00,Maitri,-3.06,10.96,979.9,53.3
2013-01-05 22:00:00,Maitri,-2.75,17.14,998.8,78.6
2013-01-05 23:00:00,Maitri,-5.32,6.83,989.1,52.8
2013-01-06 00:00:00,Maitri,-3.58,7.78,986.4,40.3
2013-01-06 01:00:00,Maitri,0.11,9.48,991.0,78.7
2013-01-06 02:00:00,Maitri,-9.47,6.64,970.1,37.3
2013-01-06 03:00:00,Maitri,-2.96,6.52,983.2,49.8
2013-01-06 04:00:00,Maitri,-4.45,6.41,995.7,38.3
2013-01-06 05:00:00,Maitri,-2.65,19.6,999.2,64.9
2013-01-06 06:00:00,Maitri,3.8,4.69,971.5,35.5
2013-01-06 07:00:00,Maitri,-3.97,11.99,985.6,37.4
2013-01-06 08:00:00,Maitri,2.81,10.48,999.4,52.1
2013-01-06 09:00:00,Maitri,1.45,4.23,954.1,63.4
2013-01-06 10:00:00,Maitri,-2.3,7.86,981.4,54.6
2013-01-06 11:00:00,Maitri,-2.1,16.31,967.3,62.7
2013-01-06 12:00:00,Maitri,-1.77,18.37,993.9,77.9
2013-01-06 13:00:00,Maitri,-5.29,6.6,994.8,59.1
2013-01-06 14:00:00,Maitri,-0.21,7.25,985.3,59.1
2013-01-06 15:00:00,Maitri,-4.55,3.22,987.8,37.3
2013-01-06 16:00:00,Maitri,-2.28,4.57,983.4,68.5
2013-01-06 17:00:00,Maitri,-10.09,12.93,992.1,63.2
2013-01-06 18:00:00,Maitri,-5.43,18.42,989.0,48.3
2013-01-06 19:00:00,Maitri,-0.53,3.85,983.1,65.5
2013-01-06 20:00:00,Maitri,-6.34,20.37,1011.5,44.7
2013-01-06 21:00:00,Maitri,-1.24,13.41,982.3,40.4
2013-01-06 22:00:00,Maitri,-4.18,8.54,1005.1,59.4
2013-01-06 23:00:00,Maitri,1.06,10.65,990.7,54.2
2013-01-07 00:00:00,Maitri,2.02,16.1,985.4,44.6
2013-01-07 01:00:00,Maitri,-1.76,5.56,991.6,47.7
2013-01-07 02:00:00,Maitri,-2.44,4.47,977.0,57.8
2013-01-07 03:00:00,Maitri,-2.24,9.24,994.9,70.5
2013-01-07 04:00:00,Maitri,-2.46,11.68,986.4,57.4
2013-01-07 05:00:00,Maitri,1.79,12.02,981.1,44.1
2013-01-07 06:00:00,Maitri,6.38,11.76,981.7,73.3
2013-01-07 07:00:00,Maitri,-7.05,8.17,978.0,31.5
2013-01-07 08:00:00,Maitri,-5.98,10.77,989.5,56.6
2013-01-07 09:00:00,Maitri,2.39,10.54,999.0,66.1
2013-01-07 10:00:00,Maitri,-6.38,7.65,991.5,45.1
2013-01-07 11:00:00,Maitri,-7.19,14.29,977.1,38.5
2013-01-07 12:00:00,Maitri,5.02,26.61,978.5,40.6
2013-01-07 13:00:00,Maitri,-3.34,3.88,999.8,39.1
2013-01-07 14:00:00,Maitri,-3.26,3.55,976.7,66.7
2013-01-07 15:00:00,Maitri,-4.16,15.32,984.2,75.5
2013-01-07 16:00:00,Maitri,-0.35,12.65,982.3,44.4
2013-01-07 17:00:00,Maitri,-6.35,12.65,981.0,62.6
2013-01-07 18:00:00,Maitri,3.83,2.56,997.8,56.7
2013-01-07 19:00:00,Maitri,0.25,9.71,984.1,46.1
2013-01-07 20:00:00,Maitri,-2.56,15.12,976.9,60.0
2013-01-07 21:00:00,Maitri,-4.31,5.92,986.3,53.3
2013-01-07 22:00:00,Maitri,-2.0,5.89,988.9,49.0
2013-01-07 23:00:00,Maitri,1.27,8.76,995.9,68.8
2013-01-08 00:00:00,Maitri,6.8,8.37,1013.7,50.8
2013-01-08 01:00:00,Maitri,2.92,18.49,974.4,35.8
2013-01-08 02:00:00,Maitri,1.18,10.24,960.8,51.7
2013-01-08 03:00:00,Maitri,-2.21,19.89,968.2,67.4
2013-01-08 04:00:00,Maitri,1.95,11.77,995.4,72.8
2013-01-08 05:00:00,Maitri,-3.58,14.47,990.7,50.2
2013-01-08 06:00:00,Maitri,-1.2,4.54,989.7,42.8
2013-01-08 07:00:00,Maitri,1.73,7.83,992.3,45.1
2013-01-08 08:00:00,Maitri,-0.24,5.29,975.0,62.4
2013-01-08 09:00:00,Maitri,-4.69,14.43,984.4,39.9
2013-01-08 10:00:00,Maitri,-7.73,9.82,990.0,75.2
2013-01-08 11:00:00,Maitri,-0.61,3.05,984.9,45.3
2013-01-08 12:00:00,Maitri,-1.89,13.07,976.3,72.2
2013-01-08 13:00:00,Maitri,0.89,7.81,977.2,72.8
2013-01-08 14:00:00,Maitri,-2.16,17.32,995.6,59.6
2013-01-08 15:00:00,Maitri,-3.69,8.85,969.1,51.7
2013-01-08 16:00:00,Maitri,1.33,16.18,976.2,53.6
2013-01-08 17:00:00,Maitri,1.12,4.02,985.3,54.0
2013-01-08 18:00:00,Maitri,-9.75,8.36,977.0,52.0
2013-01-08 19:00:00,Maitri,-7.68,6.27,970.3,45.1
2013-01-08 20:00:00,Maitri,-1.91,43.27,989.9,82.9
2013-01-08 21:00:00,Maitri,-2.59,5.83,999.0,74.4
2013-01-08 22:00:00,Maitri,-3.02,19.2,976.9,49.6
2013-01-08 23:00:00,Maitri,0.52,6.47,994.2,69.0
2013-01-09 00:00:00,Maitri,4.71,7.68,992.0,58.3
2013-01-09 01:00:00,Maitri,-5.96,9.02,985.7,56.1
2013-01-09 02:00:00,Maitri,-2.58,8.73,1004.0,58.8
2013-01-09 03:00:00,Maitri,-2.44,12.92,969.7,58.1
2013-01-09 04:00:00,Maitri,-1.63,12.45,991.3,50.1
2013-01-09 05:00:00,Maitri,-6.63,25.1,989.4,77.3
2013-01-09 06:00:00,Maitri,-0.71,16.04,974.5,71.9
2013-01-09 07:00:00,Maitri,-2.22,4.6,983.1,63.9
2013-01-09 08:00:00,Maitri,4.79,14.75,974.8,54.4
2013-01-09 09:00:00,Maitri,-1.0,17.48,964.6,56.2
2013-01-09 10:00:00,Maitri,-4.8,2.86,999.6,62.4
2013-01-09 11:00:00,Maitri,-7.59,7.7,988.8,48.1
2013-01-09 12:00:00,Maitri,-2.69,4.49,986.4,69.8
2013-01-09 13:00:00,Maitri,-4.97,8.71,990.4,56.8
2013-01-09 14:00:00,Maitri,-3.83,11.03,968.5,60.1
2013-01-09 15:00:00,Maitri,-1.14,11.78,989.6,62.4
2013-01-09 16:00:00,Maitri,-1.52,10.64,987.9,45.0
2013-01-09 17:00:00,Maitri,-1.67,2.62,987.5,42.3
2013-01-09 18:00:00,Maitri,2.53,7.37,989.8,50.2
2013-01-09 19:00:00,Maitri,-0.92,4.71,992.6,76.2
2013-01-09 20:00:00,Maitri,7.15,28.06,980.1,61.2
2013-01-09 21:00:00,Maitri,-1.78,7.34,990.5,43.1
2013-01-09 22:00:00,Maitri,-3.77,4.86,977.0,43.1
2013-01-09 23:00:00,Maitri,-7.59,18.46,1001.1,44.2
2013-01-10 00:00:00,Maitri,-6.93,8.89,1002.2,76.0
2013-01-10 01:00:00,Maitri,0.84,6.73,990.9,88.8
2013-01-10 02:00:00,Maitri,-0.06,8.19,973.9,50.4
2013-01-10 03:00:00,Maitri,-2.65,5.01,986.8,60.7
2013-01-10 04:00:00,Maitri,-3.12,7.32,987.8,67.0
2013-01-10 05:00:00,Maitri,-5.44,27.31,1000.3,64.5
2013-01-10 06:00:00,Maitri,-2.91,7.13,986.4,52.8
2013-01-10 07:00:00,Maitri,-1.9,20.02,987.0,61.0
2013-01-10 08:00:00,Maitri,-9.39,12.81,998.8,57.8
2013-01-10 09:00:00,Maitri,0.21,32.07,989.1,81.9
2013-01-10 10:00:00,Maitri,-9.43,4.45,992.5,45.4
2013-01-10 11:00:00,Maitri,-1.15,3.15,989.4,35.7
2013-01-10 12:00:00,Maitri,-2.49,17.47,988.0,46.4
2013-01-10 13:00:00,Maitri,-1.31,7.21,989.5,27.8
2013-01-10 14:00:00,Maitri,-4.6,7.0,982.0,55.8
2013-01-10 15:00:00,Maitri,3.59,18.78,994.8,60.5
2013-01-10 16:00:00,Maitri,0.18,35.43,1006.4,46.7
2013-01-10 17:00:00,Maitri,-0.11,7.22,973.3,64.8
2013-01-10 18:00:00,Maitri,-2.96,13.37,981.7,66.7
2013-01-10 19:00:00,Maitri,-2.6,3.02,977.1,78.5
2013-01-10 20:00:00,Maitri,0.77,4.6,982.6,63.3
2013-01-10 21:00:00,Maitri,2.23,9.7,978.5,66.4
2013-01-10 22:00:00,Maitri,2.57,1.55,996.1,50.0
2013-01-10 23:00:00,Maitri,-2.49,8.2,991.7,65.4
2013-01-11 00:00:00,Maitri,-2.12,6.72,989.1,72.3
2013-01-11 01:00:00,Maitri,-1.16,13.29,981.4,68.6
2013-01-11 02:00:00,Maitri,-3.24,12.19,966.3,66.8
2013-01-11 03:00:00,Maitri,-4.8,3.91,978.1,52.1
2013-01-11 04:00:00,Maitri,-1.74,9.74,976.2,49.4
2013-01-11 05:00:00,Maitri,-0.66,5.47,991.6,55.9
2013-01-11 06:00:00,Maitri,-0.49,4.56,997.6,50.4
2013-01-11 07:00:00,Maitri,-2.59,10.51,992.6,64.4
2013-01-11 08:00:00,Maitri,-4.62,7.24,994.6,54.9
2013-01-11 09:00:00,Maitri,-0.57,8.52,967.2,69.3
2013-01-11 10:00:00,Maitri,-0.92,13.94,976.8,71.5
2013-01-11 11:00:00,Maitri,-5.54,10.22,983.5,52.7
2013-01-11 12:00:00,Maitri,1.0,6.45,983.5,44.0
2013-01-11 13:00:00,Maitri,0.34,19.8,1001.3,62.1
2013-01-11 14:00:00,Maitri,-2.47,10.18,992.6,33.2
2013-01-11 15:00:00,Maitri,-6.71,4.29,973.5,67.8
2013-01-11 16:00:00,Maitri,-6.57,3.09,1003.4,56.8
2013-01-11 17:00:00,Maitri,-0.8,8.84,982.8,28.8
2013-01-11 18:00:00,Maitri,-4.16,15.9,990.3,54.1
2013-01-11 19:00:00,Maitri,-3.28,6.58,991.4,43.0
2013-01-11 20:00:00,Maitri,-6.27,11.73,983.8,62.2
2013-01-11 21:00:00,Maitri,0.56,12.72,985.3,49.8
2013-01-11 22:00:00,Maitri,-8.94,11.69,975.1,50.9
2013-01-11 23:00:00,Maitri,-2.49,5.55,998.2,48.3
2013-01-12 00:00:00,Maitri,-1.07,13.28,982.7,53.1
2013-01-12 01:00:00,Maitri,-0.17,8.25,979.3,39.0
2013-01-12 02:00:00,Maitri,-0.62,3.74,1000.6,29.1
2013-01-12 03:00:00,Maitri,-6.58,6.73,980.6,47.0
2013-01-12 04:00:00,Maitri,-3.76,7.6,985.0,55.0
2013-01-12 05:00:00,Maitri,-4.92,28.0,973.4,39.5
2013-01-12 06:00:00,Maitri,-6.41,4.08,994.0,38.1
2013-01-12 07:00:00,Maitri,-8.47,3.0,977.6,52.4
2013-01-12 08:00:00,Maitri,-0.64,8.11,987.6,36.7
2013-01-12 09:00:00,Maitri,1.82,15.33,995.7,66.8
2013-01-12 10:00:00,Maitri,-4.31,2.14,988.3,59.4
2013-01-12 11:00:00,Maitri,0.37,3.24,991.3,43.1
2013-01-12 12:00:00,Maitri,-0.43,7.11,983.8,42.5
2013-01-12 13:00:00,Maitri,-5.48,9.44,992.7,50.9
2013-01-12 14:00:00,Maitri,-2.71,5.56,983.4,60.9
2013-01-12 15:00:00,Maitri,-2.17,10.14,992.6,43.8
2013-01-12 16:00:00,Maitri,0.28,14.94,985.6,38.6
2013-01-12 17:00:00,Maitri,-1.93,12.1,984.5,72.0
2013-01-12 18:00:00,Maitri,-8.41,18.14,980.6,56.0
2013-01-12 19:00:00,Maitri,4.1,2.32,975.7,57.7
2013-01-12 20:00:00,Maitri,-0.95,5.55,989.0,62.8
2013-01-12 21:00:00,Maitri,-5.79,10.23,992.8,51.3
2013-01-12 22:00:00,Maitri,-7.69,12.42,970.8,71.8
2013-01-12 23:00:00,Maitri,-5.36,8.67,985.1,47.1
2013-01-13 00:00:00,Maitri,-3.53,14.2,975.0,51.9
2013-01-13 01:00:00,Maitri,-4.68,9.55,974.8,60.3
2013-01-13 02:00:00,Maitri,-3.97,7.8,979.7,47.9
2013-01-13 03:00:00,Maitri,-5.87,4.64,988.0,52.9
2013-01-13 04:00:00,Maitri,-0.36,12.92,993.0,61.9
2013-01-13 05:00:00,Maitri,-5.97,11.49,975.4,42.4
2013-01-13 06:00:00,Maitri,-0.42,29.58,1000.3,52.2
2013-01-13 07:00:00,Maitri,0.07,7.85,996.0,41.7
2013-01-13 08:00:00,Maitri,-7.57,6.94,971.4,51.2
2013-01-13 09:00:00,Maitri,-3.96,16.36,998.3,60.0
2013-01-13 10:00:00,Maitri,0.88,7.86,979.0,48.6
2013-01-13 11:00:00,Maitri,-1.75,11.64,992.1,50.7
2013-01-13 12:00:00,Maitri,0.73,11.0,979.2,78.4
2013-01-13 13:00:00,Maitri,1.49,11.91,996.3,55.0
2013-01-13 14:00:00,Maitri,-6.25,12.72,976.0,52.8
2013-01-13 15:00:00,Maitri,-3.83,5.59,990.0,60.5
2013-01-13 16:00:00,Maitri,-1.29,27.86,984.8,42.6
2013-01-13 17:00:00,Maitri,-3.3,6.54,970.8,38.2
2013-01-13 18:00:00,Maitri,-1.15,10.04,999.7,55.9
2013-01-13 19:00:00,Maitri,2.81,25.18,977.8,52.0
2013-01-13 20:00:00,Maitri,-3.02,12.67,1001.8,45.4
2013-01-13 21:00:00,Maitri,-1.56,18.0,987.0,70.6
2013-01-13 22:00:00,Maitri,-2.77,17.68,988.1,69.2
2013-01-13 23:00:00,Maitri,-9.53,24.88,998.2,52.2
2013-01-14 00:00:00,Maitri,-5.26,20.97,994.4,68.5
2013-01-14 01:00:00,Maitri,-3.08,5.49,978.6,75.7
2013-01-14 02:00:00,Maitri,-3.95,9.68,989.7,51.5
2013-01-14 03:00:00,Maitri,0.44,17.68,970.0,51.9
2013-01-14 04:00:00,Maitri,1.44,6.21,964.2,62.1
2013-01-14 05:00:00,Maitri,-4.77,4.72,986.5,38.6
2013-01-14 06:00:00,Maitri,1.39,18.8,991.3,67.5
2013-01-14 07:00:00,Maitri,-4.18,19.54,1004.0,36.6
2013-01-14 08:00:00,Maitri,-1.28,7.62,971.3,51.5
2013-01-14 09:00:00,Maitri,-3.73,8.88,985.8,60.5
2013-01-14 10:00:00,Maitri,-7.06,5.93,982.1,56.6
2013-01-14 11:00:00,Maitri,-5.09,10.63,986.7,38.5
2013-01-14 12:00:00,Maitri,-8.13,5.52,981.8,68.7
2013-01-14 13:00:00,Maitri,0.49,17.18,990.5,51.6
2013-01-14 14:00:00,Maitri,2.42,12.93,997.6,38.7
2013-01-14 15:00:00,Maitri,0.84,6.86,976.0,62.4
2013-01-14 16:00:00,Maitri,-3.41,10.84,1003.8,54.1
2013-01-14 17:00:00,Maitri,0.12,16.24,977.2,70.0
2013-01-14 18:00:00,Maitri,-9.16,15.18,970.3,47.2
2013-01-14 19:00:00,Maitri,1.28,4.0,977.2,58.3
2013-01-14 20:00:00,Maitri,4.17,16.98,984.5,58.8
2013-01-14 21:00:00,Maitri,0.02,16.99,989.1,65.1
2013-01-14 22:00:00,Maitri,-4.09,11.27,994.8,65.2
2013-01-14 23:00:00,Maitri,0.61,5.78,984.2,76.2
2013-01-15 00:00:00,Maitri,-2.11,28.13,967.3,57.4
2013-01-15 01:00:00,Maitri,-5.95,4.49,992.9,42.1
2013-01-15 02:00:00,Maitri,-7.06,7.68,979.3,39.4
2013-01-15 03:00:00,Maitri,-3.12,6.06,972.3,77.6
2013-01-15 04:00:00,Maitri,-2.23,9.58,997.6,69.0
2013-01-15 05:00:00,Maitri,-11.33,7.82,999.6,72.1
2013-01-15 06:00:00,Maitri,7.88,3.37,979.6,65.5
2013-01-15 07:00:00,Maitri,-3.86,4.78,1003.1,77.3
2013-01-15 08:00:00,Maitri,2.23,5.73,963.7,53.7
2013-01-15 09:00:00,Maitri,-2.21,13.35,980.9,48.6
2013-01-15 10:00:00,Maitri,2.13,5.1,985.2,39.2
2013-01-15 11:00:00,Maitri,5.46,26.11,988.1,65.8
2013-01-15 12:00:00,Maitri,-4.22,7.65,996.5,64.1
2013-01-15 13:00:00,Maitri,-3.51,2.8,976.4,60.7
2013-01-15 14:00:00,Maitri,-0.22,9.6,964.3,52.0
2013-01-15 15:00:00,Maitri,1.12,7.07,997.1,59.0
2013-01-15 16:00:00,Maitri,-1.55,9.04,1009.8,37.0
2013-01-15 17:00:00,Maitri,-2.88,15.85,1002.2,38.4
2013-01-15 18:00:00,Maitri,-7.2,21.22,1000.1,36.7
2013-01-15 19:00:00,Maitri,-1.99,17.21,987.8,54.1
2013-01-15 20:00:00,Maitri,-5.91,9.95,977.3,50.2
2013-01-15 21:00:00,Maitri,-2.29,12.43,989.1,67.2
2013-01-15 22:00:00,Maitri,1.94,7.32,999.0,68.2
2013-01-15 23:00:00,Maitri,-0.96,8.72,980.1,59.2
2013-01-16 00:00:00,Maitri,-1.08,15.55,997.7,48.4
2013-01-16 01:00:00,Maitri,-7.73,30.52,974.9,48.2
2013-01-16 02:00:00,Maitri,-0.62,9.2,980.7,48.7
2013-01-16 03:00:00,Maitri,-4.18,29.6,982.2,92.0
2013-01-16 04:00:00,Maitri,-9.11,6.8,990.2,44.9
2013-01-16 05:00:00,Maitri,2.33,6.77,986.1,43.8
2013-01-16 06:00:00,Maitri,-3.19,2.38,991.4,66.5
2013-01-16 07:00:00,Maitri,-2.16,6.24,980.3,57.1
2013-01-16 08:00:00,Maitri,-0.65,19.1,982.1,76.0
2013-01-16 09:00:00,Maitri,2.1,17.22,978.9,60.4
2013-01-16 10:00:00,Maitri,-4.94,3.77,999.9,70.4
2013-01-16 11:00:00,Maitri,2.8,2.63,975.9,36.4
2013-01-16 12:00:00,Maitri,-2.46,6.33,982.9,40.1
2013-01-16 13:00:00,Maitri,-5.12,16.67,998.3,59.8
2013-01-16 14:00:00,Maitri,-1.92,22.78,997.5,60.5
2013-01-16 15:00:00,Maitri,-4.53,19.22,968.1,44.0
2013-01-16 16:00:00,Maitri,-2.66,11.84,981.9,68.5
2013-01-16 17:00:00,Maitri,2.97,15.19,978.5,85.9
2013-01-16 18:00:00,Maitri,-8.92,4.78,995.5,50.9
2013-01-16 19:00:00,Maitri,-2.07,9.27,966.5,76.4
2013-01-16 20:00:00,Maitri,-2.36,13.79,974.2,45.8
2013-01-16 21:00:00,Maitri,-3.41,13.63,986.7,52.1
2013-01-16 22:00:00,Maitri,-3.93,9.84,982.8,63.7
2013-01-16 23:00:00,Maitri,0.08,3.3,965.2,49.0
2013-01-17 00:00:00,Maitri,-4.43,11.02,989.2,51.2
2013-01-17 01:00:00,Maitri,-12.44,6.63,1006.4,53.6
2013-01-17 02:00:00,Maitri,-7.59,16.45,966.6,60.1
2013-01-17 03:00:00,Maitri,-3.39,8.47,983.2,44.1
2013-01-17 04:00:00,Maitri,0.86,17.87,996.5,57.6
2013-01-17 05:00:00,Maitri,-0.37,8.97,977.1,53.6
2013-01-17 06:00:00,Maitri,-9.86,8.43,970.4,76.6
2013-01-17 07:00:00,Maitri,-0.37,3.03,966.1,51.0
2013-01-17 08:00:00,Maitri,-1.93,4.6,996.2,53.6
2013-01-17 09:00:00,Maitri,-4.15,10.41,994.8,53.5
2013-01-17 10:00:00,Maitri,-4.09,17.62,990.4,45.5
2013-01-17 11:00:00,Maitri,-0.25,19.95,1001.7,42.5
2013-01-17 12:00:00,Maitri,-1.29,13.67,983.3,57.3
2013-01-17 13:00:00,Maitri,-5.84,6.74,975.0,56.8
2013-01-17 14:00:00,Maitri,-6.12,10.68,997.1,57.8
2013-01-17 15:00:00,Maitri,-1.92,15.84,981.3,45.5
2013-01-17 16:00:00,Maitri,4.18,3.72,1010.8,55.5
2013-01-17 17:00:00,Maitri,1.37,17.92,983.6,51.0
2013-01-17 18:00:00,Maitri,-0.23,15.63,997.3,62.5
2013-01-17 19:00:00,Maitri,-6.04,6.02,968.2,51.5
2013-01-17 20:00:00,Maitri,-5.16,7.14,987.4,48.5
2013-01-17 21:00:00,Maitri,0.01,4.45,972.8,66.2
2013-01-17 22:00:00,Maitri,0.49,23.33,972.9,54.6
2013-01-17 23:00:00,Maitri,-5.14,11.34,978.1,58.8
2013-01-18 00:00:00,Maitri,-2.9,12.19,967.2,60.5
2013-01-18 01:00:00,Maitri,-5.25,16.15,987.2,45.6
2013-01-18 02:00:00,Maitri,-4.34,21.96,983.0,38.6
2013-01-18 03:00:00,Maitri,1.21,11.81,991.3,63.6
2013-01-18 04:00:00,Maitri,-3.3,22.18,969.2,36.8
2013-01-18 05:00:00,Maitri,-5.57,1.97,992.1,53.6
2013-01-18 06:00:00,Maitri,-7.51,20.81,987.5,45.1
2013-01-18 07:00:00,Maitri,-2.83,22.61,1000.4,40.9
2013-01-18 08:00:00,Maitri,-3.4,12.74,984.7,60.0
2013-01-18 09:00:00,Maitri,2.74,10.96,980.0,45.0
2013-01-18 10:00:00,Maitri,-5.3,13.61,991.2,58.3
2013-01-18 11:00:00,Maitri,-5.66,17.24,995.9,79.7
2013-01-18 12:00:00,Maitri,-0.12,5.41,994.4,61.1
2013-01-18 13:00:00,Maitri,-1.55,3.43,974.2,44.6
2013-01-18 14:00:00,Maitri,-2.33,6.75,1002.1,57.8
2013-01-18 15:00:00,Maitri,-1.75,11.0,974.7,38.6
2013-01-18 16:00:00,Maitri,-3.93,3.75,1006.1,53.1
2013-01-18 17:00:00,Maitri,-2.05,23.79,993.7,42.8
2013-01-18 18:00:00,Maitri,0.36,17.16,977.9,56.9
2013-01-18 19:00:00,Maitri,-6.24,18.04,986.1,57.3
2013-01-18 20:00:00,Maitri,0.79,22.19,991.4,41.7
2013-01-18 21:00:00,Maitri,1.43,14.24,985.3,53.0
2013-01-18 22:00:00,Maitri,-4.13,24.2,993.4,67.2
2013-01-18 23:00:00,Maitri,7.83,18.8,999.4,40.9
2013-01-19 00:00:00,Maitri,4.28,16.3,992.2,69.1
2013-01-19 01:00:00,Maitri,-8.28,16.44,988.7,58.4
2013-01-19 02:00:00,Maitri,1.25,5.82,998.0,52.5
2013-01-19 03:00:00,Maitri,0.31,4.69,980.4,75.5
2013-01-19 04:00:00,Maitri,-6.11,4.83,987.1,62.2
2013-01-19 05:00:00,Maitri,-0.52,27.12,973.9,52.9
2013-01-19 06:00:00,Maitri,-3.97,4.89,994.2,64.2
2013-01-19 07:00:00,Maitri,0.81,16.4,993.3,49.7
2013-01-19 08:00:00,Maitri,-5.72,12.6,978.7,81.4
2013-01-19 09:00:00,Maitri,-5.78,14.01,963.0,67.1
2013-01-19 10:00:00,Maitri,4.29,2.83,978.9,28.8
2013-01-19 11:00:00,Maitri,-2.18,6.57,1000.5,87.0
2013-01-19 12:00:00,Maitri,0.4,8.7,981.9,71.1
2013-01-19 13:00:00,Maitri,1.14,15.74,979.1,47.7
2013-01-19 14:00:00,Maitri,-2.78,13.75,977.1,38.2
2013-01-19 15:00:00,Maitri,-3.78,5.41,1000.7,66.0
2013-01-19 16:00:00,Maitri,-0.53,14.28,993.3,46.8
2013-01-19 17:00:00,Maitri,3.94,13.71,1001.8,40.9
2013-01-19 18:00:00,Maitri,-1.77,4.62,980.6,61.2
2013-01-19 19:00:00,Maitri,-0.82,3.82,980.0,63.1
2013-01-19 20:00:00,Maitri,-2.96,14.1,994.1,48.7
2013-01-19 21:00:00,Maitri,-1.1,16.12,992.6,53.7
2013-01-19 22:00:00,Maitri,-4.06,30.84,967.9,53.0
2013-01-19 23:00:00,Maitri,-1.02,7.66,979.7,35.7
2013-01-20 00:00:00,Maitri,1.14,7.96,998.0,63.0
2013-01-20 01:00:00,Maitri,2.71,24.28,990.2,64.3
2013-01-20 02:00:00,Maitri,0.98,18.21,976.3,86.7
2013-01-20 03:00:00,Maitri,-0.7,4.6,1006.3,48.1
2013-01-20 04:00:00,Maitri,4.61,10.47,1013.9,50.3
2013-01-20 05:00:00,Maitri,-2.52,5.79,978.8,47.2
2013-01-20 06:00:00,Maitri,-2.93,17.71,992.6,53.8
2013-01-20 07:00:00,Maitri,-8.71,21.0,991.0,57.4
2013-01-20 08:00:00,Maitri,-1.17,7.55,977.7,56.2
2013-01-20 09:00:00,Maitri,0.05,8.52,1003.4,73.1
2013-01-20 10:00:00,Maitri,1.61,13.85,988.3,65.8
2013-01-20 11:00:00,Maitri,-2.69,8.7,973.4,55.2
2013-01-20 12:00:00,Maitri,5.83,6.43,983.4,45.8
2013-01-20 13:00:00,Maitri,0.8,7.42,998.2,75.2
2013-01-20 14:00:00,Maitri,-6.03,14.5,994.7,66.5
2013-01-20 15:00:00,Maitri,-0.92,3.47,983.6,57.9
2013-01-20 16:00:00,Maitri,-2.35,16.86,984.3,50.9
2013-01-20 17:00:00,Maitri,2.38,13.15,985.2,45.0
2013-01-20 18:00:00,Maitri,-2.14,14.43,986.9,52.9
2013-01-20 19:00:00,Maitri,-5.22,5.54,976.6,47.2
2013-01-20 20:00:00,Maitri,-1.19,15.01,968.5,51.0
2013-01-20 21:00:00,Maitri,-4.2,7.86,978.8,51.8
2013-01-20 22:00:00,Maitri,-8.43,3.77,989.7,53.8
2013-01-20 23:00:00,Maitri,-5.26,26.49,984.8,57.7
2013-01-21 00:00:00,Maitri,-1.79,7.97,1004.1,68.0
2013-01-21 01:00:00,Maitri,-4.23,7.69,997.9,49.6
2013-01-21 02:00:00,Maitri,2.24,5.7,999.6,80.8
2013-01-21 03:00:00,Maitri,-6.95,4.4,982.4,53.9
2013-01-21 04:00:00,Maitri,-5.03,4.75,999.7,53.5
2013-01-21 05:00:00,Maitri,-5.83,5.59,998.1,52.0
2013-01-21 06:00:00,Maitri,-1.75,17.62,982.2,34.7
2013-01-21 07:00:00,Maitri,2.51,9.81,992.1,34.7
2013-01-21 08:00:00,Maitri,-2.27,15.57,988.9,59.3
2013-01-21 09:00:00,Maitri,-3.02,12.55,1001.6,64.9
2013-01-21 10:00:00,Maitri,2.05,11.16,973.9,74.5
2013-01-21 11:00:00,Maitri,5.77,27.99,997.3,51.6
2013-01-21 12:00:00,Maitri,-0.95,13.99,977.6,52.0
2013-01-21 13:00:00,Maitri,-9.11,22.07,976.4,60.4
2013-01-21 14:00:00,Maitri,-6.73,21.23,974.5,43.6
2013-01-21 15:00:00,Maitri,-0.42,5.97,985.1,49.3
2013-01-21 16:00:00,Maitri,-1.02,15.03,993.4,36.6
2013-01-21 17:00:00,Maitri,-9.8,11.28,976.8,59.5
2013-01-21 18:00:00,Maitri,-0.53,18.8,997.1,59.6
2013-01-21 19:00:00,Maitri,-0.09,11.75,986.5,54.1
2013-01-21 20:00:00,Maitri,-7.04,12.41,974.6,70.6
2013-01-21 21:00:00,Maitri,3.39,11.03,995.2,55.7
2013-01-21 22:00:00,Maitri,-1.73,8.75,990.9,51.8
2013-01-21 23:00:00,Maitri,-0.37,2.17,964.0,73.3
2013-01-22 00:00:00,Maitri,-4.26,16.08,975.4,68.0
2013-01-22 01:00:00,Maitri,3.64,48.0,998.5,55.6
2013-01-22 02:00:00,Maitri,5.89,9.68,978.9,45.6
2013-01-22 03:00:00,Maitri,-1.65,5.69,995.1,48.4
2013-01-22 04:00:00,Maitri,3.0,13.06,984.3,44.4
2013-01-22 05:00:00,Maitri,-6.2,5.18,991.8,59.0
2013-01-22 06:00:00,Maitri,-2.1,4.87,993.2,56.7
2013-01-22 07:00:00,Maitri,-5.57,26.3,977.0,70.6
2013-01-22 08:00:00,Maitri,-2.88,23.42,988.1,44.7
2013-01-22 09:00:00,Maitri,-5.49,20.8,1005.4,56.2
2013-01-22 10:00:00,Maitri,-3.31,19.47,993.2,41.4
2013-01-22 11:00:00,Maitri,0.03,10.3,1001.1,61.9
2013-01-22 12:00:00,Maitri,-8.01,9.14,964.0,71.7
2013-01-22 13:00:00,Maitri,-6.67,14.09,981.9,69.4
2013-01-22 14:00:00,Maitri,-3.71,11.51,995.7,45.9
2013-01-22 15:00:00,Maitri,-0.14,10.62,1008.8,51.4
2013-01-22 16:00:00,Maitri,3.85,15.33,991.8,55.6
2013-01-22 17:00:00,Maitri,-3.62,20.51,972.3,50.3
2013-01-22 18:00:00,Maitri,-2.5,13.09,983.7,67.7
2013-01-22 19:00:00,Maitri,-3.93,11.29,1000.7,76.6
2013-01-22 20:00:00,Maitri,-4.43,3.58,970.8,55.6
2013-01-22 21:00:00,Maitri,-1.82,9.22,986.6,34.1
2013-01-22 22:00:00,Maitri,-3.97,1.97,985.4,42.0
2013-01-22 23:00:00,Maitri,0.45,5.8,981.8,42.0
2013-01-23 00:00:00,Maitri,-3.06,8.09,989.7,55.1
2013-01-23 01:00:00,Maitri,-0.2,8.23,990.6,38.0
2013-01-23 02:00:00,Maitri,1.43,10.82,969.5,60.2
2013-01-23 03:00:00,Maitri,0.26,13.09,989.2,77.5
2013-01-23 04:00:00,Maitri,-4.94,3.94,987.5,41.7
2013-01-23 05:00:00,Maitri,-0.78,6.92,989.2,44.2
2013-01-23 06:00:00,Maitri,0.13,5.74,966.1,44.6
2013-01-23 07:00:00,Maitri,-3.03,3.66,990.0,81.2
2013-01-23 08:00:00,Maitri,2.87,9.39,997.9,66.9
2013-01-23 09:00:00,Maitri,-2.86,8.64,970.8,54.6
2013-01-23 10:00:00,Maitri,-4.17,16.22,998.6,40.7
2013-01-23 11:00:00,Maitri,-4.51,5.98,974.8,51.5
2013-01-23 12:00:00,Maitri,-1.35,5.18,991.3,57.8
2013-01-23 13:00:00,Maitri,0.2,4.99,981.6,72.3
2013-01-23 14:00:00,Maitri,-3.05,11.85,992.0,46.2
2013-01-23 15:00:00,Maitri,1.3,14.09,978.9,60.2
2013-01-23 16:00:00,Maitri,4.48,7.31,990.5,34.8
2013-01-23 17:00:00,Maitri,-5.19,4.89,992.7,62.9
2013-01-23 18:00:00,Maitri,0.07,8.0,979.4,48.1
2013-01-23 19:00:00,Maitri,2.63,4.33,977.2,42.5
2013-01-23 20:00:00,Maitri,-4.27,7.56,985.8,55.3
2013-01-23 21:00:00,Maitri,-6.67,9.18,984.0,61.1
2013-01-23 22:00:00,Maitri,-0.25,8.23,995.1,67.3
2013-01-23 23:00:00,Maitri,-0.89,2.89,980.8,85.5
2013-01-24 00:00:00,Maitri,-4.69,9.81,994.9,74.0
2013-01-24 01:00:00,Maitri,-0.49,8.88,999.5,61.0
2013-01-24 02:00:00,Maitri,-1.13,7.62,971.3,63.1
2013-01-24 03:00:00,Maitri,-2.93,37.22,1005.7,62.4
2013-01-24 04:00:00,Maitri,-0.29,5.96,1006.3,53.2
2013-01-24 05:00:00,Maitri,-3.33,11.7,988.6,46.9
2013-01-24 06:00:00,Maitri,-0.37,8.13,969.8,65.4
2013-01-24 07:00:00,Maitri,-11.14,5.8,994.3,80.8
2013-01-24 08:00:00,Maitri,-3.95,6.69,976.2,33.8
2013-01-24 09:00:00,Maitri,-2.15,7.33,994.7,39.7
2013-01-24 10:00:00,Maitri,-6.38,5.2,966.9,72.8
2013-01-24 11:00:00,Maitri,-3.26,6.18,986.3,33.2
2013-01-24 12:00:00,Maitri,-4.52,5.86,986.6,65.9
2013-01-24 13:00:00,Maitri,-2.23,11.74,983.1,58.2
2013-01-24 14:00:00,Maitri,-6.95,7.13,982.9,62.0
2013-01-24 15:00:00,Maitri,-7.0,8.86,1002.1,71.8
2013-01-24 16:00:00,Maitri,-6.32,17.59,991.2,41.7
2013-01-24 17:00:00,Maitri,-5.93,3.48,991.0,49.5
2013-01-24 18:00:00,Maitri,-6.39,7.57,990.1,72.1
2013-01-24 19:00:00,Maitri,-2.7,11.26,979.5,50.7
2013-01-24 20:00:00,Maitri,4.14,4.21,981.5,81.3
2013-01-24 21:00:00,Maitri,0.59,8.35,976.7,56.8
2013-01-24 22:00:00,Maitri,-8.03,13.35,979.9,82.9
2013-01-24 23:00:00,Maitri,2.01,19.62,962.6,66.7
2013-01-25 00:00:00,Maitri,-0.1,8.41,972.9,51.4
2013-01-25 01:00:00,Maitri,-2.83,7.77,1002.0,55.7
2013-01-25 02:00:00,Maitri,-6.33,6.25,1002.6,58.4
2013-01-25 03:00:00,Maitri,3.22,7.35,993.2,66.8
2013-01-25 04:00:00,Maitri,-5.83,17.07,986.6,56.6
2013-01-25 05:00:00,Maitri,-3.6,14.94,983.6,47.7
2013-01-25 06:00:00,Maitri,3.45,9.59,967.8,60.8
2013-01-25 07:00:00,Maitri,-1.31,10.92,976.9,61.0
2013-01-25 08:00:00,Maitri,0.12,6.76,978.8,78.5
2013-01-25 09:00:00,Maitri,-2.42,29.71,975.9,54.8
2013-01-25 10:00:00,Maitri,-2.97,6.92,987.9,39.0
2013-01-25 11:00:00,Maitri,-1.98,11.82,980.1,39.9
2013-01-25 12:00:00,Maitri,2.26,14.09,994.4,77.2
2013-01-25 13:00:00,Maitri,-2.28,14.85,999.5,42.3
2013-01-25 14:00:00,Maitri,-0.1,8.34,979.5,63.5
2013-01-25 15:00:00,Maitri,-6.9,5.02,1010.7,30.2
2013-01-25 16:00:00,Maitri,-0.57,7.11,992.8,59.9
2013-01-25 17:00:00,Maitri,-1.15,12.04,986.4,78.6
2013-01-25 18:00:00,Maitri,-1.95,14.59,981.6,51.9
2013-01-25 19:00:00,Maitri,1.79,13.4,1003.4,48.3
2013-01-25 20:00:00,Maitri,2.87,21.03,988.8,51.1
2013-01-25 21:00:00,Maitri,1.3,3.33,972.4,44.3
2013-01-25 22:00:00,Maitri,-1.83,1.55,989.4,45.0
2013-01-25 23:00:00,Maitri,-1.55,5.08,989.2,37.5
2013-01-26 00:00:00,Maitri,-1.59,5.36,988.3,54.8
2013-01-26 01:00:00,Maitri,0.87,2.55,983.5,56.6
2013-01-26 02:00:00,Maitri,-5.91,7.95,975.3,43.6
2013-01-26 03:00:00,Maitri,-8.09,19.73,979.8,51.4
2013-01-26 04:00:00,Maitri,1.54,10.29,989.0,67.5
2013-01-26 05:00:00,Maitri,-7.7,6.23,964.7,65.2
2013-01-26 06:00:00,Maitri,-9.66,4.45,995.6,49.4
2013-01-26 07:00:00,Maitri,2.76,10.77,983.1,57.0
2013-01-26 08:00:00,Maitri,-4.57,7.03,979.1,46.5
2013-01-26 09:00:00,Maitri,-8.39,16.01,980.1,57.6
2013-01-26 10:00:00,Maitri,1.38,9.05,985.9,75.1
2013-01-26 11:00:00,Maitri,-2.67,5.49,982.9,61.2
2013-01-26 12:00:00,Maitri,-3.59,6.82,983.7,61.7
2013-01-26 13:00:00,Maitri,-3.15,14.3,980.9,49.4
2013-01-26 14:00:00,Maitri,-2.56,21.83,994.1,45.2
2013-01-26 15:00:00,Maitri,-1.23,7.89,981.2,48.9
2013-01-26 16:00:00,Maitri,-4.42,16.72,987.9,61.5
2013-01-26 17:00:00,Maitri,-1.72,6.84,997.7,50.9
2013-01-26 18:00:00,Maitri,-2.48,6.5,982.1,48.9
2013-01-26 19:00:00,Maitri,-10.88,21.43,994.9,31.0
2013-01-26 20:00:00,Maitri,-7.56,10.32,968.2,64.2
2013-01-26 21:00:00,Maitri,-6.04,8.09,968.1,64.6
2013-01-26 22:00:00,Maitri,-3.26,4.98,974.7,66.5
2013-01-26 23:00:00,Maitri,-0.99,6.47,990.6,50.0
2013-01-27 00:00:00,Maitri,3.91,7.29,988.3,65.9
2013-01-27 01:00:00,Maitri,-6.8,14.46,965.0,61.6
2013-01-27 02:00:00,Maitri,-1.56,7.99,993.5,84.9
2013-01-27 03:00:00,Maitri,-0.67,7.9,989.5,45.2
2013-01-27 04:00:00,Maitri,1.03,10.51,983.1,58.5
2013-01-27 05:00:00,Maitri,-3.23,1.7,991.0,42.7
2013-01-27 06:00:00,Maitri,-1.37,6.56,1006.1,41.4
2013-01-27 07:00:00,Maitri,-1.64,15.91,979.6,49.5
2013-01-27 08:00:00,Maitri,-0.28,12.57,971.6,36.4
2013-01-27 09:00:00,Maitri,-0.52,9.7,999.5,59.4
2013-01-27 10:00:00,Maitri,-12.85,11.87,962.2,42.6
2013-01-27 11:00:00,Maitri,-3.47,22.06,989.4,47.7
2013-01-27 12:00:00,Maitri,-1.55,9.8,988.2,40.1
2013-01-27 13:00:00,Maitri,-8.24,11.61,978.2,39.1
2013-01-27 14:00:00,Maitri,2.59,8.39,992.0,65.1
2013-01-27 15:00:00,Maitri,-3.89,26.11,973.6,40.9
2013-01-27 16:00:00,Maitri,1.42,46.56,999.7,48.5
2013-01-27 17:00:00,Maitri,-6.32,8.44,974.7,62.7
2013-01-27 18:00:00,Maitri,-2.91,10.01,991.2,53.9
2013-01-27 19:00:00,Maitri,-2.3,4.07,973.4,47.3
2013-01-27 20:00:00,Maitri,-4.33,12.8,993.1,71.6
2013-01-27 21:00:00,Maitri,-5.35,19.63,982.4,60.9
2013-01-27 22:00:00,Maitri,-0.91,10.64,986.1,66.9
2013-01-27 23:00:00,Maitri,-1.6,15.43,995.8,59.9
2013-01-28 00:00:00,Maitri,-3.68,17.0,992.5,71.2
2013-01-28 01:00:00,Maitri,1.14,2.19,1000.4,51.1
2013-01-28 02:00:00,Maitri,-0.89,11.23,990.7,68.8
2013-01-28 03:00:00,Maitri,-3.82,16.03,978.5,61.5
2013-01-28 04:00:00,Maitri,-7.7,11.48,966.4,53.7
2013-01-28 05:00:00,Maitri,0.95,15.95,990.0,60.6
2013-01-28 06:00:00,Maitri,-2.28,5.41,989.2,65.1
2013-01-28 07:00:00,Maitri,-5.67,1.76,977.2,62.7
2013-01-28 08:00:00,Maitri,-8.49,5.62,1004.5,49.6
2013-01-28 09:00:00,Maitri,3.1,11.05,974.1,52.0
2013-01-28 10:00:00,Maitri,-1.89,6.0,998.8,44.4
2013-01-28 11:00:00,Maitri,-5.38,8.4,986.8,47.3
2013-01-28 12:00:00,Maitri,-3.44,12.41,995.3,57.9
2013-01-28 13:00:00,Maitri,-9.17,11.02,966.7,62.0
2013-01-28 14:00:00,Maitri,0.9,3.94,981.2,34.9
2013-01-28 15:00:00,Maitri,-1.87,5.76,1008.5,60.2
2013-01-28 16:00:00,Maitri,0.38,20.66,989.5,59.9
2013-01-28 17:00:00,Maitri,-8.62,15.22,980.6,65.4
2013-01-28 18:00:00,Maitri,-1.37,10.56,966.3,62.1
2013-01-28 19:00:00,Maitri,-3.84,6.56,997.4,42.6
2013-01-28 20:00:00,Maitri,-0.63,4.7,976.5,46.6
2013-01-28 21:00:00,Maitri,-2.22,6.4,975.1,32.5
2013-01-28 22:00:00,Maitri,-3.68,8.92,956.1,78.2
2013-01-28 23:00:00,Maitri,-5.52,14.55,988.1,61.2
2013-01-29 00:00:00,Maitri,-4.33,13.05,984.9,56.3
2013-01-29 01:00:00,Maitri,-7.33,11.85,996.1,41.3
2013-01-29 02:00:00,Maitri,-3.14,18.28,990.5,36.7
2013-01-29 03:00:00,Maitri,4.28,7.87,997.7,61.4
2013-01-29 04:00:00,Maitri,0.49,1.57,969.5,35.9
2013-01-29 05:00:00,Maitri,0.8,11.49,993.3,46.8
2013-01-29 06:00:00,Maitri,-1.38,8.0,1000.6,65.1
2013-01-29 07:00:00,Maitri,-0.29,12.49,987.0,53.4
2013-01-29 08:00:00,Maitri,-2.71,7.76,1006.8,77.6
2013-01-29 09:00:00,Maitri,-6.12,16.38,984.4,63.8
2013-01-29 10:00:00,Maitri,-5.65,30.01,969.1,56.1
2013-01-29 11:00:00,Maitri,1.26,5.34,967.3,57.5
2013-01-29 12:00:00,Maitri,-4.68,16.47,964.3,75.6
2013-01-29 13:00:00,Maitri,-2.73,6.73,991.5,55.0
2013-01-29 14:00:00,Maitri,0.33,15.43,993.5,46.8
2013-01-29 15:00:00,Maitri,-3.99,10.3,984.3,43.0
2013-01-29 16:00:00,Maitri,-0.95,1.59,982.1,55.0
2013-01-29 17:00:00,Maitri,-6.22,23.61,994.3,59.3
2013-01-29 18:00:00,Maitri,-3.75,12.73,998.6,56.9
2013-01-29 19:00:00,Maitri,-4.5,26.53,997.7,65.7
2013-01-29 20:00:00,Maitri,-0.32,8.15,998.2,62.9
2013-01-29 21:00:00,Maitri,-0.64,11.3,992.9,60.9
2013-01-29 22:00:00,Maitri,-0.78,11.89,995.6,63.3
2013-01-29 23:00:00,Maitri,-2.75,5.75,977.9,29.1
2013-01-30 00:00:00,Maitri,-0.86,10.05,997.5,60.8
2013-01-30 01:00:00,Maitri,-4.85,18.83,989.1,61.5
2013-01-30 02:00:00,Maitri,-4.07,9.62,982.5,40.1
2013-01-30 03:00:00,Maitri,-0.17,14.22,981.4,52.3
2013-01-30 04:00:00,Maitri,-3.01,1.87,998.2,69.2
2013-01-30 05:00:00,Maitri,-5.56,4.46,982.0,55.8
2013-01-30 06:00:00,Maitri,-2.61,5.4,1004.5,55.7
2013-01-30 07:00:00,Maitri,2.33,3.69,1009.4,71.5
2013-01-30 08:00:00,Maitri,-3.48,17.99,991.3,62.7
2013-01-30 09:00:00,Maitri,-2.54,19.78,989.2,44.8
2013-01-30 10:00:00,Maitri,0.07,15.82,973.3,40.7
2013-01-30 11:00:00,Maitri,1.37,9.57,989.6,64.6
2013-01-30 12:00:00,Maitri,-1.23,7.39,992.8,44.3
2013-01-30 13:00:00,Maitri,-3.87,8.98,990.0,38.8
2013-01-30 14:00:00,Maitri,0.42,4.91,993.1,53.7
2013-01-30 15:00:00,Maitri,-4.84,9.77,1004.2,61.5
2013-01-30 16:00:00,Maitri,4.73,5.07,992.3,51.2
2013-01-30 17:00:00,Maitri,-5.36,10.37,969.9,47.5
2013-01-30 18:00:00,Maitri,0.23,8.62,977.5,35.4
2013-01-30 19:00:00,Maitri,-5.66,10.75,987.9,53.4
2013-01-30 20:00:00,Maitri,1.99,9.08,982.6,42.4
2013-01-30 21:00:00,Maitri,-11.0,3.47,976.6,60.1
2013-01-30 22:00:00,Maitri,-5.18,12.02,982.2,74.2
2013-01-30 23:00:00,Maitri,-8.94,11.12,977.6,48.3
2013-01-31 00:00:00,Maitri,-6.59,6.14,988.4,67.0
2013-01-31 01:00:00,Maitri,-0.96,8.06,1002.9,38.3
2013-01-31 02:00:00,Maitri,3.56,11.93,984.5,45.5
2013-01-31 03:00:00,Maitri,-5.44,9.25,982.7,42.1
2013-01-31 04:00:00,Maitri,-3.57,9.8,982.7,47.8
2013-01-31 05:00:00,Maitri,1.3,30.58,983.1,65.0
2013-01-31 06:00:00,Maitri,-3.56,17.5,967.4,60.4
2013-01-31 07:00:00,Maitri,-2.11,7.75,982.0,74.2
2013-01-31 08:00:00,Maitri,-9.71,11.5,986.2,47.5
2013-01-31 09:00:00,Maitri,-0.71,14.76,1001.1,61.8
2013-01-31 10:00:00,Maitri,-6.83,11.55,977.3,57.3
2013-01-31 11:00:00,Maitri,-3.28,11.96,962.7,58.5
2013-01-31 12:00:00,Maitri,-2.78,6.11,975.7,57.8
2013-01-31 13:00:00,Maitri,-6.87,6.41,996.6,53.5
2013-01-31 14:00:00,Maitri,0.78,10.52,972.8,57.3
2013-01-31 15:00:00,Maitri,-1.29,16.6,969.5,59.6
2013-01-31 16:00:00,Maitri,-1.97,15.13,990.4,66.5
2013-01-31 17:00:00,Maitri,-1.38,10.37,977.7,65.6
2013-01-31 18:00:00,Maitri,-6.01,7.98,980.7,62.5
2013-01-31 19:00:00,Maitri,-8.76,15.38,989.4,65.5
2013-01-31 20:00:00,Maitri,2.32,13.24,981.2,64.7
2013-01-31 21:00:00,Maitri,-0.33,23.21,995.7,60.2
2013-01-31 22:00:00,Maitri,4.54,10.04,1003.6,58.9
2013-01-31 23:00:00,Maitri,-3.21,10.18,983.7,57.3
2013-02-01 00:00:00,Maitri,-5.58,11.88,979.1,56.4
2013-02-01 01:00:00,Maitri,-4.3,6.25,981.6,68.6
2013-02-01 02:00:00,Maitri,-4.67,20.5,979.0,65.6
2013-02-01 03:00:00,Maitri,-3.05,12.29,961.9,49.8
2013-02-01 04:00:00,Maitri,-7.31,4.1,987.1,51.9
2013-02-01 05:00:00,Maitri,-7.79,6.05,979.0,50.1
2013-02-01 06:00:00,Maitri,-3.25,16.09,983.0,71.9
2013-02-01 07:00:00,Maitri,-1.28,14.73,986.3,45.3
2013-02-01 08:00:00,Maitri,-3.66,4.75,990.6,59.1
2013-02-01 09:00:00,Maitri,1.11,3.83,991.0,53.8
2013-02-01 10:00:00,Maitri,-2.44,6.1,968.7,92.0
2013-02-01 11:00:00,Maitri,-4.28,3.81,995.0,67.4
2013-02-01 12:00:00,Maitri,-1.93,8.37,995.0,71.1
2013-02-01 13:00:00,Maitri,-1.71,5.75,981.8,52.8
2013-02-01 14:00:00,Maitri,3.09,15.73,979.4,54.2
2013-02-01 15:00:00,Maitri,-7.46,11.72,985.2,57.7
2013-02-01 16:00:00,Maitri,0.13,6.12,992.8,51.3
2013-02-01 17:00:00,Maitri,-8.44,4.02,985.5,44.9
2013-02-01 18:00:00,Maitri,-10.4,10.28,994.9,64.5
2013-02-01 19:00:00,Maitri,-8.34,2.3,976.5,87.0
2013-02-01 20:00:00,Maitri,-1.05,8.56,996.2,42.6
2013-02-01 21:00:00,Maitri,-0.64,4.23,985.6,64.7
2013-02-01 22:00:00,Maitri,1.07,15.07,973.7,72.9
2013-02-01 23:00:00,Maitri,-9.29,13.96,991.5,70.4
2013-02-02 00:00:00,Maitri,-5.94,8.71,1006.9,63.3
2013-02-02 01:00:00,Maitri,-6.51,7.11,996.9,59.6
2013-02-02 02:00:00,Maitri,-6.23,18.13,991.8,58.0
2013-02-02 03:00:00,Maitri,-5.4,11.65,974.1,43.3
2013-02-02 04:00:00,Maitri,-5.72,12.09,987.4,58.4
2013-02-02 05:00:00,Maitri,-0.39,7.8,982.2,64.5
2013-02-02 06:00:00,Maitri,-3.72,12.39,985.1,47.1
2013-02-02 07:00:00,Maitri,-3.88,19.43,983.5,62.4
2013-02-02 08:00:00,Maitri,-4.13,20.76,989.0,52.6
2013-02-02 09:00:00,Maitri,-1.12,14.44,993.2,39.8
2013-02-02 10:00:00,Maitri,-0.91,14.61,961.1,78.3
2013-02-02 11:00:00,Maitri,0.64,11.99,989.5,47.4
2013-02-02 12:00:00,Maitri,-1.54,19.41,979.6,68.5
2013-02-02 13:00:00,Maitri,0.42,18.05,982.7,57.5
2013-02-02 14:00:00,Maitri,3.69,4.9,990.6,54.1
2013-02-02 15:00:00,Maitri,-2.41,10.69,985.3,76.2
2013-02-02 16:00:00,Maitri,-6.25,4.71,990.4,45.4
2013-02-02 17:00:00,Maitri,-8.15,7.79,971.6,37.8
2013-02-02 18:00:00,Maitri,-6.29,14.13,995.5,67.8
2013-02-02 19:00:00,Maitri,-2.53,6.33,985.7,66.0
2013-02-02 20:00:00,Maitri,3.52,13.91,993.4,65.0
2013-02-02 21:00:00,Maitri,-4.32,11.65,986.6,46.9
2013-02-02 22:00:00,Maitri,3.83,11.53,985.1,52.3
2013-02-02 23:00:00,Maitri,-2.43,9.63,984.0,39.6
2013-02-03 00:00:00,Maitri,-6.6,3.19,970.8,53.6
2013-02-03 01:00:00,Maitri,-5.67,10.27,984.7,48.3
2013-02-03 02:00:00,Maitri,-4.04,7.46,974.1,58.7
2013-02-03 03:00:00,Maitri,-2.67,6.57,987.1,63.4
2013-02-03 04:00:00,Maitri,-4.05,3.05,992.6,66.1
2013-02-03 05:00:00,Maitri,-2.73,16.11,991.7,45.6
2013-02-03 06:00:00,Maitri,2.77,3.6,994.9,32.1
2013-02-03 07:00:00,Maitri,1.05,5.76,1009.3,38.6
2013-02-03 08:00:00,Maitri,-3.29,10.77,978.4,59.8
2013-02-03 09:00:00,Maitri,-9.91,9.27,1001.7,44.6
2013-02-03 10:00:00,Maitri,-1.83,12.51,986.0,81.5
2013-02-03 11:00:00,Maitri,-1.91,4.63,971.5,66.9
2013-02-03 12:00:00,Maitri,0.65,4.59,989.5,69.0
2013-02-03 13:00:00,Maitri,-2.77,20.5,994.3,54.9
2013-02-03 14:00:00,Maitri,-7.33,12.11,980.2,65.1
2013-02-03 15:00:00,Maitri,-3.04,8.95,977.0,42.7
2013-02-03 16:00:00,Maitri,-1.81,7.62,1009.9,82.6
2013-02-03 17:00:00,Maitri,-7.25,13.03,986.0,64.8
2013-02-03 18:00:00,Maitri,-4.78,6.83,1016.2,52.9
2013-02-03 19:00:00,Maitri,-6.69,2.31,1001.3,58.1
2013-02-03 20:00:00,Maitri,3.58,1.09,984.0,67.8
2013-02-03 21:00:00,Maitri,-6.42,8.97,992.5,65.4
2013-02-03 22:00:00,Maitri,-4.87,8.73,976.0,24.5
2013-02-03 23:00:00,Maitri,-2.04,1.77,983.5,56.5
2013-02-04 00:00:00,Maitri,-4.48,7.36,989.2,59.7
2013-02-04 01:00:00,Maitri,-2.51,3.36,990.2,47.5
2013-02-04 02:00:00,Maitri,-3.68,13.97,991.5,42.0
2013-02-04 03:00:00,Maitri,-2.25,19.83,973.0,56.0
2013-02-04 04:00:00,Maitri,0.01,7.77,985.7,62.5
2013-02-04 05:00:00,Maitri,-1.64,10.45,991.3,59.5
2013-02-04 06:00:00,Maitri,-0.05,11.67,993.3,50.9
2013-02-04 07:00:00,Maitri,-2.94,6.58,1003.3,56.2
2013-02-04 08:00:00,Maitri,-2.75,10.56,991.3,49.4
2013-02-04 09:00:00,Maitri,-4.79,3.16,968.9,56.5
2013-02-04 10:00:00,Maitri,-4.73,5.56,991.0,54.3
2013-02-04 11:00:00,Maitri,-5.16,5.54,967.6,51.9
2013-02-04 12:00:00,Maitri,-1.04,10.88,963.0,59.2
2013-02-04 13:00:00,Maitri,0.49,2.43,968.4,47.1
2013-02-04 14:00:00,Maitri,-0.69,37.68,981.4,29.9
2013-02-04 15:00:00,Maitri,-0.25,9.35,985.2,66.4
2013-02-04 16:00:00,Maitri,-2.5,5.5,1006.5,77.2
2013-02-04 17:00:00,Maitri,-4.61,4.24,988.6,64.4
2013-02-04 18:00:00,Maitri,1.55,18.08,982.6,53.9
2013-02-04 19:00:00,Maitri,-2.17,8.07,987.2,65.0
2013-02-04 20:00:00,Maitri,-10.12,16.02,985.5,44.3
2013-02-04 21:00:00,Maitri,-3.47,8.14,977.6,66.7
2013-02-04 22:00:00,Maitri,-4.42,10.96,992.2,44.8
2013-02-04 23:00:00,Maitri,-3.27,12.97,972.2,66.3
2013-02-05 00:00:00,Maitri,-8.78,24.73,971.4,53.9
2013-02-05 01:00:00,Maitri,-1.49,17.95,970.2,54.7
2013-02-05 02:00:00,Maitri,-4.54,7.7,988.9,60.2
2013-02-05 03:00:00,Maitri,1.41,5.62,987.7,69.6
2013-02-05 04:00:00,Maitri,-9.36,9.95,972.7,59.4
2013-02-05 05:00:00,Maitri,1.23,12.52,968.3,82.9
2013-02-05 06:00:00,Maitri,-4.18,10.94,972.6,79.6
2013-02-05 07:00:00,Maitri,-1.25,17.0,985.5,60.4
2013-02-05 08:00:00,Maitri,-5.93,8.53,972.5,31.0
2013-02-05 09:00:00,Maitri,-1.49,8.35,969.9,46.8
2013-02-05 10:00:00,Maitri,-7.52,8.66,975.1,20.0
2013-02-05 11:00:00,Maitri,-1.16,11.05,980.9,44.9
2013-02-05 12:00:00,Maitri,-5.79,9.77,981.7,74.6
2013-02-05 13:00:00,Maitri,-8.36,5.48,982.7,49.1
2013-02-05 14:00:00,Maitri,-1.77,4.14,1005.5,39.4
2013-02-05 15:00:00,Maitri,-0.92,2.75,990.2,60.8
2013-02-05 16:00:00,Maitri,-3.69,5.38,970.5,54.0
2013-02-05 17:00:00,Maitri,-0.38,7.78,983.4,61.2
2013-02-05 18:00:00,Maitri,2.8,12.74,1000.0,54.4
2013-02-05 19:00:00,Maitri,0.81,10.2,983.1,49.5
2013-02-05 20:00:00,Maitri,-6.67,9.66,997.9,57.1
2013-02-05 21:00:00,Maitri,-10.21,6.37,981.3,56.6
2013-02-05 22:00:00,Maitri,-5.09,8.9,982.8,69.9
2013-02-05 23:00:00,Maitri,-7.12,28.32,997.2,41.2
2013-02-06 00:00:00,Maitri,1.16,18.7,1003.7,62.4
2013-02-06 01:00:00,Maitri,-4.57,7.94,997.4,69.5
2013-02-06 02:00:00,Maitri,-6.73,5.63,977.1,60.7
2013-02-06 03:00:00,Maitri,0.81,2.9,967.8,47.8
2013-02-06 04:00:00,Maitri,-1.86,9.41,996.6,44.0
2013-02-06 05:00:00,Maitri,-4.51,15.02,979.4,59.7
2013-02-06 06:00:00,Maitri,4.07,7.27,975.7,63.8
2013-02-06 07:00:00,Maitri,-1.44,14.32,1003.9,77.5
2013-02-06 08:00:00,Maitri,-7.81,11.67,1008.1,47.2
2013-02-06 09:00:00,Maitri,-8.18,8.21,980.3,45.9
2013-02-06 10:00:00,Maitri,-5.85,6.92,984.7,69.5
2013-02-06 11:00:00,Maitri,0.82,5.46,989.1,56.2
2013-02-06 12:00:00,Maitri,2.86,4.54,994.8,62.8
2013-02-06 13:00:00,Maitri,-3.12,10.17,991.5,48.6
2013-02-06 14:00:00,Maitri,-4.91,10.77,988.6,70.2
2013-02-06 15:00:00,Maitri,-0.45,5.9,1003.2,62.3
2013-02-06 16:00:00,Maitri,1.88,18.26,995.3,71.7
2013-02-06 17:00:00,Maitri,-8.81,12.3,990.2,32.1
2013-02-06 18:00:00,Maitri,-4.24,6.95,975.2,63.4
2013-02-06 19:00:00,Maitri,-0.65,16.44,988.2,66.5
2013-02-06 20:00:00,Maitri,0.35,16.9,986.2,61.7
2013-02-06 21:00:00,Maitri,-4.4,10.18,973.3,31.5
2013-02-06 22:00:00,Maitri,-1.63,5.99,1006.7,45.0
2013-02-06 23:00:00,Maitri,2.11,4.21,987.2,53.2
2013-02-07 00:00:00,Maitri,-11.32,3.67,969.5,49.8
2013-02-07 01:00:00,Maitri,-0.7,5.64,966.0,47.1
2013-02-07 02:00:00,Maitri,2.37,23.09,988.0,58.4
2013-02-07 03:00:00,Maitri,-5.27,8.0,990.7,68.2
2013-02-07 04:00:00,Maitri,-5.52,16.42,991.3,44.3
2013-02-07 05:00:00,Maitri,-6.83,17.42,1000.6,51.1
2013-02-07 06:00:00,Maitri,-3.15,18.6,997.1,41.5
2013-02-07 07:00:00,Maitri,-0.81,17.62,991.3,73.4
2013-02-07 08:00:00,Maitri,-6.2,13.54,996.6,42.1
2013-02-07 09:00:00,Maitri,-0.77,8.28,972.8,44.0
2013-02-07 10:00:00,Maitri,2.02,7.95,976.6,39.3
2013-02-07 11:00:00,Maitri,1.38,10.2,986.8,59.3
2013-02-07 12:00:00,Maitri,4.23,28.28,972.0,63.5
2013-02-07 13:00:00,Maitri,-1.37,3.99,999.0,48.7
2013-02-07 14:00:00,Maitri,-2.33,11.04,998.5,77.1
2013-02-07 15:00:00,Maitri,0.94,15.65,981.6,65.0
2013-02-07 16:00:00,Maitri,-6.86,13.56,977.7,50.6
2013-02-07 17:00:00,Maitri,-6.74,7.53,986.2,58.1
2013-02-07 18:00:00,Maitri,-4.95,1.82,1003.6,70.9
2013-02-07 19:00:00,Maitri,-7.1,8.93,984.4,43.2
2013-02-07 20:00:00,Maitri,-0.27,10.48,972.3,67.7
2013-02-07 21:00:00,Maitri,-2.37,5.25,959.5,60.1
2013-02-07 22:00:00,Maitri,-4.8,16.17,979.3,52.9
2013-02-07 23:00:00,Maitri,-9.97,6.95,974.3,68.9
2013-02-08 00:00:00,Maitri,-6.64,4.43,1012.2,60.3
2013-02-08 01:00:00,Maitri,2.08,5.03,978.3,36.2
2013-02-08 02:00:00,Maitri,3.83,7.23,1014.6,41.7
2013-02-08 03:00:00,Maitri,3.14,6.58,991.9,68.8
2013-02-08 04:00:00,Maitri,-2.12,11.18,979.3,46.6
2013-02-08 05:00:00,Maitri,-7.23,19.25,987.3,60.5
2013-02-08 06:00:00,Maitri,-5.42,14.42,981.3,54.8
2013-02-08 07:00:00,Maitri,-0.39,11.19,979.1,67.6
2013-02-08 08:00:00,Maitri,5.1,5.14,988.1,54.0
2013-02-08 09:00:00,Maitri,-0.25,23.01,997.5,40.7
2013-02-08 10:00:00,Maitri,-3.05,9.45,988.7,35.5
2013-02-08 11:00:00,Maitri,-2.54,7.22,990.8,55.2
2013-02-08 12:00:00,Maitri,-7.35,15.44,981.8,78.7
2013-02-08 13:00:00,Maitri,-8.01,5.88,968.2,72.3
2013-02-08 14:00:00,Maitri,-5.42,4.95,967.0,58.6
2013-02-08 15:00:00,Maitri,-3.5,11.08,999.0,57.6
2013-02-08 16:00:00,Maitri,-6.71,4.89,1001.5,65.9
2013-02-08 17:00:00,Maitri,2.95,5.8,984.2,74.4
2013-02-08 18:00:00,Maitri,-5.94,6.83,971.0,67.5
2013-02-08 19:00:00,Maitri,-3.76,19.88,1000.7,51.7
2013-02-08 20:00:00,Maitri,-6.07,26.96,984.6,58.0
2013-02-08 21:00:00,Maitri,-7.09,5.11,1001.8,43.6
2013-02-08 22:00:00,Maitri,-5.81,23.07,994.4,54.8
2013-02-08 23:00:00,Maitri,2.71,8.34,985.1,48.4
2013-02-09 00:00:00,Maitri,-1.08,7.37,990.9,62.7
2013-02-09 01:00:00,Maitri,-3.11,8.41,985.7,51.5
2013-02-09 02:00:00,Maitri,-3.94,21.56,974.0,68.5
2013-02-09 03:00:00,Maitri,1.18,10.87,985.7,63.9
2013-02-09 04:00:00,Maitri,-2.14,31.96,981.3,48.0
2013-02-09 05:00:00,Maitri,-4.11,19.78,980.9,56.9
2013-02-09 06:00:00,Maitri,-1.58,17.32,993.4,40.7
2013-02-09 07:00:00,Maitri,-6.48,2.03,992.5,45.9
2013-02-09 08:00:00,Maitri,-4.56,8.76,1000.6,48.4
2013-02-09 09:00:00,Maitri,1.59,13.83,985.6,53.7
2013-02-09 10:00:00,Maitri,3.71,14.02,997.5,40.8
2013-02-09 11:00:00,Maitri,-6.77,8.41,1007.2,56.4
2013-02-09 12:00:00,Maitri,-3.77,29.56,980.9,47.0
2013-02-09 13:00:00,Maitri,-2.4,6.29,986.3,50.0
2013-02-09 14:00:00,Maitri,-3.61,7.22,996.2,62.6
2013-02-09 15:00:00,Maitri,0.47,10.64,996.7,50.6
2013-02-09 16:00:00,Maitri,-6.92,18.67,990.0,79.4
2013-02-09 17:00:00,Maitri,-1.86,9.85,978.7,54.8
2013-02-09 18:00:00,Maitri,-0.1,8.68,976.6,65.7
2013-02-09 19:00:00,Maitri,3.22,5.1,984.1,43.3
2013-02-09 20:00:00,Maitri,-7.62,5.09,990.6,55.1
2013-02-09 21:00:00,Maitri,-3.52,3.58,990.1,78.1
2013-02-09 22:00:00,Maitri,-2.03,7.47,967.6,54.4
2013-02-09 23:00:00,Maitri,-3.81,7.93,991.7,72.9
2013-02-10 00:00:00,Maitri,-6.57,8.77,980.1,53.1
2013-02-10 01:00:00,Maitri,-8.07,12.08,994.6,73.1
2013-02-10 02:00:00,Maitri,0.08,10.27,984.6,53.8
2013-02-10 03:00:00,Maitri,-1.14,11.99,1011.3,39.5
2013-02-10 04:00:00,Maitri,1.15,6.75,967.9,62.0
2013-02-10 05:00:00,Maitri,-6.33,21.08,997.5,58.6
2013-02-10 06:00:00,Maitri,-5.08,7.38,987.4,55.8
2013-02-10 07:00:00,Maitri,2.92,11.39,970.8,40.4
2013-02-10 08:00:00,Maitri,0.03,8.12,968.2,69.0
2013-02-10 09:00:00,Maitri,-0.41,11.58,984.9,59.2
2013-02-10 10:00:00,Maitri,-0.97,9.72,991.2,52.3
2013-02-10 11:00:00,Maitri,-9.96,14.33,983.1,54.3
2013-02-10 12:00:00,Maitri,0.87,5.59,985.5,65.7
2013-02-10 13:00:00,Maitri,-9.15,9.58,994.2,35.8
2013-02-10 14:00:00,Maitri,-5.52,27.19,984.4,39.7
2013-02-10 15:00:00,Maitri,-2.05,11.16,985.9,73.6
2013-02-10 16:00:00,Maitri,-2.51,18.13,984.3,66.7
2013-02-10 17:00:00,Maitri,-4.7,22.82,968.2,69.0
2013-02-10 18:00:00,Maitri,-3.25,16.51,1014.8,73.0
2013-02-10 19:00:00,Maitri,-3.53,13.31,992.6,67.6
2013-02-10 20:00:00,Maitri,-1.25,5.42,979.8,56.3
2013-02-10 21:00:00,Maitri,-1.49,11.61,992.3,73.7
2013-02-10 22:00:00,Maitri,-2.58,6.98,977.9,65.1
2013-02-10 23:00:00,Maitri,-1.54,3.03,992.2,59.3
2013-02-11 00:00:00,Maitri,-2.28,16.14,984.5,56.2
2013-02-11 01:00:00,Maitri,-2.17,3.43,974.8,64.4
2013-02-11 02:00:00,Maitri,-1.64,12.33,959.4,37.2
2013-02-11 03:00:00,Maitri,-3.74,18.97,992.2,45.9
2013-02-11 04:00:00,Maitri,-3.66,5.26,977.2,46.7
2013-02-11 05:00:00,Maitri,0.35,14.71,1010.6,57.1
2013-02-11 06:00:00,Maitri,-5.43,3.52,973.1,64.3
2013-02-11 07:00:00,Maitri,-7.17,10.0,996.2,52.8
2013-02-11 08:00:00,Maitri,-1.26,14.53,981.8,72.5
2013-02-11 09:00:00,Maitri,-1.5,26.6,991.7,72.9
2013-02-11 10:00:00,Maitri,0.62,11.35,991.1,48.2
2013-02-11 11:00:00,Maitri,-2.95,24.69,968.6,61.2
2013-02-11 12:00:00,Maitri,-2.45,8.81,972.8,71.9
2013-02-11 13:00:00,Maitri,-4.11,6.95,989.7,47.5
2013-02-11 14:00:00,Maitri,-8.35,6.21,985.0,48.6
2013-02-11 15:00:00,Maitri,-3.91,13.56,973.7,54.4
2013-02-11 16:00:00,Maitri,-0.44,10.33,992.8,56.7
2013-02-11 17:00:00,Maitri,-2.48,10.75,979.4,65.6
2013-02-11 18:00:00,Maitri,0.27,37.99,981.3,43.8
2013-02-11 19:00:00,Maitri,-1.01,8.16,998.6,58.9
2013-02-11 20:00:00,Maitri,-3.74,8.58,986.0,60.1
2013-02-11 21:00:00,Maitri,4.97,12.34,978.0,78.6
2013-02-11 22:00:00,Maitri,2.46,2.54,986.9,38.2
2013-02-11 23:00:00,Maitri,-4.64,4.52,992.7,58.7
2013-02-12 00:00:00,Maitri,-3.55,9.51,999.0,61.0
2013-02-12 01:00:00,Maitri,2.01,12.2,980.9,38.3
2013-02-12 02:00:00,Maitri,3.63,8.07,980.7,54.7
2013-02-12 03:00:00,Maitri,3.0,11.44,969.9,55.4
2013-02-12 04:00:00,Maitri,-7.57,18.94,1012.4,67.8
2013-02-12 05:00:00,Maitri,-1.63,2.06,986.9,49.2
2013-02-12 06:00:00,Maitri,2.46,9.88,980.6,50.0
2013-02-12 07:00:00,Maitri,-3.16,14.32,1009.3,48.6
2013-02-12 08:00:00,Maitri,2.56,7.06,986.5,43.1
2013-02-12 09:00:00,Maitri,-3.21,5.96,991.3,58.3
2013-02-12 10:00:00,Maitri,-1.31,1.34,987.8,74.8
2013-02-12 11:00:00,Maitri,-4.73,12.62,980.8,59.0
2013-02-12 12:00:00,Maitri,-4.7,7.97,995.9,43.4
2013-02-12 13:00:00,Maitri,-5.55,10.76,992.0,53.6
2013-02-12 14:00:00,Maitri,-3.12,10.77,980.0,48.8
2013-02-12 15:00:00,Maitri,-5.93,11.3,999.9,54.5
2013-02-12 16:00:00,Maitri,1.84,3.43,982.3,46.3
2013-02-12 17:00:00,Maitri,-4.27,10.0,1004.2,52.5
2013-02-12 18:00:00,Maitri,-2.09,9.04,981.7,59.4
2013-02-12 19:00:00,Maitri,-4.07,2.94,992.3,43.1
2013-02-12 20:00:00,Maitri,1.2,9.25,989.0,52.5
2013-02-12 21:00:00,Maitri,-2.52,4.3,972.5,81.7
2013-02-12 22:00:00,Maitri,-0.6,2.73,963.9,49.0
2013-02-12 23:00:00,Maitri,-2.32,8.76,990.9,46.8
2013-02-13 00:00:00,Maitri,1.66,15.18,974.6,41.9
2013-02-13 01:00:00,Maitri,-3.59,10.79,991.4,53.3
2013-02-13 02:00:00,Maitri,-9.52,9.48,958.6,63.2
2013-02-13 03:00:00,Maitri,-1.84,5.63,1007.3,56.3
2013-02-13 04:00:00,Maitri,-2.27,3.79,971.1,46.2
2013-02-13 05:00:00,Maitri,-4.11,13.35,985.4,47.9
2013-02-13 06:00:00,Maitri,-4.43,11.28,981.7,53.0
2013-02-13 07:00:00,Maitri,-3.33,21.97,995.1,66.5
2013-02-13 08:00:00,Maitri,-2.95,3.8,1006.6,60.0
2013-02-13 09:00:00,Maitri,0.08,3.19,996.2,41.0
2013-02-13 10:00:00,Maitri,-4.12,7.66,995.2,68.7
2013-02-13 11:00:00,Maitri,-0.44,12.2,996.7,65.9
2013-02-13 12:00:00,Maitri,-9.65,7.55,1008.6,44.0
2013-02-13 13:00:00,Maitri,-2.33,10.61,1007.1,59.5
2013-02-13 14:00:00,Maitri,-8.53,6.19,992.0,67.4
2013-02-13 15:00:00,Maitri,-0.64,9.36,992.5,48.1
2013-02-13 16:00:00,Maitri,5.46,12.61,1000.7,33.8
2013-02-13 17:00:00,Maitri,-7.25,10.42,985.7,45.8
2013-02-13 18:00:00,Maitri,1.84,7.49,986.3,53.2
2013-02-13 19:00:00,Maitri,-5.92,22.14,992.6,70.2
2013-02-13 20:00:00,Maitri,-3.44,17.56,973.1,55.4
2013-02-13 21:00:00,Maitri,-0.34,9.93,983.5,51.7
2013-02-13 22:00:00,Maitri,-6.2,15.11,969.6,45.5
2013-02-13 23:00:00,Maitri,-3.01,12.31,976.4,52.9
2013-02-14 00:00:00,Maitri,-7.08,14.41,982.0,76.5
2013-02-14 01:00:00,Maitri,0.42,36.89,998.2,43.6
2013-02-14 02:00:00,Maitri,-4.52,6.7,975.6,71.9
2013-02-14 03:00:00,Maitri,-5.09,10.17,986.5,73.1
2013-02-14 04:00:00,Maitri,-4.8,9.93,974.0,48.8
2013-02-14 05:00:00,Maitri,-6.58,20.12,996.3,68.0
2013-02-14 06:00:00,Maitri,-4.1,3.24,992.2,38.7
2013-02-14 07:00:00,Maitri,-10.46,19.94,972.0,51.9
2013-02-14 08:00:00,Maitri,3.15,3.93,970.2,57.8
2013-02-14 09:00:00,Maitri,-0.89,10.72,994.1,91.4
2013-02-14 10:00:00,Maitri,-3.31,15.23,993.9,73.1
2013-02-14 11:00:00,Maitri,-9.03,12.38,989.6,49.0
2013-02-14 12:00:00,Maitri,-1.49,7.44,968.9,61.1
2013-02-14 13:00:00,Maitri,-2.29,17.73,992.2,73.8
2013-02-14 14:00:00,Maitri,-6.92,5.89,995.1,43.5
2013-02-14 15:00:00,Maitri,-3.31,12.74,997.0,68.4
2013-02-14 16:00:00,Maitri,-4.34,20.62,1003.0,51.3
2013-02-14 17:00:00,Maitri,-13.03,11.7,971.8,66.6
2013-02-14 18:00:00,Maitri,-2.88,8.02,972.8,61.4
2013-02-14 19:00:00,Maitri,-0.8,15.16,986.6,53.6
2013-02-14 20:00:00,Maitri,-7.59,14.31,982.2,51.0
2013-02-14 21:00:00,Maitri,-4.88,17.58,992.0,42.6
2013-02-14 22:00:00,Maitri,-3.24,10.32,982.4,50.2
2013-02-14 23:00:00,Maitri,-6.27,10.75,972.9,48.5
2013-02-15 00:00:00,Maitri,-2.86,20.35,987.1,62.2
2013-02-15 01:00:00,Maitri,-0.65,18.55,993.7,31.4
2013-02-15 02:00:00,Maitri,-3.62,24.29,985.8,41.3
2013-02-15 03:00:00,Maitri,-4.16,6.85,1011.2,78.0
2013-02-15 04:00:00,Maitri,-6.85,8.52,1008.6,59.4
2013-02-15 05:00:00,Maitri,-4.6,9.08,973.7,33.8
2013-02-15 06:00:00,Maitri,-5.81,6.37,986.1,57.6
2013-02-15 07:00:00,Maitri,3.07,8.88,971.7,61.1
2013-02-15 08:00:00,Maitri,-1.51,4.66,996.3,69.3
2013-02-15 09:00:00,Maitri,1.7,7.2,988.7,37.4
2013-02-15 10:00:00,Maitri,1.44,16.53,982.5,54.5
2013-02-15 11:00:00,Maitri,-7.91,7.36,998.9,65.8
2013-02-15 12:00:00,Maitri,2.77,12.26,981.6,74.0
2013-02-15 13:00:00,Maitri,-3.84,17.36,1001.5,65.2
2013-02-15 14:00:00,Maitri,-1.67,6.46,994.7,36.1
2013-02-15 15:00:00,Maitri,-5.69,15.08,997.5,37.5
2013-02-15 16:00:00,Maitri,-3.7,7.17,988.8,60.3
2013-02-15 17:00:00,Maitri,-7.8,19.16,1018.0,59.7
2013-02-15 18:00:00,Maitri,-0.28,3.52,999.5,51.9
2013-02-15 19:00:00,Maitri,-3.64,13.82,992.4,83.4
2013-02-15 20:00:00,Maitri,-2.6,10.82,988.9,64.7
2013-02-15 21:00:00,Maitri,-5.95,15.46,1002.5,49.2
2013-02-15 22:00:00,Maitri,-3.54,7.47,984.7,72.9
2013-02-15 23:00:00,Maitri,-3.94,18.3,974.9,53.1
2013-02-16 00:00:00,Maitri,-4.9,13.56,992.0,59.6
2013-02-16 01:00:00,Maitri,-8.22,10.8,983.8,47.7
2013-02-16 02:00:00,Maitri,-3.3,5.28,988.1,59.2
2013-02-16 03:00:00,Maitri,0.46,13.39,984.4,42.2
2013-02-16 04:00:00,Maitri,-5.05,13.93,991.7,55.0
2013-02-16 05:00:00,Maitri,3.16,15.34,980.0,57.4
2013-02-16 06:00:00,Maitri,-2.9,15.02,987.2,64.8
2013-02-16 07:00:00,Maitri,-0.14,11.35,973.5,62.5
2013-02-16 08:00:00,Maitri,-1.59,14.41,988.9,68.9
2013-02-16 09:00:00,Maitri,-5.84,10.84,988.4,43.6
2013-02-16 10:00:00,Maitri,-2.11,6.37,975.0,53.1
2013-02-16 11:00:00,Maitri,-4.94,8.71,974.1,53.9
2013-02-16 12:00:00,Maitri,-2.6,27.68,987.0,61.4
2013-02-16 13:00:00,Maitri,-0.97,7.79,976.0,41.1
2013-02-16 14:00:00,Maitri,-6.17,10.4,993.8,44.2
2013-02-16 15:00:00,Maitri,0.55,7.02,994.2,47.3
2013-02-16 16:00:00,Maitri,-4.97,9.56,990.8,56.6
2013-02-16 17:00:00,Maitri,-6.99,6.57,974.6,86.0
2013-02-16 18:00:00,Maitri,-3.36,7.72,982.9,61.6
2013-02-16 19:00:00,Maitri,-7.12,11.65,998.6,49.5
2013-02-16 20:00:00,Maitri,-7.51,2.15,985.7,52.2
2013-02-16 21:00:00,Maitri,-7.95,13.61,981.6,38.4
2013-02-16 22:00:00,Maitri,4.07,9.44,1003.6,74.7
2013-02-16 23:00:00,Maitri,-0.86,8.22,963.3,49.4
2013-02-17 00:00:00,Maitri,-1.87,10.07,1000.5,33.4
2013-02-17 01:00:00,Maitri,-1.78,7.81,968.7,51.4
2013-02-17 02:00:00,Maitri,-1.52,8.23,980.7,51.8
2013-02-17 03:00:00,Maitri,0.48,18.11,987.0,32.5
2013-02-17 04:00:00,Maitri,-2.64,16.54,986.4,37.2
2013-02-17 05:00:00,Maitri,-3.07,3.46,991.5,50.8
2013-02-17 06:00:00,Maitri,-7.9,9.77,992.4,62.7
2013-02-17 07:00:00,Maitri,-6.23,18.91,996.5,35.8
2013-02-17 08:00:00,Maitri,-2.28,6.75,992.2,63.6
2013-02-17 09:00:00,Maitri,-8.36,12.15,978.2,36.3
2013-02-17 10:00:00,Maitri,-0.77,4.53,984.1,49.3
2013-02-17 11:00:00,Maitri,-3.8,9.27,995.4,45.9
2013-02-17 12:00:00,Maitri,-4.89,5.97,985.1,57.7
2013-02-17 13:00:00,Maitri,2.04,5.82,978.0,61.5
2013-02-17 14:00:00,Maitri,-6.78,20.61,984.7,59.4
2013-02-17 15:00:00,Maitri,-3.46,10.28,994.4,52.5
2013-02-17 16:00:00,Maitri,-5.02,9.19,966.7,55.8
2013-02-17 17:00:00,Maitri,2.25,33.69,985.2,58.3
2013-02-17 18:00:00,Maitri,-6.33,5.44,985.4,70.9
2013-02-17 19:00:00,Maitri,-3.76,3.81,983.8,58.6
2013-02-17 20:00:00,Maitri,-5.63,3.87,972.5,38.3
2013-02-17 21:00:00,Maitri,-1.84,7.77,981.2,48.5
2013-02-17 22:00:00,Maitri,-0.77,10.68,993.5,47.7
2013-02-17 23:00:00,Maitri,-8.72,3.05,974.8,61.7
2013-02-18 00:00:00,Maitri,-5.19,6.02,987.0,78.7
2013-02-18 01:00:00,Maitri,-2.92,9.2,969.7,55.8
2013-02-18 02:00:00,Maitri,-1.92,15.47,976.4,58.2
2013-02-18 03:00:00,Maitri,-4.97,10.11,996.9,66.3
2013-02-18 04:00:00,Maitri,-3.69,5.54,987.9,48.8
2013-02-18 05:00:00,Maitri,-0.88,13.83,976.2,67.7
2013-02-18 06:00:00,Maitri,-0.41,7.37,976.9,38.0
2013-02-18 07:00:00,Maitri,-11.58,20.68,984.8,59.1
2013-02-18 08:00:00,Maitri,-4.19,6.51,986.5,60.4
2013-02-18 09:00:00,Maitri,-5.44,11.76,1002.3,51.5
2013-02-18 10:00:00,Maitri,-3.05,7.54,993.0,71.6
2013-02-18 11:00:00,Maitri,-1.52,2.77,992.8,46.4
2013-02-18 12:00:00,Maitri,-6.47,5.04,978.7,49.6
2013-02-18 13:00:00,Maitri,-4.79,3.44,996.3,41.5
2013-02-18 14:00:00,Maitri,-3.31,10.89,987.0,42.0
2013-02-18 15:00:00,Maitri,-1.77,8.82,989.2,27.0
2013-02-18 16:00:00,Maitri,-6.32,4.18,990.7,53.8
2013-02-18 17:00:00,Maitri,-3.9,10.25,999.0,60.0
2013-02-18 18:00:00,Maitri,-7.89,6.59,985.7,34.5
2013-02-18 19:00:00,Maitri,-3.78,8.79,989.1,44.4
2013-02-18 20:00:00,Maitri,-3.51,14.26,967.9,46.4
2013-02-18 21:00:00,Maitri,-8.02,5.82,989.7,64.6
2013-02-18 22:00:00,Maitri,-0.16,8.9,992.3,57.3
2013-02-18 23:00:00,Maitri,-1.62,11.56,969.7,48.8
2013-02-19 00:00:00,Maitri,-7.06,7.67,993.1,64.4
2013-02-19 01:00:00,Maitri,-2.93,0.95,971.8,60.0
2013-02-19 02:00:00,Maitri,-2.94,7.84,1000.1,49.3
2013-02-19 03:00:00,Maitri,-10.19,16.54,970.9,62.5
2013-02-19 04:00:00,Maitri,-5.42,2.66,983.6,39.6
2013-02-19 05:00:00,Maitri,-2.85,11.33,999.4,48.3
2013-02-19 06:00:00,Maitri,-9.15,12.42,987.4,47.7
2013-02-19 07:00:00,Maitri,-5.66,6.74,977.3,70.1
2013-02-19 08:00:00,Maitri,-1.81,14.05,977.5,37.0
2013-02-19 09:00:00,Maitri,-2.44,6.35,983.9,67.7
2013-02-19 10:00:00,Maitri,-8.45,17.49,984.7,61.3
2013-02-19 11:00:00,Maitri,0.0,1.83,1006.2,65.4
2013-02-19 12:00:00,Maitri,-1.96,9.42,978.7,36.0
2013-02-19 13:00:00,Maitri,-1.74,16.55,983.7,42.7
2013-02-19 14:00:00,Maitri,4.19,10.34,975.0,50.4
2013-02-19 15:00:00,Maitri,-4.54,18.69,993.1,52.2
2013-02-19 16:00:00,Maitri,-0.41,12.23,973.1,56.8
2013-02-19 17:00:00,Maitri,-9.14,16.54,996.9,59.4
2013-02-19 18:00:00,Maitri,-1.72,20.35,999.3,67.9
2013-02-19 19:00:00,Maitri,4.43,12.68,1002.1,68.7
2013-02-19 20:00:00,Maitri,-1.17,13.13,987.8,62.8
2013-02-19 21:00:00,Maitri,-5.15,26.49,981.1,70.5
2013-02-19 22:00:00,Maitri,-9.37,8.8,996.2,69.4
2013-02-19 23:00:00,Maitri,-5.45,35.82,966.7,70.4
2013-02-20 00:00:00,Maitri,-2.48,4.19,985.3,49.7
2013-02-20 01:00:00,Maitri,-10.81,8.04,991.1,67.6
2013-02-20 02:00:00,Maitri,-3.16,11.9,1002.6,62.4
2013-02-20 03:00:00,Maitri,-5.69,13.39,987.1,40.9
2013-02-20 04:00:00,Maitri,-6.86,4.34,1007.8,44.1
2013-02-20 05:00:00,Maitri,-2.79,3.12,996.5,40.0
2013-02-20 06:00:00,Maitri,-5.93,4.07,987.2,56.1
2013-02-20 07:00:00,Maitri,-6.01,4.24,958.8,55.1
2013-02-20 08:00:00,Maitri,-5.77,8.15,983.2,50.0
2013-02-20 09:00:00,Maitri,-7.67,2.65,979.2,64.1
2013-02-20 10:00:00,Maitri,-2.82,4.58,972.1,73.3
2013-02-20 11:00:00,Maitri,-10.24,2.32,981.7,48.0
2013-02-20 12:00:00,Maitri,-3.31,8.4,998.5,72.5
2013-02-20 13:00:00,Maitri,-1.87,5.89,987.8,50.3
2013-02-20 14:00:00,Maitri,-0.48,19.06,972.5,65.0
2013-02-20 15:00:00,Maitri,-2.45,22.7,1006.1,42.2
2013-02-20 16:00:00,Maitri,0.41,7.66,967.5,71.1
2013-02-20 17:00:00,Maitri,-8.31,11.43,974.6,37.0
2013-02-20 18:00:00,Maitri,-5.09,5.02,963.3,60.2
2013-02-20 19:00:00,Maitri,-6.73,7.02,997.2,65.9
2013-02-20 20:00:00,Maitri,-10.36,8.0,989.7,67.6
2013-02-20 21:00:00,Maitri,-2.26,10.05,962.2,53.5
2013-02-20 22:00:00,Maitri,-1.16,29.99,986.8,54.0
2013-02-20 23:00:00,Maitri,-4.13,16.7,987.4,50.6
2013-02-21 00:00:00,Maitri,0.04,6.74,989.2,69.8
2013-02-21 01:00:00,Maitri,-4.79,8.46,981.3,81.2
2013-02-21 02:00:00,Maitri,-5.5,15.1,997.9,52.3
2013-02-21 03:00:00,Maitri,-2.13,6.73,984.0,58.3
2013-02-21 04:00:00,Maitri,-2.8,3.73,982.1,55.9
2013-02-21 05:00:00,Maitri,-0.71,3.49,991.1,69.2
2013-02-21 06:00:00,Maitri,-6.41,10.15,986.4,45.3
2013-02-21 07:00:00,Maitri,-9.15,10.06,967.7,51.7
2013-02-21 08:00:00,Maitri,-7.2,1.66,976.5,50.6
2013-02-21 09:00:00,Maitri,-7.62,11.66,983.3,71.5
2013-02-21 10:00:00,Maitri,-2.76,12.24,990.9,34.1
2013-02-21 11:00:00,Maitri,-1.4,13.42,979.8,59.2
2013-02-21 12:00:00,Maitri,-0.52,12.45,988.1,71.9
2013-02-21 13:00:00,Maitri,-6.87,17.98,997.4,56.4
2013-02-21 14:00:00,Maitri,-5.37,21.14,989.0,61.5
2013-02-21 15:00:00,Maitri,-6.49,9.08,978.1,48.9
2013-02-21 16:00:00,Maitri,-2.67,11.79,987.1,50.3
2013-02-21 17:00:00,Maitri,-3.33,13.97,1002.5,53.0
2013-02-21 18:00:00,Maitri,-2.83,17.0,976.9,51.3
2013-02-21 19:00:00,Maitri,-6.85,9.11,1003.2,65.0
2013-02-21 20:00:00,Maitri,-7.67,6.74,985.7,41.0
2013-02-21 21:00:00,Maitri,-4.91,12.18,977.6,50.5
2013-02-21 22:00:00,Maitri,-7.79,5.69,984.1,75.3
2013-02-21 23:00:00,Maitri,1.48,1.11,987.9,44.7
2013-02-22 00:00:00,Maitri,-2.48,4.7,1009.6,45.8
2013-02-22 01:00:00,Maitri,-8.42,13.25,994.2,73.6
2013-02-22 02:00:00,Maitri,-0.2,7.12,1000.2,54.1
2013-02-22 03:00:00,Maitri,-5.01,13.63,993.3,53.4
2013-02-22 04:00:00,Maitri,-3.85,4.81,984.8,54.3
2013-02-22 05:00:00,Maitri,-0.64,10.87,974.8,50.3
2013-02-22 06:00:00,Maitri,-2.61,14.19,986.6,61.8
2013-02-22 07:00:00,Maitri,-5.86,18.43,999.1,55.7
2013-02-22 08:00:00,Maitri,-2.61,5.46,971.2,47.7
2013-02-22 09:00:00,Maitri,-9.49,23.1,975.3,72.0
2013-02-22 10:00:00,Maitri,-8.82,15.91,992.4,55.2
2013-02-22 11:00:00,Maitri,-2.1,8.27,990.6,36.1
2013-02-22 12:00:00,Maitri,-4.41,17.62,985.3,54.7
2013-02-22 13:00:00,Maitri,-7.49,6.71,987.7,59.8
2013-02-22 14:00:00,Maitri,-3.77,15.11,983.6,71.2
2013-02-22 15:00:00,Maitri,-2.58,7.96,992.7,75.1
2013-02-22 16:00:00,Maitri,-7.71,12.24,986.4,50.5
2013-02-22 17:00:00,Maitri,-0.68,9.05,986.5,71.2
2013-02-22 18:00:00,Maitri,-0.22,1.66,971.1,63.8
2013-02-22 19:00:00,Maitri,-2.16,5.76,992.9,44.8
2013-02-22 20:00:00,Maitri,-8.22,15.52,992.3,57.6
2013-02-22 21:00:00,Maitri,-3.42,7.22,977.8,72.8
2013-02-22 22:00:00,Maitri,-0.59,9.76,979.0,60.1
2013-02-22 23:00:00,Maitri,-6.45,8.44,975.0,54.5
2013-02-23 00:00:00,Maitri,-6.96,9.3,994.3,44.0
2013-02-23 01:00:00,Maitri,-7.86,7.56,991.5,62.6
2013-02-23 02:00:00,Maitri,-7.28,11.01,982.1,51.7
2013-02-23 03:00:00,Maitri,-6.3,5.46,977.7,56.7
2013-02-23 04:00:00,Maitri,-2.24,10.01,988.9,41.4
2013-02-23 05:00:00,Maitri,-0.49,10.88,978.2,62.8
2013-02-23 06:00:00,Maitri,-8.89,7.63,992.7,43.2
2013-02-23 07:00:00,Maitri,-2.32,4.63,976.5,52.8
2013-02-23 08:00:00,Maitri,-1.77,12.37,988.6,53.3
2013-02-23 09:00:00,Maitri,-1.84,11.59,979.7,49.4
2013-02-23 10:00:00,Maitri,-0.51,7.83,979.5,40.3
2013-02-23 11:00:00,Maitri,-8.43,9.4,988.7,48.9
2013-02-23 12:00:00,Maitri,-7.89,19.12,986.2,46.6
2013-02-23 13:00:00,Maitri,-0.74,26.04,982.0,66.8
2013-02-23 14:00:00,Maitri,-0.64,6.96,1001.7,59.2
2013-02-23 15:00:00,Maitri,-10.15,8.07,1001.5,60.4
2013-02-23 16:00:00,Maitri,-7.23,6.27,1001.3,57.1
2013-02-23 17:00:00,Maitri,-1.21,39.76,984.8,57.4
2013-02-23 18:00:00,Maitri,-4.26,1.36,970.8,58.8
2013-02-23 19:00:00,Maitri,-1.34,17.71,989.1,67.3
2013-02-23 20:00:00,Maitri,-3.86,11.54,991.1,82.6
2013-02-23 21:00:00,Maitri,-1.93,7.13,983.3,40.7
2013-02-23 22:00:00,Maitri,-8.1,12.17,986.7,69.3
2013-02-23 23:00:00,Maitri,-6.82,18.25,997.7,72.9
2013-02-24 00:00:00,Maitri,-6.61,9.51,981.5,72.1
2013-02-24 01:00:00,Maitri,-3.02,5.2,981.7,49.9
2013-02-24 02:00:00,Maitri,-2.01,4.19,973.2,55.3
2013-02-24 03:00:00,Maitri,-3.43,12.87,986.5,71.6
2013-02-24 04:00:00,Maitri,-5.76,11.9,996.3,64.4
2013-02-24 05:00:00,Maitri,-4.24,9.1,982.1,60.3
2013-02-24 06:00:00,Maitri,-5.04,19.79,996.8,58.8
2013-02-24 07:00:00,Maitri,-4.14,16.43,981.9,62.1
2013-02-24 08:00:00,Maitri,-3.02,7.68,986.4,55.6
2013-02-24 09:00:00,Maitri,-3.52,9.73,988.1,57.5
2013-02-24 10:00:00,Maitri,-4.63,12.28,984.9,58.9
2013-02-24 11:00:00,Maitri,-8.88,13.05,1002.1,43.0
2013-02-24 12:00:00,Maitri,-7.47,18.69,997.5,26.0
2013-02-24 13:00:00,Maitri,-5.41,10.49,974.4,51.3
2013-02-24 14:00:00,Maitri,-9.6,11.99,993.2,56.0
2013-02-24 15:00:00,Maitri,-0.73,2.98,991.8,58.3
2013-02-24 16:00:00,Maitri,-3.41,7.3,989.4,70.5
2013-02-24 17:00:00,Maitri,1.95,2.96,958.5,62.1
2013-02-24 18:00:00,Maitri,-1.08,8.8,995.5,71.4
2013-02-24 19:00:00,Maitri,-3.24,10.69,983.1,86.9
2013-02-24 20:00:00,Maitri,-1.96,2.61,992.2,56.2
2013-02-24 21:00:00,Maitri,0.24,2.83,991.2,61.0
2013-02-24 22:00:00,Maitri,-5.81,15.96,991.6,78.3
2013-02-24 23:00:00,Maitri,-3.27,8.96,988.9,64.1
2013-02-25 00:00:00,Maitri,-4.58,5.15,982.9,39.8
2013-02-25 01:00:00,Maitri,-3.79,15.46,982.3,61.2
2013-02-25 02:00:00,Maitri,-3.58,9.97,987.1,46.2
2013-02-25 03:00:00,Maitri,-3.3,2.54,990.0,44.7
2013-02-25 04:00:00,Maitri,-1.12,6.55,996.8,53.7
2013-02-25 05:00:00,Maitri,1.73,2.5,1019.6,54.4
2013-02-25 06:00:00,Maitri,-5.41,11.11,996.9,47.9
2013-02-25 07:00:00,Maitri,-7.67,9.11,997.3,69.6
2013-02-25 08:00:00,Maitri,-5.9,8.55,969.8,58.7
2013-02-25 09:00:00,Maitri,-1.22,9.28,992.3,68.3
2013-02-25 10:00:00,Maitri,-4.71,7.12,985.2,59.2
2013-02-25 11:00:00,Maitri,-9.15,7.8,978.2,61.1
2013-02-25 12:00:00,Maitri,-2.77,5.5,980.2,64.2
2013-02-25 13:00:00,Maitri,-5.59,12.4,981.7,46.8
2013-02-25 14:00:00,Maitri,-5.92,10.16,994.0,55.9
2013-02-25 15:00:00,Maitri,-5.17,6.52,956.5,66.6
2013-02-25 16:00:00,Maitri,-7.27,9.97,995.1,61.1
2013-02-25 17:00:00,Maitri,-5.37,7.56,977.9,61.9
2013-02-25 18:00:00,Maitri,-2.16,21.03,998.4,75.7
2013-02-25 19:00:00,Maitri,2.63,6.54,970.5,69.3
2013-02-25 20:00:00,Maitri,1.52,21.81,983.1,38.3
2013-02-25 21:00:00,Maitri,-9.97,8.72,997.5,58.1
2013-02-25 22:00:00,Maitri,-4.41,18.06,1002.3,52.2
2013-02-25 23:00:00,Maitri,-1.38,19.52,977.1,31.6
2013-02-26 00:00:00,Maitri,-1.12,10.02,1007.9,46.3
2013-02-26 01:00:00,Maitri,-5.78,9.83,969.9,62.0
2013-02-26 02:00:00,Maitri,-6.48,6.45,1009.4,70.5
2013-02-26 03:00:00,Maitri,0.51,27.51,999.8,69.8
2013-02-26 04:00:00,Maitri,-0.33,9.24,981.3,54.4
2013-02-26 05:00:00,Maitri,-6.82,9.7,985.9,56.7
2013-02-26 06:00:00,Maitri,-2.78,27.66,974.6,62.9
2013-02-26 07:00:00,Maitri,-3.54,5.09,982.8,54.0
2013-02-26 08:00:00,Maitri,-4.68,10.49,970.3,67.3
2013-02-26 09:00:00,Maitri,-1.62,11.57,1002.4,65.3
2013-02-26 10:00:00,Maitri,-3.04,25.28,995.7,51.7
2013-02-26 11:00:00,Maitri,-8.39,3.63,999.6,34.2
2013-02-26 12:00:00,Maitri,-9.66,17.88,976.6,35.2
2013-02-26 13:00:00,Maitri,-0.98,7.27,1001.9,20.0
2013-02-26 14:00:00,Maitri,-6.43,16.73,969.0,50.9
2013-02-26 15:00:00,Maitri,-2.23,1.99,993.6,63.7
2013-02-26 16:00:00,Maitri,-3.51,13.29,991.5,41.4
2013-02-26 17:00:00,Maitri,3.65,7.29,979.7,58.6
2013-02-26 18:00:00,Maitri,-5.62,18.0,1003.8,68.8
2013-02-26 19:00:00,Maitri,-2.48,9.38,985.4,65.1
2013-02-26 20:00:00,Maitri,-1.83,1.99,990.1,59.4
2013-02-26 21:00:00,Maitri,-4.83,11.16,995.8,30.0
2013-02-26 22:00:00,Maitri,-3.7,3.62,993.0,35.5
2013-02-26 23:00:00,Maitri,-5.8,7.76,982.2,58.8
2013-02-27 00:00:00,Maitri,-5.63,21.88,1006.8,52.1
2013-02-27 01:00:00,Maitri,-4.85,12.79,979.4,57.5
2013-02-27 02:00:00,Maitri,-2.77,4.86,965.4,75.3
2013-02-27 03:00:00,Maitri,-1.08,5.26,984.7,56.7
2013-02-27 04:00:00,Maitri,-8.9,14.05,986.4,32.3
2013-02-27 05:00:00,Maitri,-1.39,5.0,980.3,61.4
2013-02-27 06:00:00,Maitri,-2.86,15.92,981.1,62.6
2013-02-27 07:00:00,Maitri,-1.33,1.76,999.9,32.8
2013-02-27 08:00:00,Maitri,-7.78,7.69,986.5,62.7
2013-02-27 09:00:00,Maitri,-8.3,16.03,986.5,64.0
2013-02-27 10:00:00,Maitri,-4.97,21.41,994.3,57.9
2013-02-27 11:00:00,Maitri,-7.33,12.74,988.2,51.8
2013-02-27 12:00:00,Maitri,-5.75,5.87,993.1,36.5
2013-02-27 13:00:00,Maitri,-5.05,9.97,961.7,63.5
2013-02-27 14:00:00,Maitri,1.08,9.05,1010.2,64.0
2013-02-27 15:00:00,Maitri,-1.49,6.21,988.5,65.2
2013-02-27 16:00:00,Maitri,-3.32,10.07,975.0,52.9
2013-02-27 17:00:00,Maitri,-10.15,5.54,978.1,56.2
2013-02-27 18:00:00,Maitri,1.8,3.01,973.1,54.7
2013-02-27 19:00:00,Maitri,-11.58,23.48,976.8,35.9
2013-02-27 20:00:00,Maitri,-6.35,3.11,993.3,77.6
2013-02-27 21:00:00,Maitri,-2.22,11.74,976.6,42.1
2013-02-27 22:00:00,Maitri,3.66,19.6,1008.2,51.4
2013-02-27 23:00:00,Maitri,-2.42,9.27,1001.5,66.5
2013-02-28 00:00:00,Maitri,-6.11,13.63,978.9,57.3
2013-02-28 01:00:00,Maitri,-8.2,16.69,976.6,22.5
2013-02-28 02:00:00,Maitri,1.38,15.47,984.6,66.3
2013-02-28 03:00:00,Maitri,-6.32,1.56,980.0,69.5
2013-02-28 04:00:00,Maitri,1.91,6.32,973.3,48.9
2013-02-28 05:00:00,Maitri,-2.08,5.0,995.2,50.3
2013-02-28 06:00:00,Maitri,-3.89,9.17,982.4,58.6
2013-02-28 07:00:00,Maitri,-2.43,16.97,992.9,56.3
2013-02-28 08:00:00,Maitri,-0.59,7.88,971.6,64.4
2013-02-28 09:00:00,Maitri,-2.34,11.16,1002.0,57.5
2013-02-28 10:00:00,Maitri,-11.01,1.86,976.4,43.0
2013-02-28 11:00:00,Maitri,-0.86,7.24,1008.9,33.7
2013-02-28 12:00:00,Maitri,-12.85,4.79,999.2,53.1
2013-02-28 13:00:00,Maitri,-4.11,13.08,984.6,61.3
2013-02-28 14:00:00,Maitri,-7.95,3.96,986.4,67.9
2013-02-28 15:00:00,Maitri,-6.96,7.11,1010.5,66.0
2013-02-28 16:00:00,Maitri,-7.13,5.54,996.9,58.2
2013-02-28 17:00:00,Maitri,-6.38,8.08,973.1,42.0
2013-02-28 18:00:00,Maitri,-4.13,18.0,985.8,68.1
2013-02-28 19:00:00,Maitri,-6.67,16.73,986.0,48.3
2013-02-28 20:00:00,Maitri,-2.98,5.67,993.2,54.6
2013-02-28 21:00:00,Maitri,-6.41,7.62,1001.1,62.8
2013-02-28 22:00:00,Maitri,-14.64,6.91,985.0,50.4
2013-02-28 23:00:00,Maitri,-10.04,7.19,973.0,61.4
2013-03-01 00:00:00,Maitri,-7.74,14.56,988.2,60.0
2013-03-01 01:00:00,Maitri,-7.33,17.94,986.9,82.5
2013-03-01 02:00:00,Maitri,-8.15,6.09,961.9,78.7
2013-03-01 03:00:00,Maitri,-6.9,19.63,964.2,72.4
2013-03-01 04:00:00,Maitri,-3.42,19.97,976.4,56.4
2013-03-01 05:00:00,Maitri,-5.05,11.55,981.3,53.9
2013-03-01 06:00:00,Maitri,-0.76,8.81,974.5,62.9
2013-03-01 07:00:00,Maitri,-5.94,1.71,978.7,38.1
2013-03-01 08:00:00,Maitri,-8.84,4.72,972.6,59.2
2013-03-01 09:00:00,Maitri,-4.67,6.85,989.7,53.5
2013-03-01 10:00:00,Maitri,-4.88,20.57,974.8,63.4
2013-03-01 11:00:00,Maitri,-1.63,10.11,970.4,90.7
2013-03-01 12:00:00,Maitri,-6.4,7.91,971.0,45.9
2013-03-01 13:00:00,Maitri,-0.9,5.04,981.5,60.1
2013-03-01 14:00:00,Maitri,-9.58,11.77,976.4,41.2
2013-03-01 15:00:00,Maitri,-6.16,5.96,1000.5,62.5
2013-03-01 16:00:00,Maitri,-4.42,3.67,993.8,47.7
2013-03-01 17:00:00,Maitri,3.69,26.66,975.8,61.6
2013-03-01 18:00:00,Maitri,-1.98,12.81,991.1,62.0
2013-03-01 19:00:00,Maitri,-9.87,6.48,961.8,49.8
2013-03-01 20:00:00,Maitri,-2.58,6.49,985.2,52.1
2013-03-01 21:00:00,Maitri,0.93,2.87,974.9,60.7
2013-03-01 22:00:00,Maitri,-6.62,10.7,981.5,53.0
2013-03-01 23:00:00,Maitri,-3.55,6.15,998.4,54.8
2013-03-02 00:00:00,Maitri,3.06,4.15,998.0,44.6
2013-03-02 01:00:00,Maitri,1.65,2.98,983.5,66.0
2013-03-02 02:00:00,Maitri,-7.23,7.72,995.4,46.1
2013-03-02 03:00:00,Maitri,-7.03,9.77,995.1,64.6
2013-03-02 04:00:00,Maitri,0.45,1.52,975.5,46.3
2013-03-02 05:00:00,Maitri,-0.66,13.44,986.6,61.3
2013-03-02 06:00:00,Maitri,-9.03,7.5,986.4,54.4
2013-03-02 07:00:00,Maitri,-2.54,7.26,984.7,63.8
2013-03-02 08:00:00,Maitri,0.83,16.78,986.7,51.1
2013-03-02 09:00:00,Maitri,4.51,6.84,982.6,61.0
2013-03-02 10:00:00,Maitri,-8.05,5.45,986.0,46.7
2013-03-02 11:00:00,Maitri,-7.17,20.42,967.8,74.7
2013-03-02 12:00:00,Maitri,1.25,18.69,990.9,58.1
2013-03-02 13:00:00,Maitri,-8.49,14.23,975.1,67.6
2013-03-02 14:00:00,Maitri,-5.14,7.0,989.2,71.4
2013-03-02 15:00:00,Maitri,-5.31,9.56,964.3,49.0
2013-03-02 16:00:00,Maitri,-7.23,7.46,984.6,58.2
2013-03-02 17:00:00,Maitri,-7.49,7.07,999.1,43.8
2013-03-02 18:00:00,Maitri,-8.17,5.33,988.8,78.9
2013-03-02 19:00:00,Maitri,-5.83,5.74,980.5,37.1
2013-03-02 20:00:00,Maitri,-6.53,6.57,980.6,61.6
2013-03-02 21:00:00,Maitri,-7.39,16.09,988.0,54.3
2013-03-02 22:00:00,Maitri,-10.3,7.06,972.7,67.1
2013-03-02 23:00:00,Maitri,1.17,6.55,980.3,56.0
2013-03-03 00:00:00,Maitri,-3.06,19.67,992.6,75.2
2013-03-03 01:00:00,Maitri,-3.87,11.98,992.3,73.3
2013-03-03 02:00:00,Maitri,-1.62,15.74,974.7,76.8
2013-03-03 03:00:00,Maitri,-8.34,5.06,995.6,56.0
2013-03-03 04:00:00,Maitri,-4.85,6.48,972.0,61.6
2013-03-03 05:00:00,Maitri,0.36,21.18,991.6,56.5
2013-03-03 06:00:00,Maitri,0.13,2.56,972.9,71.2
2013-03-03 07:00:00,Maitri,-5.78,6.36,1013.5,54.2
2013-03-03 08:00:00,Maitri,-1.92,2.06,990.1,45.7
2013-03-03 09:00:00,Maitri,-5.15,14.36,970.2,50.4
2013-03-03 10:00:00,Maitri,-3.03,3.62,985.6,57.1
2013-03-03 11:00:00,Maitri,-4.39,8.53,990.6,56.4
2013-03-03 12:00:00,Maitri,-13.35,8.74,990.4,69.2
2013-03-03 13:00:00,Maitri,0.97,4.69,982.0,60.9
2013-03-03 14:00:00,Maitri,-2.66,7.02,980.1,72.5
2013-03-03 15:00:00,Maitri,-7.47,13.29,978.5,50.2
2013-03-03 16:00:00,Maitri,-5.84,7.43,982.9,63.4
2013-03-03 17:00:00,Maitri,-5.24,9.05,964.3,72.6
2013-03-03 18:00:00,Maitri,-1.77,5.83,995.8,61.4
2013-03-03 19:00:00,Maitri,-0.77,13.61,952.4,77.4
2013-03-03 20:00:00,Maitri,-1.01,11.24,977.0,49.0
2013-03-03 21:00:00,Maitri,-2.05,3.65,1003.2,55.0
2013-03-03 22:00:00,Maitri,-8.82,10.21,978.5,45.3
2013-03-03 23:00:00,Maitri,-2.37,9.67,997.5,39.7
2013-03-04 00:00:00,Maitri,-3.48,10.53,995.1,60.2
2013-03-04 01:00:00,Maitri,-5.49,4.69,1003.7,51.4
2013-03-04 02:00:00,Maitri,-5.44,9.72,992.7,56.0
2013-03-04 03:00:00,Maitri,-1.86,10.81,981.0,63.3
2013-03-04 04:00:00,Maitri,-2.31,1.98,983.5,44.6
2013-03-04 05:00:00,Maitri,-5.06,11.75,984.7,64.2
2013-03-04 06:00:00,Maitri,-11.81,9.63,993.2,56.7
2013-03-04 07:00:00,Maitri,-11.14,7.78,974.2,57.9
2013-03-04 08:00:00,Maitri,-10.29,10.03,1008.9,59.7
2013-03-04 09:00:00,Maitri,-5.25,17.25,991.0,60.8
2013-03-04 10:00:00,Maitri,-3.58,7.4,992.0,63.2
2013-03-04 11:00:00,Maitri,-2.56,14.93,996.1,73.8
2013-03-04 12:00:00,Maitri,0.07,6.22,979.7,50.3
2013-03-04 13:00:00,Maitri,-3.45,15.31,1001.3,31.8
2013-03-04 14:00:00,Maitri,-10.61,6.29,974.5,57.5
2013-03-04 15:00:00,Maitri,-0.07,3.44,971.9,45.7
2013-03-04 16:00:00,Maitri,2.52,2.47,981.2,45.8
2013-03-04 17:00:00,Maitri,-1.21,10.53,977.8,48.9
2013-03-04 18:00:00,Maitri,-2.67,12.94,989.0,74.5
2013-03-04 19:00:00,Maitri,0.76,48.0,979.2,80.1
2013-03-04 20:00:00,Maitri,-6.92,17.2,979.1,62.5
2013-03-04 21:00:00,Maitri,-1.62,12.31,991.9,47.7
2013-03-04 22:00:00,Maitri,-4.1,11.32,989.8,50.7
2013-03-04 23:00:00,Maitri,-5.6,4.67,985.6,69.2
2013-03-05 00:00:00,Maitri,-14.2,8.02,972.0,68.0
2013-03-05 01:00:00,Maitri,-9.43,4.34,988.9,54.1
2013-03-05 02:00:00,Maitri,-3.47,5.94,985.6,61.6
2013-03-05 03:00:00,Maitri,-1.96,8.44,978.2,41.3
2013-03-05 04:00:00,Maitri,-5.98,9.22,1000.0,45.9
2013-03-05 05:00:00,Maitri,-2.98,7.79,1003.3,56.0
2013-03-05 06:00:00,Maitri,-6.26,5.7,991.5,58.1
2013-03-05 07:00:00,Maitri,-5.92,10.26,991.5,56.2
2013-03-05 08:00:00,Maitri,-7.63,9.36,992.6,68.3
2013-03-05 09:00:00,Maitri,-5.49,9.77,985.4,48.1
2013-03-05 10:00:00,Maitri,-3.12,11.35,995.0,45.0
2013-03-05 11:00:00,Maitri,-2.72,5.68,996.9,58.6
2013-03-05 12:00:00,Maitri,-3.22,3.86,976.7,61.9
2013-03-05 13:00:00,Maitri,-6.91,5.72,999.8,59.1
2013-03-05 14:00:00,Maitri,-6.79,5.92,1003.0,38.6
2013-03-05 15:00:00,Maitri,-5.38,9.27,982.1,69.3
2013-03-05 16:00:00,Maitri,-7.6,21.77,993.7,36.1
2013-03-05 17:00:00,Maitri,-7.17,6.04,976.2,51.6
2013-03-05 18:00:00,Maitri,-4.33,6.73,998.2,83.8
2013-03-05 19:00:00,Maitri,-7.07,6.02,997.9,64.0
2013-03-05 20:00:00,Maitri,-5.79,25.33,993.7,45.1
2013-03-05 21:00:00,Maitri,-8.51,5.21,988.6,70.6
2013-03-05 22:00:00,Maitri,-3.49,5.48,1010.5,57.0
2013-03-05 23:00:00,Maitri,-4.45,4.05,1012.2,53.8
2013-03-06 00:00:00,Maitri,-3.92,8.69,979.5,38.8
2013-03-06 01:00:00,Maitri,-7.3,7.71,982.2,55.0
2013-03-06 02:00:00,Maitri,-1.26,5.15,985.6,65.3
2013-03-06 03:00:00,Maitri,-4.24,12.78,980.9,53.9
2013-03-06 04:00:00,Maitri,-4.26,8.98,988.3,44.5
2013-03-06 05:00:00,Maitri,-2.62,3.62,1004.7,58.1
2013-03-06 06:00:00,Maitri,2.13,13.07,992.0,66.5
2013-03-06 07:00:00,Maitri,-12.26,24.99,975.8,63.8
2013-03-06 08:00:00,Maitri,-4.5,9.32,1003.4,40.2
2013-03-06 09:00:00,Maitri,-6.66,6.09,993.3,75.7
2013-03-06 10:00:00,Maitri,-8.42,40.16,992.9,57.2
2013-03-06 11:00:00,Maitri,-11.04,12.23,990.8,33.9
2013-03-06 12:00:00,Maitri,2.16,9.06,977.4,51.3
2013-03-06 13:00:00,Maitri,-5.16,9.38,973.9,46.9
2013-03-06 14:00:00,Maitri,-0.36,6.95,988.7,51.8
2013-03-06 15:00:00,Maitri,-2.42,4.01,971.9,56.0
2013-03-06 16:00:00,Maitri,-8.65,16.8,995.7,56.1
2013-03-06 17:00:00,Maitri,-4.37,12.69,980.5,68.7
2013-03-06 18:00:00,Maitri,-3.75,4.88,978.7,55.8
2013-03-06 19:00:00,Maitri,-3.83,16.18,998.0,50.0
2013-03-06 20:00:00,Maitri,-2.69,6.77,981.3,59.3
2013-03-06 21:00:00,Maitri,-10.26,14.53,993.0,50.9
2013-03-06 22:00:00,Maitri,-1.57,20.25,993.2,32.8
2013-03-06 23:00:00,Maitri,-3.05,11.56,995.7,35.9
2013-03-07 00:00:00,Maitri,-5.94,14.07,985.9,46.1
2013-03-07 01:00:00,Maitri,-0.72,10.82,997.0,64.2
2013-03-07 02:00:00,Maitri,-2.64,15.88,987.1,64.5
2013-03-07 03:00:00,Maitri,-5.09,14.29,976.0,50.5
2013-03-07 04:00:00,Maitri,-1.14,18.97,961.8,54.8
2013-03-07 05:00:00,Maitri,-5.01,9.99,961.5,82.3
2013-03-07 06:00:00,Maitri,-1.94,7.66,990.2,54.1
2013-03-07 07:00:00,Maitri,-2.25,8.48,992.7,43.2
2013-03-07 08:00:00,Maitri,-11.62,7.27,979.2,59.8
2013-03-07 09:00:00,Maitri,1.01,3.58,974.5,42.9
2013-03-07 10:00:00,Maitri,-2.1,8.24,968.8,44.3
2013-03-07 11:00:00,Maitri,-2.68,2.4,992.0,51.3
2013-03-07 12:00:00,Maitri,-6.94,15.8,963.9,45.3
2013-03-07 13:00:00,Maitri,-1.79,8.9,987.2,60.3
2013-03-07 14:00:00,Maitri,-13.17,5.35,981.9,49.7
2013-03-07 15:00:00,Maitri,-5.94,8.73,1001.6,54.5
2013-03-07 16:00:00,Maitri,-6.05,14.89,979.6,56.5
2013-03-07 17:00:00,Maitri,-2.55,8.57,989.3,92.0
2013-03-07 18:00:00,Maitri,-9.64,9.24,968.5,36.9
2013-03-07 19:00:00,Maitri,-5.25,11.25,968.4,82.0
2013-03-07 20:00:00,Maitri,-5.47,5.68,990.2,77.2
2013-03-07 21:00:00,Maitri,-6.67,9.49,1001.6,65.2
2013-03-07 22:00:00,Maitri,-8.44,7.28,994.4,56.3
2013-03-07 23:00:00,Maitri,-4.73,14.49,990.1,43.0
2013-03-08 00:00:00,Maitri,-9.38,12.55,979.1,85.2
2013-03-08 01:00:00,Maitri,-6.54,8.03,986.9,54.4
2013-03-08 02:00:00,Maitri,-12.26,1.91,966.6,82.8
2013-03-08 03:00:00,Maitri,-9.64,4.96,960.3,58.7
2013-03-08 04:00:00,Maitri,-8.03,15.98,1000.2,64.3
2013-03-08 05:00:00,Maitri,-2.99,5.66,964.6,62.7
2013-03-08 06:00:00,Maitri,-8.21,21.27,968.7,55.3
2013-03-08 07:00:00,Maitri,-9.03,9.66,976.2,55.9
2013-03-08 08:00:00,Maitri,-6.85,17.82,984.4,51.8
2013-03-08 09:00:00,Maitri,-2.46,2.42,982.7,62.2
2013-03-08 10:00:00,Maitri,0.33,4.72,991.1,73.6
2013-03-08 11:00:00,Maitri,-4.7,6.89,994.2,42.2
2013-03-08 12:00:00,Maitri,-10.24,6.26,973.5,43.6
2013-03-08 13:00:00,Maitri,-10.49,4.41,982.1,52.0
2013-03-08 14:00:00,Maitri,-6.52,22.73,971.7,53.3
2013-03-08 15:00:00,Maitri,-12.47,14.62,979.5,62.8
2013-03-08 16:00:00,Maitri,-4.9,7.5,974.9,56.8
2013-03-08 17:00:00,Maitri,-3.47,7.25,995.0,59.5
2013-03-08 18:00:00,Maitri,-12.31,13.87,1002.3,52.3
2013-03-08 19:00:00,Maitri,-7.17,3.52,1008.7,68.6
2013-03-08 20:00:00,Maitri,-5.77,14.71,993.9,49.8
2013-03-08 21:00:00,Maitri,-2.54,14.04,972.6,43.1
2013-03-08 22:00:00,Maitri,-3.63,14.0,977.4,53.4
2013-03-08 23:00:00,Maitri,-9.06,6.5,1006.5,55.1
2013-03-09 00:00:00,Maitri,-0.13,13.29,988.7,57.3
2013-03-09 01:00:00,Maitri,-9.23,13.48,995.6,57.4
2013-03-09 02:00:00,Maitri,-4.49,3.25,986.7,59.5
2013-03-09 03:00:00,Maitri,-5.52,10.45,973.6,45.5
2013-03-09 04:00:00,Maitri,-3.7,7.4,1005.1,68.6
2013-03-09 05:00:00,Maitri,-4.63,6.46,982.5,56.8
2013-03-09 06:00:00,Maitri,-0.71,12.33,978.0,52.6
2013-03-09 07:00:00,Maitri,-7.36,16.39,990.2,54.6
2013-03-09 08:00:00,Maitri,-9.47,8.56,998.1,72.5
2013-03-09 09:00:00,Maitri,0.54,2.92,980.9,60.3
2013-03-09 10:00:00,Maitri,-3.36,14.69,977.5,58.5
2013-03-09 11:00:00,Maitri,-9.86,18.17,1001.8,48.1
2013-03-09 12:00:00,Maitri,-12.68,2.34,993.0,69.2
2013-03-09 13:00:00,Maitri,-2.81,19.44,994.2,64.4
2013-03-09 14:00:00,Maitri,-7.81,7.47,999.9,30.4
2013-03-09 15:00:00,Maitri,2.33,14.3,992.9,67.8
2013-03-09 16:00:00,Maitri,-3.42,4.1,998.4,44.3
2013-03-09 17:00:00,Maitri,-4.84,15.49,992.6,50.2
2013-03-09 18:00:00,Maitri,-2.16,8.73,973.1,82.9
2013-03-09 19:00:00,Maitri,0.23,19.0,1004.5,34.9
2013-03-09 20:00:00,Maitri,-10.03,8.47,978.7,53.3
2013-03-09 21:00:00,Maitri,-9.46,4.2,993.0,64.1
2013-03-09 22:00:00,Maitri,-7.6,19.94,1000.5,43.3
2013-03-09 23:00:00,Maitri,-3.38,4.72,991.5,71.6
2013-03-10 00:00:00,Maitri,-9.99,11.95,994.2,53.4
2013-03-10 01:00:00,Maitri,-5.71,8.28,974.2,53.9
2013-03-10 02:00:00,Maitri,-12.65,3.41,979.6,79.6
2013-03-10 03:00:00,Maitri,-5.08,2.62,999.6,68.2
2013-03-10 04:00:00,Maitri,-4.45,28.91,978.8,58.4
2013-03-10 05:00:00,Maitri,-8.78,9.46,1004.6,44.5
2013-03-10 06:00:00,Maitri,-5.93,2.66,997.9,29.4
2013-03-10 07:00:00,Maitri,-3.33,9.33,968.9,40.5
2013-03-10 08:00:00,Maitri,-9.04,6.45,1001.6,46.5
2013-03-10 09:00:00,Maitri,-3.79,3.7,974.1,55.3
2013-03-10 10:00:00,Maitri,-0.84,4.6,979.1,58.8
2013-03-10 11:00:00,Maitri,-0.99,9.95,978.3,39.7
2013-03-10 12:00:00,Maitri,-9.68,8.25,999.6,47.9
2013-03-10 13:00:00,Maitri,-5.63,10.69,970.2,63.7
2013-03-10 14:00:00,Maitri,-7.33,24.76,988.2,72.7
2013-03-10 15:00:00,Maitri,-6.13,14.71,992.7,45.1
2013-03-10 16:00:00,Maitri,-2.59,10.29,1009.0,52.8
2013-03-10 17:00:00,Maitri,-16.95,11.46,990.6,77.1
2013-03-10 18:00:00,Maitri,-8.56,10.6,1003.0,37.1
2013-03-10 19:00:00,Maitri,-7.86,11.56,981.8,53.4
2013-03-10 20:00:00,Maitri,-3.3,5.37,970.1,65.7
2013-03-10 21:00:00,Maitri,1.46,11.12,982.6,69.4
2013-03-10 22:00:00,Maitri,-3.93,28.8,986.7,76.9
2013-03-10 23:00:00,Maitri,-1.92,2.49,979.8,60.0
2013-03-11 00:00:00,Maitri,-3.87,21.83,980.4,54.4
2013-03-11 01:00:00,Maitri,-1.74,16.02,996.6,56.3
2013-03-11 02:00:00,Maitri,-6.16,17.45,982.6,52.1
2013-03-11 03:00:00,Maitri,-4.95,11.82,977.7,51.0
2013-03-11 04:00:00,Maitri,-0.34,6.17,987.7,78.0
2013-03-11 05:00:00,Maitri,-1.12,9.55,1000.8,51.1
2013-03-11 06:00:00,Maitri,0.15,11.43,990.5,42.1
2013-03-11 07:00:00,Maitri,-6.65,5.26,983.1,52.7
2013-03-11 08:00:00,Maitri,-8.05,11.47,991.6,57.0
2013-03-11 09:00:00,Maitri,-4.89,4.47,970.0,92.0
2013-03-11 10:00:00,Maitri,-11.45,9.06,977.0,41.8
2013-03-11 11:00:00,Maitri,-13.59,8.62,1008.3,46.1
2013-03-11 12:00:00,Maitri,-4.13,1.73,980.2,71.7
2013-03-11 13:00:00,Maitri,-3.23,15.75,984.4,53.7
2013-03-11 14:00:00,Maitri,-6.73,15.22,976.0,48.2
2013-03-11 15:00:00,Maitri,-12.06,6.06,976.7,28.5
2013-03-11 16:00:00,Maitri,0.32,13.95,989.6,49.6
2013-03-11 17:00:00,Maitri,-10.11,7.95,989.9,59.8
2013-03-11 18:00:00,Maitri,-2.19,4.36,988.1,56.4
2013-03-11 19:00:00,Maitri,-5.67,17.1,997.7,50.0
2013-03-11 20:00:00,Maitri,-6.31,7.11,982.7,62.2
2013-03-11 21:00:00,Maitri,-1.3,1.37,995.3,79.4
2013-03-11 22:00:00,Maitri,-4.96,22.8,984.7,76.2
2013-03-11 23:00:00,Maitri,0.85,11.29,990.7,71.8
2013-03-12 00:00:00,Maitri,-13.71,15.06,975.5,64.1
2013-03-12 01:00:00,Maitri,-6.36,21.08,994.6,58.8
2013-03-12 02:00:00,Maitri,-5.03,9.11,995.8,51.5
2013-03-12 03:00:00,Maitri,-6.16,7.27,997.4,38.3
2013-03-12 04:00:00,Maitri,-0.56,37.05,982.0,41.1
2013-03-12 05:00:00,Maitri,-2.0,15.17,980.4,74.4
2013-03-12 06:00:00,Maitri,-5.38,2.78,1005.9,63.0
2013-03-12 07:00:00,Maitri,-9.86,10.23,980.2,48.1
2013-03-12 08:00:00,Maitri,-3.83,4.19,985.6,33.2
2013-03-12 09:00:00,Maitri,-6.08,7.04,994.0,49.3
2013-03-12 10:00:00,Maitri,-10.49,16.62,977.3,42.9
2013-03-12 11:00:00,Maitri,-10.55,19.04,996.6,60.0
2013-03-12 12:00:00,Maitri,-3.13,11.01,980.8,52.4
2013-03-12 13:00:00,Maitri,-9.06,4.52,996.0,36.5
2013-03-12 14:00:00,Maitri,-2.07,5.74,994.5,54.3
2013-03-12 15:00:00,Maitri,-5.0,10.2,981.4,49.7
2013-03-12 16:00:00,Maitri,-8.42,23.25,981.9,70.3
2013-03-12 17:00:00,Maitri,-7.38,8.82,958.6,64.1
2013-03-12 18:00:00,Maitri,-0.88,6.77,988.5,41.7
2013-03-12 19:00:00,Maitri,-15.1,13.23,994.5,57.8
2013-03-12 20:00:00,Maitri,-5.36,4.54,997.0,38.5
2013-03-12 21:00:00,Maitri,-5.16,21.27,984.9,63.6
2013-03-12 22:00:00,Maitri,0.52,10.47,977.4,59.4
2013-03-12 23:00:00,Maitri,-9.51,16.42,988.4,32.9
2013-03-13 00:00:00,Maitri,-4.45,6.87,979.7,54.1
2013-03-13 01:00:00,Maitri,-4.03,13.09,987.3,66.4
2013-03-13 02:00:00,Maitri,-9.48,12.11,960.4,54.9
2013-03-13 03:00:00,Maitri,-9.91,19.13,967.4,61.1
2013-03-13 04:00:00,Maitri,-7.68,10.34,984.3,52.1
2013-03-13 05:00:00,Maitri,-3.04,10.68,1007.1,50.5
2013-03-13 06:00:00,Maitri,-5.8,9.08,990.4,52.8
2013-03-13 07:00:00,Maitri,-6.93,17.78,992.1,47.4
2013-03-13 08:00:00,Maitri,-4.92,8.01,979.4,73.5
2013-03-13 09:00:00,Maitri,-3.67,22.34,992.4,44.4
2013-03-13 10:00:00,Maitri,-2.01,2.68,957.2,33.7
2013-03-13 11:00:00,Maitri,-8.24,15.08,987.1,49.5
2013-03-13 12:00:00,Maitri,-6.67,6.03,994.9,37.9
2013-03-13 13:00:00,Maitri,-4.06,9.73,992.9,42.7
2013-03-13 14:00:00,Maitri,-1.03,6.51,990.0,84.3
2013-03-13 15:00:00,Maitri,-1.13,14.64,996.7,74.2
2013-03-13 16:00:00,Maitri,3.4,4.94,982.3,61.5
2013-03-13 17:00:00,Maitri,-10.01,15.2,995.3,31.6
2013-03-13 18:00:00,Maitri,-3.47,10.63,987.2,43.7
2013-03-13 19:00:00,Maitri,-12.39,9.88,986.0,51.4
2013-03-13 20:00:00,Maitri,-6.87,15.46,1000.7,48.5
2013-03-13 21:00:00,Maitri,-3.49,3.4,990.4,41.6
2013-03-13 22:00:00,Maitri,-3.32,12.2,1003.7,55.2
2013-03-13 23:00:00,Maitri,-8.99,4.79,963.1,71.4
2013-03-14 00:00:00,Maitri,-7.71,14.52,997.4,50.3
2013-03-14 01:00:00,Maitri,-6.96,7.36,993.9,44.9
2013-03-14 02:00:00,Maitri,-4.76,6.85,1011.6,58.5
2013-03-14 03:00:00,Maitri,-10.57,1.96,998.5,57.3
2013-03-14 04:00:00,Maitri,-1.87,7.97,985.2,34.8
2013-03-14 05:00:00,Maitri,-11.57,9.54,966.3,67.9
2013-03-14 06:00:00,Maitri,-8.29,21.44,968.5,50.5
2013-03-14 07:00:00,Maitri,-4.74,29.89,974.3,56.6
2013-03-14 08:00:00,Maitri,-5.83,14.11,978.8,50.1
2013-03-14 09:00:00,Maitri,-10.96,19.22,984.1,53.9
2013-03-14 10:00:00,Maitri,-3.28,2.59,1004.8,70.2
2013-03-14 11:00:00,Maitri,0.59,9.93,988.7,51.2
2013-03-14 12:00:00,Maitri,4.51,14.43,979.8,53.4
2013-03-14 13:00:00,Maitri,-8.63,1.69,991.1,60.7
2013-03-14 14:00:00,Maitri,-5.56,9.39,969.2,41.1
2013-03-14 15:00:00,Maitri,-2.83,16.12,984.8,76.7
2013-03-14 16:00:00,Maitri,-11.13,7.68,1009.7,59.0
2013-03-14 17:00:00,Maitri,-6.55,7.49,988.4,74.1
2013-03-14 18:00:00,Maitri,-0.13,25.39,987.4,59.9
2013-03-14 19:00:00,Maitri,-9.21,8.73,990.7,65.7
2013-03-14 20:00:00,Maitri,-10.3,10.92,978.4,64.1
2013-03-14 21:00:00,Maitri,-4.66,0.64,980.3,63.4
2013-03-14 22:00:00,Maitri,-6.7,3.8,983.5,55.9
2013-03-14 23:00:00,Maitri,-9.52,3.46,965.6,42.2
2013-03-15 00:00:00,Maitri,-6.18,4.4,988.1,48.4
2013-03-15 01:00:00,Maitri,-7.78,10.58,983.5,62.8
2013-03-15 02:00:00,Maitri,-13.72,10.21,993.0,42.6
2013-03-15 03:00:00,Maitri,-11.14,3.9,978.1,58.4
2013-03-15 04:00:00,Maitri,-9.61,6.81,1001.4,72.8
2013-03-15 05:00:00,Maitri,-3.29,8.53,982.7,60.0
2013-03-15 06:00:00,Maitri,-7.89,19.44,971.0,83.0
2013-03-15 07:00:00,Maitri,-3.08,7.69,994.0,46.6
2013-03-15 08:00:00,Maitri,-6.76,9.31,969.5,58.8
2013-03-15 09:00:00,Maitri,-8.76,12.99,980.1,62.2
2013-03-15 10:00:00,Maitri,-6.42,3.26,966.8,54.0
2013-03-15 11:00:00,Maitri,-3.45,16.25,985.6,66.7
2013-03-15 12:00:00,Maitri,-7.48,14.22,972.5,48.4
2013-03-15 13:00:00,Maitri,-6.64,17.3,978.9,40.0
2013-03-15 14:00:00,Maitri,-9.85,10.72,982.8,46.8
2013-03-15 15:00:00,Maitri,-8.75,7.63,987.3,78.0
2013-03-15 16:00:00,Maitri,-10.39,8.0,969.2,58.1
2013-03-15 17:00:00,Maitri,-3.2,6.44,1003.9,53.4
2013-03-15 18:00:00,Maitri,-5.42,12.96,975.9,37.4
2013-03-15 19:00:00,Maitri,-6.65,11.68,981.7,54.1
2013-03-15 20:00:00,Maitri,-9.55,8.16,993.9,69.7
2013-03-15 21:00:00,Maitri,-2.3,15.51,966.9,55.6
2013-03-15 22:00:00,Maitri,-3.9,11.23,999.6,55.6
2013-03-15 23:00:00,Maitri,-2.94,15.9,981.4,54.7
2013-03-16 00:00:00,Maitri,-2.06,20.09,1007.4,48.7
2013-03-16 01:00:00,Maitri,-9.89,11.64,968.1,40.8
2013-03-16 02:00:00,Maitri,-6.51,6.09,984.0,58.8
2013-03-16 03:00:00,Maitri,-7.57,27.1,1004.4,50.7
2013-03-16 04:00:00,Maitri,-0.68,5.71,1001.0,67.3
2013-03-16 05:00:00,Maitri,-8.17,6.12,974.4,39.2
2013-03-16 06:00:00,Maitri,-5.73,11.59,999.4,79.5
2013-03-16 07:00:00,Maitri,-6.05,17.41,989.1,62.4
2013-03-16 08:00:00,Maitri,-11.56,20.84,990.2,59.4
2013-03-16 09:00:00,Maitri,-10.83,11.01,977.5,54.8
2013-03-16 10:00:00,Maitri,-8.94,14.32,987.9,80.8
2013-03-16 11:00:00,Maitri,-9.61,10.35,999.4,51.5
2013-03-16 12:00:00,Maitri,-3.24,14.1,959.9,52.9
2013-03-16 13:00:00,Maitri,-10.84,13.89,988.3,43.6
2013-03-16 14:00:00,Maitri,-4.78,2.49,979.9,65.1
2013-03-16 15:00:00,Maitri,-2.67,7.53,990.2,60.1
2013-03-16 16:00:00,Maitri,-8.79,3.7,990.7,56.7
2013-03-16 17:00:00,Maitri,-7.0,10.49,983.9,53.7
2013-03-16 18:00:00,Maitri,-0.01,20.99,986.2,78.2
2013-03-16 19:00:00,Maitri,-4.84,4.39,980.5,62.9
2013-03-16 20:00:00,Maitri,-2.6,9.55,983.5,53.4
2013-03-16 21:00:00,Maitri,-8.73,22.98,997.6,58.5
2013-03-16 22:00:00,Maitri,-5.27,14.16,980.2,83.4
2013-03-16 23:00:00,Maitri,-6.25,13.37,989.9,44.2
2013-03-17 00:00:00,Maitri,-7.7,16.8,984.9,71.2
2013-03-17 01:00:00,Maitri,-10.64,11.66,989.1,54.1
2013-03-17 02:00:00,Maitri,-8.27,2.93,1005.6,63.7
2013-03-17 03:00:00,Maitri,-5.67,12.75,985.5,66.6
2013-03-17 04:00:00,Maitri,-4.02,19.39,998.9,66.8
2013-03-17 05:00:00,Maitri,-5.86,7.36,990.8,61.9
2013-03-17 06:00:00,Maitri,-8.97,8.03,976.2,53.7
2013-03-17 07:00:00,Maitri,-4.03,14.4,982.9,53.2
2013-03-17 08:00:00,Maitri,-7.88,10.78,987.9,49.4
2013-03-17 09:00:00,Maitri,-2.62,7.3,966.8,60.0
2013-03-17 10:00:00,Maitri,-4.29,14.03,970.2,29.4
2013-03-17 11:00:00,Maitri,-5.92,15.56,980.9,54.4
2013-03-17 12:00:00,Maitri,-6.47,8.39,982.4,28.9
2013-03-17 13:00:00,Maitri,-5.93,13.9,1018.7,37.0
2013-03-17 14:00:00,Maitri,-5.37,2.74,998.9,73.9
2013-03-17 15:00:00,Maitri,-5.62,1.44,982.6,52.0
2013-03-17 16:00:00,Maitri,-9.56,18.58,986.4,58.2
2013-03-17 17:00:00,Maitri,-3.68,6.8,996.8,27.5
2013-03-17 18:00:00,Maitri,-5.34,35.35,979.1,72.8
2013-03-17 19:00:00,Maitri,-6.68,2.99,997.2,36.0
2013-03-17 20:00:00,Maitri,-9.34,4.98,1000.8,70.6
2013-03-17 21:00:00,Maitri,-9.9,9.07,983.0,50.0
2013-03-17 22:00:00,Maitri,-5.71,9.06,985.0,50.6
2013-03-17 23:00:00,Maitri,-6.88,7.23,999.4,47.7
2013-03-18 00:00:00,Maitri,-9.98,1.16,992.0,49.0
2013-03-18 01:00:00,Maitri,-5.51,10.13,977.4,45.8
2013-03-18 02:00:00,Maitri,-6.11,10.36,998.3,46.2
2013-03-18 03:00:00,Maitri,-3.18,10.69,998.5,59.2
2013-03-18 04:00:00,Maitri,-9.95,7.8,979.6,44.7
2013-03-18 05:00:00,Maitri,-4.45,7.13,984.7,47.8
2013-03-18 06:00:00,Maitri,-9.33,10.68,990.8,45.8
2013-03-18 07:00:00,Maitri,-1.44,5.72,966.4,37.5
2013-03-18 08:00:00,Maitri,-3.62,5.64,976.5,56.7
2013-03-18 09:00:00,Maitri,-7.68,8.34,971.6,62.3
2013-03-18 10:00:00,Maitri,-7.86,8.15,989.7,38.8
2013-03-18 11:00:00,Maitri,-9.68,4.73,1008.7,53.9
2013-03-18 12:00:00,Maitri,-1.18,5.17,979.8,83.3
2013-03-18 13:00:00,Maitri,-0.19,12.67,973.3,53.3
2013-03-18 14:00:00,Maitri,-15.48,6.21,984.4,60.4
2013-03-18 15:00:00,Maitri,-2.88,16.24,1010.3,51.4
2013-03-18 16:00:00,Maitri,-9.77,22.87,981.6,58.3
2013-03-18 17:00:00,Maitri,-4.63,12.82,990.7,74.4
2013-03-18 18:00:00,Maitri,-6.88,12.49,994.9,46.4
2013-03-18 19:00:00,Maitri,-9.09,11.14,989.4,46.7
2013-03-18 20:00:00,Maitri,-7.08,5.39,986.7,82.0
2013-03-18 21:00:00,Maitri,-4.82,9.87,991.7,50.3
2013-03-18 22:00:00,Maitri,-5.12,5.58,972.9,84.4
2013-03-18 23:00:00,Maitri,-4.96,12.42,991.9,73.5
2013-03-19 00:00:00,Maitri,-13.21,8.54,991.8,67.2
2013-03-19 01:00:00,Maitri,-1.62,7.83,992.0,65.7
2013-03-19 02:00:00,Maitri,-4.28,14.76,992.7,57.6
2013-03-19 03:00:00,Maitri,-6.84,11.92,983.8,64.0
2013-03-19 04:00:00,Maitri,-7.56,5.7,979.6,71.7
2013-03-19 05:00:00,Maitri,-0.3,2.8,983.8,51.5
2013-03-19 06:00:00,Maitri,-9.04,11.47,976.8,45.2
2013-03-19 07:00:00,Maitri,-4.97,17.04,978.5,64.8
2013-03-19 08:00:00,Maitri,-10.82,5.27,980.6,47.7
2013-03-19 09:00:00,Maitri,-4.67,9.28,971.4,62.5
2013-03-19 10:00:00,Maitri,-13.55,7.95,988.4,68.4
2013-03-19 11:00:00,Maitri,-9.84,5.77,992.9,66.3
2013-03-19 12:00:00,Maitri,-4.37,10.27,996.3,91.7
2013-03-19 13:00:00,Maitri,-5.22,15.9,976.1,58.1
2013-03-19 14:00:00,Maitri,-4.48,9.55,1001.6,69.1
2013-03-19 15:00:00,Maitri,-3.87,4.43,997.3,54.7
2013-03-19 16:00:00,Maitri,-10.37,14.87,984.9,64.7
2013-03-19 17:00:00,Maitri,-4.91,3.63,974.6,43.5
2013-03-19 18:00:00,Maitri,-2.53,4.36,1000.4,68.3
2013-03-19 19:00:00,Maitri,-3.94,2.88,974.4,47.1
2013-03-19 20:00:00,Maitri,-6.1,18.64,977.0,56.0
2013-03-19 21:00:00,Maitri,-10.26,6.71,992.0,69.8
2013-03-19 22:00:00,Maitri,-5.6,12.89,979.8,34.4
2013-03-19 23:00:00,Maitri,-10.09,17.16,998.5,45.9
2013-03-20 00:00:00,Maitri,-4.61,4.0,1001.8,57.9
2013-03-20 01:00:00,Maitri,-11.27,4.76,986.3,72.1
2013-03-20 02:00:00,Maitri,-9.96,6.83,990.3,87.9
2013-03-20 03:00:00,Maitri,-8.67,19.64,981.0,54.0
2013-03-20 04:00:00,Maitri,-3.0,3.02,977.5,71.0
2013-03-20 05:00:00,Maitri,-12.07,7.99,1000.2,64.1
2013-03-20 06:00:00,Maitri,-11.15,3.46,982.6,73.6
2013-03-20 07:00:00,Maitri,-7.99,13.57,981.1,58.2
2013-03-20 08:00:00,Maitri,-4.57,5.61,999.7,32.2
2013-03-20 09:00:00,Maitri,1.92,6.9,997.5,44.8
2013-03-20 10:00:00,Maitri,-9.1,8.63,981.3,25.1
2013-03-20 11:00:00,Maitri,-4.97,6.41,980.2,46.8
2013-03-20 12:00:00,Maitri,-10.07,10.38,982.1,73.5
2013-03-20 13:00:00,Maitri,-14.95,6.23,975.6,58.4
2013-03-20 14:00:00,Maitri,-7.22,7.39,985.1,63.4
2013-03-20 15:00:00,Maitri,-12.87,10.41,983.9,52.1
2013-03-20 16:00:00,Maitri,-4.31,10.91,996.1,59.7
2013-03-20 17:00:00,Maitri,-4.5,7.14,965.1,50.2
2013-03-20 18:00:00,Maitri,-8.8,7.03,1006.8,55.7
2013-03-20 19:00:00,Maitri,-1.2,11.63,992.4,50.8
2013-03-20 20:00:00,Maitri,-11.03,8.27,997.1,62.8
2013-03-20 21:00:00,Maitri,-8.14,6.28,981.3,54.6
2013-03-20 22:00:00,Maitri,-12.33,8.96,967.5,75.4
2013-03-20 23:00:00,Maitri,-7.64,11.53,982.9,86.1
2013-03-21 00:00:00,Maitri,-8.39,23.73,974.2,63.5
2013-03-21 01:00:00,Maitri,-7.07,8.42,978.2,74.4
2013-03-21 02:00:00,Maitri,-12.83,7.92,991.1,71.6
2013-03-21 03:00:00,Maitri,-2.3,8.45,990.6,66.0
2013-03-21 04:00:00,Maitri,-3.16,17.71,976.8,81.4
2013-03-21 05:00:00,Maitri,-6.51,10.9,987.5,62.0
2013-03-21 06:00:00,Maitri,-9.94,18.86,984.7,68.5
2013-03-21 07:00:00,Maitri,-5.54,13.63,962.4,57.9
2013-03-21 08:00:00,Maitri,-9.82,20.07,993.1,51.8
2013-03-21 09:00:00,Maitri,-4.14,9.73,970.2,50.1
2013-03-21 10:00:00,Maitri,-14.15,3.59,989.7,86.6
2013-03-21 11:00:00,Maitri,-7.07,13.26,1001.6,48.6
2013-03-21 12:00:00,Maitri,-8.25,11.08,989.5,65.8
2013-03-21 13:00:00,Maitri,-5.65,7.45,986.6,57.3
2013-03-21 14:00:00,Maitri,-8.87,17.27,986.0,34.2
2013-03-21 15:00:00,Maitri,-12.61,12.11,992.8,66.1
2013-03-21 16:00:00,Maitri,-12.9,2.44,992.1,54.2
2013-03-21 17:00:00,Maitri,-6.39,4.84,988.0,55.6
2013-03-21 18:00:00,Maitri,-8.38,7.21,971.8,57.5
2013-03-21 19:00:00,Maitri,-5.05,13.14,999.6,55.4
2013-03-21 20:00:00,Maitri,-5.56,14.26,983.3,60.6
2013-03-21 21:00:00,Maitri,-1.96,4.32,978.9,61.6
2013-03-21 22:00:00,Maitri,-2.84,29.03,999.9,52.6
2013-03-21 23:00:00,Maitri,-6.83,7.49,992.7,60.0
2013-03-22 00:00:00,Maitri,-13.16,19.54,990.8,55.2
2013-03-22 01:00:00,Maitri,-10.96,10.88,988.6,51.0
2013-03-22 02:00:00,Maitri,-3.58,13.38,986.1,52.1
2013-03-22 03:00:00,Maitri,-8.88,23.87,995.8,65.4
2013-03-22 04:00:00,Maitri,-11.34,10.59,988.6,51.8
2013-03-22 05:00:00,Maitri,-9.66,5.88,987.7,45.0
2013-03-22 06:00:00,Maitri,-8.95,10.91,959.4,54.0
2013-03-22 07:00:00,Maitri,-3.36,12.44,977.2,51.3
2013-03-22 08:00:00,Maitri,-6.02,29.38,978.1,58.0
2013-03-22 09:00:00,Maitri,-11.98,6.32,966.2,65.3
2013-03-22 10:00:00,Maitri,-2.74,8.2,990.2,50.7
2013-03-22 11:00:00,Maitri,-10.8,15.97,996.7,46.7
2013-03-22 12:00:00,Maitri,-5.49,10.65,994.6,39.5
2013-03-22 13:00:00,Maitri,-7.65,9.2,977.2,62.8
2013-03-22 14:00:00,Maitri,-5.65,6.97,961.8,69.4
2013-03-22 15:00:00,Maitri,-11.59,12.93,959.1,53.7
2013-03-22 16:00:00,Maitri,-7.86,7.0,975.5,70.2
2013-03-22 17:00:00,Maitri,-8.03,2.43,1008.1,42.0
2013-03-22 18:00:00,Maitri,-5.93,11.2,1002.1,60.0
2013-03-22 19:00:00,Maitri,-4.98,6.32,982.7,33.9
2013-03-22 20:00:00,Maitri,-13.77,12.81,985.1,50.9
2013-03-22 21:00:00,Maitri,-9.1,9.17,992.8,63.9
2013-03-22 22:00:00,Maitri,-5.95,8.73,1009.3,64.5
2013-03-22 23:00:00,Maitri,-12.28,9.68,1003.1,68.9
2013-03-23 00:00:00,Maitri,-10.58,9.65,980.9,34.9
2013-03-23 01:00:00,Maitri,-6.06,7.1,1003.8,54.7
2013-03-23 02:00:00,Maitri,-5.71,5.0,979.7,61.3
2013-03-23 03:00:00,Maitri,-7.28,18.48,1001.5,43.5
2013-03-23 04:00:00,Maitri,-7.23,11.02,997.5,49.3
2013-03-23 05:00:00,Maitri,-6.47,19.2,986.3,38.1
2013-03-23 06:00:00,Maitri,-7.83,10.28,995.8,50.5
2013-03-23 07:00:00,Maitri,-7.34,8.58,978.8,55.3
2013-03-23 08:00:00,Maitri,-6.3,17.0,998.7,79.0
2013-03-23 09:00:00,Maitri,-8.59,7.5,980.5,56.0
2013-03-23 10:00:00,Maitri,-6.71,18.43,976.0,39.5
2013-03-23 11:00:00,Maitri,-2.51,15.05,987.7,47.0
2013-03-23 12:00:00,Maitri,-14.86,3.0,979.5,62.4
2013-03-23 13:00:00,Maitri,-4.79,12.21,991.9,65.3
2013-03-23 14:00:00,Maitri,-13.69,6.34,973.4,24.4
2013-03-23 15:00:00,Maitri,-11.53,5.48,983.9,62.4
2013-03-23 16:00:00,Maitri,-1.78,17.18,965.3,68.2
2013-03-23 17:00:00,Maitri,-9.4,10.83,1003.3,80.6
2013-03-23 18:00:00,Maitri,-6.84,8.32,990.8,47.4
2013-03-23 19:00:00,Maitri,-5.95,6.37,987.6,80.1
2013-03-23 20:00:00,Maitri,-5.35,10.65,964.4,47.8
2013-03-23 21:00:00,Maitri,-12.7,3.15,990.0,79.3
2013-03-23 22:00:00,Maitri,-7.83,2.65,1005.0,45.7
2013-03-23 23:00:00,Maitri,-9.85,3.76,993.9,54.8
2013-03-24 00:00:00,Maitri,-6.11,6.23,982.7,55.1
2013-03-24 01:00:00,Maitri,-7.17,9.6,985.5,69.7
2013-03-24 02:00:00,Maitri,-3.18,4.36,991.6,58.9
2013-03-24 03:00:00,Maitri,-9.55,7.0,983.9,57.9
2013-03-24 04:00:00,Maitri,-6.65,7.17,973.2,59.6
2013-03-24 05:00:00,Maitri,-10.21,8.04,989.1,43.3
2013-03-24 06:00:00,Maitri,-5.93,12.4,972.6,36.1
2013-03-24 07:00:00,Maitri,-4.08,13.54,963.9,76.4
2013-03-24 08:00:00,Maitri,-8.98,7.88,1000.2,47.9
2013-03-24 09:00:00,Maitri,-14.38,6.09,1002.2,33.9
2013-03-24 10:00:00,Maitri,-6.82,6.81,990.4,56.1
2013-03-24 11:00:00,Maitri,-14.69,12.08,997.9,77.1
2013-03-24 12:00:00,Maitri,-6.93,8.69,984.3,58.0
2013-03-24 13:00:00,Maitri,-9.12,4.47,978.5,45.2
2013-03-24 14:00:00,Maitri,-6.63,14.89,994.1,55.4
2013-03-24 15:00:00,Maitri,-4.21,11.1,988.3,62.1
2013-03-24 16:00:00,Maitri,-10.97,15.23,982.3,66.2
2013-03-24 17:00:00,Maitri,-13.79,7.31,987.1,54.5
2013-03-24 18:00:00,Maitri,-7.29,20.59,993.1,72.2
2013-03-24 19:00:00,Maitri,-1.06,13.65,972.4,60.4
2013-03-24 20:00:00,Maitri,-11.62,4.41,975.6,35.1
2013-03-24 21:00:00,Maitri,-12.45,10.47,973.9,62.2
2013-03-24 22:00:00,Maitri,-9.14,13.72,993.1,57.6
2013-03-24 23:00:00,Maitri,-10.74,1.23,982.9,62.5
2013-03-25 00:00:00,Maitri,-7.17,4.67,997.8,57.5
2013-03-25 01:00:00,Maitri,-7.57,8.2,987.2,57.7
2013-03-25 02:00:00,Maitri,-12.24,3.77,972.1,55.5
2013-03-25 03:00:00,Maitri,-0.92,6.04,965.7,66.2
2013-03-25 04:00:00,Maitri,-11.58,1.05,988.7,69.7
2013-03-25 05:00:00,Maitri,-8.26,22.77,995.9,49.8
2013-03-25 06:00:00,Maitri,-7.72,4.4,989.4,52.2
2013-03-25 07:00:00,Maitri,-5.93,14.42,981.6,73.6
2013-03-25 08:00:00,Maitri,-9.92,12.24,988.5,57.3
2013-03-25 09:00:00,Maitri,-9.76,9.9,982.5,67.8
2013-03-25 10:00:00,Maitri,-8.25,15.55,972.2,55.2
2013-03-25 11:00:00,Maitri,-2.83,6.54,986.3,64.5
2013-03-25 12:00:00,Maitri,-8.19,5.37,988.9,57.2
2013-03-25 13:00:00,Maitri,-4.4,13.59,992.0,66.8
2013-03-25 14:00:00,Maitri,-11.17,3.32,996.8,62.0
2013-03-25 15:00:00,Maitri,-6.52,10.31,989.9,53.4
2013-03-25 16:00:00,Maitri,-7.05,4.47,990.3,65.5
2013-03-25 17:00:00,Maitri,-6.76,13.22,1001.4,56.7
2013-03-25 18:00:00,Maitri,-0.11,2.71,976.1,28.1
2013-03-25 19:00:00,Maitri,-5.41,7.97,980.0,61.1
2013-03-25 20:00:00,Maitri,-8.97,26.98,970.3,51.0
2013-03-25 21:00:00,Maitri,-12.73,13.92,987.7,44.3
2013-03-25 22:00:00,Maitri,-4.82,9.44,972.8,38.6
2013-03-25 23:00:00,Maitri,-4.41,5.26,979.0,58.6
2013-03-26 00:00:00,Maitri,-9.8,4.41,998.4,30.6
2013-03-26 01:00:00,Maitri,-14.88,12.54,973.9,91.6
2013-03-26 02:00:00,Maitri,-4.25,11.47,989.6,43.4
2013-03-26 03:00:00,Maitri,-7.95,6.29,978.5,46.1
2013-03-26 04:00:00,Maitri,-6.84,4.47,973.2,68.2
2013-03-26 05:00:00,Maitri,-12.29,16.28,998.9,53.4
2013-03-26 06:00:00,Maitri,-7.45,10.01,965.3,40.5
2013-03-26 07:00:00,Maitri,-7.88,3.58,992.8,70.0
2013-03-26 08:00:00,Maitri,-6.16,14.51,972.0,64.5
2013-03-26 09:00:00,Maitri,-11.2,18.09,984.8,28.5
2013-03-26 10:00:00,Maitri,-3.06,9.67,966.5,56.2
2013-03-26 11:00:00,Maitri,-11.01,6.29,988.9,48.3
2013-03-26 12:00:00,Maitri,-6.96,13.14,965.1,54.4
2013-03-26 13:00:00,Maitri,-10.11,12.44,993.1,56.9
2013-03-26 14:00:00,Maitri,-9.78,15.48,996.2,53.2
2013-03-26 15:00:00,Maitri,-11.62,7.34,983.4,59.7
2013-03-26 16:00:00,Maitri,-6.57,6.35,977.7,61.8
2013-03-26 17:00:00,Maitri,-6.37,7.57,967.8,76.0
2013-03-26 18:00:00,Maitri,-7.8,8.83,969.8,50.9
2013-03-26 19:00:00,Maitri,-5.22,7.27,980.3,60.5
2013-03-26 20:00:00,Maitri,-6.05,16.19,982.2,63.1
2013-03-26 21:00:00,Maitri,-8.48,11.9,1005.6,49.1
2013-03-26 22:00:00,Maitri,-3.98,9.18,979.8,49.5
2013-03-26 23:00:00,Maitri,-8.3,8.37,986.6,46.3
2013-03-27 00:00:00,Maitri,-5.1,19.38,974.3,75.0
2013-03-27 01:00:00,Maitri,-9.01,2.89,974.5,58.6
2013-03-27 02:00:00,Maitri,-9.04,10.92,969.0,62.0
2013-03-27 03:00:00,Maitri,-3.65,10.98,979.3,56.2
2013-03-27 04:00:00,Maitri,-11.47,19.36,1009.8,68.2
2013-03-27 05:00:00,Maitri,-9.98,9.45,982.1,33.1
2013-03-27 06:00:00,Maitri,-14.91,11.37,981.9,58.3
2013-03-27 07:00:00,Maitri,-10.97,13.17,976.3,33.0
2013-03-27 08:00:00,Maitri,-11.59,7.11,979.7,56.4
2013-03-27 09:00:00,Maitri,-10.95,2.73,993.8,52.2
2013-03-27 10:00:00,Maitri,-8.71,10.49,963.4,51.6
2013-03-27 11:00:00,Maitri,-9.88,10.21,986.7,45.8
2013-03-27 12:00:00,Maitri,-4.87,2.04,978.2,51.2
2013-03-27 13:00:00,Maitri,-0.4,7.39,993.7,66.5
2013-03-27 14:00:00,Maitri,-10.58,20.19,978.7,57.0
2013-03-27 15:00:00,Maitri,-4.71,23.01,972.4,52.2
2013-03-27 16:00:00,Maitri,-7.44,13.16,966.3,59.7
2013-03-27 17:00:00,Maitri,-10.4,0.94,963.7,66.9
2013-03-27 18:00:00,Maitri,-8.89,4.83,988.8,51.1
2013-03-27 19:00:00,Maitri,-10.83,10.27,1007.3,55.8
2013-03-27 20:00:00,Maitri,-10.17,4.9,984.5,70.1
2013-03-27 21:00:00,Maitri,-1.09,5.74,973.8,53.7
2013-03-27 22:00:00,Maitri,-5.98,40.96,989.6,54.5
2013-03-27 23:00:00,Maitri,-12.19,10.7,993.3,64.0
2013-03-28 00:00:00,Maitri,-10.22,4.43,985.5,53.4
2013-03-28 01:00:00,Maitri,-7.15,12.74,990.7,72.5
2013-03-28 02:00:00,Maitri,-12.43,7.68,982.6,61.5
2013-03-28 03:00:00,Maitri,-9.69,3.06,1003.6,70.7
2013-03-28 04:00:00,Maitri,-8.68,15.21,986.0,26.8
2013-03-28 05:00:00,Maitri,-4.97,14.57,977.8,56.1
2013-03-28 06:00:00,Maitri,-7.22,13.36,1000.3,64.2
2013-03-28 07:00:00,Maitri,-1.24,7.41,974.6,60.2
2013-03-28 08:00:00,Maitri,-16.95,20.6,986.0,58.6
2013-03-28 09:00:00,Maitri,-12.99,2.59,978.1,76.5
2013-03-28 10:00:00,Maitri,-9.01,15.27,970.3,57.2
2013-03-28 11:00:00,Maitri,-8.11,3.96,980.1,58.4
2013-03-28 12:00:00,Maitri,-11.51,9.81,971.7,50.6
2013-03-28 13:00:00,Maitri,-11.8,2.87,998.9,59.4
2013-03-28 14:00:00,Maitri,-5.92,10.15,981.9,47.5
2013-03-28 15:00:00,Maitri,-7.09,6.22,969.2,52.9
2013-03-28 16:00:00,Maitri,-5.36,7.35,993.0,60.4
2013-03-28 17:00:00,Maitri,-3.65,14.3,989.9,74.7
2013-03-28 18:00:00,Maitri,-9.06,19.12,988.4,57.0
2013-03-28 19:00:00,Maitri,-11.21,20.17,974.3,57.0
2013-03-28 20:00:00,Maitri,-7.45,12.01,983.2,79.9
2013-03-28 21:00:00,Maitri,-4.84,6.38,994.9,59.0
2013-03-28 22:00:00,Maitri,-6.84,7.09,977.5,47.8
2013-03-28 23:00:00,Maitri,-13.89,10.7,983.9,52.0
2013-03-29 00:00:00,Maitri,-9.51,4.89,963.9,76.6
2013-03-29 01:00:00,Maitri,-10.27,10.97,986.0,63.5
2013-03-29 02:00:00,Maitri,-10.6,8.49,1007.8,65.4
2013-03-29 03:00:00,Maitri,-13.79,32.19,975.0,53.9
2013-03-29 04:00:00,Maitri,-7.34,5.93,991.0,55.1
2013-03-29 05:00:00,Maitri,-4.35,31.3,991.7,44.3
2013-03-29 06:00:00,Maitri,-7.53,11.82,989.1,55.3
2013-03-29 07:00:00,Maitri,-11.57,6.99,1004.5,44.6
2013-03-29 08:00:00,Maitri,-4.49,6.93,975.3,54.0
2013-03-29 09:00:00,Maitri,-10.84,7.55,979.0,74.1
2013-03-29 10:00:00,Maitri,-8.8,9.09,971.6,61.9
2013-03-29 11:00:00,Maitri,-5.74,10.54,998.6,44.6
2013-03-29 12:00:00,Maitri,-8.19,18.99,974.9,58.9
2013-03-29 13:00:00,Maitri,-9.29,6.28,1000.5,64.7
2013-03-29 14:00:00,Maitri,-8.42,15.94,995.1,49.4
2013-03-29 15:00:00,Maitri,-8.74,6.7,988.4,57.0
2013-03-29 16:00:00,Maitri,-9.88,10.26,970.9,58.4
2013-03-29 17:00:00,Maitri,-4.87,2.36,979.9,60.8
2013-03-29 18:00:00,Maitri,-8.97,11.93,979.6,33.6
2013-03-29 19:00:00,Maitri,-10.32,11.3,990.3,43.8
2013-03-29 20:00:00,Maitri,-9.22,6.45,984.7,71.9
2013-03-29 21:00:00,Maitri,-4.77,7.58,993.7,46.0
2013-03-29 22:00:00,Maitri,-10.49,27.02,993.7,68.9
2013-03-29 23:00:00,Maitri,-7.48,23.86,994.5,48.7
2013-03-30 00:00:00,Maitri,-6.27,5.37,1004.4,61.2
2013-03-30 01:00:00,Maitri,-9.9,12.3,986.7,50.8
2013-03-30 02:00:00,Maitri,-10.61,9.14,986.3,69.1
2013-03-30 03:00:00,Maitri,-11.06,13.46,990.5,50.4
2013-03-30 04:00:00,Maitri,-9.34,10.54,984.6,55.6
2013-03-30 05:00:00,Maitri,-8.35,7.49,982.5,52.3
2013-03-30 06:00:00,Maitri,-4.37,5.44,973.5,38.8
2013-03-30 07:00:00,Maitri,-8.66,10.08,1007.0,63.3
2013-03-30 08:00:00,Maitri,-5.17,6.99,990.6,49.1
2013-03-30 09:00:00,Maitri,-6.97,35.22,996.5,48.3
2013-03-30 10:00:00,Maitri,-10.12,19.39,976.8,68.3
2013-03-30 11:00:00,Maitri,-5.66,8.35,976.6,62.7
2013-03-30 12:00:00,Maitri,-10.23,27.79,970.8,58.8
2013-03-30 13:00:00,Maitri,-7.97,3.88,979.8,65.4
2013-03-30 14:00:00,Maitri,-7.77,17.63,964.9,49.4
2013-03-30 15:00:00,Maitri,-8.42,3.58,976.4,53.4
2013-03-30 16:00:00,Maitri,-9.77,3.11,987.8,55.3
2013-03-30 17:00:00,Maitri,-3.77,16.33,993.3,65.8
2013-03-30 18:00:00,Maitri,-6.1,29.27,990.9,61.4
2013-03-30 19:00:00,Maitri,-5.24,4.46,976.1,59.8
2013-03-30 20:00:00,Maitri,-12.23,8.32,982.1,31.3
2013-03-30 21:00:00,Maitri,-6.26,5.35,973.3,68.8
2013-03-30 22:00:00,Maitri,-9.32,16.92,977.7,51.3
2013-03-30 23:00:00,Maitri,-5.98,6.28,986.3,53.6
2013-03-31 00:00:00,Maitri,-0.13,16.7,1000.3,61.0
2013-03-31 01:00:00,Maitri,-8.27,6.5,995.4,75.0
2013-03-31 02:00:00,Maitri,-8.39,9.16,982.8,69.1
2013-03-31 03:00:00,Maitri,-14.32,8.44,992.0,45.5
2013-03-31 04:00:00,Maitri,-4.13,7.32,981.0,50.0
2013-03-31 05:00:00,Maitri,-13.26,7.9,985.3,50.2
2013-03-31 06:00:00,Maitri,-13.45,8.91,999.2,41.6
2013-03-31 07:00:00,Maitri,-6.43,4.42,983.3,57.5
2013-03-31 08:00:00,Maitri,-12.96,7.48,961.8,82.3
2013-03-31 09:00:00,Maitri,-5.81,11.62,993.9,60.8
2013-03-31 10:00:00,Maitri,-11.96,7.75,984.8,69.7
2013-03-31 11:00:00,Maitri,-9.49,5.22,989.2,71.5
2013-03-31 12:00:00,Maitri,-3.92,16.01,971.2,36.7
2013-03-31 13:00:00,Maitri,-8.15,7.93,985.9,66.2
2013-03-31 14:00:00,Maitri,-12.05,7.08,988.7,47.5
2013-03-31 15:00:00,Maitri,-5.9,13.5,978.4,56.3
2013-03-31 16:00:00,Maitri,-12.16,1.54,977.2,70.8
2013-03-31 17:00:00,Maitri,-4.77,11.98,993.5,55.9
2013-03-31 18:00:00,Maitri,-4.11,6.74,985.8,62.9
2013-03-31 19:00:00,Maitri,-8.56,7.73,983.7,40.0
2013-03-31 20:00:00,Maitri,-11.19,14.3,971.7,39.8
2013-03-31 21:00:00,Maitri,-8.51,7.42,979.8,47.5
2013-03-31 22:00:00,Maitri,-12.74,5.78,971.7,38.7
2013-03-31 23:00:00,Maitri,-5.28,7.91,997.1,80.4
2013-04-01 00:00:00,Maitri,-11.93,7.3,1001.0,42.3
2013-04-01 01:00:00,Maitri,-9.95,12.49,972.3,43.7
2013-04-01 02:00:00,Maitri,-6.14,10.61,980.0,53.8
2013-04-01 03:00:00,Maitri,-11.55,11.71,978.7,54.2
2013-04-01 04:00:00,Maitri,-4.45,5.74,999.1,59.5
2013-04-01 05:00:00,Maitri,-10.76,7.84,980.8,34.9
2013-04-01 06:00:00,Maitri,-8.99,7.83,977.2,51.0
2013-04-01 07:00:00,Maitri,-12.34,21.51,988.4,54.9
2013-04-01 08:00:00,Maitri,-5.3,11.37,982.6,48.2
2013-04-01 09:00:00,Maitri,-6.32,9.41,1000.9,52.3
2013-04-01 10:00:00,Maitri,-9.93,11.32,985.8,57.1
2013-04-01 11:00:00,Maitri,-9.32,1.36,997.8,64.4
2013-04-01 12:00:00,Maitri,-4.55,9.89,973.1,64.2
2013-04-01 13:00:00,Maitri,-7.35,6.84,968.8,66.4
2013-04-01 14:00:00,Maitri,-7.67,24.32,994.5,52.9
2013-04-01 15:00:00,Maitri,-6.11,10.99,998.3,46.6
2013-04-01 16:00:00,Maitri,-7.27,5.28,998.0,51.1
2013-04-01 17:00:00,Maitri,-8.24,17.36,980.6,59.4
2013-04-01 18:00:00,Maitri,-8.13,19.24,984.6,57.0
2013-04-01 19:00:00,Maitri,-15.27,9.51,979.4,52.0
2013-04-01 20:00:00,Maitri,-11.23,8.55,987.2,65.6
2013-04-01 21:00:00,Maitri,-18.89,13.89,1005.3,54.1
2013-04-01 22:00:00,Maitri,-6.32,24.01,1007.2,51.4
2013-04-01 23:00:00,Maitri,-10.82,12.26,978.6,50.9
2013-04-02 00:00:00,Maitri,-5.09,11.29,989.5,50.8
2013-04-02 01:00:00,Maitri,-15.29,9.56,997.6,60.8
2013-04-02 02:00:00,Maitri,-11.43,11.54,984.4,52.1
2013-04-02 03:00:00,Maitri,-10.59,26.31,987.9,50.5
2013-04-02 04:00:00,Maitri,-6.07,13.35,972.0,47.2
2013-04-02 05:00:00,Maitri,-7.74,8.46,998.0,68.1
2013-04-02 06:00:00,Maitri,-4.29,3.61,1008.7,40.5
2013-04-02 07:00:00,Maitri,-5.85,9.27,996.1,53.8
2013-04-02 08:00:00,Maitri,-13.84,28.52,968.8,61.7
2013-04-02 09:00:00,Maitri,-1.87,15.36,986.6,48.3
2013-04-02 10:00:00,Maitri,-3.42,9.38,992.7,57.9
2013-04-02 11:00:00,Maitri,-6.34,3.93,988.2,41.5
2013-04-02 12:00:00,Maitri,-9.36,4.3,958.7,48.4
2013-04-02 13:00:00,Maitri,-12.44,3.81,1015.3,68.7
2013-04-02 14:00:00,Maitri,-17.93,18.18,984.9,46.3
2013-04-02 15:00:00,Maitri,-13.94,13.95,984.5,47.2
2013-04-02 16:00:00,Maitri,-17.65,1.64,979.2,54.3
2013-04-02 17:00:00,Maitri,-7.95,14.75,991.4,58.9
2013-04-02 18:00:00,Maitri,-3.43,3.8,968.9,75.9
2013-04-02 19:00:00,Maitri,-6.98,11.12,978.2,59.7
2013-04-02 20:00:00,Maitri,-9.01,15.88,975.0,67.8
2013-04-02 21:00:00,Maitri,-10.19,6.87,989.1,59.4
2013-04-02 22:00:00,Maitri,-4.45,4.37,996.3,57.6
2013-04-02 23:00:00,Maitri,-9.82,14.59,988.3,45.5
2013-04-03 00:00:00,Maitri,-5.81,15.41,1001.6,41.5
2013-04-03 01:00:00,Maitri,-9.27,1.93,992.6,42.5
2013-04-03 02:00:00,Maitri,-7.26,7.96,996.2,64.5
2013-04-03 03:00:00,Maitri,-13.67,13.47,979.9,43.8
2013-04-03 04:00:00,Maitri,-6.89,11.13,958.6,71.3
2013-04-03 05:00:00,Maitri,-6.62,17.71,979.3,52.5
2013-04-03 06:00:00,Maitri,-9.1,4.6,959.4,76.9
2013-04-03 07:00:00,Maitri,-6.39,12.07,980.2,45.2
2013-04-03 08:00:00,Maitri,-11.55,4.75,977.8,61.1
2013-04-03 09:00:00,Maitri,-9.38,11.56,994.7,55.4
2013-04-03 10:00:00,Maitri,-7.86,11.98,986.3,44.1
2013-04-03 11:00:00,Maitri,-3.85,3.23,1008.7,81.3
2013-04-03 12:00:00,Maitri,-9.83,22.83,972.8,48.8
2013-04-03 13:00:00,Maitri,-7.51,13.57,989.4,73.2
2013-04-03 14:00:00,Maitri,-8.85,8.74,1003.9,62.9
2013-04-03 15:00:00,Maitri,-15.76,4.5,965.6,42.3
2013-04-03 16:00:00,Maitri,-8.06,23.87,976.1,69.0
2013-04-03 17:00:00,Maitri,-9.16,7.61,996.6,43.9
2013-04-03 18:00:00,Maitri,-7.65,10.32,985.8,65.0
2013-04-03 19:00:00,Maitri,-8.55,9.61,966.8,74.0
2013-04-03 20:00:00,Maitri,-6.59,25.56,980.5,60.3
2013-04-03 21:00:00,Maitri,-13.95,14.52,975.3,51.8
2013-04-03 22:00:00,Maitri,-14.17,2.01,999.4,51.2
2013-04-03 23:00:00,Maitri,-12.8,13.68,985.8,54.6
2013-04-04 00:00:00,Maitri,-10.92,22.78,1004.3,52.6
2013-04-04 01:00:00,Maitri,-9.39,5.14,1001.7,46.3
2013-04-04 02:00:00,Maitri,-2.4,4.89,974.8,58.6
2013-04-04 03:00:00,Maitri,-8.73,35.39,974.8,34.4
2013-04-04 04:00:00,Maitri,-13.88,23.57,972.2,47.8
2013-04-04 05:00:00,Maitri,-10.67,22.1,996.9,61.7
2013-04-04 06:00:00,Maitri,-7.44,21.79,985.5,60.9
2013-04-04 07:00:00,Maitri,-8.74,7.71,985.0,24.1
2013-04-04 08:00:00,Maitri,-11.51,1.96,998.4,52.9
2013-04-04 09:00:00,Maitri,-9.71,6.42,987.3,39.2
2013-04-04 10:00:00,Maitri,-7.91,13.93,1010.6,65.7
2013-04-04 11:00:00,Maitri,-9.46,8.9,973.5,42.2
2013-04-04 12:00:00,Maitri,-3.19,18.97,977.4,81.3
2013-04-04 13:00:00,Maitri,-6.98,3.06,1001.0,75.8
2013-04-04 14:00:00,Maitri,-8.88,15.52,997.5,49.1
2013-04-04 15:00:00,Maitri,-4.85,9.26,1006.4,71.0
2013-04-04 16:00:00,Maitri,-3.19,10.4,1007.1,37.9
2013-04-04 17:00:00,Maitri,-7.58,12.82,981.1,53.6
2013-04-04 18:00:00,Maitri,-9.33,8.87,987.4,63.8
2013-04-04 19:00:00,Maitri,-11.59,12.83,999.8,58.0
2013-04-04 20:00:00,Maitri,-8.54,3.88,988.2,60.4
2013-04-04 21:00:00,Maitri,-9.87,7.67,982.7,61.5
2013-04-04 22:00:00,Maitri,-7.12,3.39,978.7,43.9
2013-04-04 23:00:00,Maitri,-13.52,7.33,987.0,71.8
2013-04-05 00:00:00,Maitri,-11.61,17.19,981.1,41.1
2013-04-05 01:00:00,Maitri,-11.98,10.73,974.6,39.9
2013-04-05 02:00:00,Maitri,-9.76,14.92,989.0,75.2
2013-04-05 03:00:00,Maitri,-14.48,7.6,987.4,67.4
2013-04-05 04:00:00,Maitri,-7.73,3.34,1003.7,32.6
2013-04-05 05:00:00,Maitri,-10.93,4.09,973.9,78.0
2013-04-05 06:00:00,Maitri,-7.96,7.31,978.3,66.3
2013-04-05 07:00:00,Maitri,-15.62,9.55,987.4,56.7
2013-04-05 08:00:00,Maitri,-12.76,5.15,979.9,49.1
2013-04-05 09:00:00,Maitri,-4.96,13.07,990.8,43.2
2013-04-05 10:00:00,Maitri,-10.15,10.04,993.6,56.7
2013-04-05 11:00:00,Maitri,-2.67,11.05,977.2,45.3
2013-04-05 12:00:00,Maitri,-13.65,21.02,985.8,49.9
2013-04-05 13:00:00,Maitri,-9.3,6.29,992.9,55.2
2013-04-05 14:00:00,Maitri,-13.21,8.85,984.8,61.6
2013-04-05 15:00:00,Maitri,-9.66,2.57,972.2,53.2
2013-04-05 16:00:00,Maitri,-20.02,14.53,996.2,64.4
2013-04-05 17:00:00,Maitri,-6.47,2.99,997.8,69.7
2013-04-05 18:00:00,Maitri,-7.23,6.8,1014.7,63.8
2013-04-05 19:00:00,Maitri,-4.76,9.39,981.5,58.3
2013-04-05 20:00:00,Maitri,-7.4,13.69,983.5,65.5
2013-04-05 21:00:00,Maitri,-8.25,7.7,1004.9,71.7
2013-04-05 22:00:00,Maitri,-11.79,42.5,985.3,51.9
2013-04-05 23:00:00,Maitri,-12.91,12.57,983.9,47.5
2013-04-06 00:00:00,Maitri,-18.05,1.25,987.9,64.3
2013-04-06 01:00:00,Maitri,-3.97,15.08,976.4,60.8
2013-04-06 02:00:00,Maitri,-13.44,7.19,980.3,63.9
2013-04-06 03:00:00,Maitri,-10.83,10.37,984.7,49.7
2013-04-06 04:00:00,Maitri,-12.28,9.41,998.8,42.1
2013-04-06 05:00:00,Maitri,-6.3,14.13,994.1,61.0
2013-04-06 06:00:00,Maitri,-9.85,11.55,998.4,61.5
2013-04-06 07:00:00,Maitri,-11.33,2.16,972.6,62.6
2013-04-06 08:00:00,Maitri,-6.67,11.8,995.9,33.7
2013-04-06 09:00:00,Maitri,-10.19,5.81,973.4,78.9
2013-04-06 10:00:00,Maitri,-6.44,8.88,981.8,74.5
2013-04-06 11:00:00,Maitri,-7.5,13.23,986.7,39.2
2013-04-06 12:00:00,Maitri,-10.69,4.52,1003.4,49.8
2013-04-06 13:00:00,Maitri,-11.08,17.46,994.8,77.4
2013-04-06 14:00:00,Maitri,-9.39,8.46,1007.2,56.8
2013-04-06 15:00:00,Maitri,-12.4,6.73,994.6,65.2
2013-04-06 16:00:00,Maitri,-8.91,11.85,983.6,47.3
2013-04-06 17:00:00,Maitri,-12.55,10.06,996.8,63.3
2013-04-06 18:00:00,Maitri,-8.53,20.19,981.2,63.4
2013-04-06 19:00:00,Maitri,-9.76,15.12,996.1,71.6
2013-04-06 20:00:00,Maitri,-11.77,15.09,989.0,66.2
2013-04-06 21:00:00,Maitri,-13.75,5.14,1007.1,59.1
2013-04-06 22:00:00,Maitri,-7.21,13.59,954.4,73.6
2013-04-06 23:00:00,Maitri,-11.21,7.06,987.1,64.2
2013-04-07 00:00:00,Maitri,-13.64,15.12,994.2,55.4
2013-04-07 01:00:00,Maitri,-8.89,5.27,988.0,54.3
2013-04-07 02:00:00,Maitri,-8.94,7.16,1002.6,50.6
2013-04-07 03:00:00,Maitri,-11.63,24.61,981.9,59.0
2013-04-07 04:00:00,Maitri,-4.87,12.35,994.3,66.0
2013-04-07 05:00:00,Maitri,-9.04,18.26,955.8,57.8
2013-04-07 06:00:00,Maitri,-7.93,16.35,991.0,47.1
2013-04-07 07:00:00,Maitri,-10.59,32.94,988.7,48.0
2013-04-07 08:00:00,Maitri,-8.14,12.12,976.5,59.8
2013-04-07 09:00:00,Maitri,-5.28,6.91,972.6,55.8
2013-04-07 10:00:00,Maitri,-18.04,6.7,988.2,83.7
2013-04-07 11:00:00,Maitri,-3.2,7.31,984.7,64.5
2013-04-07 12:00:00,Maitri,-13.03,15.62,981.9,57.6
2013-04-07 13:00:00,Maitri,-2.53,4.23,991.4,39.0
2013-04-07 14:00:00,Maitri,-7.97,4.78,991.8,33.4
2013-04-07 15:00:00,Maitri,-13.3,16.11,987.0,71.1
2013-04-07 16:00:00,Maitri,-12.8,2.71,999.7,36.7
2013-04-07 17:00:00,Maitri,-4.34,23.3,1005.0,72.0
2013-04-07 18:00:00,Maitri,-14.64,6.68,995.6,64.8
2013-04-07 19:00:00,Maitri,-11.97,12.31,977.7,58.9
2013-04-07 20:00:00,Maitri,-12.39,6.35,969.7,59.6
2013-04-07 21:00:00,Maitri,-8.13,11.07,1004.1,44.7
2013-04-07 22:00:00,Maitri,-10.86,3.89,970.6,49.8
2013-04-07 23:00:00,Maitri,-4.13,7.45,966.2,61.5
2013-04-08 00:00:00,Maitri,-9.98,15.3,1000.2,44.6
2013-04-08 01:00:00,Maitri,-7.47,7.04,993.3,34.7
2013-04-08 02:00:00,Maitri,-7.18,11.56,990.9,47.4
2013-04-08 03:00:00,Maitri,-11.56,12.88,976.1,73.9
2013-04-08 04:00:00,Maitri,-4.6,13.3,1007.0,37.9
2013-04-08 05:00:00,Maitri,-8.97,13.43,979.3,59.8
2013-04-08 06:00:00,Maitri,-5.0,10.25,987.0,35.5
2013-04-08 07:00:00,Maitri,-10.61,5.94,1001.7,92.0
2013-04-08 08:00:00,Maitri,-6.26,7.86,1004.7,49.0
2013-04-08 09:00:00,Maitri,-11.56,6.4,999.1,55.7
2013-04-08 10:00:00,Maitri,-10.44,9.83,987.3,61.1
2013-04-08 11:00:00,Maitri,-14.6,25.56,972.8,57.7
2013-04-08 12:00:00,Maitri,-11.94,1.32,967.8,78.6
2013-04-08 13:00:00,Maitri,-12.04,8.91,984.3,72.3
2013-04-08 14:00:00,Maitri,-11.09,8.7,979.6,46.2
2013-04-08 15:00:00,Maitri,-9.71,6.2,981.4,37.4
2013-04-08 16:00:00,Maitri,-7.15,11.26,989.6,45.0
2013-04-08 17:00:00,Maitri,-9.56,4.7,961.2,32.9
2013-04-08 18:00:00,Maitri,-8.86,18.87,985.1,56.5
2013-04-08 19:00:00,Maitri,-9.13,9.61,983.2,63.3
2013-04-08 20:00:00,Maitri,-9.77,14.22,988.7,70.6
2013-04-08 21:00:00,Maitri,-8.11,24.14,978.1,57.0
2013-04-08 22:00:00,Maitri,-12.96,8.3,977.6,56.7
2013-04-08 23:00:00,Maitri,-8.49,12.37,1003.0,77.9
2013-04-09 00:00:00,Maitri,-14.41,19.15,973.0,65.4
2013-04-09 01:00:00,Maitri,-8.05,9.28,979.0,49.5
2013-04-09 02:00:00,Maitri,-10.48,5.44,986.8,72.8
2013-04-09 03:00:00,Maitri,-4.9,2.01,979.1,57.7
2013-04-09 04:00:00,Maitri,-14.45,7.58,1002.9,54.1
2013-04-09 05:00:00,Maitri,-15.77,11.87,964.5,46.1
2013-04-09 06:00:00,Maitri,-6.53,5.18,1006.5,69.4
2013-04-09 07:00:00,Maitri,-7.78,10.18,996.4,38.1
2013-04-09 08:00:00,Maitri,-9.75,6.18,999.9,63.4
2013-04-09 09:00:00,Maitri,-5.87,21.12,990.6,53.6
2013-04-09 10:00:00,Maitri,-7.19,7.13,993.2,51.5
2013-04-09 11:00:00,Maitri,-13.24,11.71,980.7,38.6
2013-04-09 12:00:00,Maitri,-11.22,6.72,1003.9,62.3
2013-04-09 13:00:00,Maitri,-8.9,8.68,972.0,78.2
2013-04-09 14:00:00,Maitri,-10.61,18.52,987.4,48.0
2013-04-09 15:00:00,Maitri,-11.81,15.48,997.9,49.1
2013-04-09 16:00:00,Maitri,-6.28,6.37,966.2,56.5
2013-04-09 17:00:00,Maitri,-11.1,6.05,992.8,59.1
2013-04-09 18:00:00,Maitri,-7.8,14.31,979.6,69.6
2013-04-09 19:00:00,Maitri,-11.2,10.05,988.9,62.2
2013-04-09 20:00:00,Maitri,-11.85,9.73,999.8,63.1
2013-04-09 21:00:00,Maitri,-7.2,1.63,982.6,57.4
2013-04-09 22:00:00,Maitri,-9.04,7.16,1004.3,60.2
2013-04-09 23:00:00,Maitri,-12.91,30.04,985.7,47.2
2013-04-10 00:00:00,Maitri,-7.06,10.5,984.3,54.0
2013-04-10 01:00:00,Maitri,-5.99,2.87,963.7,71.8
2013-04-10 02:00:00,Maitri,-13.94,14.47,996.3,58.9
2013-04-10 03:00:00,Maitri,-12.51,7.54,986.1,75.7
2013-04-10 04:00:00,Maitri,-1.58,15.04,1003.5,39.6
2013-04-10 05:00:00,Maitri,-13.38,15.41,971.8,44.8
2013-04-10 06:00:00,Maitri,-10.12,11.75,983.8,59.8
2013-04-10 07:00:00,Maitri,-15.2,16.17,987.2,54.2
2013-04-10 08:00:00,Maitri,-10.14,5.13,991.3,62.6
2013-04-10 09:00:00,Maitri,-11.68,7.73,1005.9,65.3
2013-04-10 10:00:00,Maitri,-11.27,11.85,983.8,55.7
2013-04-10 11:00:00,Maitri,-10.84,20.79,987.0,53.8
2013-04-10 12:00:00,Maitri,-7.71,8.7,985.9,64.1
2013-04-10 13:00:00,Maitri,-15.09,8.88,984.3,64.8
2013-04-10 14:00:00,Maitri,-15.31,7.14,983.3,79.9
2013-04-10 15:00:00,Maitri,-10.31,12.6,973.7,56.7
2013-04-10 16:00:00,Maitri,-16.65,11.5,1005.8,62.5
2013-04-10 17:00:00,Maitri,-10.94,8.37,972.0,68.0
2013-04-10 18:00:00,Maitri,-15.06,1.31,995.6,48.9
2013-04-10 19:00:00,Maitri,-7.6,3.37,996.3,83.4
2013-04-10 20:00:00,Maitri,-15.21,13.24,983.3,68.6
2013-04-10 21:00:00,Maitri,-6.18,13.71,980.4,58.6
2013-04-10 22:00:00,Maitri,-10.75,10.78,960.7,53.7
2013-04-10 23:00:00,Maitri,-6.77,14.06,992.3,65.3
2013-04-11 00:00:00,Maitri,-4.12,7.11,988.8,72.7
2013-04-11 01:00:00,Maitri,-3.6,2.26,992.4,51.4
2013-04-11 02:00:00,Maitri,-8.97,2.72,986.7,40.8
2013-04-11 03:00:00,Maitri,-3.27,10.14,994.5,63.0
2013-04-11 04:00:00,Maitri,-9.52,10.78,990.1,70.2
2013-04-11 05:00:00,Maitri,-11.58,18.09,971.2,46.7
2013-04-11 06:00:00,Maitri,-10.47,1.45,997.4,37.1
2013-04-11 07:00:00,Maitri,-7.03,6.19,977.2,79.3
2013-04-11 08:00:00,Maitri,-12.94,16.68,1007.1,36.9
2013-04-11 09:00:00,Maitri,-13.89,5.62,985.6,78.3
2013-04-11 10:00:00,Maitri,-14.45,6.49,989.8,45.9
2013-04-11 11:00:00,Maitri,-8.05,5.89,979.6,46.7
2013-04-11 12:00:00,Maitri,-10.89,12.15,990.8,60.8
2013-04-11 13:00:00,Maitri,-8.19,10.63,980.2,70.4
2013-04-11 14:00:00,Maitri,-15.68,12.56,978.6,62.8
2013-04-11 15:00:00,Maitri,-11.48,20.72,976.6,75.2
2013-04-11 16:00:00,Maitri,-9.96,7.58,989.1,64.1
2013-04-11 17:00:00,Maitri,-13.99,11.94,994.3,54.4
2013-04-11 18:00:00,Maitri,-8.68,9.44,983.4,34.8
2013-04-11 19:00:00,Maitri,-13.27,3.86,982.9,66.8
2013-04-11 20:00:00,Maitri,-7.52,9.76,973.5,48.0
2013-04-11 21:00:00,Maitri,-7.03,4.73,1000.4,67.9
2013-04-11 22:00:00,Maitri,-8.68,6.71,1002.2,66.7
2013-04-11 23:00:00,Maitri,-8.85,9.02,971.7,38.3
2013-04-12 00:00:00,Maitri,-15.01,11.8,984.4,78.1
2013-04-12 01:00:00,Maitri,-10.35,8.05,991.0,52.0
2013-04-12 02:00:00,Maitri,-3.63,8.57,989.7,67.4
2013-04-12 03:00:00,Maitri,-19.47,6.59,992.7,59.2
2013-04-12 04:00:00,Maitri,-7.8,18.73,997.8,70.3
2013-04-12 05:00:00,Maitri,-11.11,17.44,976.9,62.4
2013-04-12 06:00:00,Maitri,-9.86,9.88,983.3,37.2
2013-04-12 07:00:00,Maitri,-7.12,4.42,993.8,60.4
2013-04-12 08:00:00,Maitri,-7.03,2.5,978.0,24.9
2013-04-12 09:00:00,Maitri,-8.24,9.38,986.1,44.9
2013-04-12 10:00:00,Maitri,-6.91,10.38,985.7,56.7
2013-04-12 11:00:00,Maitri,-6.6,9.99,991.0,74.7
2013-04-12 12:00:00,Maitri,-8.73,10.22,976.0,54.4
2013-04-12 13:00:00,Maitri,-9.08,17.07,997.2,49.8
2013-04-12 14:00:00,Maitri,-13.42,10.63,963.3,44.1
2013-04-12 15:00:00,Maitri,-6.8,11.07,969.8,48.8
2013-04-12 16:00:00,Maitri,-9.1,8.84,986.2,48.0
2013-04-12 17:00:00,Maitri,-7.04,15.11,972.3,48.6
2013-04-12 18:00:00,Maitri,-10.73,14.89,995.7,57.6
2013-04-12 19:00:00,Maitri,-6.38,6.17,984.3,57.0
2013-04-12 20:00:00,Maitri,-15.78,6.18,1013.5,50.1
2013-04-12 21:00:00,Maitri,-10.13,1.75,972.0,63.7
2013-04-12 22:00:00,Maitri,-4.57,2.84,980.5,55.4
2013-04-12 23:00:00,Maitri,-13.28,10.7,976.5,56.7
2013-04-13 00:00:00,Maitri,-15.55,5.21,988.0,45.6
2013-04-13 01:00:00,Maitri,-5.59,13.57,983.5,49.8
2013-04-13 02:00:00,Maitri,-12.21,8.14,996.6,76.4
2013-04-13 03:00:00,Maitri,-7.67,3.14,995.6,53.3
2013-04-13 04:00:00,Maitri,-5.11,21.6,975.1,67.2
2013-04-13 05:00:00,Maitri,-5.84,22.78,999.4,58.6
2013-04-13 06:00:00,Maitri,-11.6,5.17,986.5,45.2
2013-04-13 07:00:00,Maitri,-4.87,24.63,966.3,71.3
2013-04-13 08:00:00,Maitri,-11.13,13.85,998.0,36.8
2013-04-13 09:00:00,Maitri,-4.15,4.04,969.5,60.8
2013-04-13 10:00:00,Maitri,-1.32,4.69,994.8,50.2
2013-04-13 11:00:00,Maitri,-16.36,9.06,985.8,60.0
2013-04-13 12:00:00,Maitri,-5.93,1.5,977.0,66.2
2013-04-13 13:00:00,Maitri,-12.97,9.7,977.9,67.7
2013-04-13 14:00:00,Maitri,-14.89,2.09,990.8,54.4
2013-04-13 15:00:00,Maitri,-6.07,13.08,981.2,66.0
2013-04-13 16:00:00,Maitri,-7.06,7.08,998.1,55.9
2013-04-13 17:00:00,Maitri,-19.04,8.99,985.8,59.1
2013-04-13 18:00:00,Maitri,-14.06,12.59,981.2,38.4
2013-04-13 19:00:00,Maitri,-12.9,12.23,1003.4,42.3
2013-04-13 20:00:00,Maitri,-13.06,5.92,986.2,49.8
2013-04-13 21:00:00,Maitri,-10.81,14.72,991.7,34.3
2013-04-13 22:00:00,Maitri,-12.44,15.2,972.7,66.7
2013-04-13 23:00:00,Maitri,-7.04,21.9,982.4,54.0
2013-04-14 00:00:00,Maitri,-9.12,8.81,975.8,41.8
2013-04-14 01:00:00,Maitri,-9.6,11.89,1012.2,44.9
2013-04-14 02:00:00,Maitri,-6.22,4.61,977.9,54.5
2013-04-14 03:00:00,Maitri,-5.53,12.65,1001.1,74.7
2013-04-14 04:00:00,Maitri,-14.18,5.68,992.2,38.4
2013-04-14 05:00:00,Maitri,-15.51,2.7,958.1,58.4
2013-04-14 06:00:00,Maitri,-11.41,7.44,982.3,65.1
2013-04-14 07:00:00,Maitri,-5.82,13.63,959.8,59.8
2013-04-14 08:00:00,Maitri,-16.07,7.87,974.6,64.1
2013-04-14 09:00:00,Maitri,-12.08,14.77,977.3,68.5
2013-04-14 10:00:00,Maitri,-10.87,7.64,990.0,54.5
2013-04-14 11:00:00,Maitri,-8.88,3.47,968.9,55.4
2013-04-14 12:00:00,Maitri,-8.4,19.15,983.0,59.9
2013-04-14 13:00:00,Maitri,-5.91,14.99,986.2,57.5
2013-04-14 14:00:00,Maitri,-15.5,17.1,976.1,61.5
2013-04-14 15:00:00,Maitri,-9.21,9.86,991.7,69.1
2013-04-14 16:00:00,Maitri,-7.94,26.92,989.8,55.4
2013-04-14 17:00:00,Maitri,-11.42,6.06,993.9,66.7
2013-04-14 18:00:00,Maitri,-9.9,10.54,989.3,54.1
2013-04-14 19:00:00,Maitri,-9.15,8.28,981.6,59.7
2013-04-14 20:00:00,Maitri,-13.05,10.47,981.7,57.3
2013-04-14 21:00:00,Maitri,-14.42,4.81,981.9,48.0
2013-04-14 22:00:00,Maitri,-9.18,13.07,975.5,54.3
2013-04-14 23:00:00,Maitri,-14.06,7.19,984.7,51.7
2013-04-15 00:00:00,Maitri,-9.79,7.7,998.3,73.4
2013-04-15 01:00:00,Maitri,-11.76,4.59,975.1,62.5
2013-04-15 02:00:00,Maitri,-8.21,6.33,985.7,56.4
2013-04-15 03:00:00,Maitri,-11.0,2.97,984.1,84.0
2013-04-15 04:00:00,Maitri,-14.02,11.74,999.5,66.2
2013-04-15 05:00:00,Maitri,-5.27,16.38,995.7,57.7
2013-04-15 06:00:00,Maitri,-11.66,10.27,989.8,58.1
2013-04-15 07:00:00,Maitri,-7.11,9.76,978.7,65.0
2013-04-15 08:00:00,Maitri,-11.24,6.78,973.9,58.6
2013-04-15 09:00:00,Maitri,-8.27,23.18,1001.7,40.0
2013-04-15 10:00:00,Maitri,-14.47,6.75,969.4,29.8
2013-04-15 11:00:00,Maitri,-11.4,7.06,985.5,66.5
2013-04-15 12:00:00,Maitri,-13.23,12.12,975.6,60.4
2013-04-15 13:00:00,Maitri,-16.29,19.08,988.0,58.1
2013-04-15 14:00:00,Maitri,-17.08,7.68,996.2,70.0
2013-04-15 15:00:00,Maitri,-5.07,2.29,987.5,34.2
2013-04-15 16:00:00,Maitri,-14.97,12.21,986.2,60.9
2013-04-15 17:00:00,Maitri,-11.38,13.05,989.1,51.3
2013-04-15 18:00:00,Maitri,-6.38,7.43,993.7,40.2
2013-04-15 19:00:00,Maitri,-8.2,1.56,991.1,49.8
2013-04-15 20:00:00,Maitri,-10.58,8.18,994.1,53.8
2013-04-15 21:00:00,Maitri,-10.94,10.83,1008.2,47.0
2013-04-15 22:00:00,Maitri,-5.77,12.9,979.8,65.3
2013-04-15 23:00:00,Maitri,-11.82,12.43,991.2,68.5
2013-04-16 00:00:00,Maitri,-12.14,23.35,986.4,44.9
2013-04-16 01:00:00,Maitri,-9.58,12.01,999.7,48.0
2013-04-16 02:00:00,Maitri,-12.17,11.72,997.0,42.2
2013-04-16 03:00:00,Maitri,-7.23,4.32,992.1,37.1
2013-04-16 04:00:00,Maitri,-15.87,8.55,988.7,57.3
2013-04-16 05:00:00,Maitri,-13.76,15.92,981.4,40.4
2013-04-16 06:00:00,Maitri,-5.73,9.33,988.7,61.9
2013-04-16 07:00:00,Maitri,-12.38,9.77,992.0,70.5
2013-04-16 08:00:00,Maitri,-8.75,20.27,1007.9,76.4
2013-04-16 09:00:00,Maitri,-10.21,3.94,981.6,45.0
2013-04-16 10:00:00,Maitri,-9.9,7.42,970.5,60.6
2013-04-16 11:00:00,Maitri,-14.48,12.41,1006.1,59.7
2013-04-16 12:00:00,Maitri,-9.68,4.11,993.0,50.4
2013-04-16 13:00:00,Maitri,-8.36,25.05,993.1,77.5
2013-04-16 14:00:00,Maitri,-6.24,3.18,990.8,37.6
2013-04-16 15:00:00,Maitri,-9.79,4.98,989.9,32.4
2013-04-16 16:00:00,Maitri,-10.01,6.53,959.3,65.3
2013-04-16 17:00:00,Maitri,-13.4,16.71,974.9,53.7
2013-04-16 18:00:00,Maitri,-9.47,7.69,1003.8,49.7
2013-04-16 19:00:00,Maitri,-18.15,33.53,968.5,46.1
2013-04-16 20:00:00,Maitri,-8.57,1.76,980.0,69.8
2013-04-16 21:00:00,Maitri,-8.57,12.67,969.8,64.6
2013-04-16 22:00:00,Maitri,-6.58,4.75,976.3,52.4
2013-04-16 23:00:00,Maitri,-14.94,9.67,1003.0,74.5
2013-04-17 00:00:00,Maitri,-13.56,7.32,984.4,70.1
2013-04-17 01:00:00,Maitri,-15.46,10.29,989.1,70.9
2013-04-17 02:00:00,Maitri,-4.67,3.98,997.1,55.1
2013-04-17 03:00:00,Maitri,-12.99,3.11,989.5,52.4
2013-04-17 04:00:00,Maitri,-8.71,11.04,977.5,59.3
2013-04-17 05:00:00,Maitri,-11.17,13.34,988.4,41.3
2013-04-17 06:00:00,Maitri,-12.95,13.37,969.5,45.4
2013-04-17 07:00:00,Maitri,-4.51,20.01,987.8,63.6
2013-04-17 08:00:00,Maitri,-8.01,9.86,976.4,88.5
2013-04-17 09:00:00,Maitri,-9.46,5.75,986.4,73.6
2013-04-17 10:00:00,Maitri,-10.22,15.7,990.2,77.6
2013-04-17 11:00:00,Maitri,-8.79,5.08,983.7,53.0
2013-04-17 12:00:00,Maitri,-10.13,6.09,972.6,43.9
2013-04-17 13:00:00,Maitri,-8.92,12.11,991.2,35.7
2013-04-17 14:00:00,Maitri,-13.35,9.14,1000.4,57.5
2013-04-17 15:00:00,Maitri,-14.35,5.44,992.7,52.8
2013-04-17 16:00:00,Maitri,-19.02,4.07,996.0,62.4
2013-04-17 17:00:00,Maitri,-15.85,8.2,979.1,45.2
2013-04-17 18:00:00,Maitri,-13.66,2.69,1007.8,40.2
2013-04-17 19:00:00,Maitri,-8.1,11.46,975.5,40.1
2013-04-17 20:00:00,Maitri,-7.01,5.24,986.1,63.6
2013-04-17 21:00:00,Maitri,-8.53,12.1,994.5,66.8
2013-04-17 22:00:00,Maitri,-8.12,11.39,993.9,54.1
2013-04-17 23:00:00,Maitri,-12.89,6.56,994.7,40.4
2013-04-18 00:00:00,Maitri,-11.78,12.81,991.0,44.4
2013-04-18 01:00:00,Maitri,-14.82,3.82,978.4,30.6
2013-04-18 02:00:00,Maitri,-7.6,3.63,978.9,61.8
2013-04-18 03:00:00,Maitri,-12.34,13.97,986.1,52.2
2013-04-18 04:00:00,Maitri,-10.93,10.39,1001.6,78.4
2013-04-18 05:00:00,Maitri,-10.55,9.9,996.3,49.8
2013-04-18 06:00:00,Maitri,-5.75,5.88,974.4,76.0
2013-04-18 07:00:00,Maitri,-10.39,4.31,983.0,54.8
2013-04-18 08:00:00,Maitri,-7.82,13.81,984.0,50.2
2013-04-18 09:00:00,Maitri,-8.79,34.31,993.3,39.2
2013-04-18 10:00:00,Maitri,-14.93,14.55,986.1,31.3
2013-04-18 11:00:00,Maitri,-14.51,7.96,966.0,57.1
2013-04-18 12:00:00,Maitri,-9.36,21.98,993.5,61.7
2013-04-18 13:00:00,Maitri,-14.62,15.59,980.6,60.8
2013-04-18 14:00:00,Maitri,-14.77,6.11,1002.1,39.6
2013-04-18 15:00:00,Maitri,-7.24,19.58,973.5,73.8
2013-04-18 16:00:00,Maitri,-10.62,1.02,992.4,56.9
2013-04-18 17:00:00,Maitri,-13.47,6.34,989.0,54.9
2013-04-18 18:00:00,Maitri,-14.84,7.71,984.9,69.1
2013-04-18 19:00:00,Maitri,-14.14,6.3,1001.8,61.8
2013-04-18 20:00:00,Maitri,-15.17,4.26,998.4,60.0
2013-04-18 21:00:00,Maitri,-8.56,13.14,975.4,41.1
2013-04-18 22:00:00,Maitri,-14.03,12.87,987.4,58.6
2013-04-18 23:00:00,Maitri,-13.45,4.95,973.6,67.1
2013-04-19 00:00:00,Maitri,-17.14,14.75,995.7,68.2
2013-04-19 01:00:00,Maitri,-11.78,9.04,989.4,53.3
2013-04-19 02:00:00,Maitri,-4.92,4.86,990.1,70.4
2013-04-19 03:00:00,Maitri,-12.73,4.81,999.2,47.3
2013-04-19 04:00:00,Maitri,-12.19,12.28,983.8,57.7
2013-04-19 05:00:00,Maitri,-17.19,13.08,1011.0,59.9
2013-04-19 06:00:00,Maitri,-9.04,11.24,989.0,41.3
2013-04-19 07:00:00,Maitri,-5.33,6.44,988.9,68.5
2013-04-19 08:00:00,Maitri,-3.56,7.67,956.6,58.8
2013-04-19 09:00:00,Maitri,-10.67,13.05,972.1,58.0
2013-04-19 10:00:00,Maitri,-8.64,25.69,985.0,33.3
2013-04-19 11:00:00,Maitri,-3.75,9.33,993.7,72.4
2013-04-19 12:00:00,Maitri,-9.57,13.25,970.0,50.0
2013-04-19 13:00:00,Maitri,-0.92,2.63,989.2,62.6
2013-04-19 14:00:00,Maitri,-13.16,5.89,1011.4,51.5
2013-04-19 15:00:00,Maitri,-12.68,29.73,988.3,54.4
2013-04-19 16:00:00,Maitri,-7.01,7.33,1000.3,38.9
2013-04-19 17:00:00,Maitri,-19.7,1.72,994.0,38.1
2013-04-19 18:00:00,Maitri,-13.74,10.44,987.9,85.4
2013-04-19 19:00:00,Maitri,-7.11,14.63,994.4,46.0
2013-04-19 20:00:00,Maitri,-11.25,9.9,982.4,61.8
2013-04-19 21:00:00,Maitri,-4.06,9.7,966.3,67.8
2013-04-19 22:00:00,Maitri,-22.51,6.61,999.2,49.3
2013-04-19 23:00:00,Maitri,-19.14,8.18,964.8,40.4
2013-04-20 00:00:00,Maitri,-18.44,21.65,973.4,73.0
2013-04-20 01:00:00,Maitri,-9.97,6.99,971.0,58.9
2013-04-20 02:00:00,Maitri,-12.55,15.09,983.5,51.7
2013-04-20 03:00:00,Maitri,-11.12,16.57,971.5,66.8
2013-04-20 04:00:00,Maitri,-11.29,8.83,980.4,61.5
2013-04-20 05:00:00,Maitri,-9.4,9.6,988.6,49.1
2013-04-20 06:00:00,Maitri,-17.46,14.88,982.9,66.7
2013-04-20 07:00:00,Maitri,-6.7,1.58,986.2,48.4
2013-04-20 08:00:00,Maitri,-14.08,8.01,984.8,35.2
2013-04-20 09:00:00,Maitri,-8.42,19.46,971.0,71.2
2013-04-20 10:00:00,Maitri,-13.21,9.1,979.4,51.0
2013-04-20 11:00:00,Maitri,-9.87,7.54,989.4,58.6
2013-04-20 12:00:00,Maitri,-11.02,5.59,991.8,62.1
2013-04-20 13:00:00,Maitri,-13.7,8.99,985.5,47.1
2013-04-20 14:00:00,Maitri,-14.43,12.75,1004.0,67.8
2013-04-20 15:00:00,Maitri,-7.99,4.84,980.6,59.1
2013-04-20 16:00:00,Maitri,-10.51,11.12,983.3,55.3
2013-04-20 17:00:00,Maitri,-8.0,5.06,981.2,34.9
2013-04-20 18:00:00,Maitri,-12.17,7.23,980.8,56.9
2013-04-20 19:00:00,Maitri,-19.57,11.44,987.6,67.7
2013-04-20 20:00:00,Maitri,-5.45,14.5,1001.4,40.0
2013-04-20 21:00:00,Maitri,-9.59,14.02,984.2,80.6
2013-04-20 22:00:00,Maitri,-10.61,15.69,1011.2,68.8
2013-04-20 23:00:00,Maitri,-11.02,20.55,981.2,53.2
2013-04-21 00:00:00,Maitri,-14.41,14.83,1001.4,65.7
2013-04-21 01:00:00,Maitri,-14.72,11.95,985.9,46.0
2013-04-21 02:00:00,Maitri,-11.82,3.6,990.9,43.8
2013-04-21 03:00:00,Maitri,-2.53,6.42,1000.2,58.7
2013-04-21 04:00:00,Maitri,-17.25,5.07,987.4,50.9
2013-04-21 05:00:00,Maitri,-10.4,14.57,976.5,52.1
2013-04-21 06:00:00,Maitri,-10.73,4.12,986.6,60.6
2013-04-21 07:00:00,Maitri,-10.85,6.51,986.5,59.1
2013-04-21 08:00:00,Maitri,-14.79,10.81,972.9,62.6
2013-04-21 09:00:00,Maitri,-9.13,9.3,1005.7,52.6
2013-04-21 10:00:00,Maitri,-20.68,14.98,997.1,58.1
2013-04-21 11:00:00,Maitri,-14.34,15.36,990.0,50.8
2013-04-21 12:00:00,Maitri,-15.32,6.13,993.7,46.8
2013-04-21 13:00:00,Maitri,-16.15,8.86,994.1,52.7
2013-04-21 14:00:00,Maitri,-5.15,19.55,966.1,58.3
2013-04-21 15:00:00,Maitri,-8.15,10.72,996.5,43.7
2013-04-21 16:00:00,Maitri,-7.46,4.14,980.5,45.8
2013-04-21 17:00:00,Maitri,-8.82,2.71,990.8,63.2
2013-04-21 18:00:00,Maitri,-16.52,9.62,975.0,41.8
2013-04-21 19:00:00,Maitri,-9.78,14.76,978.6,34.6
2013-04-21 20:00:00,Maitri,-12.03,4.11,976.4,77.5
2013-04-21 21:00:00,Maitri,-6.62,6.53,992.6,33.7
2013-04-21 22:00:00,Maitri,-12.53,4.07,986.5,48.0
2013-04-21 23:00:00,Maitri,-13.23,4.72,994.5,49.1
2013-04-22 00:00:00,Maitri,-13.4,9.89,969.7,64.7
2013-04-22 01:00:00,Maitri,-11.56,3.66,977.6,46.3
2013-04-22 02:00:00,Maitri,-12.48,3.94,985.3,43.0
2013-04-22 03:00:00,Maitri,-7.63,5.14,999.8,56.7
2013-04-22 04:00:00,Maitri,-9.43,11.32,985.9,31.7
2013-04-22 05:00:00,Maitri,-7.24,6.46,1009.1,44.2
2013-04-22 06:00:00,Maitri,-6.83,10.6,983.8,60.0
2013-04-22 07:00:00,Maitri,-8.88,9.38,1006.1,53.8
2013-04-22 08:00:00,Maitri,-9.72,16.53,977.6,35.7
2013-04-22 09:00:00,Maitri,-11.94,20.53,991.8,52.3
2013-04-22 10:00:00,Maitri,-13.1,9.6,1002.1,61.2
2013-04-22 11:00:00,Maitri,-12.08,14.71,995.2,39.2
2013-04-22 12:00:00,Maitri,-9.56,17.93,986.1,71.3
2013-04-22 13:00:00,Maitri,-14.81,12.67,984.0,82.1
2013-04-22 14:00:00,Maitri,-8.33,12.55,976.0,71.6
2013-04-22 15:00:00,Maitri,-21.68,11.99,1002.3,62.6
2013-04-22 16:00:00,Maitri,-12.38,10.7,984.3,48.7
2013-04-22 17:00:00,Maitri,-9.59,11.33,990.8,42.4
2013-04-22 18:00:00,Maitri,-17.24,0.91,999.9,40.7
2013-04-22 19:00:00,Maitri,-11.45,9.8,999.3,47.1
2013-04-22 20:00:00,Maitri,-8.56,19.55,988.8,39.3
2013-04-22 21:00:00,Maitri,-17.17,7.82,979.5,56.4
2013-04-22 22:00:00,Maitri,-15.93,15.48,988.6,42.7
2013-04-22 23:00:00,Maitri,-11.35,15.72,992.8,65.2
2013-04-23 00:00:00,Maitri,-14.39,15.82,1007.5,46.5
2013-04-23 01:00:00,Maitri,-13.59,7.63,983.7,51.1
2013-04-23 02:00:00,Maitri,-9.45,5.99,993.5,41.2
2013-04-23 03:00:00,Maitri,-11.87,5.4,999.3,48.7
2013-04-23 04:00:00,Maitri,-8.47,5.69,995.8,65.3
2013-04-23 05:00:00,Maitri,-10.2,30.81,975.0,49.1
2013-04-23 06:00:00,Maitri,-11.66,8.56,986.0,48.1
2013-04-23 07:00:00,Maitri,-4.93,24.36,1010.2,58.0
2013-04-23 08:00:00,Maitri,-15.25,8.61,1003.4,49.8
2013-04-23 09:00:00,Maitri,-10.58,5.24,1009.9,57.8
2013-04-23 10:00:00,Maitri,-23.02,8.93,1002.6,59.9
2013-04-23 11:00:00,Maitri,-8.83,3.28,982.7,74.0
2013-04-23 12:00:00,Maitri,-13.93,7.38,986.6,68.0
2013-04-23 13:00:00,Maitri,-7.21,17.56,1005.6,72.8
2013-04-23 14:00:00,Maitri,-18.63,14.53,973.9,46.9
2013-04-23 15:00:00,Maitri,-10.61,28.09,1004.1,49.4
2013-04-23 16:00:00,Maitri,-12.34,8.73,982.7,50.4
2013-04-23 17:00:00,Maitri,-12.63,3.65,965.6,40.7
2013-04-23 18:00:00,Maitri,-9.04,9.81,984.6,49.2
2013-04-23 19:00:00,Maitri,-12.67,15.41,989.4,63.1
2013-04-23 20:00:00,Maitri,-15.45,3.28,986.9,66.5
2013-04-23 21:00:00,Maitri,-11.74,14.2,987.0,60.0
2013-04-23 22:00:00,Maitri,-14.8,10.55,984.5,80.7
2013-04-23 23:00:00,Maitri,-14.66,14.73,980.1,67.9
2013-04-24 00:00:00,Maitri,-14.41,13.6,971.7,49.1
2013-04-24 01:00:00,Maitri,-11.46,6.59,970.0,58.5
2013-04-24 02:00:00,Maitri,-15.89,9.63,987.6,53.8
2013-04-24 03:00:00,Maitri,-12.31,4.9,986.7,47.8
2013-04-24 04:00:00,Maitri,-19.89,11.64,990.4,51.2
2013-04-24 05:00:00,Maitri,-12.03,12.34,974.9,46.3
2013-04-24 06:00:00,Maitri,-8.49,5.71,989.8,55.0
2013-04-24 07:00:00,Maitri,-5.39,8.71,990.6,64.9
2013-04-24 08:00:00,Maitri,-13.92,13.95,982.4,72.7
2013-04-24 09:00:00,Maitri,-18.66,12.18,995.9,60.1
2013-04-24 10:00:00,Maitri,-13.1,5.33,989.8,63.7
2013-04-24 11:00:00,Maitri,-10.71,7.02,982.2,71.1
2013-04-24 12:00:00,Maitri,-16.05,14.37,986.6,60.0
2013-04-24 13:00:00,Maitri,-18.7,5.13,990.3,46.5
2013-04-24 14:00:00,Maitri,-6.31,19.63,995.9,66.3
2013-04-24 15:00:00,Maitri,-11.78,4.41,1006.8,75.1
2013-04-24 16:00:00,Maitri,-11.36,14.86,983.7,56.7
2013-04-24 17:00:00,Maitri,-10.43,9.43,980.3,62.7
2013-04-24 18:00:00,Maitri,-12.39,10.41,993.9,67.9
2013-04-24 19:00:00,Maitri,-9.11,14.63,983.0,45.7
2013-04-24 20:00:00,Maitri,-9.23,10.67,1007.4,46.2
2013-04-24 21:00:00,Maitri,-12.98,3.52,972.6,61.9
2013-04-24 22:00:00,Maitri,-17.11,4.97,993.9,52.0
2013-04-24 23:00:00,Maitri,-14.67,8.17,998.6,60.8
2013-04-25 00:00:00,Maitri,-2.24,15.42,976.8,36.2
2013-04-25 01:00:00,Maitri,-15.56,8.76,985.0,60.7
2013-04-25 02:00:00,Maitri,-7.13,12.44,977.9,54.6
2013-04-25 03:00:00,Maitri,-11.31,8.39,995.6,65.8
2013-04-25 04:00:00,Maitri,-12.75,3.0,986.6,33.8
2013-04-25 05:00:00,Maitri,-13.39,5.08,982.2,50.4
2013-04-25 06:00:00,Maitri,-15.0,24.8,995.2,47.7
2013-04-25 07:00:00,Maitri,-17.9,3.48,975.6,44.9
2013-04-25 08:00:00,Maitri,-12.55,2.45,990.2,30.6
2013-04-25 09:00:00,Maitri,-11.2,10.41,1004.1,75.8
2013-04-25 10:00:00,Maitri,-20.34,5.49,981.5,24.2
2013-04-25 11:00:00,Maitri,-9.17,15.08,990.2,49.4
2013-04-25 12:00:00,Maitri,-12.26,21.14,995.4,60.0
2013-04-25 13:00:00,Maitri,-8.97,16.37,989.1,56.0
2013-04-25 14:00:00,Maitri,-16.49,15.13,1004.9,81.3
2013-04-25 15:00:00,Maitri,-11.48,9.0,989.1,63.5
2013-04-25 16:00:00,Maitri,-12.36,7.75,990.2,63.9
2013-04-25 17:00:00,Maitri,-15.29,15.77,985.6,60.7
2013-04-25 18:00:00,Maitri,-8.21,11.42,993.5,49.3
2013-04-25 19:00:00,Maitri,-15.0,9.97,956.2,72.2
2013-04-25 20:00:00,Maitri,-15.5,3.66,985.7,33.9
2013-04-25 21:00:00,Maitri,-12.63,10.85,987.8,71.8
2013-04-25 22:00:00,Maitri,-9.74,13.06,970.4,46.0
2013-04-25 23:00:00,Maitri,-7.79,7.62,997.1,53.1
2013-04-26 00:00:00,Maitri,-9.3,9.04,991.8,47.9
2013-04-26 01:00:00,Maitri,-12.4,16.58,996.9,74.2
2013-04-26 02:00:00,Maitri,-9.91,14.81,990.0,41.7
2013-04-26 03:00:00,Maitri,-15.28,5.43,1002.9,66.9
2013-04-26 04:00:00,Maitri,-5.52,20.69,974.7,59.0
2013-04-26 05:00:00,Maitri,-6.97,15.22,963.4,52.6
2013-04-26 06:00:00,Maitri,-13.45,7.16,997.2,45.9
2013-04-26 07:00:00,Maitri,-13.15,12.71,971.5,66.0
2013-04-26 08:00:00,Maitri,-16.88,22.75,991.2,62.6
2013-04-26 09:00:00,Maitri,-13.09,8.79,984.7,43.7
2013-04-26 10:00:00,Maitri,-12.5,21.92,997.2,58.2
2013-04-26 11:00:00,Maitri,-17.98,34.77,985.6,42.1
2013-04-26 12:00:00,Maitri,-7.31,7.86,1004.7,63.0
2013-04-26 13:00:00,Maitri,-14.92,15.68,971.2,64.5
2013-04-26 14:00:00,Maitri,-11.64,8.19,988.7,60.5
2013-04-26 15:00:00,Maitri,-12.7,15.09,991.9,63.7
2013-04-26 16:00:00,Maitri,-9.78,15.48,984.2,74.7
2013-04-26 17:00:00,Maitri,-12.42,14.77,996.5,63.6
2013-04-26 18:00:00,Maitri,-6.62,10.7,996.9,37.1
2013-04-26 19:00:00,Maitri,-12.55,8.53,985.4,39.4
2013-04-26 20:00:00,Maitri,-17.65,21.47,986.4,47.8
2013-04-26 21:00:00,Maitri,-16.96,3.4,975.0,56.1
2013-04-26 22:00:00,Maitri,-16.46,18.89,995.2,61.9
2013-04-26 23:00:00,Maitri,-16.69,8.0,981.1,65.6
2013-04-27 00:00:00,Maitri,-12.0,11.56,987.8,62.0
2013-04-27 01:00:00,Maitri,-17.45,9.91,981.0,63.5
2013-04-27 02:00:00,Maitri,-8.92,1.36,988.5,56.1
2013-04-27 03:00:00,Maitri,-15.56,12.79,968.5,66.7
2013-04-27 04:00:00,Maitri,-11.91,8.56,992.2,53.3
2013-04-27 05:00:00,Maitri,-15.34,11.37,985.3,44.0
2013-04-27 06:00:00,Maitri,-17.07,9.73,991.1,62.3
2013-04-27 07:00:00,Maitri,-22.44,4.76,988.4,62.3
2013-04-27 08:00:00,Maitri,-14.71,8.11,981.7,63.6
2013-04-27 09:00:00,Maitri,-13.05,9.31,983.5,50.9
2013-04-27 10:00:00,Maitri,-15.08,10.76,984.6,60.2
2013-04-27 11:00:00,Maitri,-9.87,14.4,983.8,39.0
2013-04-27 12:00:00,Maitri,-11.65,10.76,994.7,48.5
2013-04-27 13:00:00,Maitri,-11.48,11.46,991.7,63.8
2013-04-27 14:00:00,Maitri,-10.4,12.21,983.5,69.3
2013-04-27 15:00:00,Maitri,-11.24,11.3,986.1,44.4
2013-04-27 16:00:00,Maitri,-6.24,16.03,975.6,62.1
2013-04-27 17:00:00,Maitri,-11.14,10.56,978.2,66.5
2013-04-27 18:00:00,Maitri,-8.3,5.91,975.9,43.0
2013-04-27 19:00:00,Maitri,-12.63,3.19,961.0,32.5
2013-04-27 20:00:00,Maitri,-5.03,4.77,985.0,42.9
2013-04-27 21:00:00,Maitri,-9.85,25.18,976.5,26.3
2013-04-27 22:00:00,Maitri,-12.48,9.51,977.5,56.5
2013-04-27 23:00:00,Maitri,-3.95,11.57,981.6,71.2
2013-04-28 00:00:00,Maitri,-13.98,7.08,978.6,67.3
2013-04-28 01:00:00,Maitri,-10.34,10.44,980.0,69.8
2013-04-28 02:00:00,Maitri,-16.33,11.31,976.7,55.9
2013-04-28 03:00:00,Maitri,-17.65,14.98,974.7,49.2
2013-04-28 04:00:00,Maitri,-11.4,7.25,996.3,69.6
2013-04-28 05:00:00,Maitri,-7.55,7.08,1013.0,33.0
2013-04-28 06:00:00,Maitri,-15.58,11.33,1003.6,63.6
2013-04-28 07:00:00,Maitri,-14.55,30.17,984.1,44.8
2013-04-28 08:00:00,Maitri,-20.17,12.96,1000.0,75.4
2013-04-28 09:00:00,Maitri,-15.89,7.13,983.8,57.8
2013-04-28 10:00:00,Maitri,-12.55,7.58,1013.8,60.0
2013-04-28 11:00:00,Maitri,-11.87,13.72,990.7,65.3
2013-04-28 12:00:00,Maitri,-13.95,21.03,973.9,51.5
2013-04-28 13:00:00,Maitri,-11.7,6.96,967.2,65.9
2013-04-28 14:00:00,Maitri,-4.35,2.78,968.5,59.9
2013-04-28 15:00:00,Maitri,-11.33,6.75,995.9,63.1
2013-04-28 16:00:00,Maitri,-13.92,9.14,986.1,66.3
2013-04-28 17:00:00,Maitri,-15.61,3.7,988.5,42.5
2013-04-28 18:00:00,Maitri,-15.64,15.32,985.0,59.0
2013-04-28 19:00:00,Maitri,-11.37,8.94,986.8,60.4
2013-04-28 20:00:00,Maitri,-13.21,9.81,994.8,42.7
2013-04-28 21:00:00,Maitri,-15.95,5.3,976.6,32.1
2013-04-28 22:00:00,Maitri,-14.7,14.39,990.6,52.3
2013-04-28 23:00:00,Maitri,-14.89,3.63,990.7,53.3
2013-04-29 00:00:00,Maitri,-18.14,12.8,975.2,67.6
2013-04-29 01:00:00,Maitri,-13.68,2.12,1003.9,55.8
2013-04-29 02:00:00,Maitri,-8.21,15.29,970.3,53.6
2013-04-29 03:00:00,Maitri,-15.51,8.69,987.0,40.6
2013-04-29 04:00:00,Maitri,-12.56,19.61,980.6,46.2
2013-04-29 05:00:00,Maitri,-11.13,19.59,1004.6,49.3
2013-04-29 06:00:00,Maitri,-12.5,6.24,977.4,44.0
2013-04-29 07:00:00,Maitri,-14.88,7.19,1006.9,50.5
2013-04-29 08:00:00,Maitri,-7.31,20.62,984.8,81.3
2013-04-29 09:00:00,Maitri,-18.58,4.64,990.3,66.9
2013-04-29 10:00:00,Maitri,-12.78,5.35,998.7,56.9
2013-04-29 11:00:00,Maitri,-15.03,5.04,1003.4,61.2
2013-04-29 12:00:00,Maitri,-3.53,6.29,978.3,58.2
2013-04-29 13:00:00,Maitri,-14.69,6.58,985.5,48.7
2013-04-29 14:00:00,Maitri,-12.15,7.47,982.2,50.5
2013-04-29 15:00:00,Maitri,-14.83,6.0,976.5,44.7
2013-04-29 16:00:00,Maitri,-15.76,17.73,1004.7,50.7
2013-04-29 17:00:00,Maitri,-10.75,30.25,1000.4,55.3
2013-04-29 18:00:00,Maitri,-8.58,19.15,977.9,50.7
2013-04-29 19:00:00,Maitri,-5.95,6.23,977.0,37.7
2013-04-29 20:00:00,Maitri,-11.11,11.52,970.2,36.8
2013-04-29 21:00:00,Maitri,-19.96,11.16,983.6,41.5
2013-04-29 22:00:00,Maitri,-12.99,13.04,986.6,48.2
2013-04-29 23:00:00,Maitri,-12.6,8.67,983.2,53.3
2013-04-30 00:00:00,Maitri,-8.37,8.38,989.3,40.7
2013-04-30 01:00:00,Maitri,-10.46,9.28,972.0,52.6
2013-04-30 02:00:00,Maitri,-17.94,6.43,998.9,73.5
2013-04-30 03:00:00,Maitri,-15.81,26.8,960.7,61.8
2013-04-30 04:00:00,Maitri,-15.12,9.95,989.1,46.0
2013-04-30 05:00:00,Maitri,-14.54,13.26,975.4,70.3
2013-04-30 06:00:00,Maitri,-13.95,1.5,1003.1,38.1
2013-04-30 07:00:00,Maitri,-14.75,9.0,995.6,64.5
2013-04-30 08:00:00,Maitri,-15.02,4.34,991.1,50.4
2013-04-30 09:00:00,Maitri,-6.25,8.89,971.2,45.1
2013-04-30 10:00:00,Maitri,-4.19,6.22,983.7,55.1
2013-04-30 11:00:00,Maitri,-17.02,17.37,985.2,69.7
2013-04-30 12:00:00,Maitri,-14.51,2.83,985.3,37.1
2013-04-30 13:00:00,Maitri,-13.73,7.29,994.7,57.8
2013-04-30 14:00:00,Maitri,-19.53,11.02,999.5,64.7
2013-04-30 15:00:00,Maitri,-17.75,23.7,985.5,65.9
2013-04-30 16:00:00,Maitri,-15.21,2.89,1006.1,59.0
2013-04-30 17:00:00,Maitri,-13.46,2.28,978.6,55.9
2013-04-30 18:00:00,Maitri,-18.5,2.67,989.4,42.7
2013-04-30 19:00:00,Maitri,-13.17,11.87,988.1,39.9
2013-04-30 20:00:00,Maitri,-14.01,13.0,981.7,57.1
2013-04-30 21:00:00,Maitri,-13.43,26.38,998.1,38.7
2013-04-30 22:00:00,Maitri,-9.59,7.52,1012.0,49.3
2013-04-30 23:00:00,Maitri,-10.94,16.56,980.6,44.3
2013-05-01 00:00:00,Maitri,-9.84,6.19,984.7,65.7
2013-05-01 01:00:00,Maitri,-12.68,7.71,998.2,81.6
2013-05-01 02:00:00,Maitri,-12.59,7.49,997.8,38.0
2013-05-01 03:00:00,Maitri,-8.99,9.41,1002.4,61.7
2013-05-01 04:00:00,Maitri,-12.51,23.14,976.0,49.8
2013-05-01 05:00:00,Maitri,-12.09,6.51,987.7,43.8
2013-05-01 06:00:00,Maitri,-4.82,15.3,995.6,59.5
2013-05-01 07:00:00,Maitri,-16.64,6.67,982.2,49.3
2013-05-01 08:00:00,Maitri,-17.33,26.79,997.5,74.6
2013-05-01 09:00:00,Maitri,-14.13,6.77,990.1,59.5
2013-05-01 10:00:00,Maitri,-9.55,6.1,992.2,60.2
2013-05-01 11:00:00,Maitri,-23.31,13.36,992.1,29.1
2013-05-01 12:00:00,Maitri,-10.11,20.81,975.8,58.7
2013-05-01 13:00:00,Maitri,-12.24,6.46,1009.6,45.1
2013-05-01 14:00:00,Maitri,-14.15,13.19,980.4,47.7
2013-05-01 15:00:00,Maitri,-17.7,4.08,988.4,62.3
2013-05-01 16:00:00,Maitri,-12.12,10.48,987.9,51.1
2013-05-01 17:00:00,Maitri,-12.71,17.25,974.7,63.8
2013-05-01 18:00:00,Maitri,-15.13,19.06,995.2,44.2
2013-05-01 19:00:00,Maitri,-8.86,4.78,1006.6,55.2
2013-05-01 20:00:00,Maitri,-11.8,20.06,1001.2,42.4
2013-05-01 21:00:00,Maitri,-15.26,11.53,994.0,43.2
2013-05-01 22:00:00,Maitri,-15.47,39.6,984.1,55.0
2013-05-01 23:00:00,Maitri,-12.42,17.26,983.5,59.5
2013-05-02 00:00:00,Maitri,-13.11,4.09,991.4,70.2
2013-05-02 01:00:00,Maitri,-15.46,14.89,999.8,49.2
2013-05-02 02:00:00,Maitri,-16.55,11.02,977.2,61.9
2013-05-02 03:00:00,Maitri,-11.24,6.91,979.2,44.1
2013-05-02 04:00:00,Maitri,-13.59,3.53,983.8,57.5
2013-05-02 05:00:00,Maitri,-19.71,12.4,989.4,42.5
2013-05-02 06:00:00,Maitri,-17.16,19.21,977.9,72.4
2013-05-02 07:00:00,Maitri,-10.86,24.65,961.7,65.0
2013-05-02 08:00:00,Maitri,-11.22,7.46,989.3,65.7
2013-05-02 09:00:00,Maitri,-11.71,4.74,984.5,50.6
2013-05-02 10:00:00,Maitri,-12.7,7.82,982.1,72.6
2013-05-02 11:00:00,Maitri,-7.22,5.54,1002.9,45.1
2013-05-02 12:00:00,Maitri,-10.09,15.69,971.0,74.1
2013-05-02 13:00:00,Maitri,-14.32,6.43,976.1,56.3
2013-05-02 14:00:00,Maitri,-8.55,6.76,988.0,70.2
2013-05-02 15:00:00,Maitri,-13.16,5.42,976.0,56.7
2013-05-02 16:00:00,Maitri,-6.29,8.67,979.1,63.2
2013-05-02 17:00:00,Maitri,-17.09,9.41,987.2,52.4
2013-05-02 18:00:00,Maitri,-9.74,11.7,998.9,76.4
2013-05-02 19:00:00,Maitri,-14.92,9.12,977.6,47.7
2013-05-02 20:00:00,Maitri,-14.57,13.06,988.4,73.6
2013-05-02 21:00:00,Maitri,-14.91,3.58,973.5,60.4
2013-05-02 22:00:00,Maitri,-11.11,10.3,995.9,62.2
2013-05-02 23:00:00,Maitri,-10.52,4.93,990.3,50.0
2013-05-03 00:00:00,Maitri,-12.88,3.72,997.5,48.6
2013-05-03 01:00:00,Maitri,-18.6,7.19,983.5,47.1
2013-05-03 02:00:00,Maitri,-12.15,4.7,1009.8,48.4
2013-05-03 03:00:00,Maitri,-20.95,8.24,981.6,50.1
2013-05-03 04:00:00,Maitri,-16.23,23.97,971.1,55.5
2013-05-03 05:00:00,Maitri,-9.77,13.71,1004.4,53.8
2013-05-03 06:00:00,Maitri,-13.82,7.34,996.7,62.3
2013-05-03 07:00:00,Maitri,-15.92,5.75,997.2,50.0
2013-05-03 08:00:00,Maitri,-9.75,9.24,1002.5,52.0
2013-05-03 09:00:00,Maitri,-19.22,10.84,981.3,74.8
2013-05-03 10:00:00,Maitri,-18.94,21.45,990.4,45.3
2013-05-03 11:00:00,Maitri,-12.27,12.76,996.6,62.7
2013-05-03 12:00:00,Maitri,-9.46,11.41,1002.8,49.5
2013-05-03 13:00:00,Maitri,-13.53,8.55,974.6,67.6
2013-05-03 14:00:00,Maitri,-10.75,3.26,1002.9,72.5
2013-05-03 15:00:00,Maitri,-15.6,13.43,979.3,47.5
2013-05-03 16:00:00,Maitri,-6.4,9.91,972.1,50.0
2013-05-03 17:00:00,Maitri,-9.59,6.92,1010.2,80.8
2013-05-03 18:00:00,Maitri,-13.4,15.42,986.9,62.3
2013-05-03 19:00:00,Maitri,-8.76,17.33,982.3,72.4
2013-05-03 20:00:00,Maitri,-18.51,5.31,978.3,53.9
2013-05-03 21:00:00,Maitri,-14.12,9.21,1003.8,51.5
2013-05-03 22:00:00,Maitri,-18.38,26.74,979.0,57.8
2013-05-03 23:00:00,Maitri,-17.28,3.54,996.6,55.0
2013-05-04 00:00:00,Maitri,-14.34,9.62,991.0,69.1
2013-05-04 01:00:00,Maitri,-13.27,4.61,992.2,40.9
2013-05-04 02:00:00,Maitri,-12.5,17.01,981.3,32.1
2013-05-04 03:00:00,Maitri,-12.19,17.53,995.9,73.2
2013-05-04 04:00:00,Maitri,-11.43,13.83,978.9,51.7
2013-05-04 05:00:00,Maitri,-16.74,8.71,986.7,53.2
2013-05-04 06:00:00,Maitri,-17.85,15.42,993.5,57.5
2013-05-04 07:00:00,Maitri,-14.81,0.63,990.5,40.0
2013-05-04 08:00:00,Maitri,-17.99,9.09,976.9,46.5
2013-05-04 09:00:00,Maitri,-12.26,8.85,1001.0,43.0
2013-05-04 10:00:00,Maitri,-9.2,11.94,1000.2,56.7
2013-05-04 11:00:00,Maitri,-13.97,8.68,988.7,37.4
2013-05-04 12:00:00,Maitri,-17.85,23.17,982.8,52.5
2013-05-04 13:00:00,Maitri,-12.19,9.16,972.7,69.7
2013-05-04 14:00:00,Maitri,-9.08,2.61,998.3,58.5
2013-05-04 15:00:00,Maitri,-12.69,8.15,990.8,36.4
2013-05-04 16:00:00,Maitri,-12.56,31.37,990.5,44.4
2013-05-04 17:00:00,Maitri,-5.21,13.32,976.0,60.9
2013-05-04 18:00:00,Maitri,-13.32,9.9,971.5,56.1
2013-05-04 19:00:00,Maitri,-14.96,6.33,985.5,50.6
2013-05-04 20:00:00,Maitri,-10.69,16.28,968.1,57.7
2013-05-04 21:00:00,Maitri,-12.7,14.58,997.0,52.4
2013-05-04 22:00:00,Maitri,-12.3,19.52,984.7,63.1
2013-05-04 23:00:00,Maitri,-16.96,12.69,963.0,49.0
2013-05-05 00:00:00,Maitri,-13.23,6.94,972.5,65.7
2013-05-05 01:00:00,Maitri,-13.51,5.65,981.7,66.7
2013-05-05 02:00:00,Maitri,-14.79,7.82,986.8,67.1
2013-05-05 03:00:00,Maitri,-15.47,8.95,960.8,49.9
2013-05-05 04:00:00,Maitri,-9.48,23.8,983.4,47.5
2013-05-05 05:00:00,Maitri,-13.36,22.87,974.2,41.7
2013-05-05 06:00:00,Maitri,-16.16,15.15,981.5,51.6
2013-05-05 07:00:00,Maitri,-9.1,13.85,999.9,61.1
2013-05-05 08:00:00,Maitri,-16.32,8.66,987.5,62.6
2013-05-05 09:00:00,Maitri,-18.76,24.4,987.2,30.3
2013-05-05 10:00:00,Maitri,-7.46,9.71,976.1,52.1
2013-05-05 11:00:00,Maitri,-10.0,9.83,1004.5,75.1
2013-05-05 12:00:00,Maitri,-11.58,17.73,976.9,49.9
2013-05-05 13:00:00,Maitri,-21.17,6.46,979.1,68.8
2013-05-05 14:00:00,Maitri,-12.53,8.5,974.1,65.6
2013-05-05 15:00:00,Maitri,-16.19,18.92,984.1,45.9
2013-05-05 16:00:00,Maitri,-15.22,14.0,981.1,70.7
2013-05-05 17:00:00,Maitri,-14.04,7.5,975.1,61.3
2013-05-05 18:00:00,Maitri,-14.4,13.81,981.1,61.9
2013-05-05 19:00:00,Maitri,-19.22,19.5,988.9,40.0
2013-05-05 20:00:00,Maitri,-15.29,22.03,985.7,52.3
2013-05-05 21:00:00,Maitri,-9.0,29.82,984.2,67.4
2013-05-05 22:00:00,Maitri,-13.23,22.03,991.4,57.2
2013-05-05 23:00:00,Maitri,-16.37,2.2,996.0,67.1
2013-05-06 00:00:00,Maitri,-20.13,11.62,992.9,25.9
2013-05-06 01:00:00,Maitri,-16.77,10.48,979.7,60.2
2013-05-06 02:00:00,Maitri,-11.45,11.05,973.5,48.1
2013-05-06 03:00:00,Maitri,-13.52,4.82,1001.9,50.3
2013-05-06 04:00:00,Maitri,-14.11,7.57,986.3,40.2
2013-05-06 05:00:00,Maitri,-13.32,4.5,979.3,63.5
2013-05-06 06:00:00,Maitri,-19.43,4.46,979.5,46.2
2013-05-06 07:00:00,Maitri,-17.7,27.74,985.7,77.4
2013-05-06 08:00:00,Maitri,-11.52,7.51,982.5,62.0
2013-05-06 09:00:00,Maitri,-12.13,6.79,953.7,58.4
2013-05-06 10:00:00,Maitri,-4.05,21.01,994.4,52.0
2013-05-06 11:00:00,Maitri,-23.24,10.35,999.9,49.1
2013-05-06 12:00:00,Maitri,-17.17,3.19,1006.7,54.2
2013-05-06 13:00:00,Maitri,-14.8,13.12,990.8,56.2
2013-05-06 14:00:00,Maitri,-13.48,11.35,960.5,64.4
2013-05-06 15:00:00,Maitri,-14.79,16.69,986.1,59.8
2013-05-06 16:00:00,Maitri,-22.77,25.03,976.1,31.6
2013-05-06 17:00:00,Maitri,-11.17,32.22,991.0,65.4
2013-05-06 18:00:00,Maitri,-14.24,18.06,972.3,69.6
2013-05-06 19:00:00,Maitri,-11.28,12.07,974.1,64.9
2013-05-06 20:00:00,Maitri,-22.09,12.75,978.5,54.2
2013-05-06 21:00:00,Maitri,-19.23,4.82,1004.1,44.2
2013-05-06 22:00:00,Maitri,-11.84,15.28,1001.7,60.9
2013-05-06 23:00:00,Maitri,-19.28,3.58,977.9,49.9
2013-05-07 00:00:00,Maitri,-9.08,6.76,987.3,48.6
2013-05-07 01:00:00,Maitri,-15.35,8.68,988.3,92.0
2013-05-07 02:00:00,Maitri,-18.27,5.38,979.9,62.6
2013-05-07 03:00:00,Maitri,-20.91,14.23,975.7,55.8
2013-05-07 04:00:00,Maitri,-10.48,7.28,980.1,42.4
2013-05-07 05:00:00,Maitri,-7.38,20.86,983.2,42.2
2013-05-07 06:00:00,Maitri,-9.85,10.91,995.5,75.9
2013-05-07 07:00:00,Maitri,-4.78,7.39,976.4,62.4
2013-05-07 08:00:00,Maitri,-19.96,14.58,991.0,73.6
2013-05-07 09:00:00,Maitri,-14.21,16.13,996.5,51.8
2013-05-07 10:00:00,Maitri,-13.12,13.54,970.3,55.6
2013-05-07 11:00:00,Maitri,-16.51,12.68,984.4,61.2
2013-05-07 12:00:00,Maitri,-19.26,6.93,985.9,60.9
2013-05-07 13:00:00,Maitri,-10.08,12.39,975.9,55.0
2013-05-07 14:00:00,Maitri,-10.34,5.51,1004.9,42.7
2013-05-07 15:00:00,Maitri,-6.34,3.75,985.5,51.2
2013-05-07 16:00:00,Maitri,-8.99,10.87,983.5,43.4
2013-05-07 17:00:00,Maitri,-14.47,8.37,991.6,64.5
2013-05-07 18:00:00,Maitri,-11.12,16.93,974.1,60.3
2013-05-07 19:00:00,Maitri,-8.83,7.89,973.0,44.7
2013-05-07 20:00:00,Maitri,-13.08,34.74,984.5,45.6
2013-05-07 21:00:00,Maitri,-17.25,10.66,973.1,46.4
2013-05-07 22:00:00,Maitri,-16.57,5.29,982.2,54.4
2013-05-07 23:00:00,Maitri,-16.45,15.25,967.2,65.0
2013-05-08 00:00:00,Maitri,-16.07,1.91,989.5,52.5
2013-05-08 01:00:00,Maitri,-18.78,11.07,964.5,63.8
2013-05-08 02:00:00,Maitri,-8.48,4.22,983.9,52.8
2013-05-08 03:00:00,Maitri,-18.23,10.87,994.4,77.7
2013-05-08 04:00:00,Maitri,-14.4,9.54,979.5,52.3
2013-05-08 05:00:00,Maitri,-7.42,9.75,995.4,78.3
2013-05-08 06:00:00,Maitri,-12.54,7.05,1012.1,47.2
2013-05-08 07:00:00,Maitri,-15.37,18.28,975.0,49.6
2013-05-08 08:00:00,Maitri,-18.83,6.42,988.6,63.0
2013-05-08 09:00:00,Maitri,-16.28,8.77,972.7,54.9
2013-05-08 10:00:00,Maitri,-13.87,8.59,973.1,63.3
2013-05-08 11:00:00,Maitri,-16.75,11.09,992.4,65.0
2013-05-08 12:00:00,Maitri,-13.39,8.67,982.2,71.4
2013-05-08 13:00:00,Maitri,-12.82,11.06,969.4,54.4
2013-05-08 14:00:00,Maitri,-20.2,13.43,1000.9,60.9
2013-05-08 15:00:00,Maitri,-13.9,8.1,991.3,75.2
2013-05-08 16:00:00,Maitri,-8.52,12.57,990.3,45.6
2013-05-08 17:00:00,Maitri,-18.68,9.94,979.1,36.8
2013-05-08 18:00:00,Maitri,-12.88,10.87,978.4,59.4
2013-05-08 19:00:00,Maitri,-11.8,5.59,981.5,42.8
2013-05-08 20:00:00,Maitri,-16.45,10.8,988.0,48.2
2013-05-08 21:00:00,Maitri,-11.03,10.0,988.6,72.7
2013-05-08 22:00:00,Maitri,-8.51,12.94,996.8,61.7
2013-05-08 23:00:00,Maitri,-13.43,10.85,982.7,54.3
2013-05-09 00:00:00,Maitri,-15.85,3.77,994.9,52.4
2013-05-09 01:00:00,Maitri,-15.23,3.6,970.5,55.4
2013-05-09 02:00:00,Maitri,-7.12,8.19,1000.1,71.8
2013-05-09 03:00:00,Maitri,-10.1,7.68,979.6,29.3
2013-05-09 04:00:00,Maitri,-10.18,20.69,990.6,57.3
2013-05-09 05:00:00,Maitri,-13.34,10.53,982.9,45.1
2013-05-09 06:00:00,Maitri,-16.54,18.43,967.6,71.1
2013-05-09 07:00:00,Maitri,-11.32,18.01,986.4,61.7
2013-05-09 08:00:00,Maitri,-16.75,8.06,990.1,56.2
2013-05-09 09:00:00,Maitri,-13.99,4.85,969.7,40.4
2013-05-09 10:00:00,Maitri,-16.56,4.02,980.5,49.2
2013-05-09 11:00:00,Maitri,-15.47,6.54,989.7,64.3
2013-05-09 12:00:00,Maitri,-18.25,3.24,985.9,65.9
2013-05-09 13:00:00,Maitri,-16.12,13.93,982.4,63.0
2013-05-09 14:00:00,Maitri,-13.59,15.55,974.5,55.2
2013-05-09 15:00:00,Maitri,-9.57,7.93,1002.2,47.1
2013-05-09 16:00:00,Maitri,-11.68,13.33,980.5,49.6
2013-05-09 17:00:00,Maitri,-17.84,11.6,983.9,58.4
2013-05-09 18:00:00,Maitri,-17.6,12.55,995.1,79.7
2013-05-09 19:00:00,Maitri,-8.39,20.74,982.2,58.6
2013-05-09 20:00:00,Maitri,-15.83,14.61,984.7,65.3
2013-05-09 21:00:00,Maitri,-13.54,15.53,965.8,40.2
2013-05-09 22:00:00,Maitri,-10.96,5.21,996.6,48.6
2013-05-09 23:00:00,Maitri,-12.72,3.04,989.6,54.3
2013-05-10 00:00:00,Maitri,-17.98,4.95,981.7,47.7
2013-05-10 01:00:00,Maitri,-14.79,8.35,974.7,69.6
2013-05-10 02:00:00,Maitri,-16.69,13.63,988.2,46.7
2013-05-10 03:00:00,Maitri,-19.35,4.08,994.2,72.8
2013-05-10 04:00:00,Maitri,-15.93,19.84,974.5,69.1
2013-05-10 05:00:00,Maitri,-11.89,9.97,1007.6,64.5
2013-05-10 06:00:00,Maitri,-15.17,2.08,974.1,57.5
2013-05-10 07:00:00,Maitri,-21.11,8.04,999.0,63.8
2013-05-10 08:00:00,Maitri,-14.74,18.15,988.3,71.8
2013-05-10 09:00:00,Maitri,-17.37,13.73,966.2,60.3
2013-05-10 10:00:00,Maitri,-8.8,8.82,977.6,47.7
2013-05-10 11:00:00,Maitri,-16.78,15.72,982.5,38.7
2013-05-10 12:00:00,Maitri,-13.62,8.7,995.8,63.3
2013-05-10 13:00:00,Maitri,-18.83,14.37,974.5,54.6
2013-05-10 14:00:00,Maitri,-12.4,6.44,980.9,43.6
2013-05-10 15:00:00,Maitri,-18.92,10.35,1000.5,56.5
2013-05-10 16:00:00,Maitri,-12.71,5.92,994.8,55.9
2013-05-10 17:00:00,Maitri,-17.19,11.12,993.6,30.8
2013-05-10 18:00:00,Maitri,-10.69,5.99,993.5,58.9
2013-05-10 19:00:00,Maitri,-9.41,20.79,986.4,64.5
2013-05-10 20:00:00,Maitri,-15.28,6.17,994.8,48.8
2013-05-10 21:00:00,Maitri,-13.56,8.94,970.6,51.2
2013-05-10 22:00:00,Maitri,-11.45,10.9,981.5,49.3
2013-05-10 23:00:00,Maitri,-11.45,8.83,975.0,57.1
2013-05-11 00:00:00,Maitri,-14.71,13.59,972.0,50.5
2013-05-11 01:00:00,Maitri,-11.46,4.36,970.8,90.9
2013-05-11 02:00:00,Maitri,-11.46,8.41,974.3,46.5
2013-05-11 03:00:00,Maitri,-14.79,1.46,996.5,85.8
2013-05-11 04:00:00,Maitri,-20.22,5.74,993.3,44.3
2013-05-11 05:00:00,Maitri,-8.68,3.61,992.2,40.1
2013-05-11 06:00:00,Maitri,-16.52,4.68,1005.7,72.4
2013-05-11 07:00:00,Maitri,-10.91,8.79,1008.7,56.5
2013-05-11 08:00:00,Maitri,-18.97,3.04,981.0,64.7
2013-05-11 09:00:00,Maitri,-18.65,15.13,986.5,47.3
2013-05-11 10:00:00,Maitri,-15.39,21.11,977.5,50.1
2013-05-11 11:00:00,Maitri,-16.61,5.68,995.5,52.0
2013-05-11 12:00:00,Maitri,-9.68,10.14,974.5,58.4
2013-05-11 13:00:00,Maitri,-17.56,12.14,994.5,62.0
2013-05-11 14:00:00,Maitri,-15.75,11.17,997.8,69.9
2013-05-11 15:00:00,Maitri,-18.88,13.03,1003.2,45.0
2013-05-11 16:00:00,Maitri,-10.49,2.13,973.4,81.1
2013-05-11 17:00:00,Maitri,-13.35,12.84,995.0,45.5
2013-05-11 18:00:00,Maitri,-9.37,5.86,980.9,49.4
2013-05-11 19:00:00,Maitri,-14.84,15.7,984.2,61.8
2013-05-11 20:00:00,Maitri,-18.47,9.14,1001.9,64.4
2013-05-11 21:00:00,Maitri,-13.26,10.33,1003.2,73.2
2013-05-11 22:00:00,Maitri,-15.98,6.02,986.2,58.1
2013-05-11 23:00:00,Maitri,-12.0,10.48,981.0,36.2
2013-05-12 00:00:00,Maitri,-25.14,8.6,972.2,65.7
2013-05-12 01:00:00,Maitri,-19.18,5.74,976.8,68.9
2013-05-12 02:00:00,Maitri,-16.04,6.78,989.6,64.1
2013-05-12 03:00:00,Maitri,-18.09,13.79,974.3,68.2
2013-05-12 04:00:00,Maitri,-11.54,8.38,974.3,55.1
2013-05-12 05:00:00,Maitri,-22.88,6.69,963.9,59.7
2013-05-12 06:00:00,Maitri,-14.34,7.72,977.3,33.5
2013-05-12 07:00:00,Maitri,-13.91,22.73,989.5,58.6
2013-05-12 08:00:00,Maitri,-11.96,9.48,1001.7,73.2
2013-05-12 09:00:00,Maitri,-17.62,13.15,990.0,61.6
2013-05-12 10:00:00,Maitri,-9.34,2.03,991.7,38.0
2013-05-12 11:00:00,Maitri,-14.06,8.64,976.9,53.0
2013-05-12 12:00:00,Maitri,-11.91,8.22,1002.8,66.3
2013-05-12 13:00:00,Maitri,-15.95,6.12,995.3,62.2
2013-05-12 14:00:00,Maitri,-7.45,9.69,991.1,64.4
2013-05-12 15:00:00,Maitri,-17.67,16.54,987.3,54.2
2013-05-12 16:00:00,Maitri,-19.12,12.25,980.9,57.6
2013-05-12 17:00:00,Maitri,-23.22,7.4,985.5,71.6
2013-05-12 18:00:00,Maitri,-12.75,4.05,986.4,66.1
2013-05-12 19:00:00,Maitri,-12.7,15.81,983.2,73.1
2013-05-12 20:00:00,Maitri,-17.58,4.76,981.4,59.8
2013-05-12 21:00:00,Maitri,-14.2,16.7,992.8,61.5
2013-05-12 22:00:00,Maitri,-10.8,15.2,972.7,53.2
2013-05-12 23:00:00,Maitri,-17.73,9.75,984.9,66.8
2013-05-13 00:00:00,Maitri,-17.99,8.9,975.0,59.5
2013-05-13 01:00:00,Maitri,-26.59,6.47,968.8,29.5
2013-05-13 02:00:00,Maitri,-19.55,13.41,969.4,57.6
2013-05-13 03:00:00,Maitri,-13.67,15.26,986.0,72.6
2013-05-13 04:00:00,Maitri,-11.94,15.04,994.2,73.2
2013-05-13 05:00:00,Maitri,-13.56,26.42,1002.4,52.6
2013-05-13 06:00:00,Maitri,-17.93,13.02,971.7,51.5
2013-05-13 07:00:00,Maitri,-21.08,31.91,990.3,58.9
2013-05-13 08:00:00,Maitri,-17.6,12.0,985.5,55.7
2013-05-13 09:00:00,Maitri,-16.15,5.19,985.2,69.0
2013-05-13 10:00:00,Maitri,-16.22,7.24,1012.6,79.6
2013-05-13 11:00:00,Maitri,-11.57,12.93,987.8,74.9
2013-05-13 12:00:00,Maitri,-18.93,7.16,971.9,56.8
2013-05-13 13:00:00,Maitri,-18.01,11.22,1015.7,46.1
2013-05-13 14:00:00,Maitri,-19.32,12.85,959.5,68.4
2013-05-13 15:00:00,Maitri,-20.69,7.62,980.4,73.0
2013-05-13 16:00:00,Maitri,-12.17,6.89,990.1,66.6
2013-05-13 17:00:00,Maitri,-18.03,8.93,962.3,53.7
2013-05-13 18:00:00,Maitri,-19.42,10.07,988.9,88.8
2013-05-13 19:00:00,Maitri,-17.55,9.7,1007.5,78.6
2013-05-13 20:00:00,Maitri,-17.41,18.6,986.2,64.7
2013-05-13 21:00:00,Maitri,-12.76,4.35,972.0,69.3
2013-05-13 22:00:00,Maitri,-15.38,22.69,967.8,64.4
2013-05-13 23:00:00,Maitri,-10.9,13.81,996.4,55.8
2013-05-14 00:00:00,Maitri,-16.71,20.17,1005.0,70.9
2013-05-14 01:00:00,Maitri,-14.36,2.68,975.8,50.1
2013-05-14 02:00:00,Maitri,-13.81,5.93,978.9,51.7
2013-05-14 03:00:00,Maitri,-19.84,7.15,1002.6,70.9
2013-05-14 04:00:00,Maitri,-16.23,5.96,993.6,57.7
2013-05-14 05:00:00,Maitri,-10.62,19.97,1000.6,68.5
2013-05-14 06:00:00,Maitri,-14.87,13.15,984.7,77.3
2013-05-14 07:00:00,Maitri,-13.89,3.59,979.0,57.2
2013-05-14 08:00:00,Maitri,-17.21,3.49,983.5,71.8
2013-05-14 09:00:00,Maitri,-11.69,31.41,993.8,62.0
2013-05-14 10:00:00,Maitri,-8.89,4.52,989.6,58.1
2013-05-14 11:00:00,Maitri,-17.81,13.18,990.8,83.4
2013-05-14 12:00:00,Maitri,-17.53,3.07,976.2,57.1
2013-05-14 13:00:00,Maitri,-16.79,9.67,995.2,73.6
2013-05-14 14:00:00,Maitri,-19.27,17.69,983.5,52.5
2013-05-14 15:00:00,Maitri,-16.15,3.27,978.5,39.9
2013-05-14 16:00:00,Maitri,-13.01,13.09,990.9,81.2
2013-05-14 17:00:00,Maitri,-25.6,18.76,997.0,58.2
2013-05-14 18:00:00,Maitri,-11.99,6.66,996.4,44.1
2013-05-14 19:00:00,Maitri,-14.96,15.67,976.3,82.7
2013-05-14 20:00:00,Maitri,-12.4,29.63,975.5,42.8
2013-05-14 21:00:00,Maitri,-18.21,2.45,999.3,55.3
2013-05-14 22:00:00,Maitri,-13.18,12.24,984.2,28.2
2013-05-14 23:00:00,Maitri,-20.34,15.89,981.3,56.2
2013-05-15 00:00:00,Maitri,-8.37,12.51,1001.1,61.2
2013-05-15 01:00:00,Maitri,-5.89,24.08,989.3,38.1
2013-05-15 02:00:00,Maitri,-19.93,7.15,989.3,23.1
2013-05-15 03:00:00,Maitri,-15.77,34.31,984.6,58.9
2013-05-15 04:00:00,Maitri,-21.8,12.29,981.8,55.3
2013-05-15 05:00:00,Maitri,-22.29,3.3,984.5,64.1
2013-05-15 06:00:00,Maitri,-10.6,10.5,973.8,71.7
2013-05-15 07:00:00,Maitri,-19.64,3.88,977.6,33.4
2013-05-15 08:00:00,Maitri,-15.04,2.38,988.7,57.5
2013-05-15 09:00:00,Maitri,-16.03,7.67,982.0,44.4
2013-05-15 10:00:00,Maitri,-19.68,6.54,985.9,63.2
2013-05-15 11:00:00,Maitri,-12.2,13.79,985.1,60.5
2013-05-15 12:00:00,Maitri,-12.8,10.61,1009.3,70.2
2013-05-15 13:00:00,Maitri,-19.59,18.11,978.2,67.6
2013-05-15 14:00:00,Maitri,-12.94,11.4,989.6,45.2
2013-05-15 15:00:00,Maitri,-14.83,11.5,975.4,54.7
2013-05-15 16:00:00,Maitri,-5.95,19.31,975.8,51.7
2013-05-15 17:00:00,Maitri,-18.73,8.89,993.4,52.8
2013-05-15 18:00:00,Maitri,-9.62,14.0,991.6,58.4
2013-05-15 19:00:00,Maitri,-17.85,4.92,988.4,42.8
2013-05-15 20:00:00,Maitri,-20.78,15.31,1002.8,48.9
2013-05-15 21:00:00,Maitri,-15.38,14.71,979.5,53.9
2013-05-15 22:00:00,Maitri,-13.01,8.82,978.6,73.5
2013-05-15 23:00:00,Maitri,-17.59,5.96,992.1,69.9
2013-05-16 00:00:00,Maitri,-17.42,4.87,973.1,35.6
2013-05-16 01:00:00,Maitri,-12.9,11.56,961.1,47.3
2013-05-16 02:00:00,Maitri,-12.91,8.24,986.8,45.5
2013-05-16 03:00:00,Maitri,-17.72,4.92,987.0,69.1
2013-05-16 04:00:00,Maitri,-18.86,15.18,980.8,65.8
2013-05-16 05:00:00,Maitri,-15.19,14.93,987.0,64.9
2013-05-16 06:00:00,Maitri,-19.02,12.57,994.2,62.9
2013-05-16 07:00:00,Maitri,-13.26,13.24,969.9,57.1
2013-05-16 08:00:00,Maitri,-15.33,13.25,995.7,48.6
2013-05-16 09:00:00,Maitri,-16.36,9.86,990.7,47.1
2013-05-16 10:00:00,Maitri,-14.32,16.85,978.8,52.1
2013-05-16 11:00:00,Maitri,-19.83,8.67,988.1,51.3
2013-05-16 12:00:00,Maitri,-13.05,3.58,1004.5,46.1
2013-05-16 13:00:00,Maitri,-23.04,9.05,1006.2,44.4
2013-05-16 14:00:00,Maitri,-25.23,8.15,986.7,53.2
2013-05-16 15:00:00,Maitri,-17.87,12.04,980.2,66.2
2013-05-16 16:00:00,Maitri,-18.03,11.17,988.8,61.8
2013-05-16 17:00:00,Maitri,-19.33,14.46,982.7,37.1
2013-05-16 18:00:00,Maitri,-17.61,9.72,1006.3,59.7
2013-05-16 19:00:00,Maitri,-16.36,11.52,985.9,45.0
2013-05-16 20:00:00,Maitri,-19.53,22.71,995.9,36.0
2013-05-16 21:00:00,Maitri,-13.7,27.68,977.1,35.9
2013-05-16 22:00:00,Maitri,-14.33,12.9,1007.1,55.9
2013-05-16 23:00:00,Maitri,-18.19,5.05,978.2,54.3
2013-05-17 00:00:00,Maitri,-15.45,20.85,1007.9,42.7
2013-05-17 01:00:00,Maitri,-16.49,5.62,991.5,41.3
2013-05-17 02:00:00,Maitri,-13.41,6.43,979.3,44.9
2013-05-17 03:00:00,Maitri,-20.76,10.25,962.8,48.6
2013-05-17 04:00:00,Maitri,-13.26,12.45,985.6,58.3
2013-05-17 05:00:00,Maitri,-14.35,7.11,985.2,73.3
2013-05-17 06:00:00,Maitri,-17.74,1.57,1003.9,76.2
2013-05-17 07:00:00,Maitri,-17.93,11.76,999.1,47.0
2013-05-17 08:00:00,Maitri,-8.37,35.79,992.0,44.7
2013-05-17 09:00:00,Maitri,-17.3,10.59,992.7,57.1
2013-05-17 10:00:00,Maitri,-11.66,9.24,969.6,46.9
2013-05-17 11:00:00,Maitri,-14.09,6.54,988.3,43.5
2013-05-17 12:00:00,Maitri,-14.61,16.47,991.7,60.4
2013-05-17 13:00:00,Maitri,-12.99,12.0,995.7,46.4
2013-05-17 14:00:00,Maitri,-14.5,7.06,994.3,65.4
2013-05-17 15:00:00,Maitri,-16.61,17.9,985.7,66.6
2013-05-17 16:00:00,Maitri,-17.19,8.43,975.1,61.8
2013-05-17 17:00:00,Maitri,-17.94,11.38,985.8,82.7
2013-05-17 18:00:00,Maitri,-19.72,14.19,989.3,66.6
2013-05-17 19:00:00,Maitri,-17.28,10.89,975.2,58.5
2013-05-17 20:00:00,Maitri,-13.9,15.58,971.9,46.3
2013-05-17 21:00:00,Maitri,-22.55,14.05,970.8,32.9
2013-05-17 22:00:00,Maitri,-13.65,11.15,990.6,54.1
2013-05-17 23:00:00,Maitri,-8.79,8.43,987.3,48.1
2013-05-18 00:00:00,Maitri,-16.5,7.61,984.3,77.0
2013-05-18 01:00:00,Maitri,-20.71,4.6,983.9,60.5
2013-05-18 02:00:00,Maitri,-11.5,6.58,974.8,52.3
2013-05-18 03:00:00,Maitri,-10.06,13.5,976.9,63.0
2013-05-18 04:00:00,Maitri,-12.93,14.78,1001.4,57.1
2013-05-18 05:00:00,Maitri,-17.13,3.18,981.7,59.3
2013-05-18 06:00:00,Maitri,-12.97,16.95,1001.9,60.4
2013-05-18 07:00:00,Maitri,-10.18,13.51,985.8,75.9
2013-05-18 08:00:00,Maitri,-22.47,17.07,1006.6,46.7
2013-05-18 09:00:00,Maitri,-11.84,7.33,997.8,38.9
2013-05-18 10:00:00,Maitri,-12.15,2.91,983.7,47.2
2013-05-18 11:00:00,Maitri,-15.6,8.9,968.9,59.2
2013-05-18 12:00:00,Maitri,-20.92,21.68,986.2,54.5
2013-05-18 13:00:00,Maitri,-12.89,8.55,1004.7,63.7
2013-05-18 14:00:00,Maitri,-12.25,3.63,1014.0,60.2
2013-05-18 15:00:00,Maitri,-20.31,8.97,991.3,56.2
2013-05-18 16:00:00,Maitri,-15.79,2.74,977.1,53.0
2013-05-18 17:00:00,Maitri,-18.52,7.81,980.6,80.8
2013-05-18 18:00:00,Maitri,-20.4,22.02,993.0,63.4
2013-05-18 19:00:00,Maitri,-9.38,7.09,985.6,62.9
2013-05-18 20:00:00,Maitri,-16.96,11.74,990.6,57.4
2013-05-18 21:00:00,Maitri,-7.59,16.4,1001.9,74.5
2013-05-18 22:00:00,Maitri,-10.73,11.04,982.0,77.4
2013-05-18 23:00:00,Maitri,-19.18,16.41,985.7,66.9
2013-05-19 00:00:00,Maitri,-10.57,5.69,975.8,68.7
2013-05-19 01:00:00,Maitri,-21.51,4.93,988.9,44.1
2013-05-19 02:00:00,Maitri,-18.32,9.82,984.7,76.3
2013-05-19 03:00:00,Maitri,-16.94,16.4,1002.4,43.1
2013-05-19 04:00:00,Maitri,-17.49,11.21,994.9,56.3
2013-05-19 05:00:00,Maitri,-14.94,16.59,999.1,63.1
2013-05-19 06:00:00,Maitri,-18.11,10.12,985.7,47.6
2013-05-19 07:00:00,Maitri,-19.47,4.32,987.2,58.3
2013-05-19 08:00:00,Maitri,-14.43,2.4,997.2,58.2
2013-05-19 09:00:00,Maitri,-13.56,8.71,990.8,67.7
2013-05-19 10:00:00,Maitri,-13.78,15.04,995.1,71.1
2013-05-19 11:00:00,Maitri,-12.65,8.21,983.4,73.7
2013-05-19 12:00:00,Maitri,-10.43,7.31,994.6,67.5
2013-05-19 13:00:00,Maitri,-18.92,9.58,972.2,57.1
2013-05-19 14:00:00,Maitri,-16.96,11.83,987.1,54.8
2013-05-19 15:00:00,Maitri,-9.63,7.79,999.6,48.3
2013-05-19 16:00:00,Maitri,-14.85,8.11,985.5,71.5
2013-05-19 17:00:00,Maitri,-15.94,2.54,992.3,49.6
2013-05-19 18:00:00,Maitri,-19.63,7.28,992.0,70.1
2013-05-19 19:00:00,Maitri,-23.05,11.49,991.4,57.3
2013-05-19 20:00:00,Maitri,-12.5,15.71,988.7,57.0
2013-05-19 21:00:00,Maitri,-12.54,10.75,978.8,77.9
2013-05-19 22:00:00,Maitri,-11.47,9.51,976.9,57.3
2013-05-19 23:00:00,Maitri,-14.72,16.2,974.1,74.1
2013-05-20 00:00:00,Maitri,-16.83,8.66,995.1,56.9
2013-05-20 01:00:00,Maitri,-17.08,11.0,973.3,62.4
2013-05-20 02:00:00,Maitri,-10.37,7.41,985.1,47.7
2013-05-20 03:00:00,Maitri,-18.86,7.48,984.9,48.9
2013-05-20 04:00:00,Maitri,-12.02,8.87,973.0,64.5
2013-05-20 05:00:00,Maitri,-15.06,10.28,998.0,60.4
2013-05-20 06:00:00,Maitri,-12.73,1.62,981.9,45.8
2013-05-20 07:00:00,Maitri,-19.94,11.88,994.4,55.7
2013-05-20 08:00:00,Maitri,-20.51,12.36,991.9,61.6
2013-05-20 09:00:00,Maitri,-17.71,14.78,980.8,45.4
2013-05-20 10:00:00,Maitri,-18.75,5.47,991.9,72.2
2013-05-20 11:00:00,Maitri,-15.93,16.58,987.5,44.3
2013-05-20 12:00:00,Maitri,-13.21,9.77,965.7,72.8
2013-05-20 13:00:00,Maitri,-11.14,8.82,985.4,52.8
2013-05-20 14:00:00,Maitri,-21.42,10.1,963.2,69.6
2013-05-20 15:00:00,Maitri,-20.39,16.17,986.5,45.6
2013-05-20 16:00:00,Maitri,-24.67,7.72,984.5,53.8
2013-05-20 17:00:00,Maitri,-17.15,18.71,989.8,75.8
2013-05-20 18:00:00,Maitri,-18.24,2.07,988.1,61.9
2013-05-20 19:00:00,Maitri,-16.98,3.72,994.4,54.5
2013-05-20 20:00:00,Maitri,-15.1,9.53,971.6,57.1
2013-05-20 21:00:00,Maitri,-12.15,7.96,979.9,63.0
2013-05-20 22:00:00,Maitri,-15.11,8.66,995.4,65.4
2013-05-20 23:00:00,Maitri,-17.11,2.51,994.1,49.3
2013-05-21 00:00:00,Maitri,-19.52,7.42,978.7,57.8
2013-05-21 01:00:00,Maitri,-20.21,8.02,999.1,39.5
2013-05-21 02:00:00,Maitri,-14.77,13.94,986.4,85.0
2013-05-21 03:00:00,Maitri,-18.32,17.48,967.5,61.3
2013-05-21 04:00:00,Maitri,-19.25,12.06,979.6,52.0
2013-05-21 05:00:00,Maitri,-18.03,10.1,1004.5,51.3
2013-05-21 06:00:00,Maitri,-17.69,6.87,978.2,85.3
2013-05-21 07:00:00,Maitri,-16.2,6.21,995.8,70.9
2013-05-21 08:00:00,Maitri,-16.11,5.02,985.6,56.9
2013-05-21 09:00:00,Maitri,-15.39,2.92,990.5,49.2
2013-05-21 10:00:00,Maitri,-13.92,8.67,984.8,70.1
2013-05-21 11:00:00,Maitri,-18.52,8.6,994.2,41.3
2013-05-21 12:00:00,Maitri,-19.58,6.73,982.8,61.9
2013-05-21 13:00:00,Maitri,-19.19,8.35,993.4,48.0
2013-05-21 14:00:00,Maitri,-15.01,8.54,997.8,57.1
2013-05-21 15:00:00,Maitri,-18.4,8.76,976.6,54.1
2013-05-21 16:00:00,Maitri,-16.27,8.68,997.2,74.7
2013-05-21 17:00:00,Maitri,-16.05,3.99,990.5,54.9
2013-05-21 18:00:00,Maitri,-12.3,12.31,983.9,57.5
2013-05-21 19:00:00,Maitri,-23.41,10.98,994.9,60.0
2013-05-21 20:00:00,Maitri,-11.26,5.97,994.0,71.7
2013-05-21 21:00:00,Maitri,-18.18,4.31,990.6,52.1
2013-05-21 22:00:00,Maitri,-8.42,8.7,984.1,48.0
2013-05-21 23:00:00,Maitri,-18.38,3.58,993.6,60.1
2013-05-22 00:00:00,Maitri,-18.87,11.25,987.8,70.8
2013-05-22 01:00:00,Maitri,-17.93,31.62,971.0,54.8
2013-05-22 02:00:00,Maitri,-11.45,14.44,982.6,63.7
2013-05-22 03:00:00,Maitri,-18.15,15.66,980.1,67.7
2013-05-22 04:00:00,Maitri,-19.77,7.61,989.3,34.8
2013-05-22 05:00:00,Maitri,-21.12,19.78,991.1,57.4
2013-05-22 06:00:00,Maitri,-12.0,19.68,977.4,74.2
2013-05-22 07:00:00,Maitri,-16.56,5.77,988.5,34.8
2013-05-22 08:00:00,Maitri,-14.85,3.4,978.9,41.7
2013-05-22 09:00:00,Maitri,-26.47,11.55,998.4,59.6
2013-05-22 10:00:00,Maitri,-19.6,2.73,988.1,74.6
2013-05-22 11:00:00,Maitri,-16.9,9.73,985.3,42.5
2013-05-22 12:00:00,Maitri,-17.84,12.08,982.2,48.7
2013-05-22 13:00:00,Maitri,-17.94,8.92,999.9,70.0
2013-05-22 14:00:00,Maitri,-16.22,5.73,969.2,62.1
2013-05-22 15:00:00,Maitri,-18.44,8.6,983.3,54.3
2013-05-22 16:00:00,Maitri,-15.08,7.12,975.6,71.4
2013-05-22 17:00:00,Maitri,-12.59,25.96,979.8,60.7
2013-05-22 18:00:00,Maitri,-14.67,12.21,984.0,63.4
2013-05-22 19:00:00,Maitri,-13.72,22.46,992.7,54.5
2013-05-22 20:00:00,Maitri,-24.67,8.33,988.0,62.4
2013-05-22 21:00:00,Maitri,-14.93,9.42,979.1,64.8
2013-05-22 22:00:00,Maitri,-12.96,9.35,984.4,32.9
2013-05-22 23:00:00,Maitri,-13.98,7.02,998.4,50.8
2013-05-23 00:00:00,Maitri,-11.17,13.12,1002.5,61.1
2013-05-23 01:00:00,Maitri,-17.32,11.25,973.8,61.5
2013-05-23 02:00:00,Maitri,-12.25,8.05,972.8,60.5
2013-05-23 03:00:00,Maitri,-20.36,12.25,992.0,44.4
2013-05-23 04:00:00,Maitri,-17.69,4.19,967.9,49.4
2013-05-23 05:00:00,Maitri,-15.39,4.39,973.9,28.3
2013-05-23 06:00:00,Maitri,-19.75,15.04,979.4,55.2
2013-05-23 07:00:00,Maitri,-17.24,14.65,1004.6,64.3
2013-05-23 08:00:00,Maitri,-13.43,8.94,981.0,62.9
2013-05-23 09:00:00,Maitri,-12.25,19.33,997.9,44.9
2013-05-23 10:00:00,Maitri,-15.74,3.91,991.6,64.1
2013-05-23 11:00:00,Maitri,-11.5,9.07,1002.1,53.4
2013-05-23 12:00:00,Maitri,-19.19,11.91,975.7,29.6
2013-05-23 13:00:00,Maitri,-16.49,7.0,998.6,30.9
2013-05-23 14:00:00,Maitri,-10.03,11.37,998.1,64.7
2013-05-23 15:00:00,Maitri,-14.92,13.72,990.2,38.3
2013-05-23 16:00:00,Maitri,-13.64,11.21,989.5,60.8
2013-05-23 17:00:00,Maitri,-16.46,9.36,1022.4,47.0
2013-05-23 18:00:00,Maitri,-15.04,3.45,973.6,47.2
2013-05-23 19:00:00,Maitri,-13.48,7.34,999.8,57.6
2013-05-23 20:00:00,Maitri,-13.56,19.36,991.0,61.3
2013-05-23 21:00:00,Maitri,-12.44,10.13,993.8,60.4
2013-05-23 22:00:00,Maitri,-18.41,14.11,956.4,52.7
2013-05-23 23:00:00,Maitri,-20.22,1.91,982.6,43.9
2013-05-24 00:00:00,Maitri,-19.59,6.79,974.7,41.8
2013-05-24 01:00:00,Maitri,-16.35,2.74,1000.9,64.0
2013-05-24 02:00:00,Maitri,-21.35,7.68,987.2,53.4
2013-05-24 03:00:00,Maitri,-12.73,13.25,976.7,50.5
2013-05-24 04:00:00,Maitri,-9.4,6.26,974.0,54.8
2013-05-24 05:00:00,Maitri,-18.53,9.27,980.5,66.1
2013-05-24 06:00:00,Maitri,-15.73,20.84,981.4,65.9
2013-05-24 07:00:00,Maitri,-16.11,15.44,987.7,63.4
2013-05-24 08:00:00,Maitri,-15.87,8.36,1003.5,52.2
2013-05-24 09:00:00,Maitri,-20.3,7.36,978.9,78.8
2013-05-24 10:00:00,Maitri,-10.74,19.91,975.9,63.5
2013-05-24 11:00:00,Maitri,-17.66,6.73,995.2,76.3
2013-05-24 12:00:00,Maitri,-14.75,11.15,975.6,24.9
2013-05-24 13:00:00,Maitri,-14.56,8.19,985.0,58.7
2013-05-24 14:00:00,Maitri,-16.83,7.77,975.6,68.0
2013-05-24 15:00:00,Maitri,-12.7,3.67,971.5,51.6
2013-05-24 16:00:00,Maitri,-18.17,6.64,972.8,41.4
2013-05-24 17:00:00,Maitri,-15.99,15.67,995.1,71.1
2013-05-24 18:00:00,Maitri,-16.85,13.61,984.9,54.9
2013-05-24 19:00:00,Maitri,-14.87,3.98,976.3,56.1
2013-05-24 20:00:00,Maitri,-10.24,6.06,974.8,46.0
2013-05-24 21:00:00,Maitri,-19.6,14.88,986.2,51.1
2013-05-24 22:00:00,Maitri,-17.53,11.05,981.0,46.5
2013-05-24 23:00:00,Maitri,-18.91,10.93,989.7,49.9
2013-05-25 00:00:00,Maitri,-17.28,5.96,970.9,36.6
2013-05-25 01:00:00,Maitri,-19.01,8.95,988.6,37.3
2013-05-25 02:00:00,Maitri,-14.23,9.42,991.7,58.2
2013-05-25 03:00:00,Maitri,-11.06,24.68,992.0,63.3
2013-05-25 04:00:00,Maitri,-22.7,8.99,986.1,46.5
2013-05-25 05:00:00,Maitri,-10.97,14.26,987.2,63.6
2013-05-25 06:00:00,Maitri,-13.5,13.64,969.2,54.6
2013-05-25 07:00:00,Maitri,-16.08,9.08,974.0,37.3
2013-05-25 08:00:00,Maitri,-21.24,21.27,962.2,53.0
2013-05-25 09:00:00,Maitri,-19.09,10.97,987.6,26.5
2013-05-25 10:00:00,Maitri,-20.25,7.78,975.2,43.9
2013-05-25 11:00:00,Maitri,-15.22,15.53,975.8,61.1
2013-05-25 12:00:00,Maitri,-17.01,4.49,987.7,57.5
2013-05-25 13:00:00,Maitri,-16.67,5.05,987.8,64.6
2013-05-25 14:00:00,Maitri,-12.91,9.11,972.3,54.8
2013-05-25 15:00:00,Maitri,-23.52,5.86,985.2,52.0
2013-05-25 16:00:00,Maitri,-17.15,7.38,973.8,72.8
2013-05-25 17:00:00,Maitri,-20.84,15.46,996.4,51.2
2013-05-25 18:00:00,Maitri,-22.65,1.9,1010.5,61.2
2013-05-25 19:00:00,Maitri,-20.23,11.94,984.4,60.7
2013-05-25 20:00:00,Maitri,-15.16,11.74,998.8,52.8
2013-05-25 21:00:00,Maitri,-16.15,7.85,997.0,48.5
2013-05-25 22:00:00,Maitri,-14.28,9.98,968.7,60.3
2013-05-25 23:00:00,Maitri,-15.38,9.15,980.5,67.2
2013-05-26 00:00:00,Maitri,-17.84,8.11,1001.0,71.1
2013-05-26 01:00:00,Maitri,-20.58,10.99,993.2,50.1
2013-05-26 02:00:00,Maitri,-18.09,17.01,985.2,50.8
2013-05-26 03:00:00,Maitri,-17.41,7.24,980.2,36.1
2013-05-26 04:00:00,Maitri,-15.8,14.82,972.9,53.7
2013-05-26 05:00:00,Maitri,-15.47,1.48,988.7,50.7
2013-05-26 06:00:00,Maitri,-17.1,5.32,995.8,54.6
2013-05-26 07:00:00,Maitri,-14.83,7.37,981.5,72.4
2013-05-26 08:00:00,Maitri,-19.89,15.54,991.9,25.3
2013-05-26 09:00:00,Maitri,-8.93,14.24,976.7,51.0
2013-05-26 10:00:00,Maitri,-13.66,3.27,989.9,63.1
2013-05-26 11:00:00,Maitri,-18.71,16.21,986.7,51.3
2013-05-26 12:00:00,Maitri,-18.37,14.4,994.3,52.5
2013-05-26 13:00:00,Maitri,-12.88,6.01,996.5,47.1
2013-05-26 14:00:00,Maitri,-13.55,8.26,993.6,59.6
2013-05-26 15:00:00,Maitri,-12.84,4.32,968.2,59.6
2013-05-26 16:00:00,Maitri,-15.66,9.56,975.7,32.4
2013-05-26 17:00:00,Maitri,-20.02,41.69,998.7,44.9
2013-05-26 18:00:00,Maitri,-21.45,9.69,978.1,80.5
2013-05-26 19:00:00,Maitri,-15.91,9.95,978.1,46.8
2013-05-26 20:00:00,Maitri,-11.55,5.1,987.2,42.1
2013-05-26 21:00:00,Maitri,-20.04,13.54,982.2,39.4
2013-05-26 22:00:00,Maitri,-18.07,11.12,978.4,49.8
2013-05-26 23:00:00,Maitri,-20.65,5.33,972.6,60.7
2013-05-27 00:00:00,Maitri,-14.81,7.28,999.3,67.4
2013-05-27 01:00:00,Maitri,-20.84,15.98,994.1,51.7
2013-05-27 02:00:00,Maitri,-19.93,8.81,994.5,56.2
2013-05-27 03:00:00,Maitri,-25.3,10.14,996.9,54.1
2013-05-27 04:00:00,Maitri,-21.42,5.57,999.9,41.0
2013-05-27 05:00:00,Maitri,-17.55,8.67,985.2,63.7
2013-05-27 06:00:00,Maitri,-17.83,9.37,989.7,59.5
2013-05-27 07:00:00,Maitri,-17.38,8.74,970.7,61.1
2013-05-27 08:00:00,Maitri,-19.75,15.38,1006.2,54.5
2013-05-27 09:00:00,Maitri,-16.85,12.4,993.1,53.6
2013-05-27 10:00:00,Maitri,-15.82,3.7,977.4,67.4
2013-05-27 11:00:00,Maitri,-16.22,9.51,973.1,67.4
2013-05-27 12:00:00,Maitri,-17.57,14.46,992.2,58.7
2013-05-27 13:00:00,Maitri,-18.0,10.31,985.4,57.3
2013-05-27 14:00:00,Maitri,-12.12,15.21,981.6,46.1
2013-05-27 15:00:00,Maitri,-11.51,11.31,982.8,72.6
2013-05-27 16:00:00,Maitri,-11.95,11.92,980.8,41.6
2013-05-27 17:00:00,Maitri,-19.17,15.75,974.5,69.3
2013-05-27 18:00:00,Maitri,-20.97,13.41,984.7,64.8
2013-05-27 19:00:00,Maitri,-14.64,7.61,981.9,64.1
2013-05-27 20:00:00,Maitri,-13.35,16.07,998.7,67.6
2013-05-27 21:00:00,Maitri,-12.44,3.79,984.2,68.5
2013-05-27 22:00:00,Maitri,-13.02,6.94,1001.1,47.5
2013-05-27 23:00:00,Maitri,-21.88,6.16,989.9,71.5
2013-05-28 00:00:00,Maitri,-22.09,5.14,996.5,49.4
2013-05-28 01:00:00,Maitri,-19.44,8.37,991.1,69.5
2013-05-28 02:00:00,Maitri,-9.91,11.46,980.0,69.1
2013-05-28 03:00:00,Maitri,-16.09,2.43,999.9,61.3
2013-05-28 04:00:00,Maitri,-17.79,4.85,994.8,50.9
2013-05-28 05:00:00,Maitri,-17.75,20.46,972.8,57.8
2013-05-28 06:00:00,Maitri,-17.64,9.2,993.8,56.9
2013-05-28 07:00:00,Maitri,-14.26,6.2,976.8,45.0
2013-05-28 08:00:00,Maitri,-23.49,6.15,988.1,60.2
2013-05-28 09:00:00,Maitri,-15.29,6.67,992.0,61.2
2013-05-28 10:00:00,Maitri,-18.78,3.8,991.8,58.1
2013-05-28 11:00:00,Maitri,-13.19,7.29,959.9,71.0
2013-05-28 12:00:00,Maitri,-21.7,19.78,979.6,50.6
2013-05-28 13:00:00,Maitri,-21.18,5.32,991.1,35.5
2013-05-28 14:00:00,Maitri,-14.54,6.79,994.4,42.9
2013-05-28 15:00:00,Maitri,-16.01,5.42,973.9,20.0
2013-05-28 16:00:00,Maitri,-17.28,3.73,991.9,70.3
2013-05-28 17:00:00,Maitri,-11.27,11.12,960.2,48.8
2013-05-28 18:00:00,Maitri,-12.55,12.0,991.7,86.2
2013-05-28 19:00:00,Maitri,-14.03,4.05,989.1,55.4
2013-05-28 20:00:00,Maitri,-24.52,11.79,995.2,60.3
2013-05-28 21:00:00,Maitri,-22.24,3.31,982.6,42.5
2013-05-28 22:00:00,Maitri,-9.28,22.02,986.7,49.2
2013-05-28 23:00:00,Maitri,-17.18,7.23,986.8,53.2
2013-05-29 00:00:00,Maitri,-17.64,8.6,991.3,44.0
2013-05-29 01:00:00,Maitri,-19.9,6.85,985.8,51.5
2013-05-29 02:00:00,Maitri,-15.79,14.67,969.3,49.9
2013-05-29 03:00:00,Maitri,-15.56,6.16,1006.6,24.4
2013-05-29 04:00:00,Maitri,-13.31,15.56,998.1,66.7
2013-05-29 05:00:00,Maitri,-23.46,8.01,983.9,52.7
2013-05-29 06:00:00,Maitri,-16.51,17.18,990.7,55.5
2013-05-29 07:00:00,Maitri,-14.73,4.36,1005.4,60.0
2013-05-29 08:00:00,Maitri,-17.34,8.84,999.9,61.3
2013-05-29 09:00:00,Maitri,-18.61,10.68,991.0,66.4
2013-05-29 10:00:00,Maitri,-21.14,0.91,989.6,47.3
2013-05-29 11:00:00,Maitri,-16.75,7.85,973.6,56.3
2013-05-29 12:00:00,Maitri,-16.83,10.45,985.3,69.9
2013-05-29 13:00:00,Maitri,-12.68,10.67,979.4,59.9
2013-05-29 14:00:00,Maitri,-17.63,26.76,988.1,69.6
2013-05-29 15:00:00,Maitri,-12.74,5.09,972.2,50.6
2013-05-29 16:00:00,Maitri,-14.46,5.87,984.5,68.2
2013-05-29 17:00:00,Maitri,-17.43,23.07,978.1,59.3
2013-05-29 18:00:00,Maitri,-11.54,4.02,978.4,42.4
2013-05-29 19:00:00,Maitri,-14.81,1.81,985.5,40.5
2013-05-29 20:00:00,Maitri,-17.41,12.43,972.4,38.5
2013-05-29 21:00:00,Maitri,-17.8,8.5,967.1,66.0
2013-05-29 22:00:00,Maitri,-23.96,8.1,986.9,38.5
2013-05-29 23:00:00,Maitri,-14.68,9.51,967.8,35.6
2013-05-30 00:00:00,Maitri,-18.65,24.59,989.7,71.2
2013-05-30 01:00:00,Maitri,-22.64,7.37,991.1,63.4
2013-05-30 02:00:00,Maitri,-21.54,9.25,1005.4,87.1
2013-05-30 03:00:00,Maitri,-17.86,11.08,976.6,42.2
2013-05-30 04:00:00,Maitri,-20.42,5.23,985.9,57.8
2013-05-30 05:00:00,Maitri,-13.6,10.55,983.1,65.0
2013-05-30 06:00:00,Maitri,-15.13,17.1,989.6,41.3
2013-05-30 07:00:00,Maitri,-19.55,13.38,968.9,63.8
2013-05-30 08:00:00,Maitri,-15.99,9.91,983.1,61.7
2013-05-30 09:00:00,Maitri,-12.33,16.32,990.8,81.5
2013-05-30 10:00:00,Maitri,-17.55,11.21,972.7,71.0
2013-05-30 11:00:00,Maitri,-17.29,11.37,974.0,55.2
2013-05-30 12:00:00,Maitri,-22.3,6.13,972.3,52.2
2013-05-30 13:00:00,Maitri,-15.5,9.89,974.4,73.5
2013-05-30 14:00:00,Maitri,-17.64,8.71,964.7,63.7
2013-05-30 15:00:00,Maitri,-22.81,15.97,976.6,49.9
2013-05-30 16:00:00,Maitri,-18.17,2.89,965.6,44.6
2013-05-30 17:00:00,Maitri,-18.06,8.05,993.0,46.5
2013-05-30 18:00:00,Maitri,-14.81,10.42,993.0,39.1
2013-05-30 19:00:00,Maitri,-17.96,6.32,979.8,50.7
2013-05-30 20:00:00,Maitri,-18.68,7.33,991.2,67.7
2013-05-30 21:00:00,Maitri,-21.22,6.14,981.5,54.3
2013-05-30 22:00:00,Maitri,-18.42,4.15,971.0,31.4
2013-05-30 23:00:00,Maitri,-16.55,14.86,993.6,59.9
2013-05-31 00:00:00,Maitri,-17.63,6.57,983.1,80.8
2013-05-31 01:00:00,Maitri,-21.05,14.35,996.3,56.5
2013-05-31 02:00:00,Maitri,-19.26,6.78,988.6,74.3
2013-05-31 03:00:00,Maitri,-16.13,5.24,992.2,40.4
2013-05-31 04:00:00,Maitri,-14.76,22.03,984.6,41.7
2013-05-31 05:00:00,Maitri,-17.71,12.68,1000.3,56.6
2013-05-31 06:00:00,Maitri,-12.54,17.32,992.3,52.1
2013-05-31 07:00:00,Maitri,-17.4,6.6,978.8,48.4
2013-05-31 08:00:00,Maitri,-17.89,8.48,991.8,46.4
2013-05-31 09:00:00,Maitri,-18.61,10.09,988.1,52.9
2013-05-31 10:00:00,Maitri,-22.26,7.88,977.5,62.8
2013-05-31 11:00:00,Maitri,-16.66,7.19,1001.7,69.6
2013-05-31 12:00:00,Maitri,-9.51,9.48,986.4,50.8
2013-05-31 13:00:00,Maitri,-22.22,11.45,999.9,54.2
2013-05-31 14:00:00,Maitri,-12.46,7.99,1008.4,53.3
2013-05-31 15:00:00,Maitri,-25.87,4.15,972.4,71.9
2013-05-31 16:00:00,Maitri,-18.55,1.92,986.0,53.8
2013-05-31 17:00:00,Maitri,-16.78,13.92,992.1,74.2
2013-05-31 18:00:00,Maitri,-16.09,5.58,1006.3,65.9
2013-05-31 19:00:00,Maitri,-22.14,16.4,974.6,63.0
2013-05-31 20:00:00,Maitri,-14.47,11.51,988.9,70.9
2013-05-31 21:00:00,Maitri,-16.8,7.01,977.5,50.6
2013-05-31 22:00:00,Maitri,-18.78,23.77,995.1,79.8
2013-05-31 23:00:00,Maitri,-14.35,4.6,994.6,49.7
2013-06-01 00:00:00,Maitri,-16.78,12.79,985.6,50.5
2013-06-01 01:00:00,Maitri,-17.73,10.75,974.0,61.2
2013-06-01 02:00:00,Maitri,-16.15,14.47,989.0,54.3
2013-06-01 03:00:00,Maitri,-20.55,17.07,983.3,61.3
2013-06-01 04:00:00,Maitri,-11.51,4.11,983.9,42.0
2013-06-01 05:00:00,Maitri,-13.33,20.77,982.0,43.3
2013-06-01 06:00:00,Maitri,-18.82,5.52,1003.2,65.4
2013-06-01 07:00:00,Maitri,-15.54,11.76,1004.0,58.9
2013-06-01 08:00:00,Maitri,-18.81,15.0,998.9,50.2
2013-06-01 09:00:00,Maitri,-16.92,14.96,982.6,63.8
2013-06-01 10:00:00,Maitri,-19.14,16.82,1010.3,72.3
2013-06-01 11:00:00,Maitri,-17.82,5.79,999.4,42.9
2013-06-01 12:00:00,Maitri,-19.53,13.67,985.1,45.2
2013-06-01 13:00:00,Maitri,-16.38,10.74,993.4,67.5
2013-06-01 14:00:00,Maitri,-10.69,10.59,995.1,48.8
2013-06-01 15:00:00,Maitri,-12.65,1.29,977.2,64.9
2013-06-01 16:00:00,Maitri,-21.12,7.16,965.5,40.2
2013-06-01 17:00:00,Maitri,-17.96,7.42,1000.2,68.5
2013-06-01 18:00:00,Maitri,-19.3,9.99,992.0,51.4
2013-06-01 19:00:00,Maitri,-21.64,6.26,1009.5,67.4
2013-06-01 20:00:00,Maitri,-16.37,4.95,978.3,69.4
2013-06-01 21:00:00,Maitri,-18.77,9.83,1001.3,53.3
2013-06-01 22:00:00,Maitri,-14.79,10.72,986.4,73.3
2013-06-01 23:00:00,Maitri,-23.03,2.52,991.8,55.6
2013-06-02 00:00:00,Maitri,-12.22,14.6,985.8,92.0
2013-06-02 01:00:00,Maitri,-14.98,8.47,971.6,35.1
2013-06-02 02:00:00,Maitri,-18.06,9.62,1012.4,56.9
2013-06-02 03:00:00,Maitri,-14.0,16.5,984.0,70.2
2013-06-02 04:00:00,Maitri,-18.58,5.96,987.5,72.2
2013-06-02 05:00:00,Maitri,-14.2,9.06,978.8,55.5
2013-06-02 06:00:00,Maitri,-15.52,5.71,987.5,55.2
2013-06-02 07:00:00,Maitri,-11.81,18.66,982.2,53.4
2013-06-02 08:00:00,Maitri,-15.17,15.76,999.5,62.6
2013-06-02 09:00:00,Maitri,-15.0,7.97,966.3,68.2
2013-06-02 10:00:00,Maitri,-19.52,5.07,991.2,48.8
2013-06-02 11:00:00,Maitri,-15.25,14.31,989.6,58.0
2013-06-02 12:00:00,Maitri,-17.91,5.32,983.4,41.4
2013-06-02 13:00:00,Maitri,-18.17,8.1,988.5,82.6
2013-06-02 14:00:00,Maitri,-17.49,17.23,974.9,54.8
2013-06-02 15:00:00,Maitri,-18.47,12.22,1001.5,59.0
2013-06-02 16:00:00,Maitri,-17.8,4.59,999.3,70.9
2013-06-02 17:00:00,Maitri,-23.02,19.64,993.0,82.7
2013-06-02 18:00:00,Maitri,-14.2,10.06,996.9,75.2
2013-06-02 19:00:00,Maitri,-21.71,4.15,989.8,48.7
2013-06-02 20:00:00,Maitri,-19.04,9.97,1005.0,48.7
2013-06-02 21:00:00,Maitri,-14.8,6.78,1010.4,38.0
2013-06-02 22:00:00,Maitri,-18.63,5.43,999.8,47.5
2013-06-02 23:00:00,Maitri,-22.64,19.01,974.7,45.3
2013-06-03 00:00:00,Maitri,-14.55,7.52,983.2,75.5
2013-06-03 01:00:00,Maitri,-15.36,4.8,1015.4,50.6
2013-06-03 02:00:00,Maitri,-10.59,15.58,989.0,64.1
2013-06-03 03:00:00,Maitri,-21.74,33.05,993.3,34.4
2013-06-03 04:00:00,Maitri,-15.13,4.52,996.9,59.6
2013-06-03 05:00:00,Maitri,-21.72,14.84,973.2,84.8
2013-06-03 06:00:00,Maitri,-19.81,19.68,974.7,64.5
2013-06-03 07:00:00,Maitri,-23.89,5.76,987.6,57.1
2013-06-03 08:00:00,Maitri,-11.54,10.36,990.4,52.9
2013-06-03 09:00:00,Maitri,-21.27,8.18,1012.2,51.6
2013-06-03 10:00:00,Maitri,-12.36,4.96,983.9,71.2
2013-06-03 11:00:00,Maitri,-17.23,20.15,981.2,47.6
2013-06-03 12:00:00,Maitri,-19.46,11.8,959.4,42.0
2013-06-03 13:00:00,Maitri,-14.46,4.52,973.6,44.4
2013-06-03 14:00:00,Maitri,-15.84,8.06,1002.9,38.4
2013-06-03 15:00:00,Maitri,-14.79,10.57,982.2,53.9
2013-06-03 16:00:00,Maitri,-20.75,12.71,967.7,51.0
2013-06-03 17:00:00,Maitri,-20.31,12.94,996.3,49.6
2013-06-03 18:00:00,Maitri,-16.95,12.66,981.1,57.9
2013-06-03 19:00:00,Maitri,-17.82,5.6,988.8,41.7
2013-06-03 20:00:00,Maitri,-18.06,10.22,984.8,63.9
2013-06-03 21:00:00,Maitri,-21.16,15.17,993.3,48.3
2013-06-03 22:00:00,Maitri,-14.73,25.18,992.1,70.6
2013-06-03 23:00:00,Maitri,-12.47,20.1,975.5,37.3
2013-06-04 00:00:00,Maitri,-18.06,4.63,1000.2,62.2
2013-06-04 01:00:00,Maitri,-22.74,12.08,993.2,67.6
2013-06-04 02:00:00,Maitri,-15.89,6.84,1000.7,67.5
2013-06-04 03:00:00,Maitri,-15.92,2.21,986.2,54.0
2013-06-04 04:00:00,Maitri,-20.76,9.44,984.2,32.5
2013-06-04 05:00:00,Maitri,-19.18,14.3,1000.5,52.2
2013-06-04 06:00:00,Maitri,-19.98,10.51,979.9,65.0
2013-06-04 07:00:00,Maitri,-13.87,9.38,991.3,58.3
2013-06-04 08:00:00,Maitri,-10.01,23.06,956.6,43.1
2013-06-04 09:00:00,Maitri,-13.12,10.79,966.6,52.3
2013-06-04 10:00:00,Maitri,-14.87,14.7,983.9,48.8
2013-06-04 11:00:00,Maitri,-21.81,12.06,981.5,46.0
2013-06-04 12:00:00,Maitri,-17.48,6.21,990.6,45.4
2013-06-04 13:00:00,Maitri,-18.18,6.82,983.0,47.1
2013-06-04 14:00:00,Maitri,-15.75,10.47,984.9,20.0
2013-06-04 15:00:00,Maitri,-17.34,6.22,971.0,21.2
2013-06-04 16:00:00,Maitri,-17.47,13.31,1000.9,56.3
2013-06-04 17:00:00,Maitri,-16.0,7.92,983.0,76.0
2013-06-04 18:00:00,Maitri,-17.77,6.27,975.9,21.7
2013-06-04 19:00:00,Maitri,-18.67,13.23,979.5,39.5
2013-06-04 20:00:00,Maitri,-15.09,4.5,986.2,51.8
2013-06-04 21:00:00,Maitri,-18.75,4.56,999.9,20.0
2013-06-04 22:00:00,Maitri,-21.1,9.1,993.7,58.4
2013-06-04 23:00:00,Maitri,-21.6,9.22,986.1,60.7
2013-06-05 00:00:00,Maitri,-16.72,26.76,974.5,59.7
2013-06-05 01:00:00,Maitri,-11.36,21.15,980.1,78.7
2013-06-05 02:00:00,Maitri,-13.33,14.37,1001.2,65.7
2013-06-05 03:00:00,Maitri,-19.77,9.39,983.2,61.9
2013-06-05 04:00:00,Maitri,-16.38,28.03,998.5,50.6
2013-06-05 05:00:00,Maitri,-21.32,4.26,989.4,69.2
2013-06-05 06:00:00,Maitri,-12.74,10.01,976.2,29.6
2013-06-05 07:00:00,Maitri,-20.6,10.18,986.7,51.3
2013-06-05 08:00:00,Maitri,-21.21,15.67,979.2,55.4
2013-06-05 09:00:00,Maitri,-20.21,17.42,958.6,69.7
2013-06-05 10:00:00,Maitri,-21.24,3.86,983.9,47.8
2013-06-05 11:00:00,Maitri,-14.74,23.91,976.8,49.7
2013-06-05 12:00:00,Maitri,-11.82,9.64,986.1,41.9
2013-06-05 13:00:00,Maitri,-15.26,8.61,997.7,66.9
2013-06-05 14:00:00,Maitri,-20.71,4.81,993.2,82.8
2013-06-05 15:00:00,Maitri,-19.76,3.46,980.0,38.5
2013-06-05 16:00:00,Maitri,-15.82,4.58,973.2,52.7
2013-06-05 17:00:00,Maitri,-17.07,14.15,983.4,63.6
2013-06-05 18:00:00,Maitri,-21.11,11.99,982.6,61.4
2013-06-05 19:00:00,Maitri,-18.49,24.63,988.7,48.2
2013-06-05 20:00:00,Maitri,-17.6,7.13,1011.1,51.0
2013-06-05 21:00:00,Maitri,-14.69,7.84,1007.2,54.2
2013-06-05 22:00:00,Maitri,-18.26,1.92,990.1,42.0
2013-06-05 23:00:00,Maitri,-18.1,8.01,974.1,45.8
2013-06-06 00:00:00,Maitri,-18.02,4.51,979.0,64.2
2013-06-06 01:00:00,Maitri,-16.28,11.84,992.2,53.2
2013-06-06 02:00:00,Maitri,-14.46,28.15,993.4,33.8
2013-06-06 03:00:00,Maitri,-20.29,13.14,979.9,75.9
2013-06-06 04:00:00,Maitri,-20.06,11.32,988.4,44.1
2013-06-06 05:00:00,Maitri,-18.91,14.48,987.6,49.4
2013-06-06 06:00:00,Maitri,-16.63,2.77,968.1,41.1
2013-06-06 07:00:00,Maitri,-15.58,3.91,986.9,54.6
2013-06-06 08:00:00,Maitri,-12.08,8.39,1006.3,52.6
2013-06-06 09:00:00,Maitri,-13.46,13.55,969.3,52.6
2013-06-06 10:00:00,Maitri,-18.81,9.04,995.0,64.2
2013-06-06 11:00:00,Maitri,-20.2,9.88,993.5,62.7
2013-06-06 12:00:00,Maitri,-21.55,6.97,987.0,40.7
2013-06-06 13:00:00,Maitri,-15.61,14.38,976.1,52.0
2013-06-06 14:00:00,Maitri,-13.61,2.2,975.2,45.8
2013-06-06 15:00:00,Maitri,-19.54,14.56,998.8,30.4
2013-06-06 16:00:00,Maitri,-13.36,15.86,996.3,62.8
2013-06-06 17:00:00,Maitri,-18.87,5.21,1004.9,64.0
2013-06-06 18:00:00,Maitri,-17.82,14.5,987.8,54.0
2013-06-06 19:00:00,Maitri,-14.82,4.19,975.5,33.1
2013-06-06 20:00:00,Maitri,-23.7,7.98,975.1,74.1
2013-06-06 21:00:00,Maitri,-18.76,2.27,997.3,67.2
2013-06-06 22:00:00,Maitri,-17.46,9.44,984.7,61.1
2013-06-06 23:00:00,Maitri,-20.75,3.14,985.1,51.4
2013-06-07 00:00:00,Maitri,-14.47,8.72,968.9,47.3
2013-06-07 01:00:00,Maitri,-17.05,22.33,988.7,45.0
2013-06-07 02:00:00,Maitri,-17.19,14.27,988.5,62.2
2013-06-07 03:00:00,Maitri,-16.33,6.84,992.2,56.3
2013-06-07 04:00:00,Maitri,-13.47,17.13,986.7,47.1
2013-06-07 05:00:00,Maitri,-23.74,10.36,989.3,41.9
2013-06-07 06:00:00,Maitri,-15.0,5.37,993.3,67.0
2013-06-07 07:00:00,Maitri,-21.11,6.96,990.0,52.2
2013-06-07 08:00:00,Maitri,-20.31,9.6,991.0,61.1
2013-06-07 09:00:00,Maitri,-16.13,6.97,970.0,47.0
2013-06-07 10:00:00,Maitri,-10.38,13.34,990.6,47.2
2013-06-07 11:00:00,Maitri,-19.3,23.67,974.5,49.0
2013-06-07 12:00:00,Maitri,-22.81,13.47,991.0,57.8
2013-06-07 13:00:00,Maitri,-17.61,18.28,990.6,56.6
2013-06-07 14:00:00,Maitri,-11.59,9.41,973.9,41.5
2013-06-07 15:00:00,Maitri,-20.15,19.07,977.2,45.1
2013-06-07 16:00:00,Maitri,-17.77,22.6,968.0,75.4
2013-06-07 17:00:00,Maitri,-15.02,4.85,1004.7,62.2
2013-06-07 18:00:00,Maitri,-14.56,11.75,1009.2,63.6
2013-06-07 19:00:00,Maitri,-16.81,12.37,981.1,56.8
2013-06-07 20:00:00,Maitri,-22.95,13.02,988.9,62.4
2013-06-07 21:00:00,Maitri,-17.88,12.89,988.8,58.3
2013-06-07 22:00:00,Maitri,-14.91,5.23,979.6,65.4
2013-06-07 23:00:00,Maitri,-19.04,12.1,988.5,51.1
2013-06-08 00:00:00,Maitri,-15.32,7.2,991.2,42.9
2013-06-08 01:00:00,Maitri,-16.75,29.72,998.1,51.9
2013-06-08 02:00:00,Maitri,-19.62,9.48,987.9,45.4
2013-06-08 03:00:00,Maitri,-21.18,15.02,964.9,51.5
2013-06-08 04:00:00,Maitri,-18.07,9.77,989.0,61.0
2013-06-08 05:00:00,Maitri,-16.13,22.24,975.5,46.4
2013-06-08 06:00:00,Maitri,-25.03,5.96,1000.3,41.2
2013-06-08 07:00:00,Maitri,-15.28,4.14,989.9,59.6
2013-06-08 08:00:00,Maitri,-18.96,6.45,970.8,74.9
2013-06-08 09:00:00,Maitri,-19.34,3.37,996.1,53.2
2013-06-08 10:00:00,Maitri,-12.9,5.49,999.3,58.8
2013-06-08 11:00:00,Maitri,-11.23,14.24,984.4,68.4
2013-06-08 12:00:00,Maitri,-16.36,18.15,968.2,63.0
2013-06-08 13:00:00,Maitri,-19.75,4.4,996.8,47.8
2013-06-08 14:00:00,Maitri,-25.1,17.11,989.5,63.9
2013-06-08 15:00:00,Maitri,-25.54,12.94,978.0,81.0
2013-06-08 16:00:00,Maitri,-19.08,7.0,969.1,52.1
2013-06-08 17:00:00,Maitri,-20.13,8.62,993.9,60.1
2013-06-08 18:00:00,Maitri,-15.83,11.37,988.2,65.3
2013-06-08 19:00:00,Maitri,-16.88,19.17,982.5,59.4
2013-06-08 20:00:00,Maitri,-19.05,11.03,973.4,60.2
2013-06-08 21:00:00,Maitri,-23.22,5.19,986.6,47.6
2013-06-08 22:00:00,Maitri,-24.36,8.01,980.8,31.9
2013-06-08 23:00:00,Maitri,-17.06,10.35,993.7,64.1
2013-06-09 00:00:00,Maitri,-21.32,16.26,976.5,60.1
2013-06-09 01:00:00,Maitri,-23.53,4.01,974.8,59.1
2013-06-09 02:00:00,Maitri,-20.44,4.77,980.2,51.2
2013-06-09 03:00:00,Maitri,-14.51,14.27,968.8,54.0
2013-06-09 04:00:00,Maitri,-16.97,4.09,983.7,52.5
2013-06-09 05:00:00,Maitri,-12.29,8.7,989.4,62.6
2013-06-09 06:00:00,Maitri,-26.11,9.33,981.2,53.8
2013-06-09 07:00:00,Maitri,-17.15,15.02,998.4,70.9
2013-06-09 08:00:00,Maitri,-16.59,3.82,970.6,57.0
2013-06-09 09:00:00,Maitri,-18.44,7.1,1000.6,65.3
2013-06-09 10:00:00,Maitri,-14.2,6.71,996.2,43.7
2013-06-09 11:00:00,Maitri,-18.32,11.18,994.0,49.6
2013-06-09 12:00:00,Maitri,-14.07,13.29,988.5,59.7
2013-06-09 13:00:00,Maitri,-22.87,25.69,1012.4,46.8
2013-06-09 14:00:00,Maitri,-16.14,15.34,981.8,56.9
2013-06-09 15:00:00,Maitri,-22.05,6.84,998.3,62.9
2013-06-09 16:00:00,Maitri,-15.16,6.16,983.0,60.0
2013-06-09 17:00:00,Maitri,-21.56,13.75,984.2,64.9
2013-06-09 18:00:00,Maitri,-20.17,3.18,985.9,64.8
2013-06-09 19:00:00,Maitri,-17.53,4.95,981.0,60.9
2013-06-09 20:00:00,Maitri,-11.8,13.92,1001.3,43.7
2013-06-09 21:00:00,Maitri,-20.92,16.15,952.1,32.6
2013-06-09 22:00:00,Maitri,-17.34,7.58,984.4,64.8
2013-06-09 23:00:00,Maitri,-15.44,8.64,972.4,57.1
2013-06-10 00:00:00,Maitri,-15.83,16.38,976.0,48.3
2013-06-10 01:00:00,Maitri,-10.53,10.49,1002.3,64.0
2013-06-10 02:00:00,Maitri,-14.71,13.75,963.8,75.6
2013-06-10 03:00:00,Maitri,-22.64,4.57,995.4,43.8
2013-06-10 04:00:00,Maitri,-18.57,6.78,997.8,45.1
2013-06-10 05:00:00,Maitri,-18.1,7.7,971.7,56.1
2013-06-10 06:00:00,Maitri,-16.62,9.51,978.0,67.8
2013-06-10 07:00:00,Maitri,-15.02,6.41,987.0,76.4
2013-06-10 08:00:00,Maitri,-14.27,15.22,982.5,56.7
2013-06-10 09:00:00,Maitri,-18.77,8.73,971.1,50.4
2013-06-10 10:00:00,Maitri,-20.65,12.3,975.9,63.8
2013-06-10 11:00:00,Maitri,-12.36,3.75,977.4,57.8
2013-06-10 12:00:00,Maitri,-17.99,11.71,1001.1,64.5
2013-06-10 13:00:00,Maitri,-14.65,6.01,985.7,29.4
2013-06-10 14:00:00,Maitri,-19.22,3.28,979.8,71.0
2013-06-10 15:00:00,Maitri,-24.75,15.38,980.7,68.9
2013-06-10 16:00:00,Maitri,-17.7,15.39,984.9,68.9
2013-06-10 17:00:00,Maitri,-20.87,6.3,978.5,61.7
2013-06-10 18:00:00,Maitri,-25.62,4.75,994.0,62.4
2013-06-10 19:00:00,Maitri,-18.6,5.82,995.1,62.1
2013-06-10 20:00:00,Maitri,-20.69,6.45,1000.4,46.6
2013-06-10 21:00:00,Maitri,-19.16,16.77,987.0,46.7
2013-06-10 22:00:00,Maitri,-13.83,10.27,995.6,52.3
2013-06-10 23:00:00,Maitri,-19.68,16.91,986.8,65.6
2013-06-11 00:00:00,Maitri,-15.57,6.44,972.6,48.2
2013-06-11 01:00:00,Maitri,-27.57,6.92,994.2,46.1
2013-06-11 02:00:00,Maitri,-14.72,6.45,990.8,58.0
2013-06-11 03:00:00,Maitri,-19.89,13.92,1000.1,58.5
2013-06-11 04:00:00,Maitri,-18.61,7.95,971.1,34.7
2013-06-11 05:00:00,Maitri,-17.47,7.4,983.5,89.8
2013-06-11 06:00:00,Maitri,-11.45,12.7,983.5,55.3
2013-06-11 07:00:00,Maitri,-12.97,5.97,987.7,65.6
2013-06-11 08:00:00,Maitri,-17.64,15.33,982.1,65.1
2013-06-11 09:00:00,Maitri,-24.26,16.85,975.5,56.5
2013-06-11 10:00:00,Maitri,-24.73,7.5,979.4,40.9
2013-06-11 11:00:00,Maitri,-19.56,12.2,992.0,75.4
2013-06-11 12:00:00,Maitri,-15.44,24.66,989.1,66.2
2013-06-11 13:00:00,Maitri,-15.49,2.46,978.7,77.6
2013-06-11 14:00:00,Maitri,-16.67,12.03,998.4,72.8
2013-06-11 15:00:00,Maitri,-20.22,5.4,984.7,63.1
2013-06-11 16:00:00,Maitri,-14.93,6.07,984.5,52.0
2013-06-11 17:00:00,Maitri,-18.0,6.28,989.9,80.8
2013-06-11 18:00:00,Maitri,-19.71,5.88,984.1,53.8
2013-06-11 19:00:00,Maitri,-18.11,17.58,1012.6,53.9
2013-06-11 20:00:00,Maitri,-20.54,8.51,985.5,37.4
2013-06-11 21:00:00,Maitri,-24.61,6.22,979.0,63.9
2013-06-11 22:00:00,Maitri,-15.91,9.37,969.9,57.3
2013-06-11 23:00:00,Maitri,-17.63,2.82,992.2,70.2
2013-06-12 00:00:00,Maitri,-15.87,5.79,997.6,61.8
2013-06-12 01:00:00,Maitri,-19.02,15.96,993.6,65.8
2013-06-12 02:00:00,Maitri,-15.72,6.64,1005.1,64.3
2013-06-12 03:00:00,Maitri,-17.64,10.31,989.8,30.8
2013-06-12 04:00:00,Maitri,-18.7,12.51,1000.7,38.5
2013-06-12 05:00:00,Maitri,-15.7,5.2,978.0,46.9
2013-06-12 06:00:00,Maitri,-15.88,8.18,966.4,69.2
2013-06-12 07:00:00,Maitri,-17.08,8.08,996.6,67.5
2013-06-12 08:00:00,Maitri,-24.17,11.94,979.9,65.7
2013-06-12 09:00:00,Maitri,-16.56,9.89,974.0,70.5
2013-06-12 10:00:00,Maitri,-24.28,7.11,985.3,68.8
2013-06-12 11:00:00,Maitri,-16.22,6.02,993.4,51.9
2013-06-12 12:00:00,Maitri,-17.3,2.08,977.6,50.7
2013-06-12 13:00:00,Maitri,-19.87,13.65,982.9,44.2
2013-06-12 14:00:00,Maitri,-16.62,4.58,1003.8,57.8
2013-06-12 15:00:00,Maitri,-12.79,11.37,979.1,49.9
2013-06-12 16:00:00,Maitri,-14.12,21.98,967.6,73.1
2013-06-12 17:00:00,Maitri,-12.12,7.3,983.2,70.1
2013-06-12 18:00:00,Maitri,-17.3,14.81,967.7,51.1
2013-06-12 19:00:00,Maitri,-13.9,3.21,974.3,63.6
2013-06-12 20:00:00,Maitri,-18.11,7.19,970.4,37.2
2013-06-12 21:00:00,Maitri,-22.59,10.39,987.9,40.9
2013-06-12 22:00:00,Maitri,-20.19,3.32,976.6,75.8
2013-06-12 23:00:00,Maitri,-10.08,12.1,970.3,57.3
2013-06-13 00:00:00,Maitri,-19.79,11.56,981.9,58.5
2013-06-13 01:00:00,Maitri,-21.2,10.83,968.3,39.9
2013-06-13 02:00:00,Maitri,-20.85,3.22,993.1,28.8
2013-06-13 03:00:00,Maitri,-22.71,10.73,958.5,48.8
2013-06-13 04:00:00,Maitri,-19.69,7.16,1000.5,61.8
2013-06-13 05:00:00,Maitri,-21.41,2.5,987.5,62.5
2013-06-13 06:00:00,Maitri,-19.88,6.11,970.2,59.9
2013-06-13 07:00:00,Maitri,-16.8,5.34,964.9,74.4
2013-06-13 08:00:00,Maitri,-19.61,11.09,990.6,68.3
2013-06-13 09:00:00,Maitri,-17.25,13.56,985.0,65.9
2013-06-13 10:00:00,Maitri,-25.2,11.83,992.5,62.8
2013-06-13 11:00:00,Maitri,-19.92,13.86,999.2,35.1
2013-06-13 12:00:00,Maitri,-17.38,11.28,995.9,47.3
2013-06-13 13:00:00,Maitri,-22.08,8.56,986.7,56.5
2013-06-13 14:00:00,Maitri,-24.22,2.97,993.8,37.2
2013-06-13 15:00:00,Maitri,-23.9,13.19,984.4,50.6
2013-06-13 16:00:00,Maitri,-15.42,18.5,985.9,51.0
2013-06-13 17:00:00,Maitri,-14.99,11.96,968.0,53.8
2013-06-13 18:00:00,Maitri,-24.36,4.41,1011.6,48.5
2013-06-13 19:00:00,Maitri,-21.03,9.55,982.9,47.6
2013-06-13 20:00:00,Maitri,-13.35,12.6,1000.9,56.8
2013-06-13 21:00:00,Maitri,-15.7,7.07,982.7,74.9
2013-06-13 22:00:00,Maitri,-22.56,6.6,992.4,58.6
2013-06-13 23:00:00,Maitri,-15.52,14.41,1000.3,68.2
2013-06-14 00:00:00,Maitri,-14.13,7.98,969.5,80.5
2013-06-14 01:00:00,Maitri,-21.81,21.12,987.2,68.7
2013-06-14 02:00:00,Maitri,-16.9,9.32,989.1,51.0
2013-06-14 03:00:00,Maitri,-23.93,2.6,977.7,70.0
2013-06-14 04:00:00,Maitri,-14.85,3.08,986.3,30.0
2013-06-14 05:00:00,Maitri,-16.96,10.63,981.5,49.5
2013-06-14 06:00:00,Maitri,-15.25,24.11,992.1,46.1
2013-06-14 07:00:00,Maitri,-14.95,15.46,967.0,67.4
2013-06-14 08:00:00,Maitri,-22.16,14.94,1005.5,77.7
2013-06-14 09:00:00,Maitri,-22.37,14.0,985.3,43.6
2013-06-14 10:00:00,Maitri,-18.95,6.61,982.8,57.2
2013-06-14 11:00:00,Maitri,-15.58,14.11,989.1,62.8
2013-06-14 12:00:00,Maitri,-14.51,13.03,974.9,42.7
2013-06-14 13:00:00,Maitri,-16.53,3.14,972.9,70.6
2013-06-14 14:00:00,Maitri,-21.62,12.87,978.8,47.1
2013-06-14 15:00:00,Maitri,-16.68,16.05,980.1,85.4
2013-06-14 16:00:00,Maitri,-12.26,9.22,987.2,52.6
2013-06-14 17:00:00,Maitri,-20.94,11.22,973.3,73.8
2013-06-14 18:00:00,Maitri,-15.05,27.75,997.5,69.1
2013-06-14 19:00:00,Maitri,-18.66,2.67,978.8,51.1
2013-06-14 20:00:00,Maitri,-19.28,9.59,986.9,54.1
2013-06-14 21:00:00,Maitri,-17.64,9.66,986.9,35.6
2013-06-14 22:00:00,Maitri,-15.49,7.02,994.3,70.9
2013-06-14 23:00:00,Maitri,-20.75,29.13,987.1,65.0
2013-06-15 00:00:00,Maitri,-21.4,6.69,997.6,57.6
2013-06-15 01:00:00,Maitri,-17.07,14.8,989.2,60.2
2013-06-15 02:00:00,Maitri,-19.93,21.23,978.8,64.0
2013-06-15 03:00:00,Maitri,-18.37,7.58,984.9,50.0
2013-06-15 04:00:00,Maitri,-16.97,6.26,981.2,46.3
2013-06-15 05:00:00,Maitri,-17.81,7.71,1002.5,49.3
2013-06-15 06:00:00,Maitri,-21.9,2.99,969.3,48.7
2013-06-15 07:00:00,Maitri,-20.82,5.77,1004.2,65.1
2013-06-15 08:00:00,Maitri,-15.98,9.07,988.3,63.6
2013-06-15 09:00:00,Maitri,-17.77,5.73,981.2,60.2
2013-06-15 10:00:00,Maitri,-18.83,9.2,986.2,88.0
2013-06-15 11:00:00,Maitri,-18.95,4.07,969.1,78.5
2013-06-15 12:00:00,Maitri,-13.41,16.11,978.2,49.3
2013-06-15 13:00:00,Maitri,-19.21,4.63,993.1,59.2
2013-06-15 14:00:00,Maitri,-20.3,9.48,995.7,48.3
2013-06-15 15:00:00,Maitri,-27.36,14.47,980.3,65.2
2013-06-15 16:00:00,Maitri,-18.87,7.88,982.3,48.4
2013-06-15 17:00:00,Maitri,-15.31,2.51,995.0,70.6
2013-06-15 18:00:00,Maitri,-24.78,11.46,990.4,80.4
2013-06-15 19:00:00,Maitri,-18.4,8.16,994.8,56.1
2013-06-15 20:00:00,Maitri,-17.74,10.41,981.2,60.7
2013-06-15 21:00:00,Maitri,-23.42,21.06,989.0,50.9
2013-06-15 22:00:00,Maitri,-21.13,10.85,984.7,44.5
2013-06-15 23:00:00,Maitri,-15.46,29.61,1000.0,51.4
2013-06-16 00:00:00,Maitri,-14.37,15.79,988.7,74.7
2013-06-16 01:00:00,Maitri,-15.12,10.24,972.5,64.8
2013-06-16 02:00:00,Maitri,-20.49,12.26,972.7,85.1
2013-06-16 03:00:00,Maitri,-20.5,7.96,993.0,64.7
2013-06-16 04:00:00,Maitri,-24.87,2.96,988.8,53.6
2013-06-16 05:00:00,Maitri,-23.31,14.22,984.5,53.4
2013-06-16 06:00:00,Maitri,-16.19,1.56,992.8,48.2
2013-06-16 07:00:00,Maitri,-20.71,11.62,977.6,75.4
2013-06-16 08:00:00,Maitri,-17.83,5.91,980.2,55.4
2013-06-16 09:00:00,Maitri,-16.83,11.58,976.5,66.4
2013-06-16 10:00:00,Maitri,-16.65,6.92,965.0,63.2
2013-06-16 11:00:00,Maitri,-18.38,10.05,990.1,55.8
2013-06-16 12:00:00,Maitri,-18.61,11.26,993.9,73.9
2013-06-16 13:00:00,Maitri,-20.82,8.25,1010.2,54.6
2013-06-16 14:00:00,Maitri,-15.49,11.6,987.8,52.4
2013-06-16 15:00:00,Maitri,-17.48,13.01,997.2,42.8
2013-06-16 16:00:00,Maitri,-21.27,6.61,982.8,74.9
2013-06-16 17:00:00,Maitri,-20.34,10.69,967.9,52.2
2013-06-16 18:00:00,Maitri,-15.41,8.87,993.6,72.6
2013-06-16 19:00:00,Maitri,-12.88,10.01,1001.9,53.8
2013-06-16 20:00:00,Maitri,-20.85,20.44,997.9,73.1
2013-06-16 21:00:00,Maitri,-16.82,14.72,976.3,61.5
2013-06-16 22:00:00,Maitri,-18.43,12.25,985.0,53.0
2013-06-16 23:00:00,Maitri,-21.04,13.98,985.4,57.0
2013-06-17 00:00:00,Maitri,-19.85,5.92,986.0,55.5
2013-06-17 01:00:00,Maitri,-23.74,19.62,1004.1,63.4
2013-06-17 02:00:00,Maitri,-21.54,9.33,985.3,66.8
2013-06-17 03:00:00,Maitri,-18.41,20.31,993.2,60.1
2013-06-17 04:00:00,Maitri,-15.4,4.1,986.0,67.0
2013-06-17 05:00:00,Maitri,-21.24,13.6,991.8,26.8
2013-06-17 06:00:00,Maitri,-20.56,7.85,994.7,46.9
2013-06-17 07:00:00,Maitri,-20.64,5.88,985.3,70.9
2013-06-17 08:00:00,Maitri,-20.83,19.04,974.6,59.3
2013-06-17 09:00:00,Maitri,-18.49,19.1,980.4,84.0
2013-06-17 10:00:00,Maitri,-23.33,5.65,1000.9,61.5
2013-06-17 11:00:00,Maitri,-19.24,11.2,999.2,48.5
2013-06-17 12:00:00,Maitri,-18.22,8.19,988.1,60.5
2013-06-17 13:00:00,Maitri,-14.74,15.58,968.6,69.8
2013-06-17 14:00:00,Maitri,-18.82,10.35,1007.9,31.4
2013-06-17 15:00:00,Maitri,-19.23,8.09,976.6,39.0
2013-06-17 16:00:00,Maitri,-18.24,10.27,987.2,79.3
2013-06-17 17:00:00,Maitri,-16.86,7.92,978.7,72.4
2013-06-17 18:00:00,Maitri,-21.75,7.87,970.3,68.7
2013-06-17 19:00:00,Maitri,-18.88,19.76,998.9,40.5
2013-06-17 20:00:00,Maitri,-15.88,2.79,991.7,51.5
2013-06-17 21:00:00,Maitri,-21.26,7.04,970.7,28.7
2013-06-17 22:00:00,Maitri,-22.87,9.95,991.7,45.3
2013-06-17 23:00:00,Maitri,-12.19,7.61,995.0,56.3
2013-06-18 00:00:00,Maitri,-23.34,10.48,979.9,57.0
2013-06-18 01:00:00,Maitri,-18.91,11.54,1001.1,34.9
2013-06-18 02:00:00,Maitri,-16.11,4.11,984.0,43.3
2013-06-18 03:00:00,Maitri,-19.17,5.09,974.5,49.3
2013-06-18 04:00:00,Maitri,-20.63,6.12,982.7,46.2
2013-06-18 05:00:00,Maitri,-20.15,13.42,993.8,34.4
2013-06-18 06:00:00,Maitri,-22.29,20.46,994.9,63.1
2013-06-18 07:00:00,Maitri,-19.47,7.81,972.5,54.9
2013-06-18 08:00:00,Maitri,-17.38,8.83,980.7,74.9
2013-06-18 09:00:00,Maitri,-26.07,7.98,999.7,83.2
2013-06-18 10:00:00,Maitri,-17.23,10.09,991.2,71.9
2013-06-18 11:00:00,Maitri,-20.37,8.45,998.6,56.5
2013-06-18 12:00:00,Maitri,-21.43,4.49,967.7,34.0
2013-06-18 13:00:00,Maitri,-20.99,3.2,983.2,60.0
2013-06-18 14:00:00,Maitri,-20.7,8.78,969.1,53.6
2013-06-18 15:00:00,Maitri,-16.93,14.54,978.7,62.6
2013-06-18 16:00:00,Maitri,-20.92,2.77,988.2,60.6
2013-06-18 17:00:00,Maitri,-12.85,9.11,993.5,53.7
2013-06-18 18:00:00,Maitri,-17.01,7.1,984.7,39.6
2013-06-18 19:00:00,Maitri,-15.95,7.97,993.4,57.0
2013-06-18 20:00:00,Maitri,-16.3,10.11,992.5,54.9
2013-06-18 21:00:00,Maitri,-14.34,9.32,992.2,74.3
2013-06-18 22:00:00,Maitri,-25.58,18.89,979.1,56.7
2013-06-18 23:00:00,Maitri,-24.26,20.81,980.6,68.3
2013-06-19 00:00:00,Maitri,-19.48,18.31,970.5,63.0
2013-06-19 01:00:00,Maitri,-15.73,5.16,973.4,69.4
2013-06-19 02:00:00,Maitri,-18.13,18.67,966.3,57.6
2013-06-19 03:00:00,Maitri,-20.45,15.59,981.8,57.4
2013-06-19 04:00:00,Maitri,-18.03,4.45,986.6,59.4
2013-06-19 05:00:00,Maitri,-18.0,3.54,996.4,39.9
2013-06-19 06:00:00,Maitri,-21.36,21.39,985.9,65.5
2013-06-19 07:00:00,Maitri,-15.45,6.39,983.6,55.6
2013-06-19 08:00:00,Maitri,-20.81,13.29,1007.6,52.1
2013-06-19 09:00:00,Maitri,-20.04,6.83,986.9,24.0
2013-06-19 10:00:00,Maitri,-15.07,7.62,993.8,55.4
2013-06-19 11:00:00,Maitri,-10.39,11.56,980.0,56.0
2013-06-19 12:00:00,Maitri,-15.03,8.59,992.4,44.8
2013-06-19 13:00:00,Maitri,-21.25,24.2,996.1,62.6
2013-06-19 14:00:00,Maitri,-16.56,10.36,977.4,65.4
2013-06-19 15:00:00,Maitri,-16.6,7.03,986.6,60.5
2013-06-19 16:00:00,Maitri,-20.3,7.07,991.5,69.0
2013-06-19 17:00:00,Maitri,-19.49,4.83,1002.3,67.6
2013-06-19 18:00:00,Maitri,-18.3,7.19,989.0,67.6
2013-06-19 19:00:00,Maitri,-20.33,22.58,988.2,48.1
2013-06-19 20:00:00,Maitri,-21.46,4.58,987.1,61.8
2013-06-19 21:00:00,Maitri,-25.71,7.69,959.2,41.3
2013-06-19 22:00:00,Maitri,-12.58,9.71,992.6,55.0
2013-06-19 23:00:00,Maitri,-21.24,9.56,976.0,56.2
2013-06-20 00:00:00,Maitri,-22.62,6.6,986.3,46.3
2013-06-20 01:00:00,Maitri,-16.92,11.26,999.2,40.9
2013-06-20 02:00:00,Maitri,-15.5,6.69,992.7,54.9
2013-06-20 03:00:00,Maitri,-19.79,15.88,977.6,30.5
2013-06-20 04:00:00,Maitri,-20.3,10.82,985.5,60.8
2013-06-20 05:00:00,Maitri,-17.35,6.35,979.1,61.7
2013-06-20 06:00:00,Maitri,-17.16,11.82,993.0,64.8
2013-06-20 07:00:00,Maitri,-17.92,4.93,994.7,36.7
2013-06-20 08:00:00,Maitri,-13.81,3.38,988.3,41.6
2013-06-20 09:00:00,Maitri,-18.08,13.61,981.8,58.5
2013-06-20 10:00:00,Maitri,-21.22,4.14,985.2,63.8
2013-06-20 11:00:00,Maitri,-20.07,5.89,978.8,43.2
2013-06-20 12:00:00,Maitri,-17.91,19.76,978.2,40.0
2013-06-20 13:00:00,Maitri,-24.07,11.44,974.1,72.5
2013-06-20 14:00:00,Maitri,-15.61,9.8,969.9,72.2
2013-06-20 15:00:00,Maitri,-21.41,5.2,991.0,40.8
2013-06-20 16:00:00,Maitri,-16.94,20.11,982.3,68.2
2013-06-20 17:00:00,Maitri,-13.51,13.93,983.0,83.2
2013-06-20 18:00:00,Maitri,-20.92,18.48,982.3,56.8
2013-06-20 19:00:00,Maitri,-14.54,6.18,990.6,52.1
2013-06-20 20:00:00,Maitri,-17.29,4.46,987.7,65.2
2013-06-20 21:00:00,Maitri,-19.86,3.73,992.9,68.7
2013-06-20 22:00:00,Maitri,-10.46,3.79,996.9,30.8
2013-06-20 23:00:00,Maitri,-18.15,9.99,977.0,38.6
2013-06-21 00:00:00,Maitri,-18.53,20.08,1000.2,51.2
2013-06-21 01:00:00,Maitri,-18.5,19.23,981.0,75.8
2013-06-21 02:00:00,Maitri,-16.25,13.12,996.1,76.2
2013-06-21 03:00:00,Maitri,-18.75,22.43,996.9,52.1
2013-06-21 04:00:00,Maitri,-21.34,4.66,971.0,63.9
2013-06-21 05:00:00,Maitri,-19.03,20.13,982.3,40.3
2013-06-21 06:00:00,Maitri,-16.89,2.96,1004.0,54.0
2013-06-21 07:00:00,Maitri,-18.68,8.18,983.4,48.4
2013-06-21 08:00:00,Maitri,-16.92,11.23,970.7,53.5
2013-06-21 09:00:00,Maitri,-16.95,17.84,981.0,58.0
2013-06-21 10:00:00,Maitri,-23.29,12.25,977.5,44.9
2013-06-21 11:00:00,Maitri,-16.56,13.45,989.2,48.0
2013-06-21 12:00:00,Maitri,-13.45,25.2,988.2,67.1
2013-06-21 13:00:00,Maitri,-20.01,16.04,990.9,55.4
2013-06-21 14:00:00,Maitri,-12.03,20.69,1012.5,68.9
2013-06-21 15:00:00,Maitri,-22.45,7.34,967.0,65.3
2013-06-21 16:00:00,Maitri,-20.18,2.45,1009.6,46.6
2013-06-21 17:00:00,Maitri,-16.08,3.81,995.1,50.2
2013-06-21 18:00:00,Maitri,-22.86,8.11,987.6,54.0
2013-06-21 19:00:00,Maitri,-21.56,18.21,993.2,43.9
2013-06-21 20:00:00,Maitri,-20.66,9.56,981.5,35.8
2013-06-21 21:00:00,Maitri,-15.59,5.5,976.1,73.2
2013-06-21 22:00:00,Maitri,-10.99,14.75,995.3,58.2
2013-06-21 23:00:00,Maitri,-18.06,13.4,984.4,54.4
2013-06-22 00:00:00,Maitri,-16.48,7.38,971.3,66.9
2013-06-22 01:00:00,Maitri,-20.07,6.21,975.8,56.7
2013-06-22 02:00:00,Maitri,-18.75,14.14,992.5,57.3
2013-06-22 03:00:00,Maitri,-21.76,5.27,980.5,59.6
2013-06-22 04:00:00,Maitri,-18.79,7.82,1000.1,72.9
2013-06-22 05:00:00,Maitri,-17.39,11.33,997.5,64.5
2013-06-22 06:00:00,Maitri,-18.15,4.02,989.3,64.5
2013-06-22 07:00:00,Maitri,-26.08,3.45,984.5,45.3
2013-06-22 08:00:00,Maitri,-20.58,19.94,995.7,79.2
2013-06-22 09:00:00,Maitri,-19.35,5.44,983.5,61.2
2013-06-22 10:00:00,Maitri,-17.1,13.06,963.3,44.3
2013-06-22 11:00:00,Maitri,-22.25,8.36,988.3,28.9
2013-06-22 12:00:00,Maitri,-25.3,40.07,982.9,37.7
2013-06-22 13:00:00,Maitri,-19.21,6.17,981.1,42.1
2013-06-22 14:00:00,Maitri,-20.23,3.92,984.1,64.2
2013-06-22 15:00:00,Maitri,-14.35,22.06,1000.1,22.6
2013-06-22 16:00:00,Maitri,-25.85,16.71,972.9,55.4
2013-06-22 17:00:00,Maitri,-14.75,6.03,976.3,48.3
2013-06-22 18:00:00,Maitri,-25.19,8.75,978.8,48.9
2013-06-22 19:00:00,Maitri,-16.27,13.12,1008.9,55.5
2013-06-22 20:00:00,Maitri,-24.82,5.53,975.0,57.8
2013-06-22 21:00:00,Maitri,-23.92,1.55,1002.0,61.8
2013-06-22 22:00:00,Maitri,-20.19,18.48,987.8,30.1
2013-06-22 23:00:00,Maitri,-14.29,14.7,981.3,58.3
2013-06-23 00:00:00,Maitri,-19.84,5.24,978.5,51.1
2013-06-23 01:00:00,Maitri,-22.71,14.16,982.3,62.9
2013-06-23 02:00:00,Maitri,-19.21,18.13,974.8,61.1
2013-06-23 03:00:00,Maitri,-16.32,9.47,1005.3,36.6
2013-06-23 04:00:00,Maitri,-18.49,9.99,975.0,63.8
2013-06-23 05:00:00,Maitri,-22.3,12.83,986.0,52.9
2013-06-23 06:00:00,Maitri,-21.54,11.78,1004.5,52.0
2013-06-23 07:00:00,Maitri,-18.57,16.39,973.6,34.1
2013-06-23 08:00:00,Maitri,-23.17,5.56,978.2,78.6
2013-06-23 09:00:00,Maitri,-25.64,11.77,971.6,73.7
2013-06-23 10:00:00,Maitri,-25.82,21.24,989.4,68.4
2013-06-23 11:00:00,Maitri,-17.17,14.15,995.0,65.0
2013-06-23 12:00:00,Maitri,-22.26,9.39,978.7,42.9
2013-06-23 13:00:00,Maitri,-14.71,12.19,978.5,53.7
2013-06-23 14:00:00,Maitri,-17.43,12.87,972.0,49.9
2013-06-23 15:00:00,Maitri,-18.99,11.83,985.0,68.1
2013-06-23 16:00:00,Maitri,-13.31,9.43,978.0,49.0
2013-06-23 17:00:00,Maitri,-18.82,6.15,993.2,62.4
2013-06-23 18:00:00,Maitri,-12.25,9.44,980.7,41.2
2013-06-23 19:00:00,Maitri,-18.88,6.5,994.4,62.8
2013-06-23 20:00:00,Maitri,-18.41,24.5,983.3,33.6
2013-06-23 21:00:00,Maitri,-19.14,4.75,992.8,56.4
2013-06-23 22:00:00,Maitri,-17.75,8.78,999.3,56.1
2013-06-23 23:00:00,Maitri,-19.52,18.61,978.7,37.4
2013-06-24 00:00:00,Maitri,-22.51,9.55,988.4,53.3
2013-06-24 01:00:00,Maitri,-16.1,18.3,979.6,54.8
2013-06-24 02:00:00,Maitri,-25.79,12.27,970.7,70.4
2013-06-24 03:00:00,Maitri,-21.71,9.77,1003.4,56.8
2013-06-24 04:00:00,Maitri,-20.22,23.37,979.0,48.8
2013-06-24 05:00:00,Maitri,-20.26,15.28,986.0,63.4
2013-06-24 06:00:00,Maitri,-21.85,16.63,990.3,83.9
2013-06-24 07:00:00,Maitri,-13.19,9.93,984.8,54.8
2013-06-24 08:00:00,Maitri,-19.95,16.77,989.4,65.0
2013-06-24 09:00:00,Maitri,-20.7,24.85,1018.2,69.1
2013-06-24 10:00:00,Maitri,-17.59,4.37,971.6,58.9
2013-06-24 11:00:00,Maitri,-16.19,23.85,991.0,57.3
2013-06-24 12:00:00,Maitri,-17.03,17.22,992.6,62.4
2013-06-24 13:00:00,Maitri,-18.81,10.56,998.8,50.5
2013-06-24 14:00:00,Maitri,-14.22,7.54,995.2,68.3
2013-06-24 15:00:00,Maitri,-14.85,4.05,975.9,51.0
2013-06-24 16:00:00,Maitri,-14.4,6.96,980.5,49.0
2013-06-24 17:00:00,Maitri,-22.5,7.08,987.8,50.8
2013-06-24 18:00:00,Maitri,-16.08,16.5,976.4,55.1
2013-06-24 19:00:00,Maitri,-16.84,4.71,969.6,58.3
2013-06-24 20:00:00,Maitri,-19.51,10.15,990.2,60.5
2013-06-24 21:00:00,Maitri,-17.41,20.69,956.6,77.3
2013-06-24 22:00:00,Maitri,-25.62,13.18,993.8,61.9
2013-06-24 23:00:00,Maitri,-26.14,8.9,971.0,64.7
2013-06-25 00:00:00,Maitri,-16.45,17.55,977.2,62.9
2013-06-25 01:00:00,Maitri,-23.0,5.39,985.5,66.8
2013-06-25 02:00:00,Maitri,-16.75,8.08,1005.4,49.0
2013-06-25 03:00:00,Maitri,-23.61,5.43,971.3,53.6
2013-06-25 04:00:00,Maitri,-22.42,4.72,976.1,42.7
2013-06-25 05:00:00,Maitri,-16.69,2.3,1006.5,42.5
2013-06-25 06:00:00,Maitri,-18.91,9.52,951.3,73.8
2013-06-25 07:00:00,Maitri,-17.19,16.11,991.0,77.3
2013-06-25 08:00:00,Maitri,-14.71,18.74,982.8,64.2
2013-06-25 09:00:00,Maitri,-15.0,7.82,978.8,69.7
2013-06-25 10:00:00,Maitri,-24.25,12.78,980.9,59.1
2013-06-25 11:00:00,Maitri,-13.98,23.03,995.9,57.8
2013-06-25 12:00:00,Maitri,-21.91,9.03,991.9,56.0
2013-06-25 13:00:00,Maitri,-20.44,6.53,967.1,47.6
2013-06-25 14:00:00,Maitri,-20.26,9.58,993.3,53.7
2013-06-25 15:00:00,Maitri,-18.24,18.85,987.0,41.3
2013-06-25 16:00:00,Maitri,-19.47,7.95,992.8,51.1
2013-06-25 17:00:00,Maitri,-18.66,17.21,983.3,52.8
2013-06-25 18:00:00,Maitri,-16.48,13.6,982.3,41.7
2013-06-25 19:00:00,Maitri,-20.6,6.07,967.0,53.7
2013-06-25 20:00:00,Maitri,-17.87,11.39,975.0,41.0
2013-06-25 21:00:00,Maitri,-21.05,7.6,982.4,56.7
2013-06-25 22:00:00,Maitri,-21.47,4.62,974.5,65.9
2013-06-25 23:00:00,Maitri,-22.23,9.75,992.0,59.7
2013-06-26 00:00:00,Maitri,-22.64,28.27,989.7,71.0
2013-06-26 01:00:00,Maitri,-14.41,16.22,981.4,63.1
2013-06-26 02:00:00,Maitri,-15.8,12.11,966.0,65.4
2013-06-26 03:00:00,Maitri,-17.84,11.13,979.6,44.1
2013-06-26 04:00:00,Maitri,-15.85,5.11,985.3,65.7
2013-06-26 05:00:00,Maitri,-21.51,10.08,977.7,47.1
2013-06-26 06:00:00,Maitri,-19.76,16.13,972.1,60.1
2013-06-26 07:00:00,Maitri,-21.26,11.44,1013.0,51.5
2013-06-26 08:00:00,Maitri,-23.3,15.05,993.1,71.5
2013-06-26 09:00:00,Maitri,-21.48,10.43,990.2,59.0
2013-06-26 10:00:00,Maitri,-20.64,11.54,984.5,68.9
2013-06-26 11:00:00,Maitri,-15.82,6.67,982.8,53.6
2013-06-26 12:00:00,Maitri,-18.51,11.25,990.0,49.2
2013-06-26 13:00:00,Maitri,-26.01,4.38,985.1,50.7
2013-06-26 14:00:00,Maitri,-21.62,11.1,985.0,54.9
2013-06-26 15:00:00,Maitri,-18.46,8.06,974.4,35.0
2013-06-26 16:00:00,Maitri,-22.18,2.01,984.4,68.8
2013-06-26 17:00:00,Maitri,-18.86,6.47,979.4,50.8
2013-06-26 18:00:00,Maitri,-22.64,23.13,977.9,55.7
2013-06-26 19:00:00,Maitri,-15.53,7.45,996.9,68.5
2013-06-26 20:00:00,Maitri,-19.33,12.88,987.0,32.2
2013-06-26 21:00:00,Maitri,-22.43,7.7,981.8,61.0
2013-06-26 22:00:00,Maitri,-12.15,12.07,1008.1,52.7
2013-06-26 23:00:00,Maitri,-18.94,10.88,980.3,40.8
2013-06-27 00:00:00,Maitri,-18.52,17.95,1000.1,52.8
2013-06-27 01:00:00,Maitri,-14.56,10.51,982.2,49.0
2013-06-27 02:00:00,Maitri,-15.98,4.48,998.1,74.1
2013-06-27 03:00:00,Maitri,-17.21,22.53,998.3,52.8
2013-06-27 04:00:00,Maitri,-16.49,16.48,982.1,30.4
2013-06-27 05:00:00,Maitri,-20.29,18.08,1015.0,43.9
2013-06-27 06:00:00,Maitri,-24.94,10.68,971.9,42.3
2013-06-27 07:00:00,Maitri,-18.17,8.79,981.8,52.0
2013-06-27 08:00:00,Maitri,-21.71,9.16,990.1,55.1
2013-06-27 09:00:00,Maitri,-24.68,4.27,982.6,54.5
2013-06-27 10:00:00,Maitri,-24.34,6.77,968.1,53.7
2013-06-27 11:00:00,Maitri,-25.22,13.02,999.3,57.9
2013-06-27 12:00:00,Maitri,-20.34,0.78,983.8,44.3
2013-06-27 13:00:00,Maitri,-21.09,4.98,1002.4,49.9
2013-06-27 14:00:00,Maitri,-14.92,6.56,980.2,85.6
2013-06-27 15:00:00,Maitri,-25.98,7.6,995.3,40.6
2013-06-27 16:00:00,Maitri,-20.4,13.4,980.8,42.8
2013-06-27 17:00:00,Maitri,-19.95,12.09,990.8,45.7
2013-06-27 18:00:00,Maitri,-17.79,3.32,997.0,89.0
2013-06-27 19:00:00,Maitri,-17.74,9.15,979.0,48.7
2013-06-27 20:00:00,Maitri,-19.25,22.23,994.2,58.6
2013-06-27 21:00:00,Maitri,-19.68,11.11,1004.7,37.4
2013-06-27 22:00:00,Maitri,-24.71,7.6,972.3,46.3
2013-06-27 23:00:00,Maitri,-15.02,19.32,977.3,37.7
2013-06-28 00:00:00,Maitri,-22.7,12.41,1000.4,37.1
2013-06-28 01:00:00,Maitri,-16.39,15.31,997.7,59.0
2013-06-28 02:00:00,Maitri,-23.67,22.31,995.4,58.1
2013-06-28 03:00:00,Maitri,-18.88,13.78,995.9,51.4
2013-06-28 04:00:00,Maitri,-19.03,5.56,980.4,52.8
2013-06-28 05:00:00,Maitri,-15.81,11.34,996.0,60.0
2013-06-28 06:00:00,Maitri,-22.15,17.94,998.3,75.1
2013-06-28 07:00:00,Maitri,-15.37,20.58,974.1,58.5
2013-06-28 08:00:00,Maitri,-15.78,7.29,978.8,50.0
2013-06-28 09:00:00,Maitri,-13.91,3.94,964.9,40.6
2013-06-28 10:00:00,Maitri,-11.4,9.59,991.5,67.5
2013-06-28 11:00:00,Maitri,-23.8,6.89,999.5,51.2
2013-06-28 12:00:00,Maitri,-26.83,10.56,1002.8,71.5
2013-06-28 13:00:00,Maitri,-22.45,19.81,985.3,39.8
2013-06-28 14:00:00,Maitri,-19.43,18.68,985.7,39.6
2013-06-28 15:00:00,Maitri,-13.48,13.15,996.6,57.2
2013-06-28 16:00:00,Maitri,-21.28,6.57,992.8,42.7
2013-06-28 17:00:00,Maitri,-14.85,6.3,967.8,64.7
2013-06-28 18:00:00,Maitri,-17.73,6.81,967.5,48.0
2013-06-28 19:00:00,Maitri,-22.6,2.65,1009.9,54.8
2013-06-28 20:00:00,Maitri,-16.09,12.73,995.0,60.2
2013-06-28 21:00:00,Maitri,-18.37,13.21,980.6,47.1
2013-06-28 22:00:00,Maitri,-21.33,6.96,995.4,58.2
2013-06-28 23:00:00,Maitri,-17.56,7.3,989.6,43.8
2013-06-29 00:00:00,Maitri,-16.0,13.41,985.1,64.4
2013-06-29 01:00:00,Maitri,-15.19,1.77,979.8,60.4
2013-06-29 02:00:00,Maitri,-24.11,7.46,961.3,26.5
2013-06-29 03:00:00,Maitri,-20.21,14.68,969.2,34.4
2013-06-29 04:00:00,Maitri,-23.29,11.93,979.8,38.6
2013-06-29 05:00:00,Maitri,-22.85,4.8,981.0,58.2
2013-06-29 06:00:00,Maitri,-19.8,6.06,987.3,51.0
2013-06-29 07:00:00,Maitri,-21.18,2.62,979.1,60.4
2013-06-29 08:00:00,Maitri,-17.78,16.48,992.3,60.7
2013-06-29 09:00:00,Maitri,-23.19,18.97,980.3,43.2
2013-06-29 10:00:00,Maitri,-26.59,16.76,986.6,55.2
2013-06-29 11:00:00,Maitri,-19.09,7.75,967.0,66.4
2013-06-29 12:00:00,Maitri,-17.42,6.43,968.5,51.0
2013-06-29 13:00:00,Maitri,-15.94,18.5,983.6,37.7
2013-06-29 14:00:00,Maitri,-21.04,6.07,989.8,52.2
2013-06-29 15:00:00,Maitri,-24.04,16.55,982.2,55.3
2013-06-29 16:00:00,Maitri,-20.14,11.79,968.2,59.3
2013-06-29 17:00:00,Maitri,-15.3,9.3,979.6,56.8
2013-06-29 18:00:00,Maitri,-15.84,18.95,980.1,53.9
2013-06-29 19:00:00,Maitri,-19.65,2.65,969.8,48.3
2013-06-29 20:00:00,Maitri,-16.05,22.42,996.7,26.9
2013-06-29 21:00:00,Maitri,-20.9,7.78,990.4,67.0
2013-06-29 22:00:00,Maitri,-22.27,11.51,979.4,48.3
2013-06-29 23:00:00,Maitri,-23.12,5.14,993.8,51.6
2013-06-30 00:00:00,Maitri,-24.19,10.97,989.3,37.4
2013-06-30 01:00:00,Maitri,-15.59,8.68,970.0,24.9
2013-06-30 02:00:00,Maitri,-23.21,19.51,996.5,54.4
2013-06-30 03:00:00,Maitri,-15.63,1.78,971.5,59.4
2013-06-30 04:00:00,Maitri,-19.79,16.08,986.7,47.6
2013-06-30 05:00:00,Maitri,-15.11,3.92,996.4,61.7
2013-06-30 06:00:00,Maitri,-17.78,17.91,1004.8,60.8
2013-06-30 07:00:00,Maitri,-14.86,5.39,1007.9,57.3
2013-06-30 08:00:00,Maitri,-23.12,3.09,989.2,78.8
2013-06-30 09:00:00,Maitri,-15.4,10.18,988.0,62.9
2013-06-30 10:00:00,Maitri,-18.87,13.24,983.3,75.8
2013-06-30 11:00:00,Maitri,-20.04,8.22,977.0,52.6
2013-06-30 12:00:00,Maitri,-21.32,8.46,989.8,43.2
2013-06-30 13:00:00,Maitri,-19.96,7.75,989.1,45.6
2013-06-30 14:00:00,Maitri,-21.48,8.97,997.7,85.9
2013-06-30 15:00:00,Maitri,-21.27,12.66,998.3,62.5
2013-06-30 16:00:00,Maitri,-16.67,15.97,977.8,76.0
2013-06-30 17:00:00,Maitri,-24.07,11.47,989.1,37.0
2013-06-30 18:00:00,Maitri,-16.6,10.82,981.8,59.8
2013-06-30 19:00:00,Maitri,-19.2,8.34,984.1,77.7
2013-06-30 20:00:00,Maitri,-15.91,8.87,984.4,68.6
2013-06-30 21:00:00,Maitri,-25.63,7.05,988.7,57.4
2013-06-30 22:00:00,Maitri,-19.07,13.7,973.2,31.3
2013-06-30 23:00:00,Maitri,-24.28,12.85,993.0,60.8
2013-07-01 00:00:00,Maitri,-19.48,12.22,995.4,56.6
2013-07-01 01:00:00,Maitri,-20.51,18.45,979.2,48.7
2013-07-01 02:00:00,Maitri,-19.65,4.01,992.1,73.5
2013-07-01 03:00:00,Maitri,-23.67,9.16,978.5,61.8
2013-07-01 04:00:00,Maitri,-23.0,6.72,976.1,43.7
2013-07-01 05:00:00,Maitri,-12.8,7.39,984.6,59.9
2013-07-01 06:00:00,Maitri,-17.76,8.38,983.8,71.6
2013-07-01 07:00:00,Maitri,-15.68,4.62,997.8,53.0
2013-07-01 08:00:00,Maitri,-17.22,12.19,967.4,70.6
2013-07-01 09:00:00,Maitri,-19.76,2.45,989.5,55.8
2013-07-01 10:00:00,Maitri,-14.87,11.57,984.9,56.9
2013-07-01 11:00:00,Maitri,-12.76,7.56,993.6,61.4
2013-07-01 12:00:00,Maitri,-19.23,2.77,995.9,57.2
2013-07-01 13:00:00,Maitri,-13.22,17.35,980.2,47.3
2013-07-01 14:00:00,Maitri,-15.0,7.68,979.4,48.5
2013-07-01 15:00:00,Maitri,-19.44,12.81,972.2,49.2
2013-07-01 16:00:00,Maitri,-18.32,8.23,989.2,47.9
2013-07-01 17:00:00,Maitri,-9.13,11.43,986.1,56.7
2013-07-01 18:00:00,Maitri,-20.16,9.09,986.3,61.5
2013-07-01 19:00:00,Maitri,-21.19,13.36,989.7,43.9
2013-07-01 20:00:00,Maitri,-23.86,7.59,996.1,51.0
2013-07-01 21:00:00,Maitri,-17.35,3.05,991.0,40.7
2013-07-01 22:00:00,Maitri,-26.55,8.71,968.4,56.9
2013-07-01 23:00:00,Maitri,-22.47,2.9,976.6,63.2
2013-07-02 00:00:00,Maitri,-16.03,15.18,981.5,60.8
2013-07-02 01:00:00,Maitri,-26.43,8.26,984.0,62.6
2013-07-02 02:00:00,Maitri,-20.37,7.03,986.8,47.8
2013-07-02 03:00:00,Maitri,-18.89,11.08,970.5,48.3
2013-07-02 04:00:00,Maitri,-23.96,7.76,1001.6,24.7
2013-07-02 05:00:00,Maitri,-18.95,18.01,976.8,52.5
2013-07-02 06:00:00,Maitri,-18.77,31.37,971.6,54.1
2013-07-02 07:00:00,Maitri,-17.43,9.7,987.0,65.5
2013-07-02 08:00:00,Maitri,-15.65,14.66,974.3,62.8
2013-07-02 09:00:00,Maitri,-12.75,10.4,969.4,49.3
2013-07-02 10:00:00,Maitri,-16.92,4.32,989.5,26.2
2013-07-02 11:00:00,Maitri,-18.34,6.11,972.6,56.3
2013-07-02 12:00:00,Maitri,-19.97,14.58,982.0,75.2
2013-07-02 13:00:00,Maitri,-20.36,12.57,975.6,60.9
2013-07-02 14:00:00,Maitri,-21.06,3.77,996.6,54.2
2013-07-02 15:00:00,Maitri,-15.56,6.56,984.6,66.5
2013-07-02 16:00:00,Maitri,-25.13,10.58,1008.0,64.1
2013-07-02 17:00:00,Maitri,-14.83,9.26,977.5,59.7
2013-07-02 18:00:00,Maitri,-13.8,12.34,985.3,73.4
2013-07-02 19:00:00,Maitri,-21.77,5.43,992.3,65.2
2013-07-02 20:00:00,Maitri,-16.28,10.82,976.7,43.3
2013-07-02 21:00:00,Maitri,-17.78,6.15,974.3,65.7
2013-07-02 22:00:00,Maitri,-19.69,6.35,993.1,42.9
2013-07-02 23:00:00,Maitri,-17.15,10.62,996.2,59.8
2013-07-03 00:00:00,Maitri,-15.63,3.89,991.3,62.7
2013-07-03 01:00:00,Maitri,-14.54,5.25,990.4,51.7
2013-07-03 02:00:00,Maitri,-19.42,8.85,979.1,29.2
2013-07-03 03:00:00,Maitri,-22.54,6.35,996.1,64.7
2013-07-03 04:00:00,Maitri,-14.93,19.72,993.7,69.7
2013-07-03 05:00:00,Maitri,-22.44,11.34,989.7,48.2
2013-07-03 06:00:00,Maitri,-16.0,12.78,977.1,68.3
2013-07-03 07:00:00,Maitri,-16.66,10.01,966.8,40.8
2013-07-03 08:00:00,Maitri,-19.36,16.73,977.9,54.2
2013-07-03 09:00:00,Maitri,-28.65,14.88,964.0,40.6
2013-07-03 10:00:00,Maitri,-20.04,10.65,991.6,41.9
2013-07-03 11:00:00,Maitri,-22.6,12.22,979.6,56.1
2013-07-03 12:00:00,Maitri,-18.92,4.1,979.6,77.7
2013-07-03 13:00:00,Maitri,-17.66,15.12,984.5,56.6
2013-07-03 14:00:00,Maitri,-25.39,4.09,989.0,69.8
2013-07-03 15:00:00,Maitri,-20.94,23.45,983.7,51.3
2013-07-03 16:00:00,Maitri,-11.98,16.68,982.1,39.8
2013-07-03 17:00:00,Maitri,-13.33,2.89,990.9,40.1
2013-07-03 18:00:00,Maitri,-17.75,8.11,984.3,57.9
2013-07-03 19:00:00,Maitri,-18.12,5.27,992.7,53.0
2013-07-03 20:00:00,Maitri,-18.64,6.39,976.2,62.0
2013-07-03 21:00:00,Maitri,-20.94,11.02,1000.8,62.9
2013-07-03 22:00:00,Maitri,-20.02,2.74,991.4,61.8
2013-07-03 23:00:00,Maitri,-20.83,6.41,973.6,33.0
2013-07-04 00:00:00,Maitri,-18.48,11.91,990.8,48.0
2013-07-04 01:00:00,Maitri,-20.71,16.03,965.9,37.6
2013-07-04 02:00:00,Maitri,-18.77,9.63,991.7,72.5
2013-07-04 03:00:00,Maitri,-19.73,13.3,1004.5,67.5
2013-07-04 04:00:00,Maitri,-16.86,17.81,993.0,58.4
2013-07-04 05:00:00,Maitri,-27.19,10.24,990.2,50.7
2013-07-04 06:00:00,Maitri,-17.63,16.13,990.6,58.3
2013-07-04 07:00:00,Maitri,-20.39,31.65,981.7,58.1
2013-07-04 08:00:00,Maitri,-17.81,9.51,990.8,48.4
2013-07-04 09:00:00,Maitri,-16.18,2.66,963.1,72.3
2013-07-04 10:00:00,Maitri,-18.61,13.01,989.1,56.3
2013-07-04 11:00:00,Maitri,-16.06,13.26,977.7,52.4
2013-07-04 12:00:00,Maitri,-20.87,11.2,978.8,58.5
2013-07-04 13:00:00,Maitri,-19.94,7.85,982.8,54.8
2013-07-04 14:00:00,Maitri,-20.83,10.63,965.2,54.6
2013-07-04 15:00:00,Maitri,-26.11,6.54,974.5,39.1
2013-07-04 16:00:00,Maitri,-22.77,7.8,987.5,51.6
2013-07-04 17:00:00,Maitri,-15.15,15.24,984.6,37.6
2013-07-04 18:00:00,Maitri,-19.14,1.11,988.8,64.2
2013-07-04 19:00:00,Maitri,-14.92,10.78,980.2,73.5
2013-07-04 20:00:00,Maitri,-14.68,9.38,979.0,66.1
2013-07-04 21:00:00,Maitri,-17.6,8.23,978.4,20.0
2013-07-04 22:00:00,Maitri,-29.03,10.95,971.0,53.0
2013-07-04 23:00:00,Maitri,-16.49,30.39,989.9,60.8
2013-07-05 00:00:00,Maitri,-26.67,13.34,973.0,62.6
2013-07-05 01:00:00,Maitri,-19.17,13.88,981.1,58.4
2013-07-05 02:00:00,Maitri,-23.59,13.65,976.9,48.9
2013-07-05 03:00:00,Maitri,-14.98,3.96,989.8,61.5
2013-07-05 04:00:00,Maitri,-22.58,4.19,992.3,56.6
2013-07-05 05:00:00,Maitri,-20.24,17.54,971.8,62.9
2013-07-05 06:00:00,Maitri,-10.84,6.11,988.9,67.2
2013-07-05 07:00:00,Maitri,-18.86,26.96,988.0,59.2
2013-07-05 08:00:00,Maitri,-15.84,22.31,994.2,38.1
2013-07-05 09:00:00,Maitri,-23.01,4.61,988.7,39.3
2013-07-05 10:00:00,Maitri,-11.21,19.41,994.7,49.4
2013-07-05 11:00:00,Maitri,-17.65,15.69,984.3,60.2
2013-07-05 12:00:00,Maitri,-14.98,6.47,988.0,58.1
2013-07-05 13:00:00,Maitri,-27.44,13.22,1002.4,57.1
2013-07-05 14:00:00,Maitri,-18.66,9.11,987.2,54.3
2013-07-05 15:00:00,Maitri,-19.32,11.32,975.9,42.5
2013-07-05 16:00:00,Maitri,-13.61,16.21,982.8,46.0
2013-07-05 17:00:00,Maitri,-25.3,8.32,988.6,55.2
2013-07-05 18:00:00,Maitri,-22.58,12.61,976.5,41.7
2013-07-05 19:00:00,Maitri,-14.92,5.04,1005.2,33.8
2013-07-05 20:00:00,Maitri,-19.27,7.31,987.7,42.6
2013-07-05 21:00:00,Maitri,-20.52,1.35,974.3,61.1
2013-07-05 22:00:00,Maitri,-21.03,10.18,999.9,49.4
2013-07-05 23:00:00,Maitri,-17.89,8.9,979.2,57.1
2013-07-06 00:00:00,Maitri,-18.27,14.48,993.7,68.4
2013-07-06 01:00:00,Maitri,-21.33,8.07,996.5,40.5
2013-07-06 02:00:00,Maitri,-20.47,17.11,990.0,76.4
2013-07-06 03:00:00,Maitri,-23.07,11.52,975.5,75.0
2013-07-06 04:00:00,Maitri,-15.69,2.85,982.4,36.8
2013-07-06 05:00:00,Maitri,-23.6,10.82,996.8,68.6
2013-07-06 06:00:00,Maitri,-19.65,22.97,975.5,39.7
2013-07-06 07:00:00,Maitri,-17.12,15.24,1002.1,65.6
2013-07-06 08:00:00,Maitri,-16.21,6.64,980.4,59.4
2013-07-06 09:00:00,Maitri,-24.03,5.74,987.2,51.2
2013-07-06 10:00:00,Maitri,-19.16,7.69,998.5,54.9
2013-07-06 11:00:00,Maitri,-18.78,10.22,981.2,51.8
2013-07-06 12:00:00,Maitri,-17.38,22.81,998.0,55.4
2013-07-06 13:00:00,Maitri,-22.75,18.76,989.9,57.5
2013-07-06 14:00:00,Maitri,-19.6,10.4,1010.7,61.1
2013-07-06 15:00:00,Maitri,-20.14,11.54,958.9,60.7
2013-07-06 16:00:00,Maitri,-22.08,17.91,993.6,55.7
2013-07-06 17:00:00,Maitri,-23.91,5.72,980.5,41.7
2013-07-06 18:00:00,Maitri,-24.45,4.49,991.9,79.5
2013-07-06 19:00:00,Maitri,-23.21,3.68,979.1,56.9
2013-07-06 20:00:00,Maitri,-19.9,8.83,984.9,61.6
2013-07-06 21:00:00,Maitri,-18.89,15.3,1002.9,37.6
2013-07-06 22:00:00,Maitri,-20.35,3.43,992.6,61.2
2013-07-06 23:00:00,Maitri,-17.44,13.22,991.1,42.9
2013-07-07 00:00:00,Maitri,-22.91,12.48,980.9,48.1
2013-07-07 01:00:00,Maitri,-19.02,7.69,977.7,66.0
2013-07-07 02:00:00,Maitri,-18.49,11.9,972.2,43.7
2013-07-07 03:00:00,Maitri,-21.01,12.85,991.7,60.5
2013-07-07 04:00:00,Maitri,-20.02,11.24,994.2,41.0
2013-07-07 05:00:00,Maitri,-16.98,28.54,973.2,56.4
2013-07-07 06:00:00,Maitri,-21.52,9.3,984.3,45.6
2013-07-07 07:00:00,Maitri,-24.15,2.5,981.1,69.6
2013-07-07 08:00:00,Maitri,-26.2,10.91,978.6,59.6
2013-07-07 09:00:00,Maitri,-22.07,9.94,986.5,58.4
2013-07-07 10:00:00,Maitri,-13.92,9.63,976.3,60.3
2013-07-07 11:00:00,Maitri,-19.21,6.41,983.6,49.9
2013-07-07 12:00:00,Maitri,-16.42,3.97,986.2,75.2
2013-07-07 13:00:00,Maitri,-25.74,5.43,967.4,59.8
2013-07-07 14:00:00,Maitri,-15.15,5.97,979.5,66.4
2013-07-07 15:00:00,Maitri,-16.53,8.46,984.7,45.9
2013-07-07 16:00:00,Maitri,-15.61,5.71,1001.6,30.3
2013-07-07 17:00:00,Maitri,-19.03,7.85,977.1,47.8
2013-07-07 18:00:00,Maitri,-20.43,15.48,998.7,58.5
2013-07-07 19:00:00,Maitri,-22.22,3.73,992.0,75.8
2013-07-07 20:00:00,Maitri,-24.14,4.44,971.5,56.5
2013-07-07 21:00:00,Maitri,-21.95,3.2,981.7,46.5
2013-07-07 22:00:00,Maitri,-18.02,9.4,987.1,58.8
2013-07-07 23:00:00,Maitri,-17.2,5.32,992.1,79.8
2013-07-08 00:00:00,Maitri,-16.75,6.51,980.2,53.9
2013-07-08 01:00:00,Maitri,-16.42,6.45,998.5,52.1
2013-07-08 02:00:00,Maitri,-15.51,24.81,970.4,49.5
2013-07-08 03:00:00,Maitri,-16.97,7.48,980.8,53.1
2013-07-08 04:00:00,Maitri,-17.55,15.41,973.3,60.6
2013-07-08 05:00:00,Maitri,-18.87,12.55,981.6,61.4
2013-07-08 06:00:00,Maitri,-18.63,8.36,989.5,59.3
2013-07-08 07:00:00,Maitri,-16.07,8.37,999.7,57.6
2013-07-08 08:00:00,Maitri,-15.82,4.04,969.6,82.4
2013-07-08 09:00:00,Maitri,-15.38,15.45,960.2,40.6
2013-07-08 10:00:00,Maitri,-19.22,6.83,1001.1,36.2
2013-07-08 11:00:00,Maitri,-27.03,2.27,1016.9,43.4
2013-07-08 12:00:00,Maitri,-19.52,12.02,982.0,49.4
2013-07-08 13:00:00,Maitri,-23.03,8.35,992.9,51.8
2013-07-08 14:00:00,Maitri,-24.49,10.95,1013.0,31.8
2013-07-08 15:00:00,Maitri,-20.2,6.34,983.2,60.5
2013-07-08 16:00:00,Maitri,-18.98,19.48,995.0,40.2
2013-07-08 17:00:00,Maitri,-21.19,13.89,987.1,51.6
2013-07-08 18:00:00,Maitri,-22.71,24.65,981.8,72.4
2013-07-08 19:00:00,Maitri,-13.43,11.86,990.6,50.5
2013-07-08 20:00:00,Maitri,-19.43,3.54,970.5,73.0
2013-07-08 21:00:00,Maitri,-20.71,13.33,980.3,62.9
2013-07-08 22:00:00,Maitri,-24.39,21.31,973.4,68.9
2013-07-08 23:00:00,Maitri,-17.43,16.86,980.4,30.8
2013-07-09 00:00:00,Maitri,-20.5,18.22,970.9,70.0
2013-07-09 01:00:00,Maitri,-20.76,18.36,981.2,48.5
2013-07-09 02:00:00,Maitri,-17.53,1.35,990.8,62.4
2013-07-09 03:00:00,Maitri,-30.46,11.49,993.6,57.1
2013-07-09 04:00:00,Maitri,-18.84,10.22,991.1,58.6
2013-07-09 05:00:00,Maitri,-25.54,10.0,981.8,52.2
2013-07-09 06:00:00,Maitri,-19.21,7.05,975.6,69.8
2013-07-09 07:00:00,Maitri,-18.91,13.97,985.8,50.1
2013-07-09 08:00:00,Maitri,-25.78,7.29,989.2,70.0
2013-07-09 09:00:00,Maitri,-18.1,18.39,979.1,57.5
2013-07-09 10:00:00,Maitri,-18.74,5.62,999.8,42.1
2013-07-09 11:00:00,Maitri,-21.96,11.3,982.6,65.6
2013-07-09 12:00:00,Maitri,-16.82,10.14,1006.8,44.9
2013-07-09 13:00:00,Maitri,-21.68,17.79,995.2,55.6
2013-07-09 14:00:00,Maitri,-21.68,10.71,988.3,46.7
2013-07-09 15:00:00,Maitri,-24.0,6.5,1006.3,55.5
2013-07-09 16:00:00,Maitri,-21.09,5.29,969.4,53.5
2013-07-09 17:00:00,Maitri,-16.25,13.25,1002.5,58.4
2013-07-09 18:00:00,Maitri,-27.07,29.45,990.1,65.7
2013-07-09 19:00:00,Maitri,-20.32,11.03,990.4,44.2
2013-07-09 20:00:00,Maitri,-21.18,5.69,1000.0,67.5
2013-07-09 21:00:00,Maitri,-21.29,7.17,988.6,68.4
2013-07-09 22:00:00,Maitri,-20.13,24.08,978.0,54.1
2013-07-09 23:00:00,Maitri,-20.97,6.15,986.0,64.6
2013-07-10 00:00:00,Maitri,-23.79,5.43,994.2,50.6
2013-07-10 01:00:00,Maitri,-18.94,11.86,984.4,36.2
2013-07-10 02:00:00,Maitri,-24.03,3.27,993.5,50.6
2013-07-10 03:00:00,Maitri,-23.67,13.07,954.3,58.4
2013-07-10 04:00:00,Maitri,-22.34,8.12,988.0,71.5
2013-07-10 05:00:00,Maitri,-22.3,1.56,967.3,53.1
2013-07-10 06:00:00,Maitri,-23.31,10.21,1004.2,67.8
2013-07-10 07:00:00,Maitri,-15.97,14.16,970.6,63.1
2013-07-10 08:00:00,Maitri,-17.37,12.29,971.7,47.7
2013-07-10 09:00:00,Maitri,-19.81,4.55,988.1,60.4
2013-07-10 10:00:00,Maitri,-16.61,11.74,987.0,33.5
2013-07-10 11:00:00,Maitri,-21.35,10.9,988.6,53.6
2013-07-10 12:00:00,Maitri,-16.18,13.61,978.5,44.4
2013-07-10 13:00:00,Maitri,-15.65,24.55,1002.4,48.9
2013-07-10 14:00:00,Maitri,-20.88,12.95,979.8,66.1
2013-07-10 15:00:00,Maitri,-20.41,9.21,977.9,70.8
2013-07-10 16:00:00,Maitri,-24.07,0.66,972.7,71.3
2013-07-10 17:00:00,Maitri,-23.42,3.89,982.7,62.7
2013-07-10 18:00:00,Maitri,-15.15,7.38,979.2,45.6
2013-07-10 19:00:00,Maitri,-19.66,11.52,996.7,46.0
2013-07-10 20:00:00,Maitri,-15.2,14.09,989.9,59.5
2013-07-10 21:00:00,Maitri,-20.51,8.42,986.1,42.5
2013-07-10 22:00:00,Maitri,-24.28,7.96,980.3,71.4
2013-07-10 23:00:00,Maitri,-18.71,19.71,979.9,48.1
2013-07-11 00:00:00,Maitri,-19.8,8.48,1004.1,48.0
2013-07-11 01:00:00,Maitri,-17.96,18.69,992.9,54.0
2013-07-11 02:00:00,Maitri,-17.78,2.7,990.8,36.1
2013-07-11 03:00:00,Maitri,-25.55,12.07,967.7,69.0
2013-07-11 04:00:00,Maitri,-19.4,5.41,985.8,56.5
2013-07-11 05:00:00,Maitri,-15.79,16.97,978.0,44.9
2013-07-11 06:00:00,Maitri,-23.91,9.58,984.2,60.8
2013-07-11 07:00:00,Maitri,-24.18,19.28,984.0,59.7
2013-07-11 08:00:00,Maitri,-22.1,22.93,981.8,55.0
2013-07-11 09:00:00,Maitri,-18.14,7.02,991.2,36.6
2013-07-11 10:00:00,Maitri,-20.44,11.79,994.2,60.9
2013-07-11 11:00:00,Maitri,-16.94,6.99,981.0,54.4
2013-07-11 12:00:00,Maitri,-19.55,15.76,983.1,86.8
2013-07-11 13:00:00,Maitri,-19.92,20.37,981.8,41.5
2013-07-11 14:00:00,Maitri,-17.94,6.35,988.4,47.2
2013-07-11 15:00:00,Maitri,-22.25,10.77,999.9,53.1
2013-07-11 16:00:00,Maitri,-18.44,6.8,982.2,58.5
2013-07-11 17:00:00,Maitri,-16.94,12.7,986.7,51.4
2013-07-11 18:00:00,Maitri,-13.39,15.92,983.6,73.2
2013-07-11 19:00:00,Maitri,-26.07,19.01,981.2,70.6
2013-07-11 20:00:00,Maitri,-18.18,4.58,990.7,44.6
2013-07-11 21:00:00,Maitri,-22.21,5.39,978.0,69.0
2013-07-11 22:00:00,Maitri,-16.56,13.24,990.4,46.3
2013-07-11 23:00:00,Maitri,-18.98,7.44,993.5,45.5
2013-07-12 00:00:00,Maitri,-22.37,3.77,989.9,77.2
2013-07-12 01:00:00,Maitri,-17.57,12.41,986.1,55.6
2013-07-12 02:00:00,Maitri,-18.1,10.95,977.3,59.2
2013-07-12 03:00:00,Maitri,-15.03,16.04,1001.6,34.8
2013-07-12 04:00:00,Maitri,-19.39,2.82,974.3,72.9
2013-07-12 05:00:00,Maitri,-15.12,8.81,994.1,41.3
2013-07-12 06:00:00,Maitri,-21.23,8.09,996.2,35.4
2013-07-12 07:00:00,Maitri,-18.12,13.47,962.1,44.5
2013-07-12 08:00:00,Maitri,-21.27,8.44,978.7,72.7
2013-07-12 09:00:00,Maitri,-23.45,8.1,992.8,39.2
2013-07-12 10:00:00,Maitri,-19.54,8.19,978.9,72.2
2013-07-12 11:00:00,Maitri,-21.17,6.48,986.6,71.2
2013-07-12 12:00:00,Maitri,-17.91,12.0,1004.2,31.9
2013-07-12 13:00:00,Maitri,-20.61,13.16,993.2,57.5
2013-07-12 14:00:00,Maitri,-28.12,22.99,973.0,48.9
2013-07-12 15:00:00,Maitri,-15.39,6.35,983.7,62.2
2013-07-12 16:00:00,Maitri,-14.33,7.67,989.1,52.2
2013-07-12 17:00:00,Maitri,-19.78,7.69,998.2,57.8
2013-07-12 18:00:00,Maitri,-21.13,8.61,994.5,41.0
2013-07-12 19:00:00,Maitri,-19.62,11.7,996.1,58.0
2013-07-12 20:00:00,Maitri,-22.72,11.65,978.2,79.1
2013-07-12 21:00:00,Maitri,-18.08,16.51,980.2,62.6
2013-07-12 22:00:00,Maitri,-19.41,6.9,974.6,56.3
2013-07-12 23:00:00,Maitri,-15.44,13.96,1009.8,72.2
2013-07-13 00:00:00,Maitri,-21.61,14.84,994.5,60.2
2013-07-13 01:00:00,Maitri,-20.06,6.9,974.1,54.2
2013-07-13 02:00:00,Maitri,-24.15,14.33,995.0,54.9
2013-07-13 03:00:00,Maitri,-26.62,7.72,971.1,51.4
2013-07-13 04:00:00,Maitri,-20.1,13.34,981.7,49.7
2013-07-13 05:00:00,Maitri,-19.86,8.86,987.7,41.4
2013-07-13 06:00:00,Maitri,-19.32,6.18,991.1,61.3
2013-07-13 07:00:00,Maitri,-24.26,5.37,996.8,54.1
2013-07-13 08:00:00,Maitri,-22.05,10.25,989.4,58.0
2013-07-13 09:00:00,Maitri,-24.24,6.01,984.5,70.2
2013-07-13 10:00:00,Maitri,-17.13,3.49,995.8,70.7
2013-07-13 11:00:00,Maitri,-17.42,3.27,983.5,58.1
2013-07-13 12:00:00,Maitri,-21.27,13.33,973.8,71.2
2013-07-13 13:00:00,Maitri,-22.58,11.07,995.8,71.9
2013-07-13 14:00:00,Maitri,-24.76,16.86,988.7,67.3
2013-07-13 15:00:00,Maitri,-18.55,12.42,980.5,47.6
2013-07-13 16:00:00,Maitri,-19.74,7.92,984.7,61.8
2013-07-13 17:00:00,Maitri,-21.72,22.66,985.6,70.8
2013-07-13 18:00:00,Maitri,-17.95,9.22,995.2,62.3
2013-07-13 19:00:00,Maitri,-20.75,9.08,962.1,41.9
2013-07-13 20:00:00,Maitri,-23.82,13.76,991.0,35.6
2013-07-13 21:00:00,Maitri,-14.34,17.65,987.8,48.9
2013-07-13 22:00:00,Maitri,-13.16,7.84,998.8,53.1
2013-07-13 23:00:00,Maitri,-17.5,19.17,971.8,52.1
2013-07-14 00:00:00,Maitri,-15.74,6.46,976.8,45.1
2013-07-14 01:00:00,Maitri,-19.63,10.5,996.9,64.7
2013-07-14 02:00:00,Maitri,-13.89,6.68,979.6,26.9
2013-07-14 03:00:00,Maitri,-17.57,5.07,1005.7,63.5
2013-07-14 04:00:00,Maitri,-16.71,14.2,975.3,53.3
2013-07-14 05:00:00,Maitri,-22.63,8.76,979.1,83.4
2013-07-14 06:00:00,Maitri,-15.46,6.2,983.5,85.8
2013-07-14 07:00:00,Maitri,-14.14,4.41,974.4,58.8
2013-07-14 08:00:00,Maitri,-13.93,3.99,978.5,51.2
2013-07-14 09:00:00,Maitri,-18.93,10.62,985.5,66.1
2013-07-14 10:00:00,Maitri,-9.54,6.05,985.6,49.7
2013-07-14 11:00:00,Maitri,-19.95,5.21,979.4,53.6
2013-07-14 12:00:00,Maitri,-23.02,15.04,984.5,47.4
2013-07-14 13:00:00,Maitri,-15.97,11.81,984.7,54.6
2013-07-14 14:00:00,Maitri,-19.44,6.44,998.3,66.4
2013-07-14 15:00:00,Maitri,-23.53,13.59,974.6,69.2
2013-07-14 16:00:00,Maitri,-17.92,3.78,955.3,46.2
2013-07-14 17:00:00,Maitri,-20.62,16.11,987.1,47.8
2013-07-14 18:00:00,Maitri,-18.15,15.43,1008.8,36.5
2013-07-14 19:00:00,Maitri,-16.21,10.0,980.2,34.4
2013-07-14 20:00:00,Maitri,-10.61,8.68,977.7,52.4
2013-07-14 21:00:00,Maitri,-22.22,9.45,986.3,58.7
2013-07-14 22:00:00,Maitri,-18.29,11.15,1005.7,51.3
2013-07-14 23:00:00,Maitri,-16.78,9.47,980.2,53.2
2013-07-15 00:00:00,Maitri,-18.89,5.62,1000.8,42.8
2013-07-15 01:00:00,Maitri,-15.75,7.27,985.7,59.3
2013-07-15 02:00:00,Maitri,-18.65,10.1,995.9,50.3
2013-07-15 03:00:00,Maitri,-15.8,10.31,991.1,41.7
2013-07-15 04:00:00,Maitri,-25.23,23.37,976.1,55.0
2013-07-15 05:00:00,Maitri,-18.76,9.06,991.1,42.4
2013-07-15 06:00:00,Maitri,-19.34,9.84,980.8,47.9
2013-07-15 07:00:00,Maitri,-24.94,3.57,999.1,51.1
2013-07-15 08:00:00,Maitri,-12.59,4.52,987.9,62.9
2013-07-15 09:00:00,Maitri,-14.48,5.51,972.6,54.0
2013-07-15 10:00:00,Maitri,-20.47,7.06,981.7,51.5
2013-07-15 11:00:00,Maitri,-25.31,6.18,1012.2,42.7
2013-07-15 12:00:00,Maitri,-17.28,5.95,992.4,30.2
2013-07-15 13:00:00,Maitri,-17.09,11.96,999.2,68.0
2013-07-15 14:00:00,Maitri,-20.43,3.24,986.6,62.9
2013-07-15 15:00:00,Maitri,-19.27,10.27,993.7,53.1
2013-07-15 16:00:00,Maitri,-22.83,3.87,985.8,62.1
2013-07-15 17:00:00,Maitri,-17.8,15.4,972.5,48.7
2013-07-15 18:00:00,Maitri,-19.15,4.56,994.2,63.9
2013-07-15 19:00:00,Maitri,-14.95,4.27,979.8,50.1
2013-07-15 20:00:00,Maitri,-17.26,6.47,983.5,41.5
2013-07-15 21:00:00,Maitri,-20.21,5.08,969.9,52.9
2013-07-15 22:00:00,Maitri,-19.64,39.36,993.2,53.2
2013-07-15 23:00:00,Maitri,-19.96,9.38,988.8,78.6
2013-07-16 00:00:00,Maitri,-18.72,8.62,1001.3,59.3
2013-07-16 01:00:00,Maitri,-20.82,11.21,983.5,54.0
2013-07-16 02:00:00,Maitri,-16.95,8.66,993.7,69.3
2013-07-16 03:00:00,Maitri,-18.37,3.49,986.9,70.2
2013-07-16 04:00:00,Maitri,-19.73,4.66,985.5,36.1
2013-07-16 05:00:00,Maitri,-20.63,5.52,980.3,56.1
2013-07-16 06:00:00,Maitri,-21.31,11.82,993.9,59.4
2013-07-16 07:00:00,Maitri,-23.98,24.19,995.4,44.1
2013-07-16 08:00:00,Maitri,-19.77,7.07,993.9,43.5
2013-07-16 09:00:00,Maitri,-18.12,17.67,993.8,59.9
2013-07-16 10:00:00,Maitri,-24.35,9.81,990.1,61.7
2013-07-16 11:00:00,Maitri,-22.6,10.31,997.3,55.5
2013-07-16 12:00:00,Maitri,-23.17,9.59,971.1,58.4
2013-07-16 13:00:00,Maitri,-21.26,8.94,991.6,62.7
2013-07-16 14:00:00,Maitri,-20.71,12.97,975.5,59.4
2013-07-16 15:00:00,Maitri,-16.79,16.93,992.7,24.5
2013-07-16 16:00:00,Maitri,-21.74,12.61,997.3,76.8
2013-07-16 17:00:00,Maitri,-22.66,4.48,977.4,59.6
2013-07-16 18:00:00,Maitri,-26.61,19.05,990.5,49.7
2013-07-16 19:00:00,Maitri,-19.6,24.08,1001.8,54.3
2013-07-16 20:00:00,Maitri,-16.92,25.31,998.1,73.6
2013-07-16 21:00:00,Maitri,-17.37,10.41,974.5,72.8
2013-07-16 22:00:00,Maitri,-16.88,2.59,998.5,47.3
2013-07-16 23:00:00,Maitri,-19.6,15.5,987.3,62.8
2013-07-17 00:00:00,Maitri,-19.42,31.23,1015.6,52.8
2013-07-17 01:00:00,Maitri,-19.77,3.93,982.5,52.1
2013-07-17 02:00:00,Maitri,-27.31,24.15,987.3,52.4
2013-07-17 03:00:00,Maitri,-21.16,9.33,983.4,46.1
2013-07-17 04:00:00,Maitri,-14.76,17.27,992.0,54.5
2013-07-17 05:00:00,Maitri,-11.26,13.21,991.7,72.7
2013-07-17 06:00:00,Maitri,-17.87,6.39,980.9,37.1
2013-07-17 07:00:00,Maitri,-26.51,9.71,1000.0,44.4
2013-07-17 08:00:00,Maitri,-20.43,8.11,991.7,35.6
2013-07-17 09:00:00,Maitri,-16.31,2.82,985.3,52.1
2013-07-17 10:00:00,Maitri,-10.53,2.31,965.0,72.5
2013-07-17 11:00:00,Maitri,-17.93,6.79,990.0,46.6
2013-07-17 12:00:00,Maitri,-21.35,2.19,984.3,70.1
2013-07-17 13:00:00,Maitri,-27.54,7.86,985.8,65.7
2013-07-17 14:00:00,Maitri,-22.31,7.81,985.4,42.5
2013-07-17 15:00:00,Maitri,-17.21,8.86,988.1,64.8
2013-07-17 16:00:00,Maitri,-14.46,11.96,968.6,61.2
2013-07-17 17:00:00,Maitri,-24.16,6.06,991.0,59.8
2013-07-17 18:00:00,Maitri,-14.57,6.42,976.3,58.6
2013-07-17 19:00:00,Maitri,-24.79,2.78,994.5,72.0
2013-07-17 20:00:00,Maitri,-24.85,14.08,976.6,52.9
2013-07-17 21:00:00,Maitri,-16.33,4.44,1005.7,77.1
2013-07-17 22:00:00,Maitri,-21.36,11.69,971.4,56.8
2013-07-17 23:00:00,Maitri,-19.24,7.9,975.9,63.9
2013-07-18 00:00:00,Maitri,-13.11,11.32,995.9,56.3
2013-07-18 01:00:00,Maitri,-16.95,17.83,980.2,38.7
2013-07-18 02:00:00,Maitri,-15.96,7.57,985.8,55.0
2013-07-18 03:00:00,Maitri,-16.56,3.53,998.7,50.6
2013-07-18 04:00:00,Maitri,-20.46,9.6,1002.1,55.8
2013-07-18 05:00:00,Maitri,-26.15,7.05,998.5,33.2
2013-07-18 06:00:00,Maitri,-18.61,32.02,957.6,52.8
2013-07-18 07:00:00,Maitri,-16.22,3.2,991.4,55.7
2013-07-18 08:00:00,Maitri,-22.85,17.41,990.5,61.3
2013-07-18 09:00:00,Maitri,-18.26,8.54,991.7,50.1
2013-07-18 10:00:00,Maitri,-14.67,13.59,1002.9,56.1
2013-07-18 11:00:00,Maitri,-21.2,25.02,975.1,59.9
2013-07-18 12:00:00,Maitri,-28.12,20.88,973.7,61.9
2013-07-18 13:00:00,Maitri,-23.84,11.54,985.4,43.4
2013-07-18 14:00:00,Maitri,-23.59,6.7,988.4,61.1
2013-07-18 15:00:00,Maitri,-24.43,7.06,1003.7,49.8
2013-07-18 16:00:00,Maitri,-26.46,11.43,976.0,57.8
2013-07-18 17:00:00,Maitri,-16.21,13.96,1004.4,41.7
2013-07-18 18:00:00,Maitri,-16.54,9.78,984.9,70.6
2013-07-18 19:00:00,Maitri,-25.55,8.13,976.3,67.0
2013-07-18 20:00:00,Maitri,-16.03,17.38,974.0,56.1
2013-07-18 21:00:00,Maitri,-20.98,18.89,973.5,53.3
2013-07-18 22:00:00,Maitri,-17.39,5.35,985.2,69.1
2013-07-18 23:00:00,Maitri,-20.68,8.67,992.5,42.7
2013-07-19 00:00:00,Maitri,-16.58,14.22,992.0,46.2
2013-07-19 01:00:00,Maitri,-18.01,7.18,985.5,67.4
2013-07-19 02:00:00,Maitri,-22.48,11.25,987.0,60.6
2013-07-19 03:00:00,Maitri,-26.42,2.04,978.9,58.1
2013-07-19 04:00:00,Maitri,-25.46,6.34,988.5,73.6
2013-07-19 05:00:00,Maitri,-16.76,7.85,990.2,63.0
2013-07-19 06:00:00,Maitri,-24.89,11.46,977.6,39.2
2013-07-19 07:00:00,Maitri,-20.79,7.84,976.0,46.9
2013-07-19 08:00:00,Maitri,-20.12,5.81,979.3,64.7
2013-07-19 09:00:00,Maitri,-16.31,4.27,997.4,54.2
2013-07-19 10:00:00,Maitri,-21.0,10.76,987.9,55.5
2013-07-19 11:00:00,Maitri,-23.07,3.19,991.8,59.4
2013-07-19 12:00:00,Maitri,-23.16,9.37,987.1,48.7
2013-07-19 13:00:00,Maitri,-17.07,7.98,980.4,75.6
2013-07-19 14:00:00,Maitri,-21.72,11.61,979.0,51.3
2013-07-19 15:00:00,Maitri,-21.81,2.3,985.2,47.9
2013-07-19 16:00:00,Maitri,-16.73,11.0,988.0,56.3
2013-07-19 17:00:00,Maitri,-11.9,6.32,996.2,61.5
2013-07-19 18:00:00,Maitri,-21.55,10.0,998.6,53.2
2013-07-19 19:00:00,Maitri,-21.86,13.9,973.6,46.3
2013-07-19 20:00:00,Maitri,-20.95,3.95,971.5,62.9
2013-07-19 21:00:00,Maitri,-18.66,18.68,989.1,53.1
2013-07-19 22:00:00,Maitri,-24.85,11.89,997.0,29.2
2013-07-19 23:00:00,Maitri,-16.58,21.73,992.9,48.1
2013-07-20 00:00:00,Maitri,-24.35,13.73,980.9,55.9
2013-07-20 01:00:00,Maitri,-14.86,11.68,980.4,44.7
2013-07-20 02:00:00,Maitri,-19.86,22.49,993.7,48.6
2013-07-20 03:00:00,Maitri,-17.94,12.14,973.7,39.2
2013-07-20 04:00:00,Maitri,-12.88,7.9,980.3,35.2
2013-07-20 05:00:00,Maitri,-22.51,20.54,982.6,73.5
2013-07-20 06:00:00,Maitri,-20.38,33.96,988.7,50.1
2013-07-20 07:00:00,Maitri,-23.94,17.26,979.0,43.5
2013-07-20 08:00:00,Maitri,-22.08,3.8,989.9,78.5
2013-07-20 09:00:00,Maitri,-24.01,13.22,985.4,54.2
2013-07-20 10:00:00,Maitri,-17.79,18.52,984.3,49.7
2013-07-20 11:00:00,Maitri,-22.71,9.66,974.5,48.1
2013-07-20 12:00:00,Maitri,-23.42,10.44,992.7,24.0
2013-07-20 13:00:00,Maitri,-22.94,10.51,974.6,67.6
2013-07-20 14:00:00,Maitri,-24.34,6.41,993.6,57.6
2013-07-20 15:00:00,Maitri,-18.6,14.09,977.6,59.4
2013-07-20 16:00:00,Maitri,-17.14,9.4,979.2,64.1
2013-07-20 17:00:00,Maitri,-16.24,14.16,989.2,55.1
2013-07-20 18:00:00,Maitri,-26.33,11.56,989.5,53.5
2013-07-20 19:00:00,Maitri,-17.96,15.15,989.5,64.8
2013-07-20 20:00:00,Maitri,-17.43,11.18,982.3,55.0
2013-07-20 21:00:00,Maitri,-17.54,6.55,996.4,33.8
2013-07-20 22:00:00,Maitri,-20.01,8.88,994.3,51.5
2013-07-20 23:00:00,Maitri,-13.95,2.75,973.5,71.8
2013-07-21 00:00:00,Maitri,-26.72,13.75,981.8,50.3
2013-07-21 01:00:00,Maitri,-22.79,7.17,960.2,55.1
2013-07-21 02:00:00,Maitri,-18.82,6.28,975.9,46.8
2013-07-21 03:00:00,Maitri,-23.53,19.3,978.5,75.3
2013-07-21 04:00:00,Maitri,-21.95,10.01,989.0,69.2
2013-07-21 05:00:00,Maitri,-15.49,9.49,980.9,73.6
2013-07-21 06:00:00,Maitri,-22.37,10.35,975.5,69.9
2013-07-21 07:00:00,Maitri,-20.43,10.89,968.4,37.3
2013-07-21 08:00:00,Maitri,-23.13,11.09,965.4,65.5
2013-07-21 09:00:00,Maitri,-25.28,7.07,972.3,49.9
2013-07-21 10:00:00,Maitri,-14.71,12.92,983.5,50.4
2013-07-21 11:00:00,Maitri,-17.5,4.36,982.3,82.5
2013-07-21 12:00:00,Maitri,-16.18,7.8,983.1,52.6
2013-07-21 13:00:00,Maitri,-19.28,14.34,984.3,27.2
2013-07-21 14:00:00,Maitri,-21.37,8.2,990.3,20.0
2013-07-21 15:00:00,Maitri,-23.37,18.11,1001.2,33.4
2013-07-21 16:00:00,Maitri,-15.46,9.68,998.7,64.1
2013-07-21 17:00:00,Maitri,-23.31,7.51,992.0,58.5
2013-07-21 18:00:00,Maitri,-24.39,11.84,987.9,63.7
2013-07-21 19:00:00,Maitri,-15.85,4.82,986.3,45.8
2013-07-21 20:00:00,Maitri,-17.51,15.25,972.8,62.3
2013-07-21 21:00:00,Maitri,-16.47,10.55,980.8,53.5
2013-07-21 22:00:00,Maitri,-24.57,7.33,984.3,52.0
2013-07-21 23:00:00,Maitri,-22.28,14.43,1008.1,68.4
2013-07-22 00:00:00,Maitri,-18.69,6.31,1011.9,58.8
2013-07-22 01:00:00,Maitri,-22.27,19.24,985.4,62.3
2013-07-22 02:00:00,Maitri,-24.25,25.52,974.9,53.9
2013-07-22 03:00:00,Maitri,-16.46,14.78,995.6,50.5
2013-07-22 04:00:00,Maitri,-19.18,13.78,1001.3,39.9
2013-07-22 05:00:00,Maitri,-18.2,23.71,999.3,47.6
2013-07-22 06:00:00,Maitri,-20.72,15.7,989.6,55.0
2013-07-22 07:00:00,Maitri,-9.81,14.3,994.1,58.5
2013-07-22 08:00:00,Maitri,-26.93,18.65,991.9,66.0
2013-07-22 09:00:00,Maitri,-12.29,11.57,1004.6,25.3
2013-07-22 10:00:00,Maitri,-26.81,9.32,1000.8,69.2
2013-07-22 11:00:00,Maitri,-19.18,6.0,995.9,48.4
2013-07-22 12:00:00,Maitri,-24.66,14.96,970.1,50.6
2013-07-22 13:00:00,Maitri,-15.91,7.69,1003.8,50.8
2013-07-22 14:00:00,Maitri,-17.96,6.95,1004.8,63.3
2013-07-22 15:00:00,Maitri,-21.24,8.77,997.6,44.1
2013-07-22 16:00:00,Maitri,-16.74,23.54,966.1,84.4
2013-07-22 17:00:00,Maitri,-21.88,6.3,1010.1,35.5
2013-07-22 18:00:00,Maitri,-18.32,7.08,964.2,80.2
2013-07-22 19:00:00,Maitri,-22.18,14.25,979.7,68.9
2013-07-22 20:00:00,Maitri,-15.33,10.33,987.5,64.5
2013-07-22 21:00:00,Maitri,-19.25,6.06,981.5,45.3
2013-07-22 22:00:00,Maitri,-22.5,12.39,984.1,63.1
2013-07-22 23:00:00,Maitri,-17.9,4.6,980.9,49.8
2013-07-23 00:00:00,Maitri,-18.02,15.41,993.9,34.4
2013-07-23 01:00:00,Maitri,-19.26,10.58,1004.4,55.4
2013-07-23 02:00:00,Maitri,-21.09,11.16,988.2,45.4
2013-07-23 03:00:00,Maitri,-22.82,3.91,989.3,62.3
2013-07-23 04:00:00,Maitri,-15.77,6.87,977.4,62.7
2013-07-23 05:00:00,Maitri,-18.35,11.63,991.2,65.8
2013-07-23 06:00:00,Maitri,-26.23,11.07,986.9,33.8
2013-07-23 07:00:00,Maitri,-16.92,12.68,999.2,45.9
2013-07-23 08:00:00,Maitri,-21.7,7.8,978.7,52.2
2013-07-23 09:00:00,Maitri,-11.6,12.16,992.2,66.0
2013-07-23 10:00:00,Maitri,-20.41,20.76,983.7,52.2
2013-07-23 11:00:00,Maitri,-22.31,3.61,982.8,49.4
2013-07-23 12:00:00,Maitri,-20.78,9.53,990.2,60.1
2013-07-23 13:00:00,Maitri,-18.0,10.15,969.7,73.9
2013-07-23 14:00:00,Maitri,-21.15,18.37,974.3,49.8
2013-07-23 15:00:00,Maitri,-18.29,6.25,982.1,68.9
2013-07-23 16:00:00,Maitri,-18.65,8.44,1003.2,63.6
2013-07-23 17:00:00,Maitri,-24.91,13.47,977.0,80.7
2013-07-23 18:00:00,Maitri,-16.96,6.68,990.9,78.6
2013-07-23 19:00:00,Maitri,-22.72,20.93,981.8,45.5
2013-07-23 20:00:00,Maitri,-25.26,8.56,997.9,49.7
2013-07-23 21:00:00,Maitri,-16.75,28.15,977.0,69.8
2013-07-23 22:00:00,Maitri,-20.21,8.2,969.4,58.2
2013-07-23 23:00:00,Maitri,-24.72,11.31,992.4,60.9
2013-07-24 00:00:00,Maitri,-15.86,15.9,964.6,54.7
2013-07-24 01:00:00,Maitri,-20.93,12.56,995.4,47.1
2013-07-24 02:00:00,Maitri,-24.22,3.99,994.8,76.0
2013-07-24 03:00:00,Maitri,-21.65,5.52,1003.9,38.0
2013-07-24 04:00:00,Maitri,-24.32,6.09,983.0,35.0
2013-07-24 05:00:00,Maitri,-21.57,5.53,983.6,51.8
2013-07-24 06:00:00,Maitri,-21.17,5.07,971.6,67.5
2013-07-24 07:00:00,Maitri,-20.47,10.8,991.3,55.1
2013-07-24 08:00:00,Maitri,-26.65,15.89,991.6,45.9
2013-07-24 09:00:00,Maitri,-14.52,7.75,983.8,56.9
2013-07-24 10:00:00,Maitri,-16.81,2.03,981.7,68.3
2013-07-24 11:00:00,Maitri,-21.03,7.09,1000.0,68.3
2013-07-24 12:00:00,Maitri,-18.29,5.14,1004.6,53.7
2013-07-24 13:00:00,Maitri,-19.62,6.09,991.4,38.3
2013-07-24 14:00:00,Maitri,-18.66,5.55,985.8,49.1
2013-07-24 15:00:00,Maitri,-24.73,17.87,975.0,40.2
2013-07-24 16:00:00,Maitri,-19.31,14.06,999.9,51.3
2013-07-24 17:00:00,Maitri,-18.0,6.86,992.8,69.0
2013-07-24 18:00:00,Maitri,-26.11,11.34,997.1,59.9
2013-07-24 19:00:00,Maitri,-16.82,13.05,994.5,54.3
2013-07-24 20:00:00,Maitri,-20.36,2.26,985.1,47.6
2013-07-24 21:00:00,Maitri,-27.18,17.24,996.5,73.5
2013-07-24 22:00:00,Maitri,-21.37,21.59,976.8,46.9
2013-07-24 23:00:00,Maitri,-20.5,8.66,987.1,60.5
2013-07-25 00:00:00,Maitri,-19.33,2.01,988.3,45.2
2013-07-25 01:00:00,Maitri,-12.47,18.07,1000.5,44.8
2013-07-25 02:00:00,Maitri,-17.19,10.69,987.8,43.0
2013-07-25 03:00:00,Maitri,-21.32,2.02,982.1,45.9
2013-07-25 04:00:00,Maitri,-14.24,11.9,982.8,42.1
2013-07-25 05:00:00,Maitri,-18.37,5.14,1001.2,55.6
2013-07-25 06:00:00,Maitri,-22.77,7.43,982.3,52.7
2013-07-25 07:00:00,Maitri,-17.69,5.37,985.1,44.5
2013-07-25 08:00:00,Maitri,-13.93,15.1,976.5,58.9
2013-07-25 09:00:00,Maitri,-19.3,5.14,988.4,64.5
2013-07-25 10:00:00,Maitri,-11.84,21.15,981.1,52.7
2013-07-25 11:00:00,Maitri,-18.92,7.4,982.4,52.8
2013-07-25 12:00:00,Maitri,-17.7,3.55,983.8,78.0
2013-07-25 13:00:00,Maitri,-17.43,3.12,987.3,33.0
2013-07-25 14:00:00,Maitri,-26.37,10.23,975.1,60.3
2013-07-25 15:00:00,Maitri,-15.82,19.63,987.1,62.5
2013-07-25 16:00:00,Maitri,-17.26,8.65,994.5,62.2
2013-07-25 17:00:00,Maitri,-28.35,5.93,997.9,73.9
2013-07-25 18:00:00,Maitri,-23.0,3.11,981.6,61.1
2013-07-25 19:00:00,Maitri,-19.18,25.48,1000.2,70.0
2013-07-25 20:00:00,Maitri,-13.42,18.61,987.8,68.9
2013-07-25 21:00:00,Maitri,-19.6,15.4,988.2,67.0
2013-07-25 22:00:00,Maitri,-19.36,11.8,1008.2,54.9
2013-07-25 23:00:00,Maitri,-16.34,13.92,1002.8,64.1
2013-07-26 00:00:00,Maitri,-21.49,5.32,990.8,72.5
2013-07-26 01:00:00,Maitri,-21.17,17.55,983.0,50.9
2013-07-26 02:00:00,Maitri,-20.18,10.38,978.3,35.1
2013-07-26 03:00:00,Maitri,-19.36,20.26,1003.3,53.6
2013-07-26 04:00:00,Maitri,-21.07,11.05,990.8,62.7
2013-07-26 05:00:00,Maitri,-9.02,11.09,976.9,55.6
2013-07-26 06:00:00,Maitri,-12.78,16.67,985.5,53.2
2013-07-26 07:00:00,Maitri,-20.94,21.7,998.1,55.2
2013-07-26 08:00:00,Maitri,-19.34,3.87,984.7,70.5
2013-07-26 09:00:00,Maitri,-21.86,2.42,985.7,50.3
2013-07-26 10:00:00,Maitri,-22.27,9.16,979.4,54.7
2013-07-26 11:00:00,Maitri,-23.33,6.66,996.8,64.8
2013-07-26 12:00:00,Maitri,-20.75,5.75,983.8,70.0
2013-07-26 13:00:00,Maitri,-17.38,10.91,971.4,59.8
2013-07-26 14:00:00,Maitri,-22.71,11.65,985.1,31.4
2013-07-26 15:00:00,Maitri,-17.35,9.34,992.0,75.9
2013-07-26 16:00:00,Maitri,-22.89,15.04,998.0,65.4
2013-07-26 17:00:00,Maitri,-16.01,13.52,989.2,66.0
2013-07-26 18:00:00,Maitri,-25.41,27.58,990.7,79.0
2013-07-26 19:00:00,Maitri,-19.23,2.26,978.3,78.4
2013-07-26 20:00:00,Maitri,-18.71,15.33,982.3,64.1
2013-07-26 21:00:00,Maitri,-18.77,9.24,983.8,58.9
2013-07-26 22:00:00,Maitri,-23.47,8.62,982.4,49.3
2013-07-26 23:00:00,Maitri,-18.04,10.28,983.4,48.8
2013-07-27 00:00:00,Maitri,-20.63,8.85,967.1,56.8
2013-07-27 01:00:00,Maitri,-17.91,16.71,985.0,35.4
2013-07-27 02:00:00,Maitri,-21.09,6.56,979.2,59.1
2013-07-27 03:00:00,Maitri,-24.18,11.89,987.8,66.3
2013-07-27 04:00:00,Maitri,-17.84,8.99,969.5,41.4
2013-07-27 05:00:00,Maitri,-17.65,13.04,997.5,68.0
2013-07-27 06:00:00,Maitri,-25.99,9.83,970.7,56.9
2013-07-27 07:00:00,Maitri,-17.72,9.6,995.4,48.6
2013-07-27 08:00:00,Maitri,-21.08,16.96,963.5,47.4
2013-07-27 09:00:00,Maitri,-20.29,18.68,992.8,47.2
2013-07-27 10:00:00,Maitri,-18.35,9.64,981.7,58.0
2013-07-27 11:00:00,Maitri,-16.6,13.84,987.6,54.9
2013-07-27 12:00:00,Maitri,-19.75,6.78,967.2,72.5
2013-07-27 13:00:00,Maitri,-20.93,6.18,1002.0,53.8
2013-07-27 14:00:00,Maitri,-20.99,13.1,995.0,53.9
2013-07-27 15:00:00,Maitri,-24.24,5.97,984.5,60.6
2013-07-27 16:00:00,Maitri,-18.08,7.67,1008.1,49.9
2013-07-27 17:00:00,Maitri,-21.42,7.17,989.3,45.8
2013-07-27 18:00:00,Maitri,-21.64,4.95,990.5,65.6
2013-07-27 19:00:00,Maitri,-17.81,19.0,1003.2,59.3
2013-07-27 20:00:00,Maitri,-18.76,7.52,999.3,43.7
2013-07-27 21:00:00,Maitri,-22.12,22.93,976.2,66.1
2013-07-27 22:00:00,Maitri,-17.48,6.77,971.8,47.6
2013-07-27 23:00:00,Maitri,-20.36,4.84,999.0,55.2
2013-07-28 00:00:00,Maitri,-23.98,13.13,971.7,40.8
2013-07-28 01:00:00,Maitri,-22.51,10.56,1011.1,76.0
2013-07-28 02:00:00,Maitri,-19.52,19.76,969.4,54.0
2013-07-28 03:00:00,Maitri,-22.52,8.37,992.0,64.9
2013-07-28 04:00:00,Maitri,-19.24,13.52,978.3,60.6
2013-07-28 05:00:00,Maitri,-18.3,4.86,974.5,38.4
2013-07-28 06:00:00,Maitri,-18.97,16.06,976.8,35.3
2013-07-28 07:00:00,Maitri,-19.16,20.11,977.9,56.2
2013-07-28 08:00:00,Maitri,-19.68,18.28,978.5,62.4
2013-07-28 09:00:00,Maitri,-18.22,16.1,978.1,37.2
2013-07-28 10:00:00,Maitri,-12.24,7.55,995.8,46.3
2013-07-28 11:00:00,Maitri,-17.73,11.55,993.1,57.6
2013-07-28 12:00:00,Maitri,-18.94,21.18,976.5,54.4
2013-07-28 13:00:00,Maitri,-19.37,15.27,987.7,47.3
2013-07-28 14:00:00,Maitri,-18.17,10.19,998.9,58.6
2013-07-28 15:00:00,Maitri,-15.72,8.43,982.2,52.1
2013-07-28 16:00:00,Maitri,-20.51,11.21,964.0,41.7
2013-07-28 17:00:00,Maitri,-20.59,14.86,977.6,84.2
2013-07-28 18:00:00,Maitri,-21.14,21.19,983.7,65.8
2013-07-28 19:00:00,Maitri,-16.63,2.76,979.6,83.0
2013-07-28 20:00:00,Maitri,-13.18,5.96,990.9,92.0
2013-07-28 21:00:00,Maitri,-20.64,6.17,985.4,51.6
2013-07-28 22:00:00,Maitri,-19.4,11.68,982.3,46.6
2013-07-28 23:00:00,Maitri,-23.79,8.61,977.4,69.5
2013-07-29 00:00:00,Maitri,-19.5,5.36,968.7,42.2
2013-07-29 01:00:00,Maitri,-26.26,6.53,1006.9,31.4
2013-07-29 02:00:00,Maitri,-18.92,9.89,989.5,63.3
2013-07-29 03:00:00,Maitri,-22.72,6.11,997.4,39.5
2013-07-29 04:00:00,Maitri,-15.82,15.02,1004.6,65.3
2013-07-29 05:00:00,Maitri,-21.4,5.62,990.3,52.0
2013-07-29 06:00:00,Maitri,-21.19,4.38,979.2,55.3
2013-07-29 07:00:00,Maitri,-15.83,7.89,991.8,37.7
2013-07-29 08:00:00,Maitri,-20.12,5.01,985.2,59.0
2013-07-29 09:00:00,Maitri,-17.67,5.01,980.2,46.4
2013-07-29 10:00:00,Maitri,-14.12,8.17,987.7,56.2
2013-07-29 11:00:00,Maitri,-15.74,13.22,976.3,45.2
2013-07-29 12:00:00,Maitri,-25.98,7.4,1001.5,52.6
2013-07-29 13:00:00,Maitri,-15.8,11.45,987.9,28.9
2013-07-29 14:00:00,Maitri,-12.32,14.98,973.7,52.5
2013-07-29 15:00:00,Maitri,-19.91,6.0,997.1,24.8
2013-07-29 16:00:00,Maitri,-17.3,18.07,966.0,60.1
2013-07-29 17:00:00,Maitri,-21.8,9.8,989.9,45.7
2013-07-29 18:00:00,Maitri,-17.45,5.24,1002.2,31.0
2013-07-29 19:00:00,Maitri,-18.88,5.98,965.0,58.4
2013-07-29 20:00:00,Maitri,-21.13,10.03,986.4,61.1
2013-07-29 21:00:00,Maitri,-23.54,11.4,984.1,72.7
2013-07-29 22:00:00,Maitri,-13.54,6.05,1005.3,46.3
2013-07-29 23:00:00,Maitri,-19.98,13.11,984.9,60.3
2013-07-30 00:00:00,Maitri,-15.07,17.77,995.6,92.0
2013-07-30 01:00:00,Maitri,-15.13,4.71,1000.5,57.0
2013-07-30 02:00:00,Maitri,-16.89,3.31,1014.9,60.9
2013-07-30 03:00:00,Maitri,-20.78,21.59,985.5,42.6
2013-07-30 04:00:00,Maitri,-18.4,15.53,992.8,35.7
2013-07-30 05:00:00,Maitri,-20.41,10.64,994.9,68.4
2013-07-30 06:00:00,Maitri,-21.2,2.62,990.8,57.6
2013-07-30 07:00:00,Maitri,-18.3,3.05,992.1,65.9
2013-07-30 08:00:00,Maitri,-18.49,10.13,999.8,76.1
2013-07-30 09:00:00,Maitri,-16.22,10.66,978.2,48.9
2013-07-30 10:00:00,Maitri,-20.41,12.17,981.4,48.0
2013-07-30 11:00:00,Maitri,-17.94,13.07,1002.2,57.1
2013-07-30 12:00:00,Maitri,-19.61,7.55,978.9,44.8
2013-07-30 13:00:00,Maitri,-18.64,13.69,982.9,60.5
2013-07-30 14:00:00,Maitri,-22.56,18.27,991.5,59.0
2013-07-30 15:00:00,Maitri,-14.8,12.44,993.7,49.0
2013-07-30 16:00:00,Maitri,-15.49,10.19,965.9,63.7
2013-07-30 17:00:00,Maitri,-15.23,25.31,971.7,74.4
2013-07-30 18:00:00,Maitri,-16.86,7.83,977.3,55.6
2013-07-30 19:00:00,Maitri,-18.16,9.87,974.6,60.3
2013-07-30 20:00:00,Maitri,-21.59,5.82,985.7,48.4
2013-07-30 21:00:00,Maitri,-22.13,19.6,987.3,46.4
2013-07-30 22:00:00,Maitri,-19.39,26.92,993.8,48.9
2013-07-30 23:00:00,Maitri,-19.77,2.93,986.5,69.2
2013-07-31 00:00:00,Maitri,-18.93,5.43,986.9,49.6
2013-07-31 01:00:00,Maitri,-17.49,8.53,982.4,64.2
2013-07-31 02:00:00,Maitri,-19.89,9.74,971.1,50.7
2013-07-31 03:00:00,Maitri,-14.12,8.06,989.8,61.8
2013-07-31 04:00:00,Maitri,-19.26,15.38,972.4,46.9
2013-07-31 05:00:00,Maitri,-19.39,7.01,987.8,58.1
2013-07-31 06:00:00,Maitri,-20.69,7.75,989.6,54.0
2013-07-31 07:00:00,Maitri,-20.79,14.01,978.2,37.6
2013-07-31 08:00:00,Maitri,-17.52,14.06,989.3,40.4
2013-07-31 09:00:00,Maitri,-19.59,6.75,961.9,70.7
2013-07-31 10:00:00,Maitri,-15.75,19.7,979.6,57.7
2013-07-31 11:00:00,Maitri,-23.07,5.32,982.3,34.1
2013-07-31 12:00:00,Maitri,-19.27,2.93,994.5,56.5
2013-07-31 13:00:00,Maitri,-17.41,9.06,975.3,62.6
2013-07-31 14:00:00,Maitri,-20.19,13.72,1008.0,67.3
2013-07-31 15:00:00,Maitri,-18.38,10.56,975.1,47.2
2013-07-31 16:00:00,Maitri,-23.01,11.98,987.9,86.9
2013-07-31 17:00:00,Maitri,-18.37,10.21,992.7,59.0
2013-07-31 18:00:00,Maitri,-21.92,4.74,972.2,66.0
2013-07-31 19:00:00,Maitri,-22.05,2.42,1002.0,77.6
2013-07-31 20:00:00,Maitri,-25.96,4.77,987.0,55.1
2013-07-31 21:00:00,Maitri,-18.22,11.61,994.2,65.8
2013-07-31 22:00:00,Maitri,-19.72,9.77,986.4,64.8
2013-07-31 23:00:00,Maitri,-20.73,1.96,972.4,57.4
2013-08-01 00:00:00,Maitri,-14.82,19.58,980.6,42.0
2013-08-01 01:00:00,Maitri,-22.46,4.45,964.2,56.5
2013-08-01 02:00:00,Maitri,-18.8,9.55,993.0,53.4
2013-08-01 03:00:00,Maitri,-15.8,14.12,971.8,55.4
2013-08-01 04:00:00,Maitri,-15.47,28.5,993.8,46.0
2013-08-01 05:00:00,Maitri,-12.99,8.74,968.1,73.1
2013-08-01 06:00:00,Maitri,-16.23,25.05,985.1,66.8
2013-08-01 07:00:00,Maitri,-25.35,12.51,989.9,63.1
2013-08-01 08:00:00,Maitri,-24.46,16.92,975.7,65.1
2013-08-01 09:00:00,Maitri,-19.02,14.28,967.9,50.2
2013-08-01 10:00:00,Maitri,-22.5,15.7,976.4,49.8
2013-08-01 11:00:00,Maitri,-18.45,8.58,960.7,46.8
2013-08-01 12:00:00,Maitri,-17.8,15.41,983.0,54.6
2013-08-01 13:00:00,Maitri,-15.76,20.89,982.7,43.7
2013-08-01 14:00:00,Maitri,-20.84,9.24,965.6,60.7
2013-08-01 15:00:00,Maitri,-21.6,36.3,976.4,57.9
2013-08-01 16:00:00,Maitri,-15.86,15.91,1015.2,37.9
2013-08-01 17:00:00,Maitri,-14.68,4.6,980.2,67.6
2013-08-01 18:00:00,Maitri,-19.64,11.54,992.1,53.5
2013-08-01 19:00:00,Maitri,-23.0,4.41,1002.8,49.8
2013-08-01 20:00:00,Maitri,-15.42,13.71,985.2,52.3
2013-08-01 21:00:00,Maitri,-18.95,5.26,971.1,72.5
2013-08-01 22:00:00,Maitri,-19.68,22.96,982.2,58.3
2013-08-01 23:00:00,Maitri,-25.01,3.6,984.1,61.5
2013-08-02 00:00:00,Maitri,-15.2,4.94,977.5,48.1
2013-08-02 01:00:00,Maitri,-18.81,4.96,972.9,50.9
2013-08-02 02:00:00,Maitri,-15.2,10.95,984.2,56.1
2013-08-02 03:00:00,Maitri,-18.34,7.11,990.6,59.5
2013-08-02 04:00:00,Maitri,-23.4,5.11,986.6,74.9
2013-08-02 05:00:00,Maitri,-25.29,16.1,981.3,31.5
2013-08-02 06:00:00,Maitri,-20.78,12.52,983.8,41.6
2013-08-02 07:00:00,Maitri,-19.38,3.01,986.7,55.0
2013-08-02 08:00:00,Maitri,-19.93,9.38,982.5,48.0
2013-08-02 09:00:00,Maitri,-25.11,3.62,981.8,67.9
2013-08-02 10:00:00,Maitri,-21.11,9.2,1001.3,37.7
2013-08-02 11:00:00,Maitri,-14.96,9.26,989.0,48.5
2013-08-02 12:00:00,Maitri,-17.01,9.23,988.2,66.0
2013-08-02 13:00:00,Maitri,-17.25,4.23,985.7,50.5
2013-08-02 14:00:00,Maitri,-18.34,1.43,986.6,85.3
2013-08-02 15:00:00,Maitri,-22.83,6.28,989.2,66.7
2013-08-02 16:00:00,Maitri,-21.76,1.81,987.2,67.8
2013-08-02 17:00:00,Maitri,-13.77,15.31,995.3,58.8
2013-08-02 18:00:00,Maitri,-19.89,7.58,963.3,53.7
2013-08-02 19:00:00,Maitri,-20.3,12.74,1000.7,65.6
2013-08-02 20:00:00,Maitri,-13.65,11.4,982.9,52.7
2013-08-02 21:00:00,Maitri,-17.85,12.8,991.6,71.0
2013-08-02 22:00:00,Maitri,-20.85,8.9,992.0,55.4
2013-08-02 23:00:00,Maitri,-17.63,15.31,978.5,73.7
2013-08-03 00:00:00,Maitri,-20.25,8.23,1001.7,67.3
2013-08-03 01:00:00,Maitri,-25.69,15.1,983.9,57.8
2013-08-03 02:00:00,Maitri,-22.47,2.07,965.1,67.9
2013-08-03 03:00:00,Maitri,-14.43,3.46,982.6,34.0
2013-08-03 04:00:00,Maitri,-14.65,6.07,973.4,43.0
2013-08-03 05:00:00,Maitri,-20.38,8.54,988.7,59.0
2013-08-03 06:00:00,Maitri,-18.27,9.21,997.8,82.9
2013-08-03 07:00:00,Maitri,-25.36,24.33,992.4,68.3
2013-08-03 08:00:00,Maitri,-16.69,15.61,984.4,44.1
2013-08-03 09:00:00,Maitri,-20.75,14.83,992.5,62.8
2013-08-03 10:00:00,Maitri,-24.61,11.47,982.3,54.4
2013-08-03 11:00:00,Maitri,-23.24,18.98,987.9,55.7
2013-08-03 12:00:00,Maitri,-19.36,7.03,989.1,59.1
2013-08-03 13:00:00,Maitri,-16.64,3.92,993.1,59.0
2013-08-03 14:00:00,Maitri,-18.51,10.46,987.1,42.1
2013-08-03 15:00:00,Maitri,-19.94,5.6,987.2,42.7
2013-08-03 16:00:00,Maitri,-17.62,15.58,993.3,77.1
2013-08-03 17:00:00,Maitri,-17.98,17.27,985.9,41.7
2013-08-03 18:00:00,Maitri,-20.95,5.25,991.4,56.8
2013-08-03 19:00:00,Maitri,-17.62,5.14,985.9,51.5
2013-08-03 20:00:00,Maitri,-20.92,9.85,988.6,59.3
2013-08-03 21:00:00,Maitri,-20.66,3.62,956.4,56.2
2013-08-03 22:00:00,Maitri,-25.22,18.32,987.5,47.2
2013-08-03 23:00:00,Maitri,-20.15,5.77,994.2,64.7
2013-08-04 00:00:00,Maitri,-10.39,3.13,995.1,59.7
2013-08-04 01:00:00,Maitri,-17.96,3.69,997.1,42.8
2013-08-04 02:00:00,Maitri,-29.68,12.55,1000.5,40.6
2013-08-04 03:00:00,Maitri,-12.51,19.3,980.3,73.4
2013-08-04 04:00:00,Maitri,-15.68,19.71,989.1,58.0
2013-08-04 05:00:00,Maitri,-19.22,16.8,987.1,68.9
2013-08-04 06:00:00,Maitri,-19.03,11.75,989.6,67.8
2013-08-04 07:00:00,Maitri,-17.68,8.14,996.0,72.7
2013-08-04 08:00:00,Maitri,-20.3,8.76,975.4,65.5
2013-08-04 09:00:00,Maitri,-17.19,18.69,966.3,57.9
2013-08-04 10:00:00,Maitri,-16.14,8.93,994.9,74.3
2013-08-04 11:00:00,Maitri,-17.91,11.34,986.3,62.8
2013-08-04 12:00:00,Maitri,-21.3,5.51,973.0,53.4
2013-08-04 13:00:00,Maitri,-18.58,7.25,971.2,56.9
2013-08-04 14:00:00,Maitri,-21.55,9.09,983.6,61.0
2013-08-04 15:00:00,Maitri,-18.61,15.48,977.2,30.8
2013-08-04 16:00:00,Maitri,-20.0,9.55,986.7,58.2
2013-08-04 17:00:00,Maitri,-17.79,12.72,980.1,68.0
2013-08-04 18:00:00,Maitri,-18.69,10.43,1012.0,60.3
2013-08-04 19:00:00,Maitri,-17.12,8.38,976.3,40.4
2013-08-04 20:00:00,Maitri,-23.12,25.26,990.8,46.7
2013-08-04 21:00:00,Maitri,-21.51,22.24,989.2,42.2
2013-08-04 22:00:00,Maitri,-12.24,15.13,987.3,68.2
2013-08-04 23:00:00,Maitri,-16.72,8.79,998.8,79.1
2013-08-05 00:00:00,Maitri,-13.82,11.28,988.9,56.9
2013-08-05 01:00:00,Maitri,-25.97,7.27,983.4,49.4
2013-08-05 02:00:00,Maitri,-21.72,3.68,975.3,44.8
2013-08-05 03:00:00,Maitri,-14.18,11.68,982.8,64.0
2013-08-05 04:00:00,Maitri,-17.92,20.82,1006.8,52.0
2013-08-05 05:00:00,Maitri,-18.05,6.44,1011.3,56.1
2013-08-05 06:00:00,Maitri,-20.76,10.93,986.2,60.1
2013-08-05 07:00:00,Maitri,-15.95,3.96,994.2,79.6
2013-08-05 08:00:00,Maitri,-17.73,13.29,980.9,50.6
2013-08-05 09:00:00,Maitri,-23.18,8.88,978.9,64.9
2013-08-05 10:00:00,Maitri,-21.11,11.68,981.8,67.3
2013-08-05 11:00:00,Maitri,-12.62,5.71,977.1,67.6
2013-08-05 12:00:00,Maitri,-16.16,11.71,970.0,66.2
2013-08-05 13:00:00,Maitri,-20.01,9.25,987.4,55.3
2013-08-05 14:00:00,Maitri,-18.07,10.07,990.5,54.3
2013-08-05 15:00:00,Maitri,-18.79,13.73,987.2,59.6
2013-08-05 16:00:00,Maitri,-21.43,10.19,975.0,33.5
2013-08-05 17:00:00,Maitri,-22.75,9.93,987.9,65.1
2013-08-05 18:00:00,Maitri,-12.77,16.26,985.2,66.5
2013-08-05 19:00:00,Maitri,-22.64,16.19,981.4,46.2
2013-08-05 20:00:00,Maitri,-16.17,11.53,975.8,46.0
2013-08-05 21:00:00,Maitri,-18.06,2.86,984.1,63.8
2013-08-05 22:00:00,Maitri,-19.68,9.3,984.7,22.7
2013-08-05 23:00:00,Maitri,-20.83,4.25,995.3,61.4
2013-08-06 00:00:00,Maitri,-20.91,22.6,988.2,43.8
2013-08-06 01:00:00,Maitri,-20.49,11.39,976.8,26.0
2013-08-06 02:00:00,Maitri,-20.31,11.99,992.7,59.7
2013-08-06 03:00:00,Maitri,-18.8,4.74,998.8,40.1
2013-08-06 04:00:00,Maitri,-23.61,3.22,985.1,55.4
2013-08-06 05:00:00,Maitri,-17.99,31.26,988.8,69.0
2013-08-06 06:00:00,Maitri,-20.98,7.0,1007.0,80.5
2013-08-06 07:00:00,Maitri,-23.26,15.56,983.6,45.3
2013-08-06 08:00:00,Maitri,-15.09,6.16,991.8,56.4
2013-08-06 09:00:00,Maitri,-17.53,6.5,983.0,56.2
2013-08-06 10:00:00,Maitri,-27.16,22.86,998.9,63.3
2013-08-06 11:00:00,Maitri,-11.15,6.28,989.5,42.6
2013-08-06 12:00:00,Maitri,-20.4,3.33,1004.3,52.2
2013-08-06 13:00:00,Maitri,-16.64,13.71,983.8,41.3
2013-08-06 14:00:00,Maitri,-15.44,15.08,973.3,69.4
2013-08-06 15:00:00,Maitri,-22.18,11.33,983.8,86.2
2013-08-06 16:00:00,Maitri,-19.18,2.72,983.5,61.5
2013-08-06 17:00:00,Maitri,-24.39,11.8,988.0,54.0
2013-08-06 18:00:00,Maitri,-11.15,10.18,996.7,56.7
2013-08-06 19:00:00,Maitri,-18.31,8.76,973.0,39.5
2013-08-06 20:00:00,Maitri,-20.48,6.13,979.1,50.4
2013-08-06 21:00:00,Maitri,-10.44,8.81,988.2,61.0
2013-08-06 22:00:00,Maitri,-14.65,5.87,998.5,46.1
2013-08-06 23:00:00,Maitri,-17.39,23.23,993.9,45.2
2013-08-07 00:00:00,Maitri,-21.13,20.08,968.9,70.3
2013-08-07 01:00:00,Maitri,-18.91,9.83,970.6,60.8
2013-08-07 02:00:00,Maitri,-21.09,11.38,985.3,65.2
2013-08-07 03:00:00,Maitri,-19.87,9.17,975.1,57.0
2013-08-07 04:00:00,Maitri,-28.54,21.73,991.3,84.2
2013-08-07 05:00:00,Maitri,-20.46,4.11,976.8,47.3
2013-08-07 06:00:00,Maitri,-17.13,5.78,969.0,68.0
2013-08-07 07:00:00,Maitri,-20.81,11.37,983.5,42.0
2013-08-07 08:00:00,Maitri,-23.92,3.09,1006.0,50.7
2013-08-07 09:00:00,Maitri,-23.56,5.14,961.3,57.9
2013-08-07 10:00:00,Maitri,-17.07,19.98,992.0,74.5
2013-08-07 11:00:00,Maitri,-20.83,10.88,981.6,44.7
2013-08-07 12:00:00,Maitri,-21.12,13.32,992.5,63.2
2013-08-07 13:00:00,Maitri,-20.01,4.08,980.9,80.0
2013-08-07 14:00:00,Maitri,-19.09,9.52,988.6,56.4
2013-08-07 15:00:00,Maitri,-16.73,19.79,994.5,53.5
2013-08-07 16:00:00,Maitri,-12.22,4.07,971.0,61.7
2013-08-07 17:00:00,Maitri,-17.05,4.84,980.7,54.9
2013-08-07 18:00:00,Maitri,-14.74,9.64,971.9,45.5
2013-08-07 19:00:00,Maitri,-22.23,14.0,981.2,54.4
2013-08-07 20:00:00,Maitri,-20.93,9.58,986.8,62.0
2013-08-07 21:00:00,Maitri,-13.97,8.58,1005.7,58.2
2013-08-07 22:00:00,Maitri,-20.56,21.84,975.4,61.9
2013-08-07 23:00:00,Maitri,-14.11,10.44,987.0,54.1
2013-08-08 00:00:00,Maitri,-13.73,10.89,985.4,48.3
2013-08-08 01:00:00,Maitri,-26.5,12.18,976.6,38.4
2013-08-08 02:00:00,Maitri,-17.96,24.48,988.7,66.3
2013-08-08 03:00:00,Maitri,-16.46,8.2,982.8,61.6
2013-08-08 04:00:00,Maitri,-19.47,7.91,978.9,73.3
2013-08-08 05:00:00,Maitri,-21.34,6.76,983.8,60.3
2013-08-08 06:00:00,Maitri,-24.81,13.73,976.2,20.0
2013-08-08 07:00:00,Maitri,-21.2,4.4,1001.4,56.6
2013-08-08 08:00:00,Maitri,-15.61,9.99,979.2,69.3
2013-08-08 09:00:00,Maitri,-17.87,14.41,988.2,55.0
2013-08-08 10:00:00,Maitri,-11.71,8.69,990.5,51.9
2013-08-08 11:00:00,Maitri,-21.05,13.05,986.9,67.9
2013-08-08 12:00:00,Maitri,-17.83,11.01,985.8,43.7
2013-08-08 13:00:00,Maitri,-22.11,3.4,1005.3,70.9
2013-08-08 14:00:00,Maitri,-20.22,6.05,974.8,46.8
2013-08-08 15:00:00,Maitri,-16.91,5.74,972.7,39.2
2013-08-08 16:00:00,Maitri,-22.6,3.72,989.9,54.9
2013-08-08 17:00:00,Maitri,-12.39,2.48,981.7,66.0
2013-08-08 18:00:00,Maitri,-17.97,7.58,975.6,54.0
2013-08-08 19:00:00,Maitri,-18.87,20.09,989.7,64.6
2013-08-08 20:00:00,Maitri,-22.84,8.24,976.6,49.9
2013-08-08 21:00:00,Maitri,-22.45,8.88,990.4,36.9
2013-08-08 22:00:00,Maitri,-16.84,19.59,979.1,55.4
2013-08-08 23:00:00,Maitri,-12.26,2.89,968.4,66.4
2013-08-09 00:00:00,Maitri,-20.15,8.07,979.9,74.1
2013-08-09 01:00:00,Maitri,-15.8,20.45,1012.7,63.9
2013-08-09 02:00:00,Maitri,-18.64,15.36,998.0,48.5
2013-08-09 03:00:00,Maitri,-20.97,6.21,990.7,36.9
2013-08-09 04:00:00,Maitri,-20.78,9.64,995.7,55.7
2013-08-09 05:00:00,Maitri,-14.53,11.49,983.2,68.6
2013-08-09 06:00:00,Maitri,-26.33,4.38,988.5,60.9
2013-08-09 07:00:00,Maitri,-23.13,5.61,995.6,62.7
2013-08-09 08:00:00,Maitri,-25.01,3.19,993.5,73.1
2013-08-09 09:00:00,Maitri,-21.66,8.94,993.9,47.2
2013-08-09 10:00:00,Maitri,-16.32,10.63,996.6,68.5
2013-08-09 11:00:00,Maitri,-21.4,3.47,1008.8,47.9
2013-08-09 12:00:00,Maitri,-21.16,9.52,990.1,60.2
2013-08-09 13:00:00,Maitri,-23.8,2.69,983.6,45.7
2013-08-09 14:00:00,Maitri,-17.8,22.13,993.5,66.5
2013-08-09 15:00:00,Maitri,-23.24,9.01,1000.8,40.6
2013-08-09 16:00:00,Maitri,-18.4,5.2,982.6,51.5
2013-08-09 17:00:00,Maitri,-22.52,21.79,995.6,61.7
2013-08-09 18:00:00,Maitri,-17.99,2.94,983.3,69.9
2013-08-09 19:00:00,Maitri,-14.11,6.99,999.5,46.9
2013-08-09 20:00:00,Maitri,-19.94,10.57,984.8,59.5
2013-08-09 21:00:00,Maitri,-16.71,14.52,986.2,55.0
2013-08-09 22:00:00,Maitri,-23.48,18.31,991.9,52.2
2013-08-09 23:00:00,Maitri,-21.95,18.9,983.4,54.9
2013-08-10 00:00:00,Maitri,-20.32,7.15,984.0,51.9
2013-08-10 01:00:00,Maitri,-23.86,4.54,975.4,73.7
2013-08-10 02:00:00,Maitri,-16.25,9.1,1003.3,79.7
2013-08-10 03:00:00,Maitri,-17.66,11.31,985.9,77.4
2013-08-10 04:00:00,Maitri,-21.15,19.09,973.1,54.5
2013-08-10 05:00:00,Maitri,-10.22,7.71,979.7,57.6
2013-08-10 06:00:00,Maitri,-21.19,10.32,989.9,73.4
2013-08-10 07:00:00,Maitri,-19.17,12.32,984.2,73.8
2013-08-10 08:00:00,Maitri,-19.02,14.67,997.3,57.3
2013-08-10 09:00:00,Maitri,-23.73,5.76,990.6,55.8
2013-08-10 10:00:00,Maitri,-19.86,8.76,983.3,58.7
2013-08-10 11:00:00,Maitri,-20.75,32.25,978.9,71.6
2013-08-10 12:00:00,Maitri,-22.47,6.75,991.5,60.0
2013-08-10 13:00:00,Maitri,-15.11,11.52,998.0,74.7
2013-08-10 14:00:00,Maitri,-19.38,9.07,1001.0,69.9
2013-08-10 15:00:00,Maitri,-20.14,17.06,1006.3,49.0
2013-08-10 16:00:00,Maitri,-12.23,8.14,981.4,71.2
2013-08-10 17:00:00,Maitri,-20.93,11.46,970.4,47.4
2013-08-10 18:00:00,Maitri,-19.43,16.12,1002.3,68.2
2013-08-10 19:00:00,Maitri,-16.17,6.46,970.3,63.6
2013-08-10 20:00:00,Maitri,-20.15,4.04,991.0,62.6
2013-08-10 21:00:00,Maitri,-15.88,2.65,991.5,37.2
2013-08-10 22:00:00,Maitri,-18.58,18.1,992.5,54.6
2013-08-10 23:00:00,Maitri,-14.12,3.19,983.5,56.1
2013-08-11 00:00:00,Maitri,-15.33,10.46,997.6,54.1
2013-08-11 01:00:00,Maitri,-17.38,9.94,994.3,43.5
2013-08-11 02:00:00,Maitri,-22.24,9.35,979.9,45.2
2013-08-11 03:00:00,Maitri,-26.44,15.66,984.9,54.7
2013-08-11 04:00:00,Maitri,-21.99,8.76,991.3,70.3
2013-08-11 05:00:00,Maitri,-23.34,28.02,986.2,84.7
2013-08-11 06:00:00,Maitri,-21.3,21.52,973.8,41.0
2013-08-11 07:00:00,Maitri,-12.17,10.1,964.3,52.0
2013-08-11 08:00:00,Maitri,-19.1,16.47,970.0,62.0
2013-08-11 09:00:00,Maitri,-16.56,5.3,1000.1,48.7
2013-08-11 10:00:00,Maitri,-14.72,16.56,986.6,68.4
2013-08-11 11:00:00,Maitri,-19.63,18.47,959.7,77.5
2013-08-11 12:00:00,Maitri,-18.69,13.11,1004.9,62.2
2013-08-11 13:00:00,Maitri,-21.71,3.2,963.5,30.9
2013-08-11 14:00:00,Maitri,-15.39,1.7,972.9,65.0
2013-08-11 15:00:00,Maitri,-20.78,13.33,975.1,49.7
2013-08-11 16:00:00,Maitri,-14.69,23.39,983.3,50.2
2013-08-11 17:00:00,Maitri,-16.84,11.03,974.8,69.7
2013-08-11 18:00:00,Maitri,-20.77,3.66,975.3,46.6
2013-08-11 19:00:00,Maitri,-19.94,3.95,1002.1,57.3
2013-08-11 20:00:00,Maitri,-19.69,11.08,1004.7,52.4
2013-08-11 21:00:00,Maitri,-17.38,18.0,987.8,59.9
2013-08-11 22:00:00,Maitri,-16.86,14.99,1001.6,67.7
2013-08-11 23:00:00,Maitri,-10.47,5.45,1002.1,44.1
2013-08-12 00:00:00,Maitri,-19.9,23.45,993.9,59.9
2013-08-12 01:00:00,Maitri,-16.82,6.63,1002.6,56.4
2013-08-12 02:00:00,Maitri,-16.29,6.64,1002.1,56.6
2013-08-12 03:00:00,Maitri,-19.52,14.89,993.1,45.4
2013-08-12 04:00:00,Maitri,-16.4,2.73,1016.1,48.4
2013-08-12 05:00:00,Maitri,-20.71,2.98,967.0,54.7
2013-08-12 06:00:00,Maitri,-12.42,9.1,981.3,32.9
2013-08-12 07:00:00,Maitri,-18.61,22.77,977.9,58.0
2013-08-12 08:00:00,Maitri,-13.22,25.58,990.0,40.7
2013-08-12 09:00:00,Maitri,-18.48,9.83,987.2,51.2
2013-08-12 10:00:00,Maitri,-21.22,7.19,990.4,54.7
2013-08-12 11:00:00,Maitri,-16.43,31.86,981.3,56.1
2013-08-12 12:00:00,Maitri,-16.5,5.33,991.1,32.8
2013-08-12 13:00:00,Maitri,-20.9,5.2,1000.2,50.3
2013-08-12 14:00:00,Maitri,-23.89,8.83,989.9,52.0
2013-08-12 15:00:00,Maitri,-22.25,2.77,992.0,67.0
2013-08-12 16:00:00,Maitri,-18.72,9.02,961.4,59.6
2013-08-12 17:00:00,Maitri,-28.14,8.48,1015.4,57.4
2013-08-12 18:00:00,Maitri,-22.28,6.56,989.7,55.2
2013-08-12 19:00:00,Maitri,-17.89,10.35,977.4,53.3
2013-08-12 20:00:00,Maitri,-13.18,13.93,974.8,78.8
2013-08-12 21:00:00,Maitri,-16.94,22.46,992.7,61.9
2013-08-12 22:00:00,Maitri,-19.18,8.47,979.9,63.3
2013-08-12 23:00:00,Maitri,-26.36,4.32,995.2,47.6
2013-08-13 00:00:00,Maitri,-15.87,10.55,977.8,43.5
2013-08-13 01:00:00,Maitri,-22.36,4.49,974.7,74.0
2013-08-13 02:00:00,Maitri,-16.68,7.25,974.5,63.1
2013-08-13 03:00:00,Maitri,-23.23,13.27,969.5,61.2
2013-08-13 04:00:00,Maitri,-18.88,1.39,995.7,57.6
2013-08-13 05:00:00,Maitri,-19.48,5.24,990.1,49.7
2013-08-13 06:00:00,Maitri,-17.92,8.83,989.2,66.5
2013-08-13 07:00:00,Maitri,-14.4,3.04,986.4,59.4
2013-08-13 08:00:00,Maitri,-16.06,14.65,1005.9,69.9
2013-08-13 09:00:00,Maitri,-19.75,10.06,963.0,54.9
2013-08-13 10:00:00,Maitri,-16.22,40.99,975.0,77.3
2013-08-13 11:00:00,Maitri,-22.89,5.21,988.3,48.5
2013-08-13 12:00:00,Maitri,-17.33,9.35,974.4,43.3
2013-08-13 13:00:00,Maitri,-12.38,7.47,970.7,62.8
2013-08-13 14:00:00,Maitri,-18.16,8.36,985.4,70.1
2013-08-13 15:00:00,Maitri,-24.77,15.2,983.7,59.7
2013-08-13 16:00:00,Maitri,-14.56,6.75,994.5,62.9
2013-08-13 17:00:00,Maitri,-18.5,14.01,970.6,78.7
2013-08-13 18:00:00,Maitri,-21.18,8.19,987.1,64.5
2013-08-13 19:00:00,Maitri,-20.63,5.68,989.3,40.5
2013-08-13 20:00:00,Maitri,-20.95,10.68,1009.4,50.4
2013-08-13 21:00:00,Maitri,-19.69,22.35,979.1,64.7
2013-08-13 22:00:00,Maitri,-17.24,15.6,981.5,46.2
2013-08-13 23:00:00,Maitri,-15.98,22.44,973.6,53.4
2013-08-14 00:00:00,Maitri,-13.99,10.92,998.4,62.0
2013-08-14 01:00:00,Maitri,-24.21,14.31,975.5,32.6
2013-08-14 02:00:00,Maitri,-19.19,3.93,996.8,60.0
2013-08-14 03:00:00,Maitri,-19.66,22.88,983.1,70.8
2013-08-14 04:00:00,Maitri,-19.46,6.83,983.2,52.2
2013-08-14 05:00:00,Maitri,-24.89,6.43,980.3,23.8
2013-08-14 06:00:00,Maitri,-18.91,6.35,982.5,51.7
2013-08-14 07:00:00,Maitri,-21.42,8.21,988.4,54.9
2013-08-14 08:00:00,Maitri,-18.64,6.67,979.0,51.6
2013-08-14 09:00:00,Maitri,-19.32,5.69,985.8,46.8
2013-08-14 10:00:00,Maitri,-26.85,8.04,983.6,42.7
2013-08-14 11:00:00,Maitri,-15.95,6.5,977.9,81.8
2013-08-14 12:00:00,Maitri,-16.3,6.88,991.1,46.3
2013-08-14 13:00:00,Maitri,-21.91,16.81,984.6,43.1
2013-08-14 14:00:00,Maitri,-12.14,6.18,983.3,48.0
2013-08-14 15:00:00,Maitri,-14.08,18.1,1010.2,70.0
2013-08-14 16:00:00,Maitri,-13.16,12.6,989.7,69.7
2013-08-14 17:00:00,Maitri,-14.46,6.12,977.0,36.5
2013-08-14 18:00:00,Maitri,-17.64,11.19,1000.7,44.8
2013-08-14 19:00:00,Maitri,-23.2,7.85,990.9,55.8
2013-08-14 20:00:00,Maitri,-21.4,11.39,994.5,79.1
2013-08-14 21:00:00,Maitri,-14.54,13.03,991.4,62.3
2013-08-14 22:00:00,Maitri,-16.74,2.4,987.4,75.0
2013-08-14 23:00:00,Maitri,-24.55,5.9,990.0,52.0
2013-08-15 00:00:00,Maitri,-26.36,23.15,978.8,58.7
2013-08-15 01:00:00,Maitri,-21.17,11.18,980.2,59.5
2013-08-15 02:00:00,Maitri,-17.14,8.51,980.1,62.4
2013-08-15 03:00:00,Maitri,-20.13,15.11,999.1,51.1
2013-08-15 04:00:00,Maitri,-17.51,11.0,1003.8,67.8
2013-08-15 05:00:00,Maitri,-17.72,7.74,984.0,44.4
2013-08-15 06:00:00,Maitri,-21.45,41.98,970.8,44.6
2013-08-15 07:00:00,Maitri,-16.75,20.52,979.1,67.6
2013-08-15 08:00:00,Maitri,-17.91,8.58,987.2,73.0
2013-08-15 09:00:00,Maitri,-18.88,13.32,987.1,54.7
2013-08-15 10:00:00,Maitri,-18.67,11.15,969.3,52.8
2013-08-15 11:00:00,Maitri,-19.7,4.32,977.8,44.2
2013-08-15 12:00:00,Maitri,-25.87,7.99,966.5,47.9
2013-08-15 13:00:00,Maitri,-17.7,22.13,984.7,58.1
2013-08-15 14:00:00,Maitri,-15.43,12.98,976.9,49.3
2013-08-15 15:00:00,Maitri,-15.18,9.46,992.9,50.3
2013-08-15 16:00:00,Maitri,-16.01,9.99,975.7,32.5
2013-08-15 17:00:00,Maitri,-19.16,10.14,992.9,53.1
2013-08-15 18:00:00,Maitri,-14.76,13.54,993.3,62.4
2013-08-15 19:00:00,Maitri,-16.38,17.04,986.8,66.4
2013-08-15 20:00:00,Maitri,-20.12,8.65,979.0,41.6
2013-08-15 21:00:00,Maitri,-20.16,5.55,989.4,37.7
2013-08-15 22:00:00,Maitri,-19.94,13.45,992.2,58.7
2013-08-15 23:00:00,Maitri,-16.76,20.76,1001.8,51.6
2013-08-16 00:00:00,Maitri,-21.98,15.48,985.2,61.3
2013-08-16 01:00:00,Maitri,-16.52,7.33,962.5,60.8
2013-08-16 02:00:00,Maitri,-15.91,5.55,997.3,45.9
2013-08-16 03:00:00,Maitri,-18.91,16.79,985.2,62.1
2013-08-16 04:00:00,Maitri,-19.39,12.61,987.8,70.8
2013-08-16 05:00:00,Maitri,-15.26,7.31,971.7,51.0
2013-08-16 06:00:00,Maitri,-20.06,9.0,1003.8,62.9
2013-08-16 07:00:00,Maitri,-17.34,12.15,987.0,65.6
2013-08-16 08:00:00,Maitri,-23.22,5.58,994.3,42.3
2013-08-16 09:00:00,Maitri,-21.57,7.86,988.4,59.5
2013-08-16 10:00:00,Maitri,-15.3,13.25,990.3,57.1
2013-08-16 11:00:00,Maitri,-23.34,25.59,964.9,69.1
2013-08-16 12:00:00,Maitri,-19.28,8.99,972.4,51.1
2013-08-16 13:00:00,Maitri,-14.08,14.36,997.4,46.0
2013-08-16 14:00:00,Maitri,-17.32,4.39,998.5,37.4
2013-08-16 15:00:00,Maitri,-25.1,6.33,968.7,58.2
2013-08-16 16:00:00,Maitri,-16.01,8.7,989.1,53.4
2013-08-16 17:00:00,Maitri,-17.69,3.35,1001.6,60.4
2013-08-16 18:00:00,Maitri,-19.17,23.96,990.0,47.2
2013-08-16 19:00:00,Maitri,-22.2,9.59,986.4,71.6
2013-08-16 20:00:00,Maitri,-23.41,11.68,1007.8,20.4
2013-08-16 21:00:00,Maitri,-17.67,10.47,1001.5,57.1
2013-08-16 22:00:00,Maitri,-14.85,25.53,987.9,60.2
2013-08-16 23:00:00,Maitri,-17.01,3.96,996.1,62.5
2013-08-17 00:00:00,Maitri,-21.65,22.92,990.4,50.0
2013-08-17 01:00:00,Maitri,-18.17,12.27,976.1,55.8
2013-08-17 02:00:00,Maitri,-17.61,8.83,979.6,67.0
2013-08-17 03:00:00,Maitri,-14.49,4.33,997.4,26.8
2013-08-17 04:00:00,Maitri,-19.39,7.4,967.8,66.7
2013-08-17 05:00:00,Maitri,-21.64,8.63,985.5,59.5
2013-08-17 06:00:00,Maitri,-15.42,6.75,1000.8,44.0
2013-08-17 07:00:00,Maitri,-12.56,9.85,954.7,58.6
2013-08-17 08:00:00,Maitri,-15.07,6.79,993.3,44.0
2013-08-17 09:00:00,Maitri,-18.38,9.12,992.4,47.4
2013-08-17 10:00:00,Maitri,-17.85,16.91,989.8,52.2
2013-08-17 11:00:00,Maitri,-19.0,11.27,973.4,63.3
2013-08-17 12:00:00,Maitri,-19.53,10.44,976.9,55.3
2013-08-17 13:00:00,Maitri,-19.1,6.62,974.3,62.3
2013-08-17 14:00:00,Maitri,-16.77,9.07,994.8,36.3
2013-08-17 15:00:00,Maitri,-17.13,23.4,983.6,65.4
2013-08-17 16:00:00,Maitri,-13.87,9.82,974.1,76.9
2013-08-17 17:00:00,Maitri,-16.99,17.57,977.5,41.9
2013-08-17 18:00:00,Maitri,-17.6,8.01,989.9,52.8
2013-08-17 19:00:00,Maitri,-14.72,10.74,988.5,68.0
2013-08-17 20:00:00,Maitri,-17.72,19.58,1010.1,64.2
2013-08-17 21:00:00,Maitri,-14.26,5.84,996.4,50.9
2013-08-17 22:00:00,Maitri,-15.0,6.01,977.7,60.7
2013-08-17 23:00:00,Maitri,-24.37,6.39,989.9,67.8
2013-08-18 00:00:00,Maitri,-14.16,9.76,980.0,71.4
2013-08-18 01:00:00,Maitri,-14.1,4.33,959.6,78.1
2013-08-18 02:00:00,Maitri,-16.63,21.3,996.5,62.4
2013-08-18 03:00:00,Maitri,-19.91,10.69,1008.5,63.8
2013-08-18 04:00:00,Maitri,-17.54,20.55,960.5,76.8
2013-08-18 05:00:00,Maitri,-23.36,8.88,971.7,50.5
2013-08-18 06:00:00,Maitri,-20.36,5.85,1002.3,66.8
2013-08-18 07:00:00,Maitri,-16.31,21.74,1011.8,49.3
2013-08-18 08:00:00,Maitri,-19.66,16.2,994.8,71.0
2013-08-18 09:00:00,Maitri,-18.55,20.5,987.6,61.1
2013-08-18 10:00:00,Maitri,-10.76,12.67,992.4,57.0
2013-08-18 11:00:00,Maitri,-20.81,23.46,986.7,59.0
2013-08-18 12:00:00,Maitri,-25.77,15.94,983.0,47.2
2013-08-18 13:00:00,Maitri,-17.53,8.1,981.9,58.8
2013-08-18 14:00:00,Maitri,-13.78,16.44,979.6,68.2
2013-08-18 15:00:00,Maitri,-13.9,9.53,1006.0,63.8
2013-08-18 16:00:00,Maitri,-19.0,8.98,989.4,69.7
2013-08-18 17:00:00,Maitri,-18.62,7.28,1004.4,49.7
2013-08-18 18:00:00,Maitri,-14.95,13.68,1002.1,52.2
2013-08-18 19:00:00,Maitri,-18.2,15.56,991.3,49.0
2013-08-18 20:00:00,Maitri,-23.54,14.99,1000.2,77.1
2013-08-18 21:00:00,Maitri,-20.17,8.72,1000.6,73.2
2013-08-18 22:00:00,Maitri,-18.94,23.21,973.7,61.2
2013-08-18 23:00:00,Maitri,-17.16,13.87,1003.5,63.5
2013-08-19 00:00:00,Maitri,-20.56,4.98,981.8,64.5
2013-08-19 01:00:00,Maitri,-20.5,2.39,985.1,42.3
2013-08-19 02:00:00,Maitri,-20.2,5.49,986.9,49.2
2013-08-19 03:00:00,Maitri,-18.75,14.42,1000.4,67.0
2013-08-19 04:00:00,Maitri,-13.19,6.95,980.7,43.2
2013-08-19 05:00:00,Maitri,-22.21,19.17,983.3,71.5
2013-08-19 06:00:00,Maitri,-16.01,8.12,998.8,63.0
2013-08-19 07:00:00,Maitri,-16.21,15.23,1002.5,51.3
2013-08-19 08:00:00,Maitri,-20.4,8.49,968.5,74.4
2013-08-19 09:00:00,Maitri,-17.78,29.89,989.8,28.3
2013-08-19 10:00:00,Maitri,-18.65,14.76,999.2,27.6
2013-08-19 11:00:00,Maitri,-18.34,10.61,990.5,58.7
2013-08-19 12:00:00,Maitri,-14.64,13.86,996.5,40.5
2013-08-19 13:00:00,Maitri,-16.56,5.82,990.8,39.3
2013-08-19 14:00:00,Maitri,-12.91,15.26,1003.0,90.6
2013-08-19 15:00:00,Maitri,-14.61,3.58,974.7,39.7
2013-08-19 16:00:00,Maitri,-20.91,15.87,998.2,72.3
2013-08-19 17:00:00,Maitri,-15.96,32.02,981.5,47.3
2013-08-19 18:00:00,Maitri,-15.29,15.69,990.9,78.5
2013-08-19 19:00:00,Maitri,-19.59,10.18,973.2,30.7
2013-08-19 20:00:00,Maitri,-16.61,21.76,988.0,65.0
2013-08-19 21:00:00,Maitri,-16.77,5.93,981.2,43.4
2013-08-19 22:00:00,Maitri,-17.52,9.92,969.8,55.4
2013-08-19 23:00:00,Maitri,-16.89,12.15,976.5,62.3
2013-08-20 00:00:00,Maitri,-12.45,1.75,988.5,64.0
2013-08-20 01:00:00,Maitri,-18.59,7.46,975.1,56.1
2013-08-20 02:00:00,Maitri,-18.18,4.73,1000.7,59.6
2013-08-20 03:00:00,Maitri,-16.43,1.97,983.6,70.2
2013-08-20 04:00:00,Maitri,-18.1,21.62,993.1,55.6
2013-08-20 05:00:00,Maitri,-17.6,6.44,989.1,66.9
2013-08-20 06:00:00,Maitri,-14.57,5.49,989.1,53.3
2013-08-20 07:00:00,Maitri,-11.9,7.45,997.6,53.7
2013-08-20 08:00:00,Maitri,-17.87,4.34,985.2,38.5
2013-08-20 09:00:00,Maitri,-6.15,23.71,977.9,55.1
2013-08-20 10:00:00,Maitri,-13.72,15.21,978.6,44.5
2013-08-20 11:00:00,Maitri,-18.72,3.8,1012.5,57.6
2013-08-20 12:00:00,Maitri,-24.07,14.52,988.0,65.0
2013-08-20 13:00:00,Maitri,-13.86,12.44,965.6,63.2
2013-08-20 14:00:00,Maitri,-17.54,13.97,986.6,40.6
2013-08-20 15:00:00,Maitri,-11.44,23.29,989.5,53.0
2013-08-20 16:00:00,Maitri,-16.99,19.86,994.6,62.0
2013-08-20 17:00:00,Maitri,-17.91,6.01,988.6,62.2
2013-08-20 18:00:00,Maitri,-22.38,16.01,987.3,53.7
2013-08-20 19:00:00,Maitri,-17.73,23.02,993.4,65.6
2013-08-20 20:00:00,Maitri,-22.69,27.63,953.5,76.2
2013-08-20 21:00:00,Maitri,-19.2,7.71,997.0,54.5
2013-08-20 22:00:00,Maitri,-20.08,6.09,976.7,70.2
2013-08-20 23:00:00,Maitri,-21.23,5.72,995.2,50.4
2013-08-21 00:00:00,Maitri,-18.36,17.61,1008.7,66.4
2013-08-21 01:00:00,Maitri,-13.14,9.57,972.2,54.3
2013-08-21 02:00:00,Maitri,-21.92,6.62,985.5,40.5
2013-08-21 03:00:00,Maitri,-18.0,5.99,985.2,50.0
2013-08-21 04:00:00,Maitri,-17.2,6.18,983.0,49.9
2013-08-21 05:00:00,Maitri,-15.63,3.13,994.0,57.3
2013-08-21 06:00:00,Maitri,-13.22,4.86,986.6,54.3
2013-08-21 07:00:00,Maitri,-17.8,5.02,986.7,44.9
2013-08-21 08:00:00,Maitri,-21.3,5.99,997.3,58.2
2013-08-21 09:00:00,Maitri,-20.89,16.65,975.2,54.7
2013-08-21 10:00:00,Maitri,-20.17,8.63,983.3,49.0
2013-08-21 11:00:00,Maitri,-16.72,16.06,1003.1,59.5
2013-08-21 12:00:00,Maitri,-13.9,13.98,1013.6,47.5
2013-08-21 13:00:00,Maitri,-17.64,16.87,972.1,46.5
2013-08-21 14:00:00,Maitri,-19.68,10.96,987.1,53.5
2013-08-21 15:00:00,Maitri,-21.82,1.81,989.7,42.5
2013-08-21 16:00:00,Maitri,-18.97,8.31,989.4,44.6
2013-08-21 17:00:00,Maitri,-25.48,13.22,977.6,56.8
2013-08-21 18:00:00,Maitri,-17.26,11.17,998.8,70.4
2013-08-21 19:00:00,Maitri,-16.89,6.15,981.9,37.9
2013-08-21 20:00:00,Maitri,-17.45,14.39,997.0,70.7
2013-08-21 21:00:00,Maitri,-16.11,11.22,975.3,72.6
2013-08-21 22:00:00,Maitri,-15.21,7.23,996.8,60.9
2013-08-21 23:00:00,Maitri,-20.93,17.6,981.9,48.7
2013-08-22 00:00:00,Maitri,-23.64,7.48,986.7,76.6
2013-08-22 01:00:00,Maitri,-12.77,9.63,993.6,86.4
2013-08-22 02:00:00,Maitri,-18.42,10.3,993.7,71.6
2013-08-22 03:00:00,Maitri,-13.49,6.93,1007.3,67.8
2013-08-22 04:00:00,Maitri,-16.98,3.58,980.1,50.9
2013-08-22 05:00:00,Maitri,-9.75,5.67,975.3,66.5
2013-08-22 06:00:00,Maitri,-19.64,8.1,999.8,35.9
2013-08-22 07:00:00,Maitri,-23.84,14.11,986.8,50.7
2013-08-22 08:00:00,Maitri,-13.63,22.13,960.8,55.0
2013-08-22 09:00:00,Maitri,-19.6,13.07,984.2,42.2
2013-08-22 10:00:00,Maitri,-16.14,21.49,977.2,41.5
2013-08-22 11:00:00,Maitri,-13.68,17.59,989.2,73.8
2013-08-22 12:00:00,Maitri,-16.23,12.49,995.7,39.9
2013-08-22 13:00:00,Maitri,-23.65,8.31,1004.1,44.7
2013-08-22 14:00:00,Maitri,-20.04,17.45,989.1,62.7
2013-08-22 15:00:00,Maitri,-19.53,25.29,986.6,78.0
2013-08-22 16:00:00,Maitri,-12.8,19.0,994.3,67.5
2013-08-22 17:00:00,Maitri,-17.29,9.47,980.1,61.6
2013-08-22 18:00:00,Maitri,-21.44,14.33,995.3,57.7
2013-08-22 19:00:00,Maitri,-20.58,5.84,993.2,73.9
2013-08-22 20:00:00,Maitri,-14.97,7.29,971.6,57.7
2013-08-22 21:00:00,Maitri,-16.79,7.26,975.1,43.4
2013-08-22 22:00:00,Maitri,-14.15,23.23,976.9,37.8
2013-08-22 23:00:00,Maitri,-21.38,4.82,982.3,70.2
2013-08-23 00:00:00,Maitri,-16.35,7.61,992.9,67.8
2013-08-23 01:00:00,Maitri,-23.42,9.56,983.1,68.7
2013-08-23 02:00:00,Maitri,-19.88,37.03,998.3,54.7
2013-08-23 03:00:00,Maitri,-21.45,8.47,993.6,51.0
2013-08-23 04:00:00,Maitri,-16.79,4.19,989.9,45.7
2013-08-23 05:00:00,Maitri,-17.78,21.03,982.5,69.7
2013-08-23 06:00:00,Maitri,-6.54,9.79,991.1,68.9
2013-08-23 07:00:00,Maitri,-19.39,5.1,980.5,61.3
2013-08-23 08:00:00,Maitri,-15.11,5.75,971.1,79.3
2013-08-23 09:00:00,Maitri,-20.97,2.75,973.4,66.1
2013-08-23 10:00:00,Maitri,-17.71,26.95,995.0,60.3
2013-08-23 11:00:00,Maitri,-11.9,1.16,994.8,73.7
2013-08-23 12:00:00,Maitri,-23.34,4.49,987.7,74.7
2013-08-23 13:00:00,Maitri,-14.47,4.12,990.1,73.8
2013-08-23 14:00:00,Maitri,-18.36,6.49,985.4,44.2
2013-08-23 15:00:00,Maitri,-11.78,13.84,986.8,40.8
2013-08-23 16:00:00,Maitri,-23.05,19.22,982.2,67.7
2013-08-23 17:00:00,Maitri,-23.52,7.65,989.6,31.5
2013-08-23 18:00:00,Maitri,-24.88,23.32,1005.1,53.7
2013-08-23 19:00:00,Maitri,-20.75,11.44,980.5,40.2
2013-08-23 20:00:00,Maitri,-20.68,17.2,992.4,91.6
2013-08-23 21:00:00,Maitri,-16.67,16.54,990.2,40.9
2013-08-23 22:00:00,Maitri,-9.5,3.92,992.7,54.3
2013-08-23 23:00:00,Maitri,-20.15,8.64,977.6,55.1
2013-08-24 00:00:00,Maitri,-17.64,16.84,995.7,73.1
2013-08-24 01:00:00,Maitri,-21.9,30.31,965.5,61.2
2013-08-24 02:00:00,Maitri,-18.06,13.93,986.4,58.1
2013-08-24 03:00:00,Maitri,-14.81,4.31,982.8,85.9
2013-08-24 04:00:00,Maitri,-15.03,4.32,974.8,67.4
2013-08-24 05:00:00,Maitri,-12.53,15.99,993.5,56.6
2013-08-24 06:00:00,Maitri,-16.34,6.98,976.6,53.0
2013-08-24 07:00:00,Maitri,-23.15,11.1,985.1,53.1
2013-08-24 08:00:00,Maitri,-23.48,8.69,987.5,32.6
2013-08-24 09:00:00,Maitri,-16.54,20.72,1001.7,52.1
2013-08-24 10:00:00,Maitri,-19.12,5.3,962.9,73.4
2013-08-24 11:00:00,Maitri,-17.59,8.59,993.1,47.5
2013-08-24 12:00:00,Maitri,-16.51,13.19,978.9,58.6
2013-08-24 13:00:00,Maitri,-18.74,5.88,1001.7,61.5
2013-08-24 14:00:00,Maitri,-16.87,2.73,989.7,78.6
2013-08-24 15:00:00,Maitri,-15.24,6.34,991.4,53.0
2013-08-24 16:00:00,Maitri,-12.79,21.25,983.0,44.9
2013-08-24 17:00:00,Maitri,-15.31,2.97,978.4,53.9
2013-08-24 18:00:00,Maitri,-19.93,5.23,993.7,42.1
2013-08-24 19:00:00,Maitri,-21.37,12.49,1000.7,52.4
2013-08-24 20:00:00,Maitri,-17.22,3.43,980.6,20.0
2013-08-24 21:00:00,Maitri,-19.51,30.9,984.4,52.8
2013-08-24 22:00:00,Maitri,-14.0,19.79,987.1,42.8
2013-08-24 23:00:00,Maitri,-23.51,4.99,1008.5,41.7
2013-08-25 00:00:00,Maitri,-18.56,19.77,986.1,55.4
2013-08-25 01:00:00,Maitri,-21.95,10.13,971.1,66.0
2013-08-25 02:00:00,Maitri,-20.43,4.75,969.2,46.6
2013-08-25 03:00:00,Maitri,-17.57,14.38,971.1,68.7
2013-08-25 04:00:00,Maitri,-22.29,19.34,979.0,65.5
2013-08-25 05:00:00,Maitri,-20.75,5.55,996.1,66.7
2013-08-25 06:00:00,Maitri,-21.09,22.43,996.6,54.8
2013-08-25 07:00:00,Maitri,-18.88,10.97,990.3,48.4
2013-08-25 08:00:00,Maitri,-22.62,14.89,990.8,34.8
2013-08-25 09:00:00,Maitri,-19.06,7.86,977.4,39.8
2013-08-25 10:00:00,Maitri,-26.34,26.78,970.3,56.1
2013-08-25 11:00:00,Maitri,-19.2,4.31,984.1,48.8
2013-08-25 12:00:00,Maitri,-13.28,2.68,979.4,49.7
2013-08-25 13:00:00,Maitri,-14.76,5.94,984.8,56.9
2013-08-25 14:00:00,Maitri,-23.16,16.62,990.7,48.0
2013-08-25 15:00:00,Maitri,-24.01,12.57,996.7,56.8
2013-08-25 16:00:00,Maitri,-15.48,11.67,976.6,44.6
2013-08-25 17:00:00,Maitri,-13.71,11.01,999.5,44.1
2013-08-25 18:00:00,Maitri,-18.65,4.73,991.2,71.4
2013-08-25 19:00:00,Maitri,-14.83,6.32,978.9,63.0
2013-08-25 20:00:00,Maitri,-18.59,4.84,976.7,59.1
2013-08-25 21:00:00,Maitri,-25.25,7.26,981.4,36.0
2013-08-25 22:00:00,Maitri,-29.88,2.7,992.2,74.1
2013-08-25 23:00:00,Maitri,-16.71,28.7,992.5,59.2
2013-08-26 00:00:00,Maitri,-16.49,16.16,988.2,71.5
2013-08-26 01:00:00,Maitri,-14.04,13.91,1014.0,42.9
2013-08-26 02:00:00,Maitri,-16.2,13.51,988.8,58.1
2013-08-26 03:00:00,Maitri,-18.29,14.4,1005.2,46.4
2013-08-26 04:00:00,Maitri,-19.38,7.36,991.0,43.5
2013-08-26 05:00:00,Maitri,-19.37,9.81,981.7,53.1
2013-08-26 06:00:00,Maitri,-20.85,17.5,979.4,55.0
2013-08-26 07:00:00,Maitri,-18.5,10.76,988.6,55.7
2013-08-26 08:00:00,Maitri,-15.8,10.03,988.0,60.0
2013-08-26 09:00:00,Maitri,-11.32,14.61,973.9,64.7
2013-08-26 10:00:00,Maitri,-17.75,2.62,988.2,49.5
2013-08-26 11:00:00,Maitri,-17.83,12.19,992.8,60.4
2013-08-26 12:00:00,Maitri,-13.12,2.48,979.5,48.7
2013-08-26 13:00:00,Maitri,-16.5,17.5,1003.0,46.4
2013-08-26 14:00:00,Maitri,-17.64,8.95,978.8,73.0
2013-08-26 15:00:00,Maitri,-12.98,26.42,990.3,72.3
2013-08-26 16:00:00,Maitri,-17.04,20.82,976.8,66.6
2013-08-26 17:00:00,Maitri,-15.83,12.01,986.5,32.6
2013-08-26 18:00:00,Maitri,-23.04,5.49,978.9,43.7
2013-08-26 19:00:00,Maitri,-20.08,10.33,995.8,54.8
2013-08-26 20:00:00,Maitri,-15.49,10.95,992.2,74.6
2013-08-26 21:00:00,Maitri,-23.47,4.45,989.2,63.5
2013-08-26 22:00:00,Maitri,-13.45,17.69,981.2,35.3
2013-08-26 23:00:00,Maitri,-22.81,6.33,993.2,38.8
2013-08-27 00:00:00,Maitri,-19.06,13.94,978.0,57.8
2013-08-27 01:00:00,Maitri,-11.16,3.23,994.8,66.6
2013-08-27 02:00:00,Maitri,-15.8,8.71,998.8,46.8
2013-08-27 03:00:00,Maitri,-19.43,7.85,992.5,50.8
2013-08-27 04:00:00,Maitri,-13.31,5.38,990.2,55.3
2013-08-27 05:00:00,Maitri,-20.63,11.06,988.3,74.2
2013-08-27 06:00:00,Maitri,-18.03,8.34,974.6,52.3
2013-08-27 07:00:00,Maitri,-23.49,6.21,982.2,51.8
2013-08-27 08:00:00,Maitri,-12.15,9.18,985.2,50.9
2013-08-27 09:00:00,Maitri,-21.74,4.76,992.7,77.8
2013-08-27 10:00:00,Maitri,-18.19,2.48,989.0,60.3
2013-08-27 11:00:00,Maitri,-20.65,8.11,976.3,77.2
2013-08-27 12:00:00,Maitri,-18.04,22.74,983.4,45.2
2013-08-27 13:00:00,Maitri,-15.76,2.14,991.5,61.1
2013-08-27 14:00:00,Maitri,-22.07,31.78,1003.0,44.5
2013-08-27 15:00:00,Maitri,-19.77,12.53,986.6,51.4
2013-08-27 16:00:00,Maitri,-18.87,14.32,1001.6,41.4
2013-08-27 17:00:00,Maitri,-14.1,11.21,998.3,60.2
2013-08-27 18:00:00,Maitri,-17.07,8.56,1002.9,77.2
2013-08-27 19:00:00,Maitri,-17.16,4.38,979.3,77.1
2013-08-27 20:00:00,Maitri,-19.26,18.56,981.2,74.0
2013-08-27 21:00:00,Maitri,-15.48,6.75,974.3,57.7
2013-08-27 22:00:00,Maitri,-15.33,12.34,985.2,47.1
2013-08-27 23:00:00,Maitri,-16.74,5.41,969.0,36.2
2013-08-28 00:00:00,Maitri,-20.04,12.69,980.4,39.4
2013-08-28 01:00:00,Maitri,-21.08,6.13,989.8,45.2
2013-08-28 02:00:00,Maitri,-19.93,15.58,983.5,50.7
2013-08-28 03:00:00,Maitri,-17.77,11.7,998.9,49.7
2013-08-28 04:00:00,Maitri,-21.44,14.43,981.5,54.6
2013-08-28 05:00:00,Maitri,-21.56,1.19,999.3,53.4
2013-08-28 06:00:00,Maitri,-16.65,6.16,967.3,42.0
2013-08-28 07:00:00,Maitri,-18.82,13.52,976.9,52.6
2013-08-28 08:00:00,Maitri,-21.36,1.87,981.8,62.9
2013-08-28 09:00:00,Maitri,-11.81,4.39,989.5,59.7
2013-08-28 10:00:00,Maitri,-24.04,15.32,986.6,63.2
2013-08-28 11:00:00,Maitri,-21.09,3.63,988.6,45.7
2013-08-28 12:00:00,Maitri,-22.15,5.93,998.3,54.5
2013-08-28 13:00:00,Maitri,-12.36,11.73,998.6,44.2
2013-08-28 14:00:00,Maitri,-17.37,12.59,974.3,20.0
2013-08-28 15:00:00,Maitri,-19.12,10.7,984.2,61.2
2013-08-28 16:00:00,Maitri,-17.2,2.13,995.2,56.0
2013-08-28 17:00:00,Maitri,-22.17,10.29,991.2,60.7
2013-08-28 18:00:00,Maitri,-21.05,4.71,972.5,61.0
2013-08-28 19:00:00,Maitri,-18.91,16.28,1006.1,37.5
2013-08-28 20:00:00,Maitri,-19.26,23.91,981.9,65.6
2013-08-28 21:00:00,Maitri,-19.96,17.15,986.7,37.5
2013-08-28 22:00:00,Maitri,-19.18,3.75,1000.4,51.8
2013-08-28 23:00:00,Maitri,-20.67,4.04,990.9,76.4
2013-08-29 00:00:00,Maitri,-15.83,7.99,1008.5,66.2
2013-08-29 01:00:00,Maitri,-17.72,12.92,980.9,58.5
2013-08-29 02:00:00,Maitri,-14.99,11.69,996.8,54.2
2013-08-29 03:00:00,Maitri,-14.92,7.86,987.7,58.3
2013-08-29 04:00:00,Maitri,-19.74,4.76,1004.3,60.7
2013-08-29 05:00:00,Maitri,-16.05,26.24,1000.9,51.1
2013-08-29 06:00:00,Maitri,-19.89,3.73,994.1,64.2
2013-08-29 07:00:00,Maitri,-14.33,19.46,994.2,62.6
2013-08-29 08:00:00,Maitri,-14.79,34.92,995.0,60.8
2013-08-29 09:00:00,Maitri,-19.79,13.06,965.6,63.1
2013-08-29 10:00:00,Maitri,-15.77,8.15,973.5,50.3
2013-08-29 11:00:00,Maitri,-21.33,3.73,983.6,55.6
2013-08-29 12:00:00,Maitri,-15.89,6.99,993.3,63.7
2013-08-29 13:00:00,Maitri,-18.47,14.05,984.6,64.7
2013-08-29 14:00:00,Maitri,-15.17,19.89,992.9,65.5
2013-08-29 15:00:00,Maitri,-21.84,13.04,995.5,37.3
2013-08-29 16:00:00,Maitri,-16.32,14.21,984.8,32.1
2013-08-29 17:00:00,Maitri,-18.33,19.64,963.3,37.2
2013-08-29 18:00:00,Maitri,-20.81,16.15,998.8,47.8
2013-08-29 19:00:00,Maitri,-23.94,6.5,982.2,66.6
2013-08-29 20:00:00,Maitri,-16.98,3.33,999.1,59.0
2013-08-29 21:00:00,Maitri,-17.54,7.59,991.5,48.5
2013-08-29 22:00:00,Maitri,-12.0,8.23,994.4,39.6
2013-08-29 23:00:00,Maitri,-15.34,14.58,993.4,48.8
2013-08-30 00:00:00,Maitri,-19.54,6.04,976.0,62.6
2013-08-30 01:00:00,Maitri,-14.59,6.45,990.1,76.0
2013-08-30 02:00:00,Maitri,-15.92,7.7,986.1,52.3
2013-08-30 03:00:00,Maitri,-17.23,14.48,1000.4,43.3
2013-08-30 04:00:00,Maitri,-15.12,9.85,998.7,80.6
2013-08-30 05:00:00,Maitri,-19.84,8.61,989.3,45.5
2013-08-30 06:00:00,Maitri,-21.01,5.16,984.4,43.8
2013-08-30 07:00:00,Maitri,-14.16,14.09,979.9,61.6
2013-08-30 08:00:00,Maitri,-12.79,9.28,985.3,65.9
2013-08-30 09:00:00,Maitri,-18.88,9.67,986.8,60.8
2013-08-30 10:00:00,Maitri,-16.34,4.49,981.7,27.0
2013-08-30 11:00:00,Maitri,-25.25,30.85,990.5,68.6
2013-08-30 12:00:00,Maitri,-14.48,15.5,986.6,67.6
2013-08-30 13:00:00,Maitri,-18.26,8.29,988.0,58.6
2013-08-30 14:00:00,Maitri,-13.27,14.13,977.9,60.3
2013-08-30 15:00:00,Maitri,-19.17,11.05,992.0,66.6
2013-08-30 16:00:00,Maitri,-20.22,20.72,984.0,62.5
2013-08-30 17:00:00,Maitri,-15.84,4.13,985.5,44.9
2013-08-30 18:00:00,Maitri,-15.01,4.3,1000.2,55.1
2013-08-30 19:00:00,Maitri,-20.61,4.6,992.0,66.1
2013-08-30 20:00:00,Maitri,-20.46,5.0,982.6,54.9
2013-08-30 21:00:00,Maitri,-17.16,11.36,975.3,36.3
2013-08-30 22:00:00,Maitri,-20.31,7.65,982.8,69.6
2013-08-30 23:00:00,Maitri,-20.27,7.68,979.8,55.2
2013-08-31 00:00:00,Maitri,-9.41,6.92,979.8,66.2
2013-08-31 01:00:00,Maitri,-27.0,7.85,974.5,64.3
2013-08-31 02:00:00,Maitri,-17.7,4.11,995.6,70.0
2013-08-31 03:00:00,Maitri,-15.12,17.73,985.0,71.1
2013-08-31 04:00:00,Maitri,-18.68,3.74,999.4,43.9
2013-08-31 05:00:00,Maitri,-20.35,11.76,999.7,65.6
2013-08-31 06:00:00,Maitri,-17.23,6.18,972.9,76.2
2013-08-31 07:00:00,Maitri,-23.02,11.72,967.7,43.7
2013-08-31 08:00:00,Maitri,-12.51,10.56,995.0,49.2
2013-08-31 09:00:00,Maitri,-11.64,6.13,987.1,51.9
2013-08-31 10:00:00,Maitri,-16.67,21.59,978.5,51.6
2013-08-31 11:00:00,Maitri,-13.28,11.76,985.4,54.1
2013-08-31 12:00:00,Maitri,-17.74,8.62,995.9,46.5
2013-08-31 13:00:00,Maitri,-26.58,5.75,1014.0,56.1
2013-08-31 14:00:00,Maitri,-16.22,9.96,988.0,39.2
2013-08-31 15:00:00,Maitri,-22.5,15.66,982.7,50.5
2013-08-31 16:00:00,Maitri,-18.91,7.88,998.9,56.8
2013-08-31 17:00:00,Maitri,-22.23,5.11,990.7,28.9
2013-08-31 18:00:00,Maitri,-17.11,16.39,988.7,42.5
2013-08-31 19:00:00,Maitri,-12.93,9.49,984.9,38.6
2013-08-31 20:00:00,Maitri,-17.08,25.01,1006.9,65.7
2013-08-31 21:00:00,Maitri,-17.06,7.57,976.2,59.8
2013-08-31 22:00:00,Maitri,-18.64,11.9,995.4,59.8
2013-08-31 23:00:00,Maitri,-16.9,7.92,981.7,58.1
2013-09-01 00:00:00,Maitri,-15.81,3.14,988.5,42.2
2013-09-01 01:00:00,Maitri,-20.59,20.56,979.0,43.7
2013-09-01 02:00:00,Maitri,-19.11,7.25,994.8,52.2
2013-09-01 03:00:00,Maitri,-18.5,5.16,981.6,48.7
2013-09-01 04:00:00,Maitri,-13.04,6.14,974.4,39.5
2013-09-01 05:00:00,Maitri,-19.02,13.36,955.5,52.5
2013-09-01 06:00:00,Maitri,-15.36,7.86,987.6,61.7
2013-09-01 07:00:00,Maitri,-16.04,19.12,987.3,46.0
2013-09-01 08:00:00,Maitri,-17.17,12.11,996.0,50.9
2013-09-01 09:00:00,Maitri,-22.59,14.39,980.2,55.8
2013-09-01 10:00:00,Maitri,-25.31,5.35,1000.0,44.3
2013-09-01 11:00:00,Maitri,-12.76,13.58,990.0,27.8
2013-09-01 12:00:00,Maitri,-18.82,12.82,1011.8,54.2
2013-09-01 13:00:00,Maitri,-10.89,11.66,992.8,59.3
2013-09-01 14:00:00,Maitri,-22.08,4.13,987.6,74.9
2013-09-01 15:00:00,Maitri,-19.43,7.98,990.7,54.0
2013-09-01 16:00:00,Maitri,-20.04,14.19,995.8,68.4
2013-09-01 17:00:00,Maitri,-13.92,25.71,996.0,43.0
2013-09-01 18:00:00,Maitri,-14.61,21.94,973.8,65.8
2013-09-01 19:00:00,Maitri,-13.73,19.28,988.5,30.6
2013-09-01 20:00:00,Maitri,-14.47,8.89,986.4,31.9
2013-09-01 21:00:00,Maitri,-15.17,6.31,982.6,41.4
2013-09-01 22:00:00,Maitri,-21.64,10.25,976.9,59.3
2013-09-01 23:00:00,Maitri,-6.24,5.82,992.8,28.9
2013-09-02 00:00:00,Maitri,-23.78,4.21,984.1,73.4
2013-09-02 01:00:00,Maitri,-12.14,1.98,988.4,37.5
2013-09-02 02:00:00,Maitri,-25.17,11.73,991.5,56.1
2013-09-02 03:00:00,Maitri,-20.15,8.05,962.9,48.5
2013-09-02 04:00:00,Maitri,-19.41,14.56,997.8,55.0
2013-09-02 05:00:00,Maitri,-13.18,2.65,967.5,68.8
2013-09-02 06:00:00,Maitri,-21.14,6.95,989.1,62.6
2013-09-02 07:00:00,Maitri,-17.56,3.75,989.8,58.3
2013-09-02 08:00:00,Maitri,-15.1,3.59,998.8,76.0
2013-09-02 09:00:00,Maitri,-14.39,15.0,990.5,74.2
2013-09-02 10:00:00,Maitri,-19.23,8.4,982.5,42.2
2013-09-02 11:00:00,Maitri,-20.67,14.66,990.3,60.0
2013-09-02 12:00:00,Maitri,-14.75,32.11,1001.9,40.6
2013-09-02 13:00:00,Maitri,-12.8,15.75,1006.4,55.6
2013-09-02 14:00:00,Maitri,-21.33,16.88,968.2,65.7
2013-09-02 15:00:00,Maitri,-17.7,22.4,999.8,68.9
2013-09-02 16:00:00,Maitri,-19.08,9.63,982.7,69.6
2013-09-02 17:00:00,Maitri,-11.24,7.33,996.5,55.9
2013-09-02 18:00:00,Maitri,-20.54,17.89,968.3,56.1
2013-09-02 19:00:00,Maitri,-21.81,10.4,978.3,69.6
2013-09-02 20:00:00,Maitri,-19.2,13.89,1000.8,44.4
2013-09-02 21:00:00,Maitri,-16.58,19.45,990.0,37.0
2013-09-02 22:00:00,Maitri,-21.55,21.29,975.6,73.7
2013-09-02 23:00:00,Maitri,-14.19,12.67,982.2,67.2
2013-09-03 00:00:00,Maitri,-22.57,15.11,983.7,62.1
2013-09-03 01:00:00,Maitri,-13.72,4.8,987.9,52.4
2013-09-03 02:00:00,Maitri,-16.49,5.63,980.4,23.0
2013-09-03 03:00:00,Maitri,-15.43,7.66,1006.8,39.4
2013-09-03 04:00:00,Maitri,-14.65,5.85,980.0,38.9
2013-09-03 05:00:00,Maitri,-18.4,8.48,983.8,64.8
2013-09-03 06:00:00,Maitri,-16.47,1.4,971.9,72.8
2013-09-03 07:00:00,Maitri,-19.05,8.71,989.2,63.5
2013-09-03 08:00:00,Maitri,-19.59,4.15,986.7,56.6
2013-09-03 09:00:00,Maitri,-17.95,7.44,991.8,65.9
2013-09-03 10:00:00,Maitri,-25.27,5.06,976.4,54.4
2013-09-03 11:00:00,Maitri,-13.38,8.18,1009.0,53.9
2013-09-03 12:00:00,Maitri,-10.89,5.26,975.9,65.3
2013-09-03 13:00:00,Maitri,-13.79,3.43,998.7,59.1
2013-09-03 14:00:00,Maitri,-18.81,6.04,973.8,51.4
2013-09-03 15:00:00,Maitri,-21.39,6.67,998.4,58.2
2013-09-03 16:00:00,Maitri,-18.66,10.6,980.1,53.0
2013-09-03 17:00:00,Maitri,-13.67,29.52,977.7,62.1
2013-09-03 18:00:00,Maitri,-21.49,9.72,996.7,42.5
2013-09-03 19:00:00,Maitri,-12.18,30.2,985.0,52.1
2013-09-03 20:00:00,Maitri,-18.99,22.41,988.1,58.1
2013-09-03 21:00:00,Maitri,-11.95,12.4,982.4,36.2
2013-09-03 22:00:00,Maitri,-19.7,6.92,985.5,50.0
2013-09-03 23:00:00,Maitri,-18.58,16.88,972.3,27.0
2013-09-04 00:00:00,Maitri,-18.65,7.21,996.2,29.8
2013-09-04 01:00:00,Maitri,-14.81,17.44,971.5,55.3
2013-09-04 02:00:00,Maitri,-13.91,12.39,1005.0,51.5
2013-09-04 03:00:00,Maitri,-15.82,14.33,1000.2,66.1
2013-09-04 04:00:00,Maitri,-18.09,18.48,976.8,58.5
2013-09-04 05:00:00,Maitri,-22.42,8.94,994.5,49.2
2013-09-04 06:00:00,Maitri,-13.21,19.8,978.8,47.7
2013-09-04 07:00:00,Maitri,-14.58,26.12,974.2,48.0
2013-09-04 08:00:00,Maitri,-11.8,3.16,976.9,48.4
2013-09-04 09:00:00,Maitri,-16.21,19.74,993.1,66.9
2013-09-04 10:00:00,Maitri,-17.0,5.63,1002.8,50.6
2013-09-04 11:00:00,Maitri,-12.0,3.52,983.1,65.3
2013-09-04 12:00:00,Maitri,-11.95,7.97,977.7,51.4
2013-09-04 13:00:00,Maitri,-18.22,5.95,1005.7,63.6
2013-09-04 14:00:00,Maitri,-19.25,6.11,982.3,66.9
2013-09-04 15:00:00,Maitri,-11.47,13.46,993.1,69.8
2013-09-04 16:00:00,Maitri,-21.0,14.99,991.9,37.8
2013-09-04 17:00:00,Maitri,-16.95,17.41,996.6,63.2
2013-09-04 18:00:00,Maitri,-16.7,6.67,981.8,40.1
2013-09-04 19:00:00,Maitri,-17.11,14.65,997.0,58.0
2013-09-04 20:00:00,Maitri,-22.82,5.46,986.1,52.9
2013-09-04 21:00:00,Maitri,-19.64,2.29,986.5,58.3
2013-09-04 22:00:00,Maitri,-16.66,12.76,970.9,58.2
2013-09-04 23:00:00,Maitri,-19.34,8.17,980.4,49.9
2013-09-05 00:00:00,Maitri,-21.85,9.2,997.6,48.3
2013-09-05 01:00:00,Maitri,-21.11,7.52,996.0,73.2
2013-09-05 02:00:00,Maitri,-14.02,9.59,979.7,78.8
2013-09-05 03:00:00,Maitri,-10.84,4.23,978.1,68.8
2013-09-05 04:00:00,Maitri,-14.74,10.73,963.4,63.4
2013-09-05 05:00:00,Maitri,-18.48,10.58,983.7,39.0
2013-09-05 06:00:00,Maitri,-16.45,15.13,988.2,46.1
2013-09-05 07:00:00,Maitri,-18.81,6.03,978.5,50.6
2013-09-05 08:00:00,Maitri,-17.45,11.93,988.9,64.3
2013-09-05 09:00:00,Maitri,-11.43,21.57,975.6,43.0
2013-09-05 10:00:00,Maitri,-16.97,10.46,988.9,67.7
2013-09-05 11:00:00,Maitri,-11.48,8.52,991.8,58.7
2013-09-05 12:00:00,Maitri,-13.1,12.22,1006.9,53.7
2013-09-05 13:00:00,Maitri,-16.93,3.53,992.6,61.6
2013-09-05 14:00:00,Maitri,-19.52,5.49,1001.4,62.8
2013-09-05 15:00:00,Maitri,-11.2,11.39,952.4,59.6
2013-09-05 16:00:00,Maitri,-16.18,13.1,990.0,70.8
2013-09-05 17:00:00,Maitri,-19.98,23.47,974.4,45.9
2013-09-05 18:00:00,Maitri,-12.73,38.56,973.2,30.8
2013-09-05 19:00:00,Maitri,-18.94,4.17,983.6,81.2
2013-09-05 20:00:00,Maitri,-16.56,4.71,966.1,60.9
2013-09-05 21:00:00,Maitri,-16.49,10.76,996.0,57.4
2013-09-05 22:00:00,Maitri,-18.83,7.53,995.5,58.7
2013-09-05 23:00:00,Maitri,-21.16,25.62,984.8,49.7
2013-09-06 00:00:00,Maitri,-15.47,3.8,1005.1,37.1
2013-09-06 01:00:00,Maitri,-21.22,9.04,996.7,39.5
2013-09-06 02:00:00,Maitri,-15.41,4.14,1003.7,55.4
2013-09-06 03:00:00,Maitri,-22.09,19.55,976.8,41.0
2013-09-06 04:00:00,Maitri,-19.64,7.37,990.0,68.7
2013-09-06 05:00:00,Maitri,-18.91,8.59,990.6,55.3
2013-09-06 06:00:00,Maitri,-19.84,7.61,980.4,58.0
2013-09-06 07:00:00,Maitri,-20.97,12.26,960.9,44.5
2013-09-06 08:00:00,Maitri,-11.39,6.68,996.0,47.4
2013-09-06 09:00:00,Maitri,-13.92,9.13,971.2,41.7
2013-09-06 10:00:00,Maitri,-16.65,9.84,967.6,59.2
2013-09-06 11:00:00,Maitri,-13.75,4.1,991.6,51.0
2013-09-06 12:00:00,Maitri,-19.04,7.6,1009.1,56.5
2013-09-06 13:00:00,Maitri,-16.16,8.28,966.5,60.3
2013-09-06 14:00:00,Maitri,-19.21,5.61,989.7,49.6
2013-09-06 15:00:00,Maitri,-15.6,4.79,982.1,47.8
2013-09-06 16:00:00,Maitri,-19.49,11.45,974.0,55.6
2013-09-06 17:00:00,Maitri,-21.62,7.08,983.2,40.5
2013-09-06 18:00:00,Maitri,-19.97,18.46,985.8,72.2
2013-09-06 19:00:00,Maitri,-17.55,23.83,990.7,45.5
2013-09-06 20:00:00,Maitri,-23.99,8.84,990.0,60.7
2013-09-06 21:00:00,Maitri,-18.83,25.98,978.1,54.9
2013-09-06 22:00:00,Maitri,-18.28,11.03,986.6,53.7
2013-09-06 23:00:00,Maitri,-13.9,6.35,1005.4,48.6
2013-09-07 00:00:00,Maitri,-19.69,12.34,990.2,44.3
2013-09-07 01:00:00,Maitri,-14.94,5.14,986.3,63.4
2013-09-07 02:00:00,Maitri,-19.68,4.17,989.1,50.5
2013-09-07 03:00:00,Maitri,-22.81,11.49,987.0,44.8
2013-09-07 04:00:00,Maitri,-13.95,6.44,1009.8,63.2
2013-09-07 05:00:00,Maitri,-13.4,23.31,992.5,74.2
2013-09-07 06:00:00,Maitri,-19.85,11.01,985.7,34.0
2013-09-07 07:00:00,Maitri,-16.16,7.71,996.9,44.1
2013-09-07 08:00:00,Maitri,-13.05,5.74,977.2,59.8
2013-09-07 09:00:00,Maitri,-18.1,9.75,990.2,50.0
2013-09-07 10:00:00,Maitri,-16.25,12.97,987.3,55.6
2013-09-07 11:00:00,Maitri,-21.27,3.95,997.6,48.1
2013-09-07 12:00:00,Maitri,-15.01,6.26,990.2,52.3
2013-09-07 13:00:00,Maitri,-16.87,28.59,980.9,50.7
2013-09-07 14:00:00,Maitri,-13.0,14.83,976.7,57.4
2013-09-07 15:00:00,Maitri,-16.52,16.07,997.7,46.3
2013-09-07 16:00:00,Maitri,-8.11,14.1,981.7,22.5
2013-09-07 17:00:00,Maitri,-15.47,6.52,1023.7,63.5
2013-09-07 18:00:00,Maitri,-14.51,6.05,1007.2,55.7
2013-09-07 19:00:00,Maitri,-12.81,23.93,1005.9,60.6
2013-09-07 20:00:00,Maitri,-18.99,21.3,991.1,57.3
2013-09-07 21:00:00,Maitri,-11.52,10.37,996.9,72.8
2013-09-07 22:00:00,Maitri,-19.4,6.12,980.2,28.1
2013-09-07 23:00:00,Maitri,-18.73,2.2,979.8,52.7
2013-09-08 00:00:00,Maitri,-13.25,13.66,958.8,50.3
2013-09-08 01:00:00,Maitri,-18.29,17.92,970.1,49.5
2013-09-08 02:00:00,Maitri,-12.42,25.88,984.0,51.7
2013-09-08 03:00:00,Maitri,-14.2,6.31,977.0,61.9
2013-09-08 04:00:00,Maitri,-20.59,8.44,970.5,43.0
2013-09-08 05:00:00,Maitri,-13.83,8.39,991.6,61.9
2013-09-08 06:00:00,Maitri,-14.36,21.37,975.7,64.8
2013-09-08 07:00:00,Maitri,-19.49,6.58,989.5,28.6
2013-09-08 08:00:00,Maitri,-13.12,10.25,993.6,50.1
2013-09-08 09:00:00,Maitri,-18.01,2.44,999.0,62.7
2013-09-08 10:00:00,Maitri,-17.87,20.44,967.9,43.4
2013-09-08 11:00:00,Maitri,-19.42,4.79,1001.8,55.6
2013-09-08 12:00:00,Maitri,-15.75,4.34,976.7,71.8
2013-09-08 13:00:00,Maitri,-19.43,14.94,974.8,76.2
2013-09-08 14:00:00,Maitri,-17.97,8.57,1000.4,58.0
2013-09-08 15:00:00,Maitri,-17.35,14.54,984.9,51.9
2013-09-08 16:00:00,Maitri,-18.59,4.0,974.6,31.9
2013-09-08 17:00:00,Maitri,-15.7,4.19,993.6,54.5
2013-09-08 18:00:00,Maitri,-18.88,16.06,975.7,46.8
2013-09-08 19:00:00,Maitri,-13.49,10.07,981.8,74.6
2013-09-08 20:00:00,Maitri,-14.09,13.21,978.1,53.1
2013-09-08 21:00:00,Maitri,-12.5,7.52,980.2,69.2
2013-09-08 22:00:00,Maitri,-19.11,7.89,996.5,46.3
2013-09-08 23:00:00,Maitri,-16.56,14.67,1001.8,62.1
2013-09-09 00:00:00,Maitri,-17.61,13.18,990.5,62.4
2013-09-09 01:00:00,Maitri,-16.06,6.28,974.6,51.5
2013-09-09 02:00:00,Maitri,-14.21,8.92,969.0,56.9
2013-09-09 03:00:00,Maitri,-13.54,11.11,1007.9,53.4
2013-09-09 04:00:00,Maitri,-9.05,12.68,984.5,44.8
2013-09-09 05:00:00,Maitri,-14.03,1.03,975.0,46.6
2013-09-09 06:00:00,Maitri,-14.91,0.5,978.1,44.0
2013-09-09 07:00:00,Maitri,-19.91,7.24,984.9,40.0
2013-09-09 08:00:00,Maitri,-13.94,3.81,987.6,37.5
2013-09-09 09:00:00,Maitri,-22.77,10.19,987.8,58.4
2013-09-09 10:00:00,Maitri,-12.25,5.25,980.1,61.0
2013-09-09 11:00:00,Maitri,-8.58,17.06,986.2,80.1
2013-09-09 12:00:00,Maitri,-17.89,21.28,984.9,55.5
2013-09-09 13:00:00,Maitri,-24.85,18.05,976.3,61.8
2013-09-09 14:00:00,Maitri,-18.82,12.42,1006.4,50.0
2013-09-09 15:00:00,Maitri,-19.92,5.11,992.5,43.1
2013-09-09 16:00:00,Maitri,-13.24,11.33,983.7,67.6
2013-09-09 17:00:00,Maitri,-11.37,8.29,991.9,38.8
2013-09-09 18:00:00,Maitri,-14.47,7.56,984.2,50.0
2013-09-09 19:00:00,Maitri,-22.92,8.78,990.5,48.1
2013-09-09 20:00:00,Maitri,-15.29,10.99,988.2,63.1
2013-09-09 21:00:00,Maitri,-12.76,17.52,995.4,59.3
2013-09-09 22:00:00,Maitri,-8.7,14.35,986.1,51.1
2013-09-09 23:00:00,Maitri,-20.42,13.97,982.6,41.7
2013-09-10 00:00:00,Maitri,-10.73,15.1,973.1,92.0
2013-09-10 01:00:00,Maitri,-13.81,5.1,983.8,70.7
2013-09-10 02:00:00,Maitri,-20.07,23.91,981.2,48.2
2013-09-10 03:00:00,Maitri,-16.91,9.24,978.5,51.5
2013-09-10 04:00:00,Maitri,-17.34,3.26,993.0,54.1
2013-09-10 05:00:00,Maitri,-23.05,7.65,1001.4,58.2
2013-09-10 06:00:00,Maitri,-20.18,7.09,1006.6,55.5
2013-09-10 07:00:00,Maitri,-16.56,12.86,983.6,63.8
2013-09-10 08:00:00,Maitri,-14.75,8.58,996.8,66.3
2013-09-10 09:00:00,Maitri,-11.07,13.52,989.0,44.8
2013-09-10 10:00:00,Maitri,-15.98,8.61,977.9,49.2
2013-09-10 11:00:00,Maitri,-17.33,4.79,987.2,60.5
2013-09-10 12:00:00,Maitri,-11.27,11.6,994.2,70.4
2013-09-10 13:00:00,Maitri,-20.27,6.99,977.6,58.1
2013-09-10 14:00:00,Maitri,-23.86,4.81,990.4,41.7
2013-09-10 15:00:00,Maitri,-21.49,14.13,991.3,66.4
2013-09-10 16:00:00,Maitri,-23.09,7.51,983.5,58.3
2013-09-10 17:00:00,Maitri,-21.85,8.36,982.3,66.6
2013-09-10 18:00:00,Maitri,-16.25,27.08,1003.2,37.1
2013-09-10 19:00:00,Maitri,-19.49,7.42,988.2,60.8
2013-09-10 20:00:00,Maitri,-19.42,16.7,981.4,40.5
2013-09-10 21:00:00,Maitri,-19.95,12.21,1003.8,65.4
2013-09-10 22:00:00,Maitri,-24.48,5.52,999.6,45.9
2013-09-10 23:00:00,Maitri,-10.24,9.67,996.8,50.0
2013-09-11 00:00:00,Maitri,-14.47,11.8,1002.2,56.8
2013-09-11 01:00:00,Maitri,-16.96,10.88,996.1,41.9
2013-09-11 02:00:00,Maitri,-13.63,20.67,988.8,45.5
2013-09-11 03:00:00,Maitri,-12.94,3.15,975.9,64.9
2013-09-11 04:00:00,Maitri,-18.21,5.84,988.3,53.6
2013-09-11 05:00:00,Maitri,-14.23,4.88,986.8,59.0
2013-09-11 06:00:00,Maitri,-22.35,10.28,996.8,66.2
2013-09-11 07:00:00,Maitri,-12.85,12.98,966.6,55.8
2013-09-11 08:00:00,Maitri,-9.9,3.4,994.3,75.0
2013-09-11 09:00:00,Maitri,-14.94,12.74,981.4,65.9
2013-09-11 10:00:00,Maitri,-20.09,15.79,972.1,48.2
2013-09-11 11:00:00,Maitri,-10.17,10.33,989.4,34.9
2013-09-11 12:00:00,Maitri,-19.29,13.88,986.0,57.6
2013-09-11 13:00:00,Maitri,-14.47,22.55,985.4,58.8
2013-09-11 14:00:00,Maitri,-15.18,5.93,977.8,58.4
2013-09-11 15:00:00,Maitri,-18.07,4.41,984.7,47.8
2013-09-11 16:00:00,Maitri,-14.15,9.82,978.7,45.6
2013-09-11 17:00:00,Maitri,-14.02,3.97,991.0,52.1
2013-09-11 18:00:00,Maitri,-16.33,7.49,999.2,69.5
2013-09-11 19:00:00,Maitri,-6.49,12.2,988.5,81.9
2013-09-11 20:00:00,Maitri,-17.69,1.42,992.2,68.2
2013-09-11 21:00:00,Maitri,-22.63,9.98,987.7,36.4
2013-09-11 22:00:00,Maitri,-19.39,9.8,989.0,66.4
2013-09-11 23:00:00,Maitri,-16.04,11.48,983.1,33.8
2013-09-12 00:00:00,Maitri,-20.82,3.18,983.1,55.1
2013-09-12 01:00:00,Maitri,-19.63,11.92,970.6,49.4
2013-09-12 02:00:00,Maitri,-15.5,16.31,1006.8,48.3
2013-09-12 03:00:00,Maitri,-16.14,24.75,992.7,35.2
2013-09-12 04:00:00,Maitri,-17.65,10.84,976.9,62.7
2013-09-12 05:00:00,Maitri,-16.01,12.7,982.0,35.2
2013-09-12 06:00:00,Maitri,-18.27,3.57,998.4,59.2
2013-09-12 07:00:00,Maitri,-10.0,7.95,977.6,47.4
2013-09-12 08:00:00,Maitri,-16.55,13.85,985.6,46.6
2013-09-12 09:00:00,Maitri,-16.54,15.74,961.9,35.8
2013-09-12 10:00:00,Maitri,-14.5,6.17,983.6,56.8
2013-09-12 11:00:00,Maitri,-15.68,11.41,998.6,76.0
2013-09-12 12:00:00,Maitri,-9.78,8.52,995.6,57.1
2013-09-12 13:00:00,Maitri,-12.85,18.65,982.6,47.3
2013-09-12 14:00:00,Maitri,-17.61,29.96,993.8,53.0
2013-09-12 15:00:00,Maitri,-13.59,19.48,995.8,60.5
2013-09-12 16:00:00,Maitri,-15.79,8.88,986.5,51.2
2013-09-12 17:00:00,Maitri,-15.42,7.06,985.1,58.5
2013-09-12 18:00:00,Maitri,-19.58,4.63,979.2,53.2
2013-09-12 19:00:00,Maitri,-19.74,17.23,973.9,66.9
2013-09-12 20:00:00,Maitri,-7.64,14.3,991.4,59.4
2013-09-12 21:00:00,Maitri,-19.12,6.67,977.4,38.0
2013-09-12 22:00:00,Maitri,-13.68,8.34,987.6,73.6
2013-09-12 23:00:00,Maitri,-10.52,11.25,975.7,60.3
2013-09-13 00:00:00,Maitri,-16.2,13.34,992.1,60.5
2013-09-13 01:00:00,Maitri,-19.06,6.28,987.2,41.8
2013-09-13 02:00:00,Maitri,-10.64,25.58,977.8,53.2
2013-09-13 03:00:00,Maitri,-16.66,9.04,987.6,58.1
2013-09-13 04:00:00,Maitri,-19.72,17.98,979.5,40.9
2013-09-13 05:00:00,Maitri,-15.84,17.92,992.4,28.5
2013-09-13 06:00:00,Maitri,-16.68,6.72,990.5,65.1
2013-09-13 07:00:00,Maitri,-18.99,7.46,1008.3,47.3
2013-09-13 08:00:00,Maitri,-20.19,4.68,982.4,40.1
2013-09-13 09:00:00,Maitri,-19.73,10.46,977.0,58.5
2013-09-13 10:00:00,Maitri,-27.42,14.61,997.9,51.0
2013-09-13 11:00:00,Maitri,-16.01,13.21,984.6,59.4
2013-09-13 12:00:00,Maitri,-15.56,8.41,986.0,92.0
2013-09-13 13:00:00,Maitri,-15.96,2.82,975.1,59.4
2013-09-13 14:00:00,Maitri,-23.68,11.27,992.7,54.1
2013-09-13 15:00:00,Maitri,-12.62,4.07,992.7,64.4
2013-09-13 16:00:00,Maitri,-10.71,1.88,975.4,55.1
2013-09-13 17:00:00,Maitri,-16.18,5.93,977.0,67.0
2013-09-13 18:00:00,Maitri,-17.86,13.02,984.4,52.6
2013-09-13 19:00:00,Maitri,-14.18,10.56,983.0,63.4
2013-09-13 20:00:00,Maitri,-17.64,10.4,971.3,60.0
2013-09-13 21:00:00,Maitri,-13.78,9.95,998.1,45.0
2013-09-13 22:00:00,Maitri,-16.94,1.2,975.0,68.2
2013-09-13 23:00:00,Maitri,-12.9,9.09,996.2,48.8
2013-09-14 00:00:00,Maitri,-15.17,6.39,971.1,75.9
2013-09-14 01:00:00,Maitri,-12.38,3.91,985.9,28.9
2013-09-14 02:00:00,Maitri,-14.17,7.69,1003.2,47.4
2013-09-14 03:00:00,Maitri,-15.76,11.79,989.6,77.1
2013-09-14 04:00:00,Maitri,-24.33,10.83,975.1,34.3
2013-09-14 05:00:00,Maitri,-22.66,28.72,988.3,67.9
2013-09-14 06:00:00,Maitri,-18.74,27.75,1008.2,64.8
2013-09-14 07:00:00,Maitri,-18.08,3.94,1002.1,52.8
2013-09-14 08:00:00,Maitri,-23.79,5.51,991.3,58.6
2013-09-14 09:00:00,Maitri,-18.2,14.96,977.8,58.5
2013-09-14 10:00:00,Maitri,-17.61,10.55,982.7,51.5
2013-09-14 11:00:00,Maitri,-14.92,7.68,982.0,42.7
2013-09-14 12:00:00,Maitri,-20.94,3.85,979.1,39.5
2013-09-14 13:00:00,Maitri,-7.19,12.49,965.3,47.5
2013-09-14 14:00:00,Maitri,-16.14,7.63,995.6,57.6
2013-09-14 15:00:00,Maitri,-18.08,7.94,1005.6,61.3
2013-09-14 16:00:00,Maitri,-8.88,22.39,984.4,52.6
2013-09-14 17:00:00,Maitri,-11.43,9.23,1018.1,78.8
2013-09-14 18:00:00,Maitri,-16.54,20.59,990.1,86.4
2013-09-14 19:00:00,Maitri,-13.87,9.52,977.6,45.2
2013-09-14 20:00:00,Maitri,-13.89,9.07,966.0,44.0
2013-09-14 21:00:00,Maitri,-19.58,9.14,986.5,69.1
2013-09-14 22:00:00,Maitri,-11.99,5.92,983.5,73.5
2013-09-14 23:00:00,Maitri,-15.38,7.19,988.0,58.1
2013-09-15 00:00:00,Maitri,-11.88,6.3,989.9,59.4
2013-09-15 01:00:00,Maitri,-15.97,5.79,1001.5,54.4
2013-09-15 02:00:00,Maitri,-17.5,12.43,989.1,68.1
2013-09-15 03:00:00,Maitri,-15.69,8.21,1003.6,54.0
2013-09-15 04:00:00,Maitri,-12.52,8.16,986.8,46.9
2013-09-15 05:00:00,Maitri,-17.37,10.87,980.6,50.9
2013-09-15 06:00:00,Maitri,-15.25,24.03,970.1,67.3
2013-09-15 07:00:00,Maitri,-15.69,8.49,993.3,60.1
2013-09-15 08:00:00,Maitri,-21.63,7.24,1014.7,54.1
2013-09-15 09:00:00,Maitri,-17.88,7.9,975.4,53.7
2013-09-15 10:00:00,Maitri,-17.0,4.94,960.4,52.7
2013-09-15 11:00:00,Maitri,-18.06,11.42,985.8,61.7
2013-09-15 12:00:00,Maitri,-18.95,2.47,996.5,59.0
2013-09-15 13:00:00,Maitri,-13.46,13.1,970.8,60.4
2013-09-15 14:00:00,Maitri,-18.9,11.68,985.7,51.9
2013-09-15 15:00:00,Maitri,-17.44,15.32,987.6,36.6
2013-09-15 16:00:00,Maitri,-15.81,19.26,984.2,60.3
2013-09-15 17:00:00,Maitri,-18.57,18.32,991.3,26.5
2013-09-15 18:00:00,Maitri,-20.0,8.47,983.9,78.4
2013-09-15 19:00:00,Maitri,-14.43,18.7,979.0,53.3
2013-09-15 20:00:00,Maitri,-21.41,12.62,982.8,75.8
2013-09-15 21:00:00,Maitri,-18.67,3.52,992.4,52.6
2013-09-15 22:00:00,Maitri,-19.52,5.99,989.1,37.7
2013-09-15 23:00:00,Maitri,-13.18,3.17,1001.5,41.5
2013-09-16 00:00:00,Maitri,-17.68,16.25,1006.6,48.2
2013-09-16 01:00:00,Maitri,-10.03,16.59,1007.8,48.2
2013-09-16 02:00:00,Maitri,-17.35,15.2,993.7,60.6
2013-09-16 03:00:00,Maitri,-20.78,18.84,975.8,74.3
2013-09-16 04:00:00,Maitri,-16.47,25.38,981.6,67.1
2013-09-16 05:00:00,Maitri,-17.44,2.91,978.9,33.5
2013-09-16 06:00:00,Maitri,-17.24,3.25,995.2,71.1
2013-09-16 07:00:00,Maitri,-21.41,6.97,989.3,71.2
2013-09-16 08:00:00,Maitri,-15.86,4.0,992.7,43.0
2013-09-16 09:00:00,Maitri,-14.74,26.92,984.1,44.8
2013-09-16 10:00:00,Maitri,-12.91,17.17,980.5,55.8
2013-09-16 11:00:00,Maitri,-13.78,6.43,982.8,56.5
2013-09-16 12:00:00,Maitri,-13.89,3.57,964.0,74.2
2013-09-16 13:00:00,Maitri,-11.46,9.02,990.0,58.0
2013-09-16 14:00:00,Maitri,-19.04,11.38,997.6,52.3
2013-09-16 15:00:00,Maitri,-17.34,4.97,984.2,76.2
2013-09-16 16:00:00,Maitri,-15.41,7.27,988.0,58.8
2013-09-16 17:00:00,Maitri,-14.08,14.39,980.5,50.5
2013-09-16 18:00:00,Maitri,-13.83,16.64,981.9,39.7
2013-09-16 19:00:00,Maitri,-9.27,4.82,980.9,43.5
2013-09-16 20:00:00,Maitri,-14.94,8.7,994.3,58.7
2013-09-16 21:00:00,Maitri,-17.23,22.55,954.9,67.4
2013-09-16 22:00:00,Maitri,-26.27,8.62,1006.5,56.9
2013-09-16 23:00:00,Maitri,-28.29,7.55,972.3,63.4
2013-09-17 00:00:00,Maitri,-13.45,1.51,978.7,41.6
2013-09-17 01:00:00,Maitri,-15.0,11.92,985.3,51.4
2013-09-17 02:00:00,Maitri,-15.56,12.29,979.7,73.1
2013-09-17 03:00:00,Maitri,-16.21,6.11,976.1,37.8
2013-09-17 04:00:00,Maitri,-17.46,27.56,993.8,52.7
2013-09-17 05:00:00,Maitri,-23.02,19.57,980.0,49.2
2013-09-17 06:00:00,Maitri,-12.2,6.22,990.3,56.2
2013-09-17 07:00:00,Maitri,-12.54,3.57,969.3,67.9
2013-09-17 08:00:00,Maitri,-14.68,6.69,980.0,55.4
2013-09-17 09:00:00,Maitri,-10.26,15.75,980.5,69.8
2013-09-17 10:00:00,Maitri,-15.61,9.58,973.3,86.8
2013-09-17 11:00:00,Maitri,-12.16,14.44,982.5,50.5
2013-09-17 12:00:00,Maitri,-17.6,10.72,995.4,55.9
2013-09-17 13:00:00,Maitri,-9.3,7.1,1010.6,78.3
2013-09-17 14:00:00,Maitri,-10.19,2.94,980.2,50.2
2013-09-17 15:00:00,Maitri,-15.21,12.84,1003.4,69.3
2013-09-17 16:00:00,Maitri,-11.89,18.31,985.8,63.6
2013-09-17 17:00:00,Maitri,-11.8,6.91,978.2,52.8
2013-09-17 18:00:00,Maitri,-16.84,11.12,967.4,44.7
2013-09-17 19:00:00,Maitri,-13.12,7.38,994.2,45.4
2013-09-17 20:00:00,Maitri,-10.22,14.96,990.3,56.9
2013-09-17 21:00:00,Maitri,-11.52,3.95,979.9,70.2
2013-09-17 22:00:00,Maitri,-16.72,3.93,978.0,40.1
2013-09-17 23:00:00,Maitri,-11.56,4.68,969.0,59.5
2013-09-18 00:00:00,Maitri,-12.47,18.36,998.2,63.0
2013-09-18 01:00:00,Maitri,-16.71,16.68,997.4,43.4
2013-09-18 02:00:00,Maitri,-8.63,13.81,984.3,53.0
2013-09-18 03:00:00,Maitri,-14.84,6.99,986.4,54.0
2013-09-18 04:00:00,Maitri,-23.05,16.2,994.9,43.0
2013-09-18 05:00:00,Maitri,-14.63,5.06,975.3,48.6
2013-09-18 06:00:00,Maitri,-11.67,2.07,990.4,53.3
2013-09-18 07:00:00,Maitri,-16.17,3.74,1005.5,65.4
2013-09-18 08:00:00,Maitri,-15.09,16.84,969.2,47.6
2013-09-18 09:00:00,Maitri,-12.93,18.35,987.2,50.4
2013-09-18 10:00:00,Maitri,-15.96,5.88,1009.1,61.2
2013-09-18 11:00:00,Maitri,-17.46,18.0,995.7,42.0
2013-09-18 12:00:00,Maitri,-17.67,15.67,966.0,67.2
2013-09-18 13:00:00,Maitri,-18.19,9.05,967.6,67.3
2013-09-18 14:00:00,Maitri,-12.89,3.91,1006.5,60.4
2013-09-18 15:00:00,Maitri,-12.42,14.61,985.5,57.2
2013-09-18 16:00:00,Maitri,-13.9,14.23,1000.4,42.0
2013-09-18 17:00:00,Maitri,-12.9,4.36,1008.4,43.8
2013-09-18 18:00:00,Maitri,-20.91,12.75,974.0,55.6
2013-09-18 19:00:00,Maitri,-15.88,6.06,990.6,59.0
2013-09-18 20:00:00,Maitri,-6.85,3.15,972.1,70.7
2013-09-18 21:00:00,Maitri,-15.68,6.42,967.1,61.5
2013-09-18 22:00:00,Maitri,-14.07,8.39,994.7,51.2
2013-09-18 23:00:00,Maitri,-18.46,7.58,991.5,77.5
2013-09-19 00:00:00,Maitri,-16.91,11.82,981.7,61.2
2013-09-19 01:00:00,Maitri,-10.97,11.07,1004.2,73.6
2013-09-19 02:00:00,Maitri,-7.66,2.47,977.4,53.8
2013-09-19 03:00:00,Maitri,-17.57,9.55,993.5,59.0
2013-09-19 04:00:00,Maitri,-10.4,4.88,985.8,87.3
2013-09-19 05:00:00,Maitri,-10.53,5.38,973.5,48.8
2013-09-19 06:00:00,Maitri,-17.49,8.69,987.4,74.9
2013-09-19 07:00:00,Maitri,-15.51,5.7,986.0,36.1
2013-09-19 08:00:00,Maitri,-13.85,0.85,971.9,66.1
2013-09-19 09:00:00,Maitri,-13.95,3.81,982.7,35.0
2013-09-19 10:00:00,Maitri,-15.11,11.83,992.9,49.6
2013-09-19 11:00:00,Maitri,-11.07,6.39,1000.6,46.1
2013-09-19 12:00:00,Maitri,-10.92,16.74,984.0,60.5
2013-09-19 13:00:00,Maitri,-19.82,9.44,994.1,50.0
2013-09-19 14:00:00,Maitri,-18.35,15.16,997.9,55.9
2013-09-19 15:00:00,Maitri,-12.8,2.97,993.4,71.9
2013-09-19 16:00:00,Maitri,-10.46,4.0,981.4,52.5
2013-09-19 17:00:00,Maitri,-12.99,16.2,980.6,62.1
2013-09-19 18:00:00,Maitri,-15.53,22.33,974.5,73.8
2013-09-19 19:00:00,Maitri,-13.52,40.94,996.3,45.4
2013-09-19 20:00:00,Maitri,-16.18,12.41,972.6,58.9
2013-09-19 21:00:00,Maitri,-11.7,10.86,981.7,46.0
2013-09-19 22:00:00,Maitri,-13.55,13.69,965.6,41.2
2013-09-19 23:00:00,Maitri,-17.79,12.8,980.6,71.5
2013-09-20 00:00:00,Maitri,-15.0,14.54,1000.2,56.8
2013-09-20 01:00:00,Maitri,-14.37,14.81,986.1,63.1
2013-09-20 02:00:00,Maitri,-14.82,10.78,966.2,76.3
2013-09-20 03:00:00,Maitri,-11.1,7.07,968.0,56.8
2013-09-20 04:00:00,Maitri,-15.01,12.49,989.0,69.0
2013-09-20 05:00:00,Maitri,-14.07,4.95,972.3,33.6
2013-09-20 06:00:00,Maitri,-16.36,11.63,1001.7,67.4
2013-09-20 07:00:00,Maitri,-15.82,6.03,982.9,67.3
2013-09-20 08:00:00,Maitri,-7.67,8.86,988.8,55.2
2013-09-20 09:00:00,Maitri,-11.73,7.89,989.6,72.0
2013-09-20 10:00:00,Maitri,-22.66,10.3,987.7,67.5
2013-09-20 11:00:00,Maitri,-10.48,4.42,982.0,38.4
2013-09-20 12:00:00,Maitri,-9.42,19.77,975.7,69.2
2013-09-20 13:00:00,Maitri,-13.66,19.5,991.1,55.5
2013-09-20 14:00:00,Maitri,-21.58,4.93,992.0,38.3
2013-09-20 15:00:00,Maitri,-14.2,27.2,976.7,48.7
2013-09-20 16:00:00,Maitri,-16.9,9.93,968.3,61.6
2013-09-20 17:00:00,Maitri,-8.41,10.09,978.5,47.8
2013-09-20 18:00:00,Maitri,-16.96,11.53,977.7,42.6
2013-09-20 19:00:00,Maitri,-16.02,17.73,987.6,68.5
2013-09-20 20:00:00,Maitri,-15.26,3.66,981.8,55.2
2013-09-20 21:00:00,Maitri,-7.86,23.53,983.4,49.9
2013-09-20 22:00:00,Maitri,-16.63,3.51,980.9,47.5
2013-09-20 23:00:00,Maitri,-6.86,10.12,995.3,55.0
2013-09-21 00:00:00,Maitri,-8.53,3.35,978.9,68.6
2013-09-21 01:00:00,Maitri,-12.82,13.41,987.8,68.8
2013-09-21 02:00:00,Maitri,-14.22,10.75,995.0,54.5
2013-09-21 03:00:00,Maitri,-21.91,8.21,1012.7,61.2
2013-09-21 04:00:00,Maitri,-19.68,4.62,982.2,61.4
2013-09-21 05:00:00,Maitri,-13.5,1.31,999.7,54.8
2013-09-21 06:00:00,Maitri,-13.52,7.49,1010.6,65.0
2013-09-21 07:00:00,Maitri,-13.58,23.03,1008.5,62.4
2013-09-21 08:00:00,Maitri,-14.39,13.01,974.6,49.6
2013-09-21 09:00:00,Maitri,-8.24,8.34,973.0,46.6
2013-09-21 10:00:00,Maitri,-16.85,19.78,992.7,54.3
2013-09-21 11:00:00,Maitri,-8.15,11.0,1005.3,82.2
2013-09-21 12:00:00,Maitri,-16.9,14.77,996.1,54.6
2013-09-21 13:00:00,Maitri,-21.44,10.66,972.4,58.6
2013-09-21 14:00:00,Maitri,-17.11,13.02,985.5,59.2
2013-09-21 15:00:00,Maitri,-16.89,12.3,993.4,71.0
2013-09-21 16:00:00,Maitri,-10.65,17.96,985.0,44.9
2013-09-21 17:00:00,Maitri,-13.21,6.44,986.6,43.4
2013-09-21 18:00:00,Maitri,-9.9,9.54,1003.6,59.3
2013-09-21 19:00:00,Maitri,-11.48,11.03,987.2,42.9
2013-09-21 20:00:00,Maitri,-8.53,5.77,987.8,48.7
2013-09-21 21:00:00,Maitri,-8.5,15.86,994.8,36.6
2013-09-21 22:00:00,Maitri,-14.88,5.29,988.7,43.1
2013-09-21 23:00:00,Maitri,-15.64,3.99,993.2,43.4
2013-09-22 00:00:00,Maitri,-9.27,12.47,982.0,68.9
2013-09-22 01:00:00,Maitri,-17.9,4.95,1004.9,66.2
2013-09-22 02:00:00,Maitri,-20.15,20.91,988.1,47.2
2013-09-22 03:00:00,Maitri,-16.67,9.17,992.0,65.3
2013-09-22 04:00:00,Maitri,-14.45,11.67,988.1,71.7
2013-09-22 05:00:00,Maitri,-26.41,8.03,996.2,62.8
2013-09-22 06:00:00,Maitri,-11.64,5.18,1003.6,64.1
2013-09-22 07:00:00,Maitri,-16.78,11.91,993.1,68.6
2013-09-22 08:00:00,Maitri,-17.3,11.66,990.9,50.2
2013-09-22 09:00:00,Maitri,-13.6,16.26,1000.0,51.2
2013-09-22 10:00:00,Maitri,-8.17,9.12,992.4,76.7
2013-09-22 11:00:00,Maitri,-12.11,16.77,976.5,56.9
2013-09-22 12:00:00,Maitri,-7.43,6.76,982.8,56.0
2013-09-22 13:00:00,Maitri,-17.56,26.04,973.4,63.7
2013-09-22 14:00:00,Maitri,-14.73,13.83,983.0,64.2
2013-09-22 15:00:00,Maitri,-18.37,7.88,976.8,39.1
2013-09-22 16:00:00,Maitri,-19.27,6.04,980.9,62.6
2013-09-22 17:00:00,Maitri,-15.05,5.68,977.2,51.6
2013-09-22 18:00:00,Maitri,-11.51,15.06,998.0,33.1
2013-09-22 19:00:00,Maitri,-21.78,10.4,982.4,65.4
2013-09-22 20:00:00,Maitri,-15.04,24.57,965.3,44.0
2013-09-22 21:00:00,Maitri,-16.54,13.29,990.0,50.8
2013-09-22 22:00:00,Maitri,-12.4,13.96,991.9,55.6
2013-09-22 23:00:00,Maitri,-12.63,6.74,993.4,71.1
2013-09-23 00:00:00,Maitri,-13.62,9.92,993.4,67.2
2013-09-23 01:00:00,Maitri,-14.54,5.82,989.4,54.3
2013-09-23 02:00:00,Maitri,-11.99,7.49,970.6,58.9
2013-09-23 03:00:00,Maitri,-20.34,16.11,976.9,70.7
2013-09-23 04:00:00,Maitri,-8.75,10.63,978.5,37.9
2013-09-23 05:00:00,Maitri,-15.34,4.08,980.5,50.9
2013-09-23 06:00:00,Maitri,-17.14,13.95,985.0,80.8
2013-09-23 07:00:00,Maitri,-15.56,13.16,996.3,68.1
2013-09-23 08:00:00,Maitri,-18.38,13.57,1001.0,43.8
2013-09-23 09:00:00,Maitri,-17.69,24.68,976.3,59.9
2013-09-23 10:00:00,Maitri,-17.47,9.62,992.2,63.9
2013-09-23 11:00:00,Maitri,-16.04,13.3,970.0,62.8
2013-09-23 12:00:00,Maitri,-19.58,8.72,1007.0,34.7
2013-09-23 13:00:00,Maitri,-9.0,17.18,972.5,62.1
2013-09-23 14:00:00,Maitri,-14.24,6.27,999.5,53.8
2013-09-23 15:00:00,Maitri,-8.13,12.7,965.6,37.7
2013-09-23 16:00:00,Maitri,-13.84,9.0,980.2,57.8
2013-09-23 17:00:00,Maitri,-14.19,5.89,971.4,76.0
2013-09-23 18:00:00,Maitri,-14.71,5.66,992.5,46.8
2013-09-23 19:00:00,Maitri,-16.86,11.38,977.4,38.8
2013-09-23 20:00:00,Maitri,-22.97,9.9,991.4,20.0
2013-09-23 21:00:00,Maitri,-18.76,14.17,990.8,51.7
2013-09-23 22:00:00,Maitri,-16.21,2.77,978.4,45.1
2013-09-23 23:00:00,Maitri,-10.5,2.54,991.6,52.0
2013-09-24 00:00:00,Maitri,-19.62,7.04,998.7,69.0
2013-09-24 01:00:00,Maitri,-16.16,12.17,983.6,47.0
2013-09-24 02:00:00,Maitri,-15.15,15.23,990.4,63.1
2013-09-24 03:00:00,Maitri,-14.44,10.5,999.1,60.2
2013-09-24 04:00:00,Maitri,-12.33,17.86,976.6,59.7
2013-09-24 05:00:00,Maitri,-15.28,8.07,980.4,62.3
2013-09-24 06:00:00,Maitri,-14.8,3.03,982.5,67.7
2013-09-24 07:00:00,Maitri,-13.63,7.68,987.2,39.4
2013-09-24 08:00:00,Maitri,-13.27,14.38,983.1,42.0
2013-09-24 09:00:00,Maitri,-11.43,5.41,988.4,71.7
2013-09-24 10:00:00,Maitri,-16.98,10.15,1017.0,52.3
2013-09-24 11:00:00,Maitri,-19.7,14.76,980.2,63.9
2013-09-24 12:00:00,Maitri,-14.1,4.02,977.6,55.5
2013-09-24 13:00:00,Maitri,-19.22,5.39,986.0,80.5
2013-09-24 14:00:00,Maitri,-15.76,4.45,997.8,39.2
2013-09-24 15:00:00,Maitri,-15.34,19.12,992.2,60.4
2013-09-24 16:00:00,Maitri,-10.59,5.22,978.0,62.7
2013-09-24 17:00:00,Maitri,-12.73,13.03,1008.4,56.9
2013-09-24 18:00:00,Maitri,-24.11,8.88,984.5,61.6
2013-09-24 19:00:00,Maitri,-8.46,8.94,996.4,42.6
2013-09-24 20:00:00,Maitri,-17.5,1.6,977.3,46.1
2013-09-24 21:00:00,Maitri,-10.5,10.41,970.5,61.9
2013-09-24 22:00:00,Maitri,-9.62,2.79,989.3,45.2
2013-09-24 23:00:00,Maitri,-12.53,17.46,997.5,54.2
2013-09-25 00:00:00,Maitri,-10.27,12.07,997.9,52.2
2013-09-25 01:00:00,Maitri,-12.3,4.72,992.8,51.5
2013-09-25 02:00:00,Maitri,-14.03,3.4,970.7,51.6
2013-09-25 03:00:00,Maitri,-8.55,19.05,988.9,69.5
2013-09-25 04:00:00,Maitri,-15.4,9.46,982.6,61.0
2013-09-25 05:00:00,Maitri,-14.1,8.32,1003.2,81.6
2013-09-25 06:00:00,Maitri,-14.19,8.72,972.9,45.0
2013-09-25 07:00:00,Maitri,-10.92,10.04,970.4,64.4
2013-09-25 08:00:00,Maitri,-17.86,3.73,988.0,31.6
2013-09-25 09:00:00,Maitri,-12.91,13.24,991.1,53.6
2013-09-25 10:00:00,Maitri,-17.55,9.48,972.4,72.7
2013-09-25 11:00:00,Maitri,-16.07,19.78,987.8,61.9
2013-09-25 12:00:00,Maitri,-17.73,14.76,996.5,46.5
2013-09-25 13:00:00,Maitri,-20.25,5.25,995.0,61.1
2013-09-25 14:00:00,Maitri,-14.39,7.24,979.4,36.8
2013-09-25 15:00:00,Maitri,-15.63,10.95,995.4,38.2
2013-09-25 16:00:00,Maitri,-15.3,7.94,972.9,44.8
2013-09-25 17:00:00,Maitri,-12.84,17.05,975.0,27.7
2013-09-25 18:00:00,Maitri,-13.42,13.06,982.7,47.9
2013-09-25 19:00:00,Maitri,-17.09,4.96,984.3,62.7
2013-09-25 20:00:00,Maitri,-18.03,8.02,996.3,48.0
2013-09-25 21:00:00,Maitri,-12.6,2.96,976.7,49.0
2013-09-25 22:00:00,Maitri,-11.66,8.52,994.2,36.0
2013-09-25 23:00:00,Maitri,-16.77,2.83,992.7,57.5
2013-09-26 00:00:00,Maitri,-18.79,12.59,995.9,53.6
2013-09-26 01:00:00,Maitri,-10.24,14.37,1004.3,39.3
2013-09-26 02:00:00,Maitri,-16.1,8.34,988.8,56.5
2013-09-26 03:00:00,Maitri,-11.05,4.28,978.0,61.7
2013-09-26 04:00:00,Maitri,-11.85,6.34,992.0,83.1
2013-09-26 05:00:00,Maitri,-8.23,12.4,984.2,69.8
2013-09-26 06:00:00,Maitri,-8.51,8.63,990.3,53.3
2013-09-26 07:00:00,Maitri,-20.31,12.04,987.8,34.3
2013-09-26 08:00:00,Maitri,-11.7,17.48,971.2,25.5
2013-09-26 09:00:00,Maitri,-11.62,8.85,994.0,74.1
2013-09-26 10:00:00,Maitri,-16.55,11.45,978.6,30.1
2013-09-26 11:00:00,Maitri,-18.33,15.21,981.3,54.7
2013-09-26 12:00:00,Maitri,-9.31,23.87,977.2,60.5
2013-09-26 13:00:00,Maitri,-15.4,17.51,1000.7,64.0
2013-09-26 14:00:00,Maitri,-13.25,6.25,987.3,49.0
2013-09-26 15:00:00,Maitri,-13.91,11.16,972.9,39.8
2013-09-26 16:00:00,Maitri,-13.31,9.2,968.4,76.6
2013-09-26 17:00:00,Maitri,-20.47,11.13,985.4,42.5
2013-09-26 18:00:00,Maitri,-14.55,6.67,979.6,61.2
2013-09-26 19:00:00,Maitri,-10.73,12.32,981.4,50.5
2013-09-26 20:00:00,Maitri,-12.11,8.6,980.0,71.2
2013-09-26 21:00:00,Maitri,-8.99,5.51,990.8,61.0
2013-09-26 22:00:00,Maitri,-16.15,10.63,975.9,72.4
2013-09-26 23:00:00,Maitri,-14.72,15.53,1004.0,62.8
2013-09-27 00:00:00,Maitri,-13.4,7.08,974.7,80.2
2013-09-27 01:00:00,Maitri,-16.89,15.43,989.4,70.2
2013-09-27 02:00:00,Maitri,-15.57,8.94,970.3,70.4
2013-09-27 03:00:00,Maitri,-14.14,15.88,989.6,45.1
2013-09-27 04:00:00,Maitri,-15.01,13.44,981.0,60.2
2013-09-27 05:00:00,Maitri,-15.6,12.48,1007.9,66.8
2013-09-27 06:00:00,Maitri,-11.84,12.25,995.8,76.4
2013-09-27 07:00:00,Maitri,-17.63,1.91,999.2,27.3
2013-09-27 08:00:00,Maitri,-18.84,4.37,987.0,51.0
2013-09-27 09:00:00,Maitri,-11.54,8.65,995.3,89.7
2013-09-27 10:00:00,Maitri,-9.5,4.47,981.2,46.6
2013-09-27 11:00:00,Maitri,-16.19,14.0,996.7,66.4
2013-09-27 12:00:00,Maitri,-8.88,11.45,974.6,60.5
2013-09-27 13:00:00,Maitri,-12.29,14.47,988.1,58.2
2013-09-27 14:00:00,Maitri,-16.46,18.91,981.3,59.5
2013-09-27 15:00:00,Maitri,-18.86,7.72,977.1,47.4
2013-09-27 16:00:00,Maitri,-13.56,10.18,975.3,52.0
2013-09-27 17:00:00,Maitri,-18.22,5.12,985.6,63.5
2013-09-27 18:00:00,Maitri,-14.25,5.14,996.6,68.4
2013-09-27 19:00:00,Maitri,-16.1,2.4,995.1,63.1
2013-09-27 20:00:00,Maitri,-16.22,2.48,990.3,50.2
2013-09-27 21:00:00,Maitri,-12.78,14.55,973.5,40.3
2013-09-27 22:00:00,Maitri,-14.72,7.87,995.4,67.4
2013-09-27 23:00:00,Maitri,-13.13,4.18,977.6,49.2
2013-09-28 00:00:00,Maitri,-8.81,5.14,1008.4,54.0
2013-09-28 01:00:00,Maitri,-13.81,6.51,980.2,66.6
2013-09-28 02:00:00,Maitri,-17.18,11.46,996.6,52.1
2013-09-28 03:00:00,Maitri,-11.06,11.33,1010.8,62.0
2013-09-28 04:00:00,Maitri,-15.44,7.52,989.2,54.0
2013-09-28 05:00:00,Maitri,-9.62,3.67,978.7,61.2
2013-09-28 06:00:00,Maitri,-17.28,3.05,958.6,57.3
2013-09-28 07:00:00,Maitri,-12.89,5.35,968.2,58.3
2013-09-28 08:00:00,Maitri,-11.88,9.83,983.7,49.6
2013-09-28 09:00:00,Maitri,-16.08,8.7,985.1,52.8
2013-09-28 10:00:00,Maitri,-11.23,7.2,993.3,47.4
2013-09-28 11:00:00,Maitri,-13.59,7.71,984.8,55.3
2013-09-28 12:00:00,Maitri,-16.38,8.16,988.4,46.5
2013-09-28 13:00:00,Maitri,-17.62,10.18,990.2,57.8
2013-09-28 14:00:00,Maitri,-11.0,2.14,977.3,54.7
2013-09-28 15:00:00,Maitri,-8.41,4.76,1001.5,54.4
2013-09-28 16:00:00,Maitri,-15.54,16.29,979.9,50.1
2013-09-28 17:00:00,Maitri,-7.4,14.22,985.9,43.0
2013-09-28 18:00:00,Maitri,-10.76,20.42,974.8,34.3
2013-09-28 19:00:00,Maitri,-14.18,18.78,976.4,61.3
2013-09-28 20:00:00,Maitri,-6.45,6.97,970.3,59.0
2013-09-28 21:00:00,Maitri,-15.25,19.05,973.8,72.2
2013-09-28 22:00:00,Maitri,-12.34,9.84,993.3,44.5
2013-09-28 23:00:00,Maitri,-8.14,14.15,976.6,20.0
2013-09-29 00:00:00,Maitri,-14.25,20.02,989.6,79.6
2013-09-29 01:00:00,Maitri,-13.31,10.36,983.6,39.8
2013-09-29 02:00:00,Maitri,-13.67,14.26,987.6,53.6
2013-09-29 03:00:00,Maitri,-16.27,15.75,998.1,56.3
2013-09-29 04:00:00,Maitri,-11.63,17.18,990.0,40.2
2013-09-29 05:00:00,Maitri,-15.31,4.62,978.4,45.6
2013-09-29 06:00:00,Maitri,-16.35,4.62,988.4,67.9
2013-09-29 07:00:00,Maitri,-12.46,5.08,1008.6,77.6
2013-09-29 08:00:00,Maitri,-13.08,7.26,979.6,70.0
2013-09-29 09:00:00,Maitri,-17.79,6.32,990.2,65.6
2013-09-29 10:00:00,Maitri,-13.74,5.51,986.6,45.8
2013-09-29 11:00:00,Maitri,-15.51,3.31,995.3,44.7
2013-09-29 12:00:00,Maitri,-8.75,2.22,1005.7,46.2
2013-09-29 13:00:00,Maitri,-14.77,13.29,996.4,66.6
2013-09-29 14:00:00,Maitri,-14.51,10.68,986.3,64.7
2013-09-29 15:00:00,Maitri,-12.3,32.48,982.9,48.6
2013-09-29 16:00:00,Maitri,-10.85,9.45,975.5,61.3
2013-09-29 17:00:00,Maitri,-11.01,4.43,997.0,61.8
2013-09-29 18:00:00,Maitri,-21.49,8.05,979.1,40.0
2013-09-29 19:00:00,Maitri,-17.01,9.29,989.5,67.6
2013-09-29 20:00:00,Maitri,-12.06,18.52,1002.3,48.4
2013-09-29 21:00:00,Maitri,-14.61,10.26,991.6,62.1
2013-09-29 22:00:00,Maitri,-14.79,8.32,999.1,48.0
2013-09-29 23:00:00,Maitri,-9.75,4.39,992.4,79.0
2013-09-30 00:00:00,Maitri,-14.65,8.13,982.5,54.0
2013-09-30 01:00:00,Maitri,-10.59,5.91,974.3,55.8
2013-09-30 02:00:00,Maitri,-10.06,4.4,989.5,56.2
2013-09-30 03:00:00,Maitri,-6.33,24.37,1000.3,37.6
2013-09-30 04:00:00,Maitri,-17.39,17.13,998.7,56.5
2013-09-30 05:00:00,Maitri,-17.24,10.34,988.6,56.1
2013-09-30 06:00:00,Maitri,-13.04,8.73,980.0,54.2
2013-09-30 07:00:00,Maitri,-11.35,5.72,995.1,83.8
2013-09-30 08:00:00,Maitri,-16.2,24.77,959.0,53.9
2013-09-30 09:00:00,Maitri,-11.14,3.15,972.9,59.0
2013-09-30 10:00:00,Maitri,-10.85,6.91,1000.6,67.5
2013-09-30 11:00:00,Maitri,-19.54,7.53,1005.6,64.6
2013-09-30 12:00:00,Maitri,-15.67,15.81,989.4,55.6
2013-09-30 13:00:00,Maitri,-16.26,12.43,968.4,51.1
2013-09-30 14:00:00,Maitri,-13.45,15.33,984.8,46.3
2013-09-30 15:00:00,Maitri,-12.62,9.31,962.2,56.1
2013-09-30 16:00:00,Maitri,-13.7,2.74,975.7,55.8
2013-09-30 17:00:00,Maitri,-12.03,6.8,974.8,64.4
2013-09-30 18:00:00,Maitri,-12.94,1.87,980.3,61.8
2013-09-30 19:00:00,Maitri,-17.88,2.68,981.4,77.1
2013-09-30 20:00:00,Maitri,-20.5,11.11,991.4,58.4
2013-09-30 21:00:00,Maitri,-14.42,4.49,986.9,62.3
2013-09-30 22:00:00,Maitri,-20.27,5.38,1000.3,39.2
2013-09-30 23:00:00,Maitri,-20.5,9.07,976.9,46.9
2013-10-01 00:00:00,Maitri,-13.68,5.77,989.0,49.0
2013-10-01 01:00:00,Maitri,-14.1,11.8,978.0,60.4
2013-10-01 02:00:00,Maitri,-15.4,11.78,986.0,53.9
2013-10-01 03:00:00,Maitri,-19.42,6.53,982.0,69.9
2013-10-01 04:00:00,Maitri,-12.97,14.28,983.3,52.6
2013-10-01 05:00:00,Maitri,-16.28,2.67,991.1,60.4
2013-10-01 06:00:00,Maitri,-18.77,5.48,978.7,43.2
2013-10-01 07:00:00,Maitri,-17.77,7.05,994.9,77.9
2013-10-01 08:00:00,Maitri,-17.12,13.65,987.6,65.5
2013-10-01 09:00:00,Maitri,-13.63,10.36,982.8,53.1
2013-10-01 10:00:00,Maitri,-8.55,11.53,982.0,67.8
2013-10-01 11:00:00,Maitri,-9.46,16.3,980.9,47.5
2013-10-01 12:00:00,Maitri,-12.84,7.88,1008.1,47.9
2013-10-01 13:00:00,Maitri,-14.21,7.03,971.7,52.6
2013-10-01 14:00:00,Maitri,-12.29,17.52,983.6,60.3
2013-10-01 15:00:00,Maitri,-14.99,4.98,993.4,61.4
2013-10-01 16:00:00,Maitri,-23.07,12.14,994.4,85.8
2013-10-01 17:00:00,Maitri,-14.19,5.69,978.9,54.4
2013-10-01 18:00:00,Maitri,-17.33,10.78,989.5,57.7
2013-10-01 19:00:00,Maitri,-18.28,4.27,1003.5,62.4
2013-10-01 20:00:00,Maitri,-15.59,5.47,977.3,45.9
2013-10-01 21:00:00,Maitri,-12.78,7.03,976.0,62.2
2013-10-01 22:00:00,Maitri,-8.84,3.72,1002.3,58.4
2013-10-01 23:00:00,Maitri,-13.2,2.24,988.9,67.0
2013-10-02 00:00:00,Maitri,-14.94,7.06,1004.0,52.4
2013-10-02 01:00:00,Maitri,-11.97,18.08,976.9,53.7
2013-10-02 02:00:00,Maitri,-21.96,12.05,971.4,72.8
2013-10-02 03:00:00,Maitri,-10.58,15.97,966.4,60.9
2013-10-02 04:00:00,Maitri,-10.06,19.25,990.4,51.6
2013-10-02 05:00:00,Maitri,-13.94,10.33,990.6,37.1
2013-10-02 06:00:00,Maitri,-17.83,8.23,976.0,49.5
2013-10-02 07:00:00,Maitri,-12.38,3.2,1002.2,35.1
2013-10-02 08:00:00,Maitri,-18.82,11.65,1001.5,77.9
2013-10-02 09:00:00,Maitri,-8.78,5.95,980.3,72.1
2013-10-02 10:00:00,Maitri,-13.92,7.86,984.1,66.7
2013-10-02 11:00:00,Maitri,-15.0,9.84,997.9,51.1
2013-10-02 12:00:00,Maitri,-9.81,12.13,987.2,65.7
2013-10-02 13:00:00,Maitri,-17.53,12.85,997.0,66.2
2013-10-02 14:00:00,Maitri,-13.84,13.2,970.0,46.9
2013-10-02 15:00:00,Maitri,-9.42,8.77,984.1,49.3
2013-10-02 16:00:00,Maitri,-14.62,10.37,977.0,55.6
2013-10-02 17:00:00,Maitri,-11.67,8.95,976.5,67.9
2013-10-02 18:00:00,Maitri,-15.07,14.32,985.3,53.2
2013-10-02 19:00:00,Maitri,-8.42,10.16,995.9,65.4
2013-10-02 20:00:00,Maitri,-10.21,7.64,985.7,53.8
2013-10-02 21:00:00,Maitri,-10.66,12.27,993.0,59.7
2013-10-02 22:00:00,Maitri,-10.74,18.08,1004.4,61.1
2013-10-02 23:00:00,Maitri,-15.39,14.35,987.2,45.8
2013-10-03 00:00:00,Maitri,-12.35,9.44,987.6,70.2
2013-10-03 01:00:00,Maitri,-15.35,16.95,989.8,70.2
2013-10-03 02:00:00,Maitri,-11.89,18.11,984.0,27.7
2013-10-03 03:00:00,Maitri,-14.15,4.38,979.7,52.7
2013-10-03 04:00:00,Maitri,-9.55,13.26,976.8,64.7
2013-10-03 05:00:00,Maitri,-13.93,10.24,986.3,59.1
2013-10-03 06:00:00,Maitri,-16.7,7.79,979.1,60.7
2013-10-03 07:00:00,Maitri,-12.25,4.43,992.0,57.8
2013-10-03 08:00:00,Maitri,-12.02,2.72,978.9,54.4
2013-10-03 09:00:00,Maitri,-14.63,6.37,973.0,62.3
2013-10-03 10:00:00,Maitri,-11.51,16.69,989.2,68.8
2013-10-03 11:00:00,Maitri,-12.88,9.78,991.4,51.8
2013-10-03 12:00:00,Maitri,-14.47,5.87,1001.5,65.9
2013-10-03 13:00:00,Maitri,-12.66,9.31,994.8,58.9
2013-10-03 14:00:00,Maitri,-10.97,15.73,988.3,47.0
2013-10-03 15:00:00,Maitri,-8.09,8.49,985.3,55.8
2013-10-03 16:00:00,Maitri,-10.24,9.38,992.6,69.5
2013-10-03 17:00:00,Maitri,-16.24,18.46,994.6,58.6
2013-10-03 18:00:00,Maitri,-15.95,1.28,997.9,52.9
2013-10-03 19:00:00,Maitri,-5.98,10.05,984.4,57.9
2013-10-03 20:00:00,Maitri,-10.71,22.42,989.4,52.7
2013-10-03 21:00:00,Maitri,-18.82,16.06,976.6,50.2
2013-10-03 22:00:00,Maitri,-14.21,24.58,997.7,44.0
2013-10-03 23:00:00,Maitri,-15.29,4.96,999.3,51.5
2013-10-04 00:00:00,Maitri,-8.79,12.39,999.6,57.9
2013-10-04 01:00:00,Maitri,-13.34,15.45,988.5,51.9
2013-10-04 02:00:00,Maitri,-8.81,9.81,988.5,70.9
2013-10-04 03:00:00,Maitri,-12.08,16.51,967.6,64.9
2013-10-04 04:00:00,Maitri,-7.66,12.29,1009.5,52.8
2013-10-04 05:00:00,Maitri,-15.1,14.78,1001.4,80.5
2013-10-04 06:00:00,Maitri,-14.0,9.03,967.9,24.5
2013-10-04 07:00:00,Maitri,-9.64,4.04,978.8,49.9
2013-10-04 08:00:00,Maitri,-16.74,9.97,991.4,63.5
2013-10-04 09:00:00,Maitri,-13.64,22.89,997.1,43.4
2013-10-04 10:00:00,Maitri,-10.82,14.12,996.7,72.0
2013-10-04 11:00:00,Maitri,-14.26,8.52,988.5,58.2
2013-10-04 12:00:00,Maitri,-11.26,6.28,990.8,61.0
2013-10-04 13:00:00,Maitri,-13.38,5.73,997.3,30.0
2013-10-04 14:00:00,Maitri,-7.24,5.87,972.6,41.9
2013-10-04 15:00:00,Maitri,-16.43,19.41,977.4,67.0
2013-10-04 16:00:00,Maitri,-13.23,14.02,997.1,71.6
2013-10-04 17:00:00,Maitri,-14.43,17.14,1012.0,61.1
2013-10-04 18:00:00,Maitri,-13.0,19.44,980.0,50.4
2013-10-04 19:00:00,Maitri,-8.34,4.38,977.8,64.9
2013-10-04 20:00:00,Maitri,-7.75,16.93,1007.2,44.3
2013-10-04 21:00:00,Maitri,-11.37,6.11,1001.4,61.1
2013-10-04 22:00:00,Maitri,-10.7,20.3,1004.0,52.0
2013-10-04 23:00:00,Maitri,-10.96,14.73,986.7,42.2
2013-10-05 00:00:00,Maitri,-11.29,5.56,988.4,54.3
2013-10-05 01:00:00,Maitri,-11.22,15.64,975.2,22.8
2013-10-05 02:00:00,Maitri,-10.95,3.29,984.6,52.8
2013-10-05 03:00:00,Maitri,-12.6,22.93,982.8,59.3
2013-10-05 04:00:00,Maitri,-11.9,10.2,977.6,46.3
2013-10-05 05:00:00,Maitri,-22.93,16.79,953.7,46.7
2013-10-05 06:00:00,Maitri,-11.71,9.69,998.2,48.6
2013-10-05 07:00:00,Maitri,-15.89,29.08,978.2,56.5
2013-10-05 08:00:00,Maitri,-17.26,8.96,973.2,53.3
2013-10-05 09:00:00,Maitri,-11.76,15.45,988.1,41.4
2013-10-05 10:00:00,Maitri,-12.46,10.8,978.0,40.8
2013-10-05 11:00:00,Maitri,-13.12,8.02,968.0,63.3
2013-10-05 12:00:00,Maitri,-12.89,14.66,1002.6,69.9
2013-10-05 13:00:00,Maitri,-17.62,7.96,1004.5,29.5
2013-10-05 14:00:00,Maitri,-9.31,3.2,988.0,54.8
2013-10-05 15:00:00,Maitri,-16.95,5.93,986.2,54.8
2013-10-05 16:00:00,Maitri,-17.83,17.2,969.6,60.9
2013-10-05 17:00:00,Maitri,-13.89,9.48,981.8,68.1
2013-10-05 18:00:00,Maitri,-13.93,5.39,979.5,53.0
2013-10-05 19:00:00,Maitri,-14.41,13.53,981.0,51.4
2013-10-05 20:00:00,Maitri,-9.84,5.08,1002.0,39.3
2013-10-05 21:00:00,Maitri,-8.94,8.0,980.7,55.4
2013-10-05 22:00:00,Maitri,-4.8,8.54,997.7,61.3
2013-10-05 23:00:00,Maitri,-14.77,3.78,995.8,50.2
2013-10-06 00:00:00,Maitri,-18.31,4.0,976.2,50.5
2013-10-06 01:00:00,Maitri,-13.61,10.59,991.9,34.8
2013-10-06 02:00:00,Maitri,-18.5,5.37,970.8,65.0
2013-10-06 03:00:00,Maitri,-12.49,8.09,990.5,63.7
2013-10-06 04:00:00,Maitri,-11.51,16.73,981.7,60.8
2013-10-06 05:00:00,Maitri,-11.68,22.4,985.5,63.6
2013-10-06 06:00:00,Maitri,-13.34,3.26,1002.3,59.3
2013-10-06 07:00:00,Maitri,-8.91,10.44,977.2,54.6
2013-10-06 08:00:00,Maitri,-10.04,7.16,988.7,79.5
2013-10-06 09:00:00,Maitri,-11.3,30.65,990.9,48.9
2013-10-06 10:00:00,Maitri,-15.46,6.21,964.5,40.2
2013-10-06 11:00:00,Maitri,-14.22,22.81,983.6,48.8
2013-10-06 12:00:00,Maitri,-16.95,6.05,987.5,91.5
2013-10-06 13:00:00,Maitri,-14.01,9.43,1003.4,43.4
2013-10-06 14:00:00,Maitri,-20.3,13.23,999.3,46.1
2013-10-06 15:00:00,Maitri,-12.59,15.0,983.7,63.3
2013-10-06 16:00:00,Maitri,-10.81,12.2,977.3,35.8
2013-10-06 17:00:00,Maitri,-8.39,13.1,978.4,54.7
2013-10-06 18:00:00,Maitri,-13.57,4.22,990.0,56.2
2013-10-06 19:00:00,Maitri,-20.32,4.67,992.8,76.9
2013-10-06 20:00:00,Maitri,-14.85,2.36,979.5,70.9
2013-10-06 21:00:00,Maitri,-17.32,9.31,990.3,43.9
2013-10-06 22:00:00,Maitri,-15.46,16.33,1002.9,59.4
2013-10-06 23:00:00,Maitri,-12.42,8.93,983.5,63.3
2013-10-07 00:00:00,Maitri,-9.03,13.49,998.4,64.7
2013-10-07 01:00:00,Maitri,-14.5,14.57,1000.1,58.7
2013-10-07 02:00:00,Maitri,-12.93,2.44,990.7,62.2
2013-10-07 03:00:00,Maitri,-16.0,11.43,987.6,50.6
2013-10-07 04:00:00,Maitri,-15.61,4.72,972.1,45.7
2013-10-07 05:00:00,Maitri,-13.08,13.75,1003.7,68.5
2013-10-07 06:00:00,Maitri,-7.67,15.34,1001.5,57.0
2013-10-07 07:00:00,Maitri,-12.11,8.13,974.7,44.5
2013-10-07 08:00:00,Maitri,-8.2,12.99,990.5,49.8
2013-10-07 09:00:00,Maitri,-10.93,4.62,1008.1,21.9
2013-10-07 10:00:00,Maitri,-16.62,4.56,989.9,42.3
2013-10-07 11:00:00,Maitri,-7.07,4.99,1003.7,57.1
2013-10-07 12:00:00,Maitri,-15.73,7.83,964.8,34.1
2013-10-07 13:00:00,Maitri,-15.13,8.95,964.1,57.4
2013-10-07 14:00:00,Maitri,-8.79,14.34,977.5,56.8
2013-10-07 15:00:00,Maitri,-11.98,8.36,966.7,49.9
2013-10-07 16:00:00,Maitri,-13.76,18.03,995.7,47.1
2013-10-07 17:00:00,Maitri,-10.13,9.15,992.9,56.6
2013-10-07 18:00:00,Maitri,-8.35,1.01,993.0,60.1
2013-10-07 19:00:00,Maitri,-13.63,12.84,983.0,64.3
2013-10-07 20:00:00,Maitri,-12.01,8.09,976.6,34.5
2013-10-07 21:00:00,Maitri,-14.05,20.42,991.7,61.3
2013-10-07 22:00:00,Maitri,-12.21,5.62,1004.1,53.3
2013-10-07 23:00:00,Maitri,-11.69,11.35,968.8,48.4
2013-10-08 00:00:00,Maitri,-15.23,4.74,982.4,52.3
2013-10-08 01:00:00,Maitri,-12.59,16.13,981.3,60.8
2013-10-08 02:00:00,Maitri,-4.96,11.2,975.8,62.3
2013-10-08 03:00:00,Maitri,-9.0,16.9,994.3,54.2
2013-10-08 04:00:00,Maitri,-11.26,9.43,963.5,51.9
2013-10-08 05:00:00,Maitri,-14.15,11.27,987.2,82.6
2013-10-08 06:00:00,Maitri,-17.82,6.73,977.7,60.6
2013-10-08 07:00:00,Maitri,-12.16,9.02,1011.5,58.4
2013-10-08 08:00:00,Maitri,-6.84,10.98,984.6,47.0
2013-10-08 09:00:00,Maitri,-15.11,8.58,979.6,68.4
2013-10-08 10:00:00,Maitri,-10.4,8.3,990.4,38.3
2013-10-08 11:00:00,Maitri,-6.11,7.29,1008.0,51.8
2013-10-08 12:00:00,Maitri,-11.02,7.27,993.7,59.8
2013-10-08 13:00:00,Maitri,-8.25,25.19,988.2,60.3
2013-10-08 14:00:00,Maitri,-12.29,15.45,985.8,69.8
2013-10-08 15:00:00,Maitri,-13.66,10.61,970.9,42.7
2013-10-08 16:00:00,Maitri,-4.26,18.24,982.5,67.3
2013-10-08 17:00:00,Maitri,-18.41,3.09,993.5,45.1
2013-10-08 18:00:00,Maitri,-11.57,3.84,981.1,60.8
2013-10-08 19:00:00,Maitri,-11.81,3.5,966.6,54.7
2013-10-08 20:00:00,Maitri,-14.4,10.74,988.2,63.1
2013-10-08 21:00:00,Maitri,-7.36,10.18,985.8,63.3
2013-10-08 22:00:00,Maitri,-17.34,13.3,988.9,57.2
2013-10-08 23:00:00,Maitri,-10.87,7.75,992.0,72.2
2013-10-09 00:00:00,Maitri,-18.97,7.2,990.0,76.6
2013-10-09 01:00:00,Maitri,-13.83,6.12,976.3,58.4
2013-10-09 02:00:00,Maitri,-15.72,16.2,994.3,57.6
2013-10-09 03:00:00,Maitri,-9.34,14.04,974.7,59.7
2013-10-09 04:00:00,Maitri,-18.15,6.38,991.2,37.9
2013-10-09 05:00:00,Maitri,-14.42,3.9,995.0,64.6
2013-10-09 06:00:00,Maitri,-15.05,8.9,978.0,63.4
2013-10-09 07:00:00,Maitri,-13.31,13.28,968.6,54.9
2013-10-09 08:00:00,Maitri,-10.64,14.34,974.8,69.5
2013-10-09 09:00:00,Maitri,-11.55,10.51,970.5,73.4
2013-10-09 10:00:00,Maitri,-12.99,6.05,992.0,53.7
2013-10-09 11:00:00,Maitri,-10.48,2.33,980.2,59.8
2013-10-09 12:00:00,Maitri,-12.03,11.46,981.2,57.3
2013-10-09 13:00:00,Maitri,-15.46,9.76,991.5,62.0
2013-10-09 14:00:00,Maitri,-14.39,11.14,992.0,47.4
2013-10-09 15:00:00,Maitri,-12.08,14.58,994.9,63.9
2013-10-09 16:00:00,Maitri,-7.69,6.72,964.0,60.5
2013-10-09 17:00:00,Maitri,-13.66,19.63,984.2,63.2
2013-10-09 18:00:00,Maitri,-11.49,3.92,972.5,54.4
2013-10-09 19:00:00,Maitri,-12.65,13.53,996.9,58.1
2013-10-09 20:00:00,Maitri,-3.79,15.61,980.2,53.0
2013-10-09 21:00:00,Maitri,-16.53,10.25,983.5,54.9
2013-10-09 22:00:00,Maitri,-19.51,10.93,996.1,66.4
2013-10-09 23:00:00,Maitri,-11.29,4.95,984.4,44.1
2013-10-10 00:00:00,Maitri,-8.21,8.58,984.3,51.5
2013-10-10 01:00:00,Maitri,-14.86,5.13,991.2,84.0
2013-10-10 02:00:00,Maitri,-7.4,8.37,980.3,41.1
2013-10-10 03:00:00,Maitri,-16.86,8.96,970.8,45.1
2013-10-10 04:00:00,Maitri,-10.88,22.57,990.2,58.4
2013-10-10 05:00:00,Maitri,-13.41,2.88,993.9,54.4
2013-10-10 06:00:00,Maitri,-13.06,6.69,997.9,63.4
2013-10-10 07:00:00,Maitri,-9.84,4.08,985.6,53.0
2013-10-10 08:00:00,Maitri,-11.63,3.27,994.9,42.7
2013-10-10 09:00:00,Maitri,-11.16,5.12,980.8,77.8
2013-10-10 10:00:00,Maitri,-11.2,2.98,969.0,39.1
2013-10-10 11:00:00,Maitri,-5.99,4.41,988.2,54.6
2013-10-10 12:00:00,Maitri,-12.87,7.35,982.9,57.9
2013-10-10 13:00:00,Maitri,-13.85,8.03,964.6,68.1
2013-10-10 14:00:00,Maitri,-11.09,14.73,998.8,60.7
2013-10-10 15:00:00,Maitri,-14.18,4.76,982.5,64.5
2013-10-10 16:00:00,Maitri,-8.56,8.28,1003.7,79.1
2013-10-10 17:00:00,Maitri,-16.66,6.47,989.0,53.0
2013-10-10 18:00:00,Maitri,-11.93,7.28,988.1,40.9
2013-10-10 19:00:00,Maitri,-15.53,11.1,1003.0,52.1
2013-10-10 20:00:00,Maitri,-11.9,10.4,975.7,69.0
2013-10-10 21:00:00,Maitri,-8.56,5.17,993.1,59.1
2013-10-10 22:00:00,Maitri,-11.27,4.34,994.3,55.5
2013-10-10 23:00:00,Maitri,-10.54,8.69,960.9,61.5
2013-10-11 00:00:00,Maitri,-19.34,2.19,984.4,80.8
2013-10-11 01:00:00,Maitri,-6.93,18.68,982.6,60.6
2013-10-11 02:00:00,Maitri,-15.17,9.29,997.8,67.3
2013-10-11 03:00:00,Maitri,-7.97,9.08,983.5,49.8
2013-10-11 04:00:00,Maitri,-10.07,10.11,1009.4,56.3
2013-10-11 05:00:00,Maitri,-14.27,9.08,991.9,55.5
2013-10-11 06:00:00,Maitri,-12.57,6.6,996.4,56.4
2013-10-11 07:00:00,Maitri,-12.75,12.76,995.6,57.1
2013-10-11 08:00:00,Maitri,-11.19,11.16,981.3,41.8
2013-10-11 09:00:00,Maitri,-13.04,9.96,1011.8,53.7
2013-10-11 10:00:00,Maitri,-6.04,3.12,986.6,59.3
2013-10-11 11:00:00,Maitri,-11.83,11.95,986.6,61.5
2013-10-11 12:00:00,Maitri,-9.49,5.85,986.2,54.1
2013-10-11 13:00:00,Maitri,-13.97,4.78,1002.1,80.9
2013-10-11 14:00:00,Maitri,-15.56,25.21,986.7,71.5
2013-10-11 15:00:00,Maitri,-19.93,25.12,991.8,62.5
2013-10-11 16:00:00,Maitri,-11.56,10.62,1000.8,49.6
2013-10-11 17:00:00,Maitri,-16.62,17.47,970.8,36.5
2013-10-11 18:00:00,Maitri,-11.22,12.55,973.1,52.8
2013-10-11 19:00:00,Maitri,-11.71,7.72,987.8,61.2
2013-10-11 20:00:00,Maitri,-7.93,11.05,996.9,53.0
2013-10-11 21:00:00,Maitri,-12.14,6.29,992.4,61.8
2013-10-11 22:00:00,Maitri,-12.23,28.86,975.3,54.5
2013-10-11 23:00:00,Maitri,-9.98,8.04,973.6,48.7
2013-10-12 00:00:00,Maitri,-11.44,5.03,987.0,46.0
2013-10-12 01:00:00,Maitri,-6.56,16.09,990.4,73.4
2013-10-12 02:00:00,Maitri,-18.3,6.1,977.5,76.7
2013-10-12 03:00:00,Maitri,-14.66,9.52,1003.3,45.8
2013-10-12 04:00:00,Maitri,-13.84,2.21,975.5,68.0
2013-10-12 05:00:00,Maitri,-11.56,9.62,983.2,45.6
2013-10-12 06:00:00,Maitri,-10.72,32.14,965.1,55.8
2013-10-12 07:00:00,Maitri,-10.48,6.07,994.9,55.5
2013-10-12 08:00:00,Maitri,-5.08,12.56,985.4,54.4
2013-10-12 09:00:00,Maitri,-15.16,21.88,979.8,72.9
2013-10-12 10:00:00,Maitri,-11.8,16.06,996.2,37.1
2013-10-12 11:00:00,Maitri,-13.12,7.08,978.2,64.1
2013-10-12 12:00:00,Maitri,-7.68,10.43,985.3,52.4
2013-10-12 13:00:00,Maitri,-21.5,9.15,965.0,63.9
2013-10-12 14:00:00,Maitri,-14.22,7.88,967.3,47.8
2013-10-12 15:00:00,Maitri,-13.57,12.15,988.5,79.4
2013-10-12 16:00:00,Maitri,-11.05,6.62,983.2,52.7
2013-10-12 17:00:00,Maitri,-17.42,23.11,982.2,57.6
2013-10-12 18:00:00,Maitri,-9.27,4.01,981.6,61.7
2013-10-12 19:00:00,Maitri,-4.57,7.52,1005.6,53.3
2013-10-12 20:00:00,Maitri,-18.56,8.47,989.7,50.4
2013-10-12 21:00:00,Maitri,-3.59,8.17,971.1,38.3
2013-10-12 22:00:00,Maitri,-16.11,21.64,1003.0,52.4
2013-10-12 23:00:00,Maitri,-15.06,18.14,983.6,65.8
2013-10-13 00:00:00,Maitri,-12.09,5.26,988.3,56.2
2013-10-13 01:00:00,Maitri,-11.95,7.06,1005.3,89.8
2013-10-13 02:00:00,Maitri,-12.16,9.8,993.0,58.6
2013-10-13 03:00:00,Maitri,-11.58,18.02,1003.0,61.2
2013-10-13 04:00:00,Maitri,-9.05,2.87,984.0,52.8
2013-10-13 05:00:00,Maitri,-11.5,5.36,1012.7,59.6
2013-10-13 06:00:00,Maitri,-7.01,12.97,979.8,51.7
2013-10-13 07:00:00,Maitri,-12.95,5.67,987.8,56.0
2013-10-13 08:00:00,Maitri,-9.02,13.12,974.9,53.6
2013-10-13 09:00:00,Maitri,-6.46,20.11,980.4,66.7
2013-10-13 10:00:00,Maitri,-7.62,23.92,974.2,60.8
2013-10-13 11:00:00,Maitri,-9.2,16.79,998.3,41.6
2013-10-13 12:00:00,Maitri,-11.67,16.95,990.4,53.0
2013-10-13 13:00:00,Maitri,-11.29,5.05,983.2,56.0
2013-10-13 14:00:00,Maitri,-11.19,12.56,987.4,45.4
2013-10-13 15:00:00,Maitri,-9.89,11.53,985.9,50.9
2013-10-13 16:00:00,Maitri,-7.6,13.17,970.5,49.7
2013-10-13 17:00:00,Maitri,-14.17,13.61,991.9,59.1
2013-10-13 18:00:00,Maitri,-14.45,26.94,997.8,58.4
2013-10-13 19:00:00,Maitri,-16.75,11.76,972.6,48.2
2013-10-13 20:00:00,Maitri,-18.7,2.37,984.5,36.2
2013-10-13 21:00:00,Maitri,-14.95,14.99,989.3,53.2
2013-10-13 22:00:00,Maitri,-14.82,4.07,1004.1,81.3
2013-10-13 23:00:00,Maitri,-16.32,20.61,986.4,62.4
2013-10-14 00:00:00,Maitri,-15.44,10.38,972.9,60.9
2013-10-14 01:00:00,Maitri,-11.1,7.0,989.0,58.6
2013-10-14 02:00:00,Maitri,-9.4,18.17,1001.3,63.6
2013-10-14 03:00:00,Maitri,-5.49,14.63,980.5,50.2
2013-10-14 04:00:00,Maitri,-4.48,6.38,986.3,52.1
2013-10-14 05:00:00,Maitri,-14.9,18.94,991.4,65.6
2013-10-14 06:00:00,Maitri,-11.05,10.89,997.3,62.6
2013-10-14 07:00:00,Maitri,-10.02,13.98,977.4,77.9
2013-10-14 08:00:00,Maitri,-14.68,7.59,969.9,41.3
2013-10-14 09:00:00,Maitri,-7.21,14.57,996.8,66.3
2013-10-14 10:00:00,Maitri,-9.32,42.01,977.2,56.9
2013-10-14 11:00:00,Maitri,-15.82,5.2,993.8,41.3
2013-10-14 12:00:00,Maitri,-11.92,11.72,994.8,66.7
2013-10-14 13:00:00,Maitri,-13.67,4.17,981.0,76.3
2013-10-14 14:00:00,Maitri,-8.36,10.33,983.6,56.2
2013-10-14 15:00:00,Maitri,-7.81,8.61,978.9,53.2
2013-10-14 16:00:00,Maitri,-14.81,11.56,982.1,70.9
2013-10-14 17:00:00,Maitri,-5.63,8.45,982.9,51.1
2013-10-14 18:00:00,Maitri,-11.72,4.96,987.9,65.2
2013-10-14 19:00:00,Maitri,-12.93,12.58,980.2,51.5
2013-10-14 20:00:00,Maitri,-17.15,34.49,987.0,70.8
2013-10-14 21:00:00,Maitri,-8.57,14.81,975.6,70.5
2013-10-14 22:00:00,Maitri,-10.77,7.06,1002.9,51.8
2013-10-14 23:00:00,Maitri,-12.31,14.29,988.8,56.5
2013-10-15 00:00:00,Maitri,-9.45,21.68,976.2,66.1
2013-10-15 01:00:00,Maitri,-8.78,3.73,982.2,70.6
2013-10-15 02:00:00,Maitri,-13.24,25.02,987.6,58.9
2013-10-15 03:00:00,Maitri,-9.61,6.88,972.8,64.7
2013-10-15 04:00:00,Maitri,-7.07,13.35,994.2,55.1
2013-10-15 05:00:00,Maitri,-10.34,7.56,993.1,57.1
2013-10-15 06:00:00,Maitri,-9.76,13.74,984.3,49.9
2013-10-15 07:00:00,Maitri,-12.04,17.47,977.0,67.9
2013-10-15 08:00:00,Maitri,-12.42,11.08,990.7,78.9
2013-10-15 09:00:00,Maitri,-16.6,6.87,998.5,60.9
2013-10-15 10:00:00,Maitri,-9.32,2.65,986.4,74.7
2013-10-15 11:00:00,Maitri,-15.1,9.13,990.3,77.0
2013-10-15 12:00:00,Maitri,-13.08,17.58,983.2,54.5
2013-10-15 13:00:00,Maitri,-12.95,15.58,992.1,62.1
2013-10-15 14:00:00,Maitri,-13.02,10.22,997.3,54.2
2013-10-15 15:00:00,Maitri,-10.15,10.01,984.1,62.3
2013-10-15 16:00:00,Maitri,-12.7,3.95,980.0,50.5
2013-10-15 17:00:00,Maitri,-7.4,8.08,999.7,48.4
2013-10-15 18:00:00,Maitri,-15.27,9.43,980.2,70.3
2013-10-15 19:00:00,Maitri,-10.84,12.27,1001.6,40.9
2013-10-15 20:00:00,Maitri,-12.02,11.94,988.6,51.9
2013-10-15 21:00:00,Maitri,-20.15,7.87,974.6,81.4
2013-10-15 22:00:00,Maitri,-14.05,17.99,994.2,67.5
2013-10-15 23:00:00,Maitri,-8.58,16.18,987.1,64.3
2013-10-16 00:00:00,Maitri,-14.5,8.88,991.1,42.8
2013-10-16 01:00:00,Maitri,-10.66,19.98,987.5,66.0
2013-10-16 02:00:00,Maitri,-7.25,16.54,998.3,41.1
2013-10-16 03:00:00,Maitri,-9.31,5.75,983.8,82.6
2013-10-16 04:00:00,Maitri,-6.08,16.56,976.9,56.7
2013-10-16 05:00:00,Maitri,-8.0,8.05,978.1,65.5
2013-10-16 06:00:00,Maitri,-5.78,15.55,983.8,66.2
2013-10-16 07:00:00,Maitri,-12.85,4.56,975.9,56.6
2013-10-16 08:00:00,Maitri,-11.92,22.62,995.5,79.1
2013-10-16 09:00:00,Maitri,-13.59,14.54,991.0,69.0
2013-10-16 10:00:00,Maitri,-10.38,18.07,986.8,56.5
2013-10-16 11:00:00,Maitri,-15.82,16.57,994.4,64.1
2013-10-16 12:00:00,Maitri,-8.78,10.71,983.8,32.4
2013-10-16 13:00:00,Maitri,-9.63,10.76,981.5,54.5
2013-10-16 14:00:00,Maitri,-7.34,4.98,976.3,49.4
2013-10-16 15:00:00,Maitri,-2.36,18.59,993.2,48.8
2013-10-16 16:00:00,Maitri,-6.23,8.65,993.6,39.3
2013-10-16 17:00:00,Maitri,-9.77,6.85,991.2,44.1
2013-10-16 18:00:00,Maitri,-12.94,11.87,988.3,50.2
2013-10-16 19:00:00,Maitri,-6.35,4.75,986.8,76.0
2013-10-16 20:00:00,Maitri,-3.8,6.03,1002.5,33.3
2013-10-16 21:00:00,Maitri,-11.94,8.21,996.0,58.0
2013-10-16 22:00:00,Maitri,-13.72,7.07,1003.2,42.7
2013-10-16 23:00:00,Maitri,-11.43,2.43,980.8,64.2
2013-10-17 00:00:00,Maitri,-12.37,22.13,989.6,39.2
2013-10-17 01:00:00,Maitri,-7.02,18.1,1000.7,74.4
2013-10-17 02:00:00,Maitri,-4.98,7.48,987.0,40.3
2013-10-17 03:00:00,Maitri,-7.55,10.36,993.6,48.4
2013-10-17 04:00:00,Maitri,-8.53,11.02,1004.9,65.0
2013-10-17 05:00:00,Maitri,-8.8,5.52,982.2,74.0
2013-10-17 06:00:00,Maitri,-9.34,3.63,1002.0,51.8
2013-10-17 07:00:00,Maitri,-14.15,9.44,991.2,61.9
2013-10-17 08:00:00,Maitri,-19.34,5.24,978.9,54.8
2013-10-17 09:00:00,Maitri,-9.84,10.7,999.0,45.7
2013-10-17 10:00:00,Maitri,-11.34,12.06,993.6,37.3
2013-10-17 11:00:00,Maitri,-6.8,4.49,973.8,47.3
2013-10-17 12:00:00,Maitri,-19.02,7.27,1010.2,79.1
2013-10-17 13:00:00,Maitri,-4.91,4.88,981.0,64.2
2013-10-17 14:00:00,Maitri,-11.7,8.79,988.4,49.6
2013-10-17 15:00:00,Maitri,-18.89,11.99,984.7,68.9
2013-10-17 16:00:00,Maitri,-5.72,4.51,996.3,70.8
2013-10-17 17:00:00,Maitri,-10.52,10.53,994.7,65.3
2013-10-17 18:00:00,Maitri,-12.65,9.31,987.2,74.6
2013-10-17 19:00:00,Maitri,-12.04,7.0,982.7,63.0
2013-10-17 20:00:00,Maitri,-12.96,20.51,996.3,59.3
2013-10-17 21:00:00,Maitri,-5.49,18.07,987.5,70.0
2013-10-17 22:00:00,Maitri,-13.95,4.35,994.2,65.1
2013-10-17 23:00:00,Maitri,-10.11,3.51,986.2,74.2
2013-10-18 00:00:00,Maitri,-7.18,14.6,992.0,59.6
2013-10-18 01:00:00,Maitri,-13.68,3.75,976.5,64.5
2013-10-18 02:00:00,Maitri,-14.51,8.94,978.6,42.0
2013-10-18 03:00:00,Maitri,-13.01,7.99,970.7,47.7
2013-10-18 04:00:00,Maitri,-19.84,1.06,992.0,63.5
2013-10-18 05:00:00,Maitri,-8.75,13.73,997.0,66.9
2013-10-18 06:00:00,Maitri,-11.42,13.18,964.6,42.5
2013-10-18 07:00:00,Maitri,-15.15,24.01,970.5,69.9
2013-10-18 08:00:00,Maitri,-7.38,7.07,990.4,62.5
2013-10-18 09:00:00,Maitri,-10.26,17.2,977.1,58.3
2013-10-18 10:00:00,Maitri,-3.91,23.18,996.8,59.4
2013-10-18 11:00:00,Maitri,-12.34,18.57,969.7,78.9
2013-10-18 12:00:00,Maitri,-13.01,3.59,984.0,54.0
2013-10-18 13:00:00,Maitri,-12.05,13.37,977.7,57.2
2013-10-18 14:00:00,Maitri,-10.21,6.94,982.6,62.7
2013-10-18 15:00:00,Maitri,-2.15,17.75,993.7,49.1
2013-10-18 16:00:00,Maitri,-7.3,7.32,960.0,44.4
2013-10-18 17:00:00,Maitri,-13.32,21.94,979.2,28.9
2013-10-18 18:00:00,Maitri,-13.37,10.62,953.5,59.2
2013-10-18 19:00:00,Maitri,-13.72,8.42,971.8,55.8
2013-10-18 20:00:00,Maitri,-11.58,27.97,991.0,42.3
2013-10-18 21:00:00,Maitri,-16.83,9.77,972.6,83.6
2013-10-18 22:00:00,Maitri,-11.85,8.65,994.0,56.6
2013-10-18 23:00:00,Maitri,-8.98,5.91,985.9,47.5
2013-10-19 00:00:00,Maitri,-12.82,4.29,982.9,34.3
2013-10-19 01:00:00,Maitri,-9.14,16.94,982.1,42.0
2013-10-19 02:00:00,Maitri,-8.2,6.75,988.5,71.5
2013-10-19 03:00:00,Maitri,-7.27,13.31,983.0,61.2
2013-10-19 04:00:00,Maitri,-12.06,26.09,973.1,51.9
2013-10-19 05:00:00,Maitri,-13.65,3.84,990.0,53.4
2013-10-19 06:00:00,Maitri,-7.72,9.22,992.2,43.2
2013-10-19 07:00:00,Maitri,-8.33,24.55,996.5,55.9
2013-10-19 08:00:00,Maitri,-13.34,4.26,999.1,58.1
2013-10-19 09:00:00,Maitri,-8.15,7.24,983.1,35.5
2013-10-19 10:00:00,Maitri,-9.68,9.27,989.6,54.0
2013-10-19 11:00:00,Maitri,-12.63,19.94,969.6,50.7
2013-10-19 12:00:00,Maitri,-15.0,5.15,964.3,59.2
2013-10-19 13:00:00,Maitri,-5.68,6.4,978.6,52.8
2013-10-19 14:00:00,Maitri,-9.45,11.58,984.0,44.2
2013-10-19 15:00:00,Maitri,-11.46,7.33,1006.2,66.8
2013-10-19 16:00:00,Maitri,-12.97,20.14,980.9,45.0
2013-10-19 17:00:00,Maitri,-8.94,22.35,992.4,56.6
2013-10-19 18:00:00,Maitri,-16.51,1.22,987.3,68.0
2013-10-19 19:00:00,Maitri,-10.43,11.91,984.2,82.4
2013-10-19 20:00:00,Maitri,-10.45,9.33,991.9,64.1
2013-10-19 21:00:00,Maitri,-11.04,16.36,972.8,72.3
2013-10-19 22:00:00,Maitri,-7.98,3.98,985.9,46.4
2013-10-19 23:00:00,Maitri,-4.3,21.55,1002.6,54.5
2013-10-20 00:00:00,Maitri,-13.97,3.32,974.5,62.5
2013-10-20 01:00:00,Maitri,-16.48,8.16,964.8,43.1
2013-10-20 02:00:00,Maitri,-15.14,2.51,976.8,75.5
2013-10-20 03:00:00,Maitri,-6.88,28.58,990.4,59.4
2013-10-20 04:00:00,Maitri,-13.92,9.38,991.2,49.0
2013-10-20 05:00:00,Maitri,-9.01,20.65,1000.1,44.7
2013-10-20 06:00:00,Maitri,-12.22,6.56,989.3,30.3
2013-10-20 07:00:00,Maitri,-11.23,3.68,1020.0,57.3
2013-10-20 08:00:00,Maitri,-11.53,16.74,994.0,49.1
2013-10-20 09:00:00,Maitri,-11.26,19.79,1012.2,51.0
2013-10-20 10:00:00,Maitri,-10.01,4.13,981.3,53.6
2013-10-20 11:00:00,Maitri,-16.46,1.82,970.1,48.8
2013-10-20 12:00:00,Maitri,-13.84,4.08,1014.1,63.0
2013-10-20 13:00:00,Maitri,-8.84,7.6,1001.4,53.5
2013-10-20 14:00:00,Maitri,-4.41,6.76,972.9,59.5
2013-10-20 15:00:00,Maitri,-10.59,8.42,971.1,34.5
2013-10-20 16:00:00,Maitri,-10.53,13.73,1000.6,39.1
2013-10-20 17:00:00,Maitri,-13.69,10.26,991.1,52.2
2013-10-20 18:00:00,Maitri,-16.47,7.21,991.9,47.7
2013-10-20 19:00:00,Maitri,-10.04,13.36,969.9,53.7
2013-10-20 20:00:00,Maitri,-10.06,10.88,978.1,56.7
2013-10-20 21:00:00,Maitri,-4.88,20.07,983.9,75.3
2013-10-20 22:00:00,Maitri,-11.74,10.43,978.9,58.0
2013-10-20 23:00:00,Maitri,-7.6,8.29,983.8,46.5
2013-10-21 00:00:00,Maitri,-9.69,19.42,978.8,78.7
2013-10-21 01:00:00,Maitri,-7.85,16.53,981.9,56.1
2013-10-21 02:00:00,Maitri,-8.05,7.61,998.0,71.3
2013-10-21 03:00:00,Maitri,-9.32,4.32,981.8,45.5
2013-10-21 04:00:00,Maitri,-9.85,29.31,985.4,76.9
2013-10-21 05:00:00,Maitri,-9.72,6.67,976.8,64.9
2013-10-21 06:00:00,Maitri,-16.68,9.45,994.6,52.1
2013-10-21 07:00:00,Maitri,-9.24,22.52,999.1,38.2
2013-10-21 08:00:00,Maitri,-15.32,5.87,1004.7,59.1
2013-10-21 09:00:00,Maitri,-5.88,9.23,989.0,58.8
2013-10-21 10:00:00,Maitri,-10.36,8.27,984.6,49.0
2013-10-21 11:00:00,Maitri,-8.66,11.67,983.7,65.3
2013-10-21 12:00:00,Maitri,-3.62,4.94,985.1,43.2
2013-10-21 13:00:00,Maitri,-17.69,0.63,997.7,73.5
2013-10-21 14:00:00,Maitri,-10.56,12.66,990.8,43.9
2013-10-21 15:00:00,Maitri,-14.09,9.17,984.2,45.2
2013-10-21 16:00:00,Maitri,-13.0,5.6,991.9,48.3
2013-10-21 17:00:00,Maitri,-8.49,15.74,981.4,42.4
2013-10-21 18:00:00,Maitri,-1.06,13.67,983.0,27.6
2013-10-21 19:00:00,Maitri,-15.55,8.05,981.4,59.1
2013-10-21 20:00:00,Maitri,-9.96,9.88,980.8,71.8
2013-10-21 21:00:00,Maitri,-9.02,26.61,995.1,47.0
2013-10-21 22:00:00,Maitri,-13.19,14.98,981.2,53.2
2013-10-21 23:00:00,Maitri,-7.73,19.05,1001.5,46.4
2013-10-22 00:00:00,Maitri,-9.64,14.76,994.4,69.0
2013-10-22 01:00:00,Maitri,-8.65,4.99,984.6,60.7
2013-10-22 02:00:00,Maitri,-6.42,14.23,985.9,29.0
2013-10-22 03:00:00,Maitri,-12.72,6.35,986.8,44.7
2013-10-22 04:00:00,Maitri,-14.25,9.29,994.0,47.8
2013-10-22 05:00:00,Maitri,-11.57,12.99,983.3,30.3
2013-10-22 06:00:00,Maitri,-11.85,15.18,977.3,43.5
2013-10-22 07:00:00,Maitri,-11.28,7.86,980.4,81.0
2013-10-22 08:00:00,Maitri,-6.94,9.63,1017.2,68.7
2013-10-22 09:00:00,Maitri,-8.02,10.98,979.9,62.1
2013-10-22 10:00:00,Maitri,-12.76,24.22,988.6,62.6
2013-10-22 11:00:00,Maitri,-14.15,7.29,989.7,58.4
2013-10-22 12:00:00,Maitri,-13.22,1.85,991.5,86.5
2013-10-22 13:00:00,Maitri,-7.39,5.5,993.2,52.2
2013-10-22 14:00:00,Maitri,-5.9,25.12,984.8,44.9
2013-10-22 15:00:00,Maitri,-8.84,4.74,1000.3,44.4
2013-10-22 16:00:00,Maitri,-8.79,12.9,1016.7,53.4
2013-10-22 17:00:00,Maitri,-5.49,4.05,980.5,68.6
2013-10-22 18:00:00,Maitri,-9.14,11.51,963.7,38.5
2013-10-22 19:00:00,Maitri,-9.76,1.95,973.5,51.3
2013-10-22 20:00:00,Maitri,-8.0,9.84,1005.4,42.9
2013-10-22 21:00:00,Maitri,-9.11,7.36,959.4,41.9
2013-10-22 22:00:00,Maitri,-6.53,4.92,998.1,60.4
2013-10-22 23:00:00,Maitri,-7.68,19.89,990.0,40.6
2013-10-23 00:00:00,Maitri,-6.11,5.84,972.8,76.4
2013-10-23 01:00:00,Maitri,-14.84,8.55,995.2,47.3
2013-10-23 02:00:00,Maitri,-10.28,7.46,979.2,52.8
2013-10-23 03:00:00,Maitri,-5.27,19.99,984.1,45.8
2013-10-23 04:00:00,Maitri,-12.74,8.58,987.8,45.5
2013-10-23 05:00:00,Maitri,-10.88,22.84,979.4,74.7
2013-10-23 06:00:00,Maitri,-10.61,4.01,988.4,60.2
2013-10-23 07:00:00,Maitri,-12.3,12.94,989.4,32.5
2013-10-23 08:00:00,Maitri,-14.4,5.1,992.2,42.1
2013-10-23 09:00:00,Maitri,-13.53,3.62,986.1,89.2
2013-10-23 10:00:00,Maitri,-12.9,11.07,982.8,47.1
2013-10-23 11:00:00,Maitri,-12.66,10.22,966.5,39.9
2013-10-23 12:00:00,Maitri,-15.21,8.26,1014.0,53.6
2013-10-23 13:00:00,Maitri,-8.41,12.38,987.2,63.0
2013-10-23 14:00:00,Maitri,-9.88,18.76,973.7,62.0
2013-10-23 15:00:00,Maitri,-9.93,13.34,973.4,60.3
2013-10-23 16:00:00,Maitri,-9.64,16.05,981.5,54.2
2013-10-23 17:00:00,Maitri,-17.02,16.12,995.1,76.7
2013-10-23 18:00:00,Maitri,-12.24,6.04,973.2,23.8
2013-10-23 19:00:00,Maitri,-7.51,10.5,1000.2,54.5
2013-10-23 20:00:00,Maitri,-12.89,10.93,966.9,62.2
2013-10-23 21:00:00,Maitri,-11.11,23.27,992.0,66.6
2013-10-23 22:00:00,Maitri,-9.88,4.99,972.4,50.5
2013-10-23 23:00:00,Maitri,-7.83,13.21,986.6,54.7
2013-10-24 00:00:00,Maitri,-9.11,6.76,979.0,54.0
2013-10-24 01:00:00,Maitri,-3.26,10.19,967.1,76.6
2013-10-24 02:00:00,Maitri,-8.32,6.99,990.2,50.2
2013-10-24 03:00:00,Maitri,-9.39,3.81,985.8,53.4
2013-10-24 04:00:00,Maitri,-14.41,22.08,981.1,56.4
2013-10-24 05:00:00,Maitri,-10.47,11.49,973.0,47.8
2013-10-24 06:00:00,Maitri,-8.47,37.23,1015.3,58.4
2013-10-24 07:00:00,Maitri,-9.79,7.36,986.5,50.9
2013-10-24 08:00:00,Maitri,-10.47,10.03,990.6,52.8
2013-10-24 09:00:00,Maitri,-9.62,21.64,978.6,52.6
2013-10-24 10:00:00,Maitri,-4.82,17.95,991.1,69.0
2013-10-24 11:00:00,Maitri,-8.27,16.33,979.3,69.4
2013-10-24 12:00:00,Maitri,-9.01,6.36,1006.6,72.2
2013-10-24 13:00:00,Maitri,-5.75,3.36,997.4,44.2
2013-10-24 14:00:00,Maitri,-10.39,3.31,988.3,51.6
2013-10-24 15:00:00,Maitri,-5.91,4.54,968.2,57.3
2013-10-24 16:00:00,Maitri,-15.98,3.08,992.2,61.1
2013-10-24 17:00:00,Maitri,-8.91,9.85,1010.1,42.3
2013-10-24 18:00:00,Maitri,-8.57,3.65,982.6,56.9
2013-10-24 19:00:00,Maitri,-11.86,17.73,991.1,75.9
2013-10-24 20:00:00,Maitri,-13.21,7.19,976.4,69.0
2013-10-24 21:00:00,Maitri,-6.82,12.26,980.4,58.2
2013-10-24 22:00:00,Maitri,-17.5,7.92,1001.2,84.2
2013-10-24 23:00:00,Maitri,-18.66,10.34,970.0,43.3
2013-10-25 00:00:00,Maitri,-7.79,13.34,966.0,46.5
2013-10-25 01:00:00,Maitri,-12.12,15.57,978.1,52.1
2013-10-25 02:00:00,Maitri,-10.43,11.31,970.9,59.6
2013-10-25 03:00:00,Maitri,-8.39,3.66,972.3,61.9
2013-10-25 04:00:00,Maitri,-4.62,5.45,990.0,60.4
2013-10-25 05:00:00,Maitri,-7.43,11.34,988.3,59.5
2013-10-25 06:00:00,Maitri,-11.42,9.77,978.6,23.2
2013-10-25 07:00:00,Maitri,-11.44,15.73,996.7,68.8
2013-10-25 08:00:00,Maitri,-12.36,9.22,988.3,61.1
2013-10-25 09:00:00,Maitri,-7.81,5.22,972.9,56.5
2013-10-25 10:00:00,Maitri,-10.16,9.84,992.8,51.9
2013-10-25 11:00:00,Maitri,-8.07,9.9,990.7,70.2
2013-10-25 12:00:00,Maitri,-3.41,12.89,978.4,50.5
2013-10-25 13:00:00,Maitri,-7.89,10.02,992.2,66.0
2013-10-25 14:00:00,Maitri,-8.91,5.25,991.1,49.6
2013-10-25 15:00:00,Maitri,-4.73,9.79,992.1,56.6
2013-10-25 16:00:00,Maitri,-11.33,5.56,962.8,41.7
2013-10-25 17:00:00,Maitri,-11.18,7.65,990.8,74.5
2013-10-25 18:00:00,Maitri,-11.71,13.99,999.7,55.4
2013-10-25 19:00:00,Maitri,-5.25,10.99,996.6,59.7
2013-10-25 20:00:00,Maitri,-7.63,4.85,993.1,46.2
2013-10-25 21:00:00,Maitri,-12.74,24.52,991.1,57.5
2013-10-25 22:00:00,Maitri,-13.62,9.86,1012.4,57.6
2013-10-25 23:00:00,Maitri,-8.67,2.39,1001.6,39.6
2013-10-26 00:00:00,Maitri,-6.16,12.3,977.6,34.6
2013-10-26 01:00:00,Maitri,-8.63,13.48,981.9,62.6
2013-10-26 02:00:00,Maitri,-3.42,10.85,997.9,64.0
2013-10-26 03:00:00,Maitri,-9.89,6.46,1001.6,46.1
2013-10-26 04:00:00,Maitri,-10.21,10.95,984.1,45.8
2013-10-26 05:00:00,Maitri,-10.02,4.76,983.5,55.0
2013-10-26 06:00:00,Maitri,-11.61,13.16,989.3,59.0
2013-10-26 07:00:00,Maitri,-12.83,14.88,981.9,57.0
2013-10-26 08:00:00,Maitri,-5.63,15.03,976.7,26.2
2013-10-26 09:00:00,Maitri,-11.52,5.3,1001.3,45.0
2013-10-26 10:00:00,Maitri,-6.76,5.55,987.2,39.2
2013-10-26 11:00:00,Maitri,-13.25,6.68,998.5,62.8
2013-10-26 12:00:00,Maitri,-13.98,22.87,992.9,47.5
2013-10-26 13:00:00,Maitri,-9.14,12.96,978.8,57.4
2013-10-26 14:00:00,Maitri,-0.61,18.13,978.1,39.9
2013-10-26 15:00:00,Maitri,-8.75,9.75,995.0,67.1
2013-10-26 16:00:00,Maitri,-10.84,16.45,999.2,63.5
2013-10-26 17:00:00,Maitri,-9.14,5.97,979.9,53.1
2013-10-26 18:00:00,Maitri,-6.33,3.73,986.6,50.2
2013-10-26 19:00:00,Maitri,-7.63,8.3,984.9,69.1
2013-10-26 20:00:00,Maitri,-8.47,13.47,984.2,60.1
2013-10-26 21:00:00,Maitri,-10.86,12.19,996.6,74.3
2013-10-26 22:00:00,Maitri,-5.42,7.07,968.9,75.7
2013-10-26 23:00:00,Maitri,-12.54,12.28,974.1,46.7
2013-10-27 00:00:00,Maitri,-8.96,3.77,993.5,36.1
2013-10-27 01:00:00,Maitri,-12.83,15.26,988.6,47.0
2013-10-27 02:00:00,Maitri,-0.02,15.34,992.6,51.9
2013-10-27 03:00:00,Maitri,-9.1,9.05,977.5,53.4
2013-10-27 04:00:00,Maitri,-19.45,4.37,999.6,64.4
2013-10-27 05:00:00,Maitri,-11.63,10.61,985.6,68.5
2013-10-27 06:00:00,Maitri,-8.53,20.57,992.4,40.6
2013-10-27 07:00:00,Maitri,-8.83,7.86,972.0,29.6
2013-10-27 08:00:00,Maitri,-10.26,14.63,978.0,72.7
2013-10-27 09:00:00,Maitri,-6.77,18.97,994.4,59.5
2013-10-27 10:00:00,Maitri,-10.28,14.07,977.9,31.5
2013-10-27 11:00:00,Maitri,-1.48,3.31,976.2,57.5
2013-10-27 12:00:00,Maitri,-11.27,12.42,990.6,54.4
2013-10-27 13:00:00,Maitri,-13.99,7.19,996.0,77.6
2013-10-27 14:00:00,Maitri,-7.83,5.91,976.9,74.1
2013-10-27 15:00:00,Maitri,-10.04,9.34,998.2,40.8
2013-10-27 16:00:00,Maitri,-12.01,6.3,991.6,41.9
2013-10-27 17:00:00,Maitri,-2.74,6.81,966.9,57.9
2013-10-27 18:00:00,Maitri,-9.86,10.01,989.2,38.0
2013-10-27 19:00:00,Maitri,-9.3,16.87,975.3,45.6
2013-10-27 20:00:00,Maitri,-10.2,2.7,989.0,47.2
2013-10-27 21:00:00,Maitri,-15.39,5.88,996.4,32.4
2013-10-27 22:00:00,Maitri,-12.85,8.72,981.1,74.5
2013-10-27 23:00:00,Maitri,-5.97,6.45,973.6,55.7
2013-10-28 00:00:00,Maitri,-9.74,6.92,985.7,62.3
2013-10-28 01:00:00,Maitri,-6.15,12.08,1000.6,82.9
2013-10-28 02:00:00,Maitri,-10.34,11.58,986.6,57.5
2013-10-28 03:00:00,Maitri,-6.76,9.02,987.3,67.9
2013-10-28 04:00:00,Maitri,-7.33,5.83,991.9,62.5
2013-10-28 05:00:00,Maitri,-15.8,14.31,990.9,46.8
2013-10-28 06:00:00,Maitri,-13.71,9.65,970.5,79.7
2013-10-28 07:00:00,Maitri,-9.03,9.99,978.9,54.2
2013-10-28 08:00:00,Maitri,-13.98,4.15,969.8,40.6
2013-10-28 09:00:00,Maitri,-11.68,12.51,990.5,61.8
2013-10-28 10:00:00,Maitri,-12.06,6.1,970.2,66.8
2013-10-28 11:00:00,Maitri,-11.12,8.69,974.4,49.6
2013-10-28 12:00:00,Maitri,-8.36,26.91,990.3,66.3
2013-10-28 13:00:00,Maitri,-6.6,6.06,995.1,61.5
2013-10-28 14:00:00,Maitri,-9.38,18.95,985.3,48.3
2013-10-28 15:00:00,Maitri,-7.5,9.89,1009.0,52.9
2013-10-28 16:00:00,Maitri,-11.14,3.44,1011.2,42.4
2013-10-28 17:00:00,Maitri,-16.32,6.65,977.0,37.2
2013-10-28 18:00:00,Maitri,-4.24,18.85,985.9,59.9
2013-10-28 19:00:00,Maitri,-5.67,10.11,992.4,46.3
2013-10-28 20:00:00,Maitri,-15.55,13.0,969.9,49.8
2013-10-28 21:00:00,Maitri,-6.32,13.73,988.1,86.1
2013-10-28 22:00:00,Maitri,-6.28,6.44,1002.0,42.6
2013-10-28 23:00:00,Maitri,-11.54,8.34,978.8,79.1
2013-10-29 00:00:00,Maitri,-7.97,9.07,993.5,65.9
2013-10-29 01:00:00,Maitri,-10.9,17.89,972.8,52.2
2013-10-29 02:00:00,Maitri,-9.24,4.14,985.3,49.4
2013-10-29 03:00:00,Maitri,-15.2,8.64,984.4,52.3
2013-10-29 04:00:00,Maitri,-5.0,8.67,992.6,45.2
2013-10-29 05:00:00,Maitri,-13.08,10.74,981.9,55.2
2013-10-29 06:00:00,Maitri,-3.28,7.46,1007.6,65.5
2013-10-29 07:00:00,Maitri,-7.17,6.21,980.5,74.2
2013-10-29 08:00:00,Maitri,-14.46,17.64,999.3,61.8
2013-10-29 09:00:00,Maitri,-12.17,3.0,968.5,45.8
2013-10-29 10:00:00,Maitri,-3.93,10.57,975.6,43.9
2013-10-29 11:00:00,Maitri,-4.45,9.82,1007.1,83.1
2013-10-29 12:00:00,Maitri,-10.88,4.98,991.3,47.4
2013-10-29 13:00:00,Maitri,-16.18,7.09,989.3,57.0
2013-10-29 14:00:00,Maitri,-6.21,15.86,974.2,42.2
2013-10-29 15:00:00,Maitri,-3.65,7.38,995.4,47.7
2013-10-29 16:00:00,Maitri,-11.73,28.68,985.6,61.3
2013-10-29 17:00:00,Maitri,-3.81,12.34,983.8,55.7
2013-10-29 18:00:00,Maitri,-9.75,6.91,998.1,62.5
2013-10-29 19:00:00,Maitri,-12.14,9.31,984.6,36.4
2013-10-29 20:00:00,Maitri,-9.94,12.97,980.1,63.5
2013-10-29 21:00:00,Maitri,-2.49,4.84,949.0,38.7
2013-10-29 22:00:00,Maitri,-10.59,10.7,977.5,51.7
2013-10-29 23:00:00,Maitri,-12.41,17.48,993.3,44.1
2013-10-30 00:00:00,Maitri,-7.93,10.73,974.3,63.7
2013-10-30 01:00:00,Maitri,-10.34,7.17,995.1,74.3
2013-10-30 02:00:00,Maitri,-10.64,18.83,972.6,51.1
2013-10-30 03:00:00,Maitri,-11.38,1.85,989.0,40.0
2013-10-30 04:00:00,Maitri,-10.55,11.37,982.6,59.3
2013-10-30 05:00:00,Maitri,-10.88,7.26,988.1,63.3
2013-10-30 06:00:00,Maitri,-8.0,12.52,986.1,41.0
2013-10-30 07:00:00,Maitri,-4.18,11.42,999.1,65.4
2013-10-30 08:00:00,Maitri,-10.36,12.78,972.0,67.4
2013-10-30 09:00:00,Maitri,-12.07,16.79,996.5,58.2
2013-10-30 10:00:00,Maitri,-1.33,11.37,970.7,65.9
2013-10-30 11:00:00,Maitri,-6.69,5.55,1002.6,67.1
2013-10-30 12:00:00,Maitri,-13.07,8.37,984.6,76.7
2013-10-30 13:00:00,Maitri,-5.33,4.97,982.2,65.6
2013-10-30 14:00:00,Maitri,-13.45,7.94,988.8,48.0
2013-10-30 15:00:00,Maitri,-11.78,7.1,998.3,43.5
2013-10-30 16:00:00,Maitri,-12.58,9.67,987.1,47.2
2013-10-30 17:00:00,Maitri,-2.39,25.48,980.8,49.6
2013-10-30 18:00:00,Maitri,-9.69,5.21,984.0,47.7
2013-10-30 19:00:00,Maitri,-7.91,3.29,986.1,56.8
2013-10-30 20:00:00,Maitri,-10.43,5.46,971.2,60.7
2013-10-30 21:00:00,Maitri,-4.17,17.04,990.7,60.1
2013-10-30 22:00:00,Maitri,-10.42,16.47,998.6,46.6
2013-10-30 23:00:00,Maitri,-5.26,11.23,984.1,63.8
2013-10-31 00:00:00,Maitri,-10.91,4.86,988.8,55.7
2013-10-31 01:00:00,Maitri,-4.84,7.68,973.8,53.8
2013-10-31 02:00:00,Maitri,-7.48,25.0,978.4,55.6
2013-10-31 03:00:00,Maitri,-3.49,7.24,983.9,38.1
2013-10-31 04:00:00,Maitri,-5.04,6.43,966.4,51.5
2013-10-31 05:00:00,Maitri,-6.37,6.1,974.1,77.9
2013-10-31 06:00:00,Maitri,-6.6,7.17,970.0,53.9
2013-10-31 07:00:00,Maitri,-4.84,8.88,987.8,35.9
2013-10-31 08:00:00,Maitri,-11.47,10.28,986.0,60.8
2013-10-31 09:00:00,Maitri,-6.44,9.75,986.7,42.4
2013-10-31 10:00:00,Maitri,-13.88,9.15,983.6,54.1
2013-10-31 11:00:00,Maitri,-9.46,8.9,980.1,62.2
2013-10-31 12:00:00,Maitri,-5.98,7.48,996.5,54.9
2013-10-31 13:00:00,Maitri,-14.91,10.58,986.5,56.4
2013-10-31 14:00:00,Maitri,-15.74,14.93,965.2,57.3
2013-10-31 15:00:00,Maitri,-4.69,0.5,981.5,70.7
2013-10-31 16:00:00,Maitri,-15.92,6.96,993.0,59.3
2013-10-31 17:00:00,Maitri,-12.28,6.74,986.8,63.6
2013-10-31 18:00:00,Maitri,-5.13,12.94,986.5,67.9
2013-10-31 19:00:00,Maitri,-7.57,15.71,983.9,48.6
2013-10-31 20:00:00,Maitri,-7.31,11.78,997.0,57.9
2013-10-31 21:00:00,Maitri,-16.76,13.1,981.9,72.0
2013-10-31 22:00:00,Maitri,-4.67,10.63,996.9,64.5
2013-10-31 23:00:00,Maitri,-7.64,15.67,1004.3,43.0
2013-11-01 00:00:00,Maitri,-2.69,7.13,979.8,48.9
2013-11-01 01:00:00,Maitri,-14.09,12.92,991.4,60.2
2013-11-01 02:00:00,Maitri,-7.52,17.4,1006.2,67.6
2013-11-01 03:00:00,Maitri,-7.23,15.53,977.8,52.4
2013-11-01 04:00:00,Maitri,-6.03,5.25,978.3,71.3
2013-11-01 05:00:00,Maitri,-3.22,9.52,971.6,60.6
2013-11-01 06:00:00,Maitri,-4.89,5.83,953.9,70.3
2013-11-01 07:00:00,Maitri,-7.94,6.23,993.6,76.0
2013-11-01 08:00:00,Maitri,-8.44,3.81,1003.0,59.2
2013-11-01 09:00:00,Maitri,-7.04,6.58,979.9,58.6
2013-11-01 10:00:00,Maitri,-6.84,14.39,984.0,50.9
2013-11-01 11:00:00,Maitri,-7.09,13.44,961.5,87.9
2013-11-01 12:00:00,Maitri,-13.32,7.72,968.3,36.4
2013-11-01 13:00:00,Maitri,-3.91,8.35,970.5,68.0
2013-11-01 14:00:00,Maitri,-10.64,15.69,969.3,69.4
2013-11-01 15:00:00,Maitri,-10.67,17.83,989.0,55.2
2013-11-01 16:00:00,Maitri,-6.19,7.48,987.6,66.6
2013-11-01 17:00:00,Maitri,-10.55,12.49,996.0,53.5
2013-11-01 18:00:00,Maitri,-7.29,5.74,993.6,47.9
2013-11-01 19:00:00,Maitri,-6.88,5.65,987.0,49.1
2013-11-01 20:00:00,Maitri,-9.02,15.46,984.2,65.1
2013-11-01 21:00:00,Maitri,-4.91,10.07,984.0,58.4
2013-11-01 22:00:00,Maitri,-6.71,4.42,1012.1,46.7
2013-11-01 23:00:00,Maitri,-10.59,15.77,998.8,73.0
2013-11-02 00:00:00,Maitri,-10.05,12.64,988.8,58.4
2013-11-02 01:00:00,Maitri,-13.45,22.01,980.2,67.6
2013-11-02 02:00:00,Maitri,-3.92,9.59,981.7,36.5
2013-11-02 03:00:00,Maitri,-8.31,16.08,1003.6,62.4
2013-11-02 04:00:00,Maitri,-9.3,13.79,1001.5,56.4
2013-11-02 05:00:00,Maitri,-9.94,15.13,1000.6,43.6
2013-11-02 06:00:00,Maitri,-7.3,12.28,976.7,40.2
2013-11-02 07:00:00,Maitri,-14.0,10.65,991.4,47.3
2013-11-02 08:00:00,Maitri,-15.66,15.13,987.1,67.4
2013-11-02 09:00:00,Maitri,-13.67,2.36,995.8,60.7
2013-11-02 10:00:00,Maitri,-7.89,5.71,996.5,46.8
2013-11-02 11:00:00,Maitri,-1.72,13.06,1014.2,64.4
2013-11-02 12:00:00,Maitri,-2.16,11.51,1004.3,44.5
2013-11-02 13:00:00,Maitri,-2.64,13.95,1016.0,59.3
2013-11-02 14:00:00,Maitri,-6.76,14.34,994.5,24.6
2013-11-02 15:00:00,Maitri,-5.18,12.08,986.7,78.0
2013-11-02 16:00:00,Maitri,-3.69,4.85,990.7,60.8
2013-11-02 17:00:00,Maitri,-9.78,16.27,967.6,55.9
2013-11-02 18:00:00,Maitri,-8.63,10.02,980.3,54.6
2013-11-02 19:00:00,Maitri,-5.17,13.4,980.0,40.8
2013-11-02 20:00:00,Maitri,-11.16,8.32,983.5,83.4
2013-11-02 21:00:00,Maitri,-6.61,6.5,983.4,52.7
2013-11-02 22:00:00,Maitri,-8.63,3.51,986.5,49.1
2013-11-02 23:00:00,Maitri,-13.59,16.61,991.8,60.5
2013-11-03 00:00:00,Maitri,-6.48,8.77,988.4,47.9
2013-11-03 01:00:00,Maitri,-10.43,13.9,995.3,30.3
2013-11-03 02:00:00,Maitri,-2.16,22.03,998.2,63.9
2013-11-03 03:00:00,Maitri,-9.66,8.42,997.8,55.9
2013-11-03 04:00:00,Maitri,-8.32,4.85,996.8,75.5
2013-11-03 05:00:00,Maitri,-8.93,11.27,986.4,67.9
2013-11-03 06:00:00,Maitri,-12.46,10.02,988.8,57.1
2013-11-03 07:00:00,Maitri,-11.09,10.65,971.3,64.2
2013-11-03 08:00:00,Maitri,-8.74,5.66,983.8,81.5
2013-11-03 09:00:00,Maitri,0.98,20.59,962.8,65.6
2013-11-03 10:00:00,Maitri,-9.46,6.84,969.3,78.2
2013-11-03 11:00:00,Maitri,-10.04,6.62,968.2,65.7
2013-11-03 12:00:00,Maitri,-11.39,1.24,972.6,65.5
2013-11-03 13:00:00,Maitri,-10.35,18.95,974.6,57.1
2013-11-03 14:00:00,Maitri,-5.5,5.94,981.9,67.0
2013-11-03 15:00:00,Maitri,-6.37,15.06,957.5,30.9
2013-11-03 16:00:00,Maitri,-12.9,7.62,992.5,66.7
2013-11-03 17:00:00,Maitri,-6.31,19.83,987.6,58.5
2013-11-03 18:00:00,Maitri,-12.04,3.33,976.0,54.8
2013-11-03 19:00:00,Maitri,-15.27,11.84,967.1,40.8
2013-11-03 20:00:00,Maitri,-15.36,14.89,988.6,62.1
2013-11-03 21:00:00,Maitri,-4.25,13.38,975.5,62.7
2013-11-03 22:00:00,Maitri,-6.94,16.02,983.6,52.9
2013-11-03 23:00:00,Maitri,-4.76,13.75,976.2,57.8
2013-11-04 00:00:00,Maitri,-11.74,5.87,985.4,54.7
2013-11-04 01:00:00,Maitri,-10.36,12.66,997.7,58.7
2013-11-04 02:00:00,Maitri,-10.11,8.09,984.2,51.8
2013-11-04 03:00:00,Maitri,-4.03,14.17,974.3,57.2
2013-11-04 04:00:00,Maitri,-5.4,20.68,984.8,54.7
2013-11-04 05:00:00,Maitri,-10.14,7.89,984.5,56.1
2013-11-04 06:00:00,Maitri,-13.83,16.85,978.1,52.1
2013-11-04 07:00:00,Maitri,-5.93,10.0,983.0,49.8
2013-11-04 08:00:00,Maitri,-5.56,20.32,978.0,46.1
2013-11-04 09:00:00,Maitri,-9.0,10.44,994.0,38.5
2013-11-04 10:00:00,Maitri,-2.5,3.55,979.0,20.0
2013-11-04 11:00:00,Maitri,-8.45,5.45,979.9,53.5
2013-11-04 12:00:00,Maitri,-2.04,15.04,995.8,65.8
2013-11-04 13:00:00,Maitri,-9.57,4.65,999.9,49.5
2013-11-04 14:00:00,Maitri,-8.54,10.34,1006.1,46.8
2013-11-04 15:00:00,Maitri,-14.14,8.19,968.9,53.0
2013-11-04 16:00:00,Maitri,-11.92,11.05,986.2,72.5
2013-11-04 17:00:00,Maitri,-3.68,8.49,1007.9,76.3
2013-11-04 18:00:00,Maitri,-10.04,15.26,980.9,51.1
2013-11-04 19:00:00,Maitri,-5.11,11.12,981.5,57.0
2013-11-04 20:00:00,Maitri,-4.15,4.52,971.1,69.5
2013-11-04 21:00:00,Maitri,-9.44,19.0,979.0,55.0
2013-11-04 22:00:00,Maitri,-2.84,6.36,1000.4,71.1
2013-11-04 23:00:00,Maitri,-9.35,10.18,994.7,75.4
2013-11-05 00:00:00,Maitri,-9.62,7.29,988.6,61.9
2013-11-05 01:00:00,Maitri,-10.2,10.06,961.2,51.0
2013-11-05 02:00:00,Maitri,-3.56,14.39,995.7,67.4
2013-11-05 03:00:00,Maitri,-13.94,8.19,976.0,64.8
2013-11-05 04:00:00,Maitri,-4.7,4.2,982.9,47.5
2013-11-05 05:00:00,Maitri,-11.02,10.58,1000.0,71.1
2013-11-05 06:00:00,Maitri,-11.22,3.91,968.8,54.7
2013-11-05 07:00:00,Maitri,-10.36,32.25,983.8,45.4
2013-11-05 08:00:00,Maitri,-8.32,10.01,983.9,47.5
2013-11-05 09:00:00,Maitri,-10.03,8.53,995.4,63.4
2013-11-05 10:00:00,Maitri,-6.8,9.04,994.2,20.0
2013-11-05 11:00:00,Maitri,-13.48,10.19,988.9,53.3
2013-11-05 12:00:00,Maitri,-8.95,10.7,991.6,58.3
2013-11-05 13:00:00,Maitri,-3.68,4.55,980.7,54.9
2013-11-05 14:00:00,Maitri,-1.71,11.79,1004.7,44.5
2013-11-05 15:00:00,Maitri,-7.69,17.5,986.3,46.6
2013-11-05 16:00:00,Maitri,-8.56,15.43,982.1,38.0
2013-11-05 17:00:00,Maitri,-10.67,17.9,981.5,80.6
2013-11-05 18:00:00,Maitri,-4.62,17.52,989.1,53.4
2013-11-05 19:00:00,Maitri,-4.32,10.12,981.4,41.0
2013-11-05 20:00:00,Maitri,-4.95,4.06,980.0,76.6
2013-11-05 21:00:00,Maitri,-8.46,8.91,983.3,37.4
2013-11-05 22:00:00,Maitri,-5.39,4.51,976.6,65.3
2013-11-05 23:00:00,Maitri,-9.4,3.45,987.2,57.1
2013-11-06 00:00:00,Maitri,-4.59,26.73,1009.0,50.4
2013-11-06 01:00:00,Maitri,-8.53,5.71,992.9,57.8
2013-11-06 02:00:00,Maitri,-6.69,5.78,981.5,61.7
2013-11-06 03:00:00,Maitri,-8.97,11.41,989.4,47.3
2013-11-06 04:00:00,Maitri,-7.02,15.97,983.3,73.1
2013-11-06 05:00:00,Maitri,-4.6,1.55,985.7,55.8
2013-11-06 06:00:00,Maitri,-7.46,5.03,983.9,53.4
2013-11-06 07:00:00,Maitri,-8.71,19.09,998.2,62.1
2013-11-06 08:00:00,Maitri,-9.35,7.21,1010.3,43.8
2013-11-06 09:00:00,Maitri,-6.84,27.29,986.7,78.3
2013-11-06 10:00:00,Maitri,-8.75,15.39,972.7,53.2
2013-11-06 11:00:00,Maitri,-9.27,14.89,985.3,41.2
2013-11-06 12:00:00,Maitri,-13.16,7.1,978.2,46.8
2013-11-06 13:00:00,Maitri,-8.87,21.43,996.7,46.6
2013-11-06 14:00:00,Maitri,-11.37,3.2,980.8,55.3
2013-11-06 15:00:00,Maitri,-8.28,8.05,991.0,58.4
2013-11-06 16:00:00,Maitri,-6.84,14.66,986.9,48.8
2013-11-06 17:00:00,Maitri,-15.37,7.57,1004.2,57.5
2013-11-06 18:00:00,Maitri,-8.54,13.68,1017.9,51.3
2013-11-06 19:00:00,Maitri,-6.44,10.39,1000.3,48.0
2013-11-06 20:00:00,Maitri,-12.7,15.61,994.5,49.5
2013-11-06 21:00:00,Maitri,-9.66,2.4,973.7,59.8
2013-11-06 22:00:00,Maitri,-4.32,9.05,1005.2,60.5
2013-11-06 23:00:00,Maitri,-5.86,5.07,984.9,65.2
2013-11-07 00:00:00,Maitri,-7.47,11.35,979.1,49.1
2013-11-07 01:00:00,Maitri,-6.53,7.5,1000.3,59.7
2013-11-07 02:00:00,Maitri,-4.64,11.36,975.5,68.0
2013-11-07 03:00:00,Maitri,-8.03,20.3,975.6,58.9
2013-11-07 04:00:00,Maitri,-13.74,20.71,983.8,47.5
2013-11-07 05:00:00,Maitri,-9.23,15.35,977.3,58.0
2013-11-07 06:00:00,Maitri,-8.96,5.06,977.2,55.5
2013-11-07 07:00:00,Maitri,-8.38,1.38,997.0,46.4
2013-11-07 08:00:00,Maitri,-8.9,12.88,985.6,69.0
2013-11-07 09:00:00,Maitri,-7.64,12.8,985.8,70.5
2013-11-07 10:00:00,Maitri,-7.7,17.72,976.5,59.2
2013-11-07 11:00:00,Maitri,-5.27,8.58,983.0,44.4
2013-11-07 12:00:00,Maitri,-11.46,21.96,984.6,62.3
2013-11-07 13:00:00,Maitri,-8.9,10.62,993.7,67.4
2013-11-07 14:00:00,Maitri,-12.02,7.55,986.2,57.9
2013-11-07 15:00:00,Maitri,-10.48,9.25,982.9,77.7
2013-11-07 16:00:00,Maitri,-10.12,16.09,1003.2,55.3
2013-11-07 17:00:00,Maitri,-9.94,9.22,993.8,54.0
2013-11-07 18:00:00,Maitri,-5.69,19.81,967.3,69.7
2013-11-07 19:00:00,Maitri,-5.49,18.54,975.9,59.2
2013-11-07 20:00:00,Maitri,-9.15,3.5,982.1,91.5
2013-11-07 21:00:00,Maitri,-5.5,11.14,987.5,70.4
2013-11-07 22:00:00,Maitri,-9.79,5.97,992.7,76.7
2013-11-07 23:00:00,Maitri,-6.67,9.55,978.7,48.6
2013-11-08 00:00:00,Maitri,-6.23,4.76,992.9,60.2
2013-11-08 01:00:00,Maitri,-5.69,5.11,975.3,63.4
2013-11-08 02:00:00,Maitri,-16.1,5.81,987.5,54.4
2013-11-08 03:00:00,Maitri,-6.08,9.53,1000.7,65.0
2013-11-08 04:00:00,Maitri,-8.0,5.14,989.5,66.7
2013-11-08 05:00:00,Maitri,-5.07,11.83,991.3,38.2
2013-11-08 06:00:00,Maitri,-10.58,13.73,997.4,52.5
2013-11-08 07:00:00,Maitri,-2.77,3.93,985.0,65.1
2013-11-08 08:00:00,Maitri,-4.0,7.08,980.3,71.3
2013-11-08 09:00:00,Maitri,-9.89,8.39,980.4,79.4
2013-11-08 10:00:00,Maitri,-2.24,6.51,999.9,44.7
2013-11-08 11:00:00,Maitri,-3.75,25.44,994.3,61.0
2013-11-08 12:00:00,Maitri,-10.6,14.72,1006.9,51.3
2013-11-08 13:00:00,Maitri,-3.1,14.97,994.1,46.3
2013-11-08 14:00:00,Maitri,-1.82,9.3,977.8,56.3
2013-11-08 15:00:00,Maitri,-3.12,9.23,984.6,30.4
2013-11-08 16:00:00,Maitri,-6.23,7.76,989.3,71.3
2013-11-08 17:00:00,Maitri,-1.79,22.57,984.1,40.7
2013-11-08 18:00:00,Maitri,-6.42,5.16,991.1,54.9
2013-11-08 19:00:00,Maitri,-5.86,10.94,1012.5,47.1
2013-11-08 20:00:00,Maitri,-12.87,19.98,986.5,41.3
2013-11-08 21:00:00,Maitri,-4.11,24.27,1001.2,53.9
2013-11-08 22:00:00,Maitri,-4.25,2.02,984.3,44.8
2013-11-08 23:00:00,Maitri,-13.53,13.38,985.2,73.9
2013-11-09 00:00:00,Maitri,-8.49,7.36,979.4,51.4
2013-11-09 01:00:00,Maitri,-8.04,12.21,1002.4,66.9
2013-11-09 02:00:00,Maitri,-12.68,14.59,990.7,72.0
2013-11-09 03:00:00,Maitri,-10.2,18.01,986.5,70.1
2013-11-09 04:00:00,Maitri,-7.0,6.85,978.6,54.7
2013-11-09 05:00:00,Maitri,-9.21,3.1,989.6,63.7
2013-11-09 06:00:00,Maitri,-7.8,13.03,969.2,57.7
2013-11-09 07:00:00,Maitri,-3.7,8.75,969.2,60.6
2013-11-09 08:00:00,Maitri,-4.69,9.56,979.7,61.4
2013-11-09 09:00:00,Maitri,-7.46,3.46,982.4,64.5
2013-11-09 10:00:00,Maitri,-11.67,7.45,985.4,70.1
2013-11-09 11:00:00,Maitri,-14.9,13.82,967.8,80.0
2013-11-09 12:00:00,Maitri,-5.11,16.42,971.7,47.6
2013-11-09 13:00:00,Maitri,-8.45,8.04,992.4,58.1
2013-11-09 14:00:00,Maitri,-9.42,4.16,970.7,74.2
2013-11-09 15:00:00,Maitri,-6.04,5.05,991.8,52.5
2013-11-09 16:00:00,Maitri,-0.18,17.59,972.7,70.1
2013-11-09 17:00:00,Maitri,-8.29,7.21,987.5,90.7
2013-11-09 18:00:00,Maitri,-8.35,16.31,984.0,60.6
2013-11-09 19:00:00,Maitri,-7.6,14.67,976.3,68.7
2013-11-09 20:00:00,Maitri,-8.97,7.9,1005.9,62.5
2013-11-09 21:00:00,Maitri,-6.41,5.93,973.9,47.7
2013-11-09 22:00:00,Maitri,-14.9,28.75,979.1,54.6
2013-11-09 23:00:00,Maitri,-9.23,14.67,979.2,40.8
2013-11-10 00:00:00,Maitri,-14.68,7.34,995.1,36.3
2013-11-10 01:00:00,Maitri,-5.86,3.5,967.4,43.6
2013-11-10 02:00:00,Maitri,-13.91,4.95,981.9,69.8
2013-11-10 03:00:00,Maitri,-10.66,5.74,981.9,65.1
2013-11-10 04:00:00,Maitri,-5.85,3.48,985.9,54.0
2013-11-10 05:00:00,Maitri,-12.44,10.49,982.0,49.2
2013-11-10 06:00:00,Maitri,-4.21,6.23,991.8,59.3
2013-11-10 07:00:00,Maitri,-5.11,9.72,987.3,55.6
2013-11-10 08:00:00,Maitri,-10.98,7.5,1014.7,74.1
2013-11-10 09:00:00,Maitri,-2.41,13.69,988.2,55.0
2013-11-10 10:00:00,Maitri,-1.88,10.43,984.9,45.9
2013-11-10 11:00:00,Maitri,-6.23,4.9,976.4,46.3
2013-11-10 12:00:00,Maitri,-10.76,11.45,958.1,64.1
2013-11-10 13:00:00,Maitri,-8.79,9.97,992.5,75.1
2013-11-10 14:00:00,Maitri,-1.41,15.76,986.2,36.8
2013-11-10 15:00:00,Maitri,-10.78,10.29,975.7,55.5
2013-11-10 16:00:00,Maitri,-3.28,11.12,984.5,47.2
2013-11-10 17:00:00,Maitri,-7.01,6.31,989.5,29.1
2013-11-10 18:00:00,Maitri,-5.45,4.58,982.8,50.0
2013-11-10 19:00:00,Maitri,-8.23,7.67,985.7,55.7
2013-11-10 20:00:00,Maitri,-8.33,5.44,985.7,47.8
2013-11-10 21:00:00,Maitri,-11.12,9.84,991.0,72.9
2013-11-10 22:00:00,Maitri,-5.87,21.39,968.9,53.5
2013-11-10 23:00:00,Maitri,-7.08,11.18,988.1,58.1
2013-11-11 00:00:00,Maitri,-7.29,17.86,983.0,50.6
2013-11-11 01:00:00,Maitri,-4.73,2.28,984.9,62.9
2013-11-11 02:00:00,Maitri,-4.86,10.77,979.0,39.4
2013-11-11 03:00:00,Maitri,-4.51,5.58,963.3,43.5
2013-11-11 04:00:00,Maitri,-7.74,21.8,991.1,65.8
2013-11-11 05:00:00,Maitri,-6.32,3.82,976.5,73.4
2013-11-11 06:00:00,Maitri,-2.52,4.65,991.0,70.0
2013-11-11 07:00:00,Maitri,-5.64,16.21,973.1,63.2
2013-11-11 08:00:00,Maitri,-6.91,15.64,993.3,33.3
2013-11-11 09:00:00,Maitri,-8.11,2.65,994.3,54.4
2013-11-11 10:00:00,Maitri,-7.93,16.88,986.7,55.8
2013-11-11 11:00:00,Maitri,-8.74,10.15,980.7,52.8
2013-11-11 12:00:00,Maitri,-4.27,8.68,993.8,76.5
2013-11-11 13:00:00,Maitri,-8.12,10.93,976.3,63.7
2013-11-11 14:00:00,Maitri,-4.68,18.74,996.9,61.1
2013-11-11 15:00:00,Maitri,-7.31,13.16,980.1,50.1
2013-11-11 16:00:00,Maitri,-7.8,6.07,980.0,55.1
2013-11-11 17:00:00,Maitri,-9.57,11.44,994.4,51.8
2013-11-11 18:00:00,Maitri,-8.51,11.68,976.5,39.5
2013-11-11 19:00:00,Maitri,-6.23,8.11,976.2,53.9
2013-11-11 20:00:00,Maitri,-0.88,14.79,987.5,60.0
2013-11-11 21:00:00,Maitri,-9.44,10.2,977.3,65.9
2013-11-11 22:00:00,Maitri,-4.04,16.22,995.6,56.4
2013-11-11 23:00:00,Maitri,-5.2,10.9,984.3,64.3
2013-11-12 00:00:00,Maitri,-8.99,5.32,992.5,65.9
2013-11-12 01:00:00,Maitri,-6.71,3.55,985.2,62.7
2013-11-12 02:00:00,Maitri,-1.82,20.65,990.8,47.3
2013-11-12 03:00:00,Maitri,-9.26,8.6,1003.0,31.4
2013-11-12 04:00:00,Maitri,-7.7,20.19,989.9,62.4
2013-11-12 05:00:00,Maitri,-10.45,17.1,989.6,55.0
2013-11-12 06:00:00,Maitri,-10.59,4.86,984.6,49.9
2013-11-12 07:00:00,Maitri,-4.18,11.22,996.7,45.1
2013-11-12 08:00:00,Maitri,-5.46,5.83,977.7,72.7
2013-11-12 09:00:00,Maitri,-5.0,7.15,969.8,35.8
2013-11-12 10:00:00,Maitri,-10.76,22.09,1003.7,51.3
2013-11-12 11:00:00,Maitri,-7.03,11.43,978.1,43.2
2013-11-12 12:00:00,Maitri,-4.22,12.93,974.5,47.2
2013-11-12 13:00:00,Maitri,-6.05,27.84,988.4,41.3
2013-11-12 14:00:00,Maitri,-9.02,8.55,986.6,57.8
2013-11-12 15:00:00,Maitri,-8.38,8.8,981.7,45.1
2013-11-12 16:00:00,Maitri,-3.9,9.08,974.9,66.6
2013-11-12 17:00:00,Maitri,0.14,6.64,1003.3,38.2
2013-11-12 18:00:00,Maitri,-5.57,9.24,993.2,70.2
2013-11-12 19:00:00,Maitri,-7.66,11.16,992.7,86.1
2013-11-12 20:00:00,Maitri,-3.57,3.6,984.1,39.0
2013-11-12 21:00:00,Maitri,-2.99,8.53,984.0,52.3
2013-11-12 22:00:00,Maitri,-6.8,5.83,1000.3,73.9
2013-11-12 23:00:00,Maitri,-5.44,10.0,984.9,62.4
2013-11-13 00:00:00,Maitri,-6.24,2.68,968.8,48.6
2013-11-13 01:00:00,Maitri,-3.54,8.07,972.0,63.2
2013-11-13 02:00:00,Maitri,-2.22,17.24,970.9,58.9
2013-11-13 03:00:00,Maitri,-10.97,12.58,968.0,63.3
2013-11-13 04:00:00,Maitri,-5.04,7.9,990.8,31.6
2013-11-13 05:00:00,Maitri,-8.77,8.59,987.5,61.8
2013-11-13 06:00:00,Maitri,-4.1,13.44,976.4,63.4
2013-11-13 07:00:00,Maitri,-5.99,1.15,992.0,71.8
2013-11-13 08:00:00,Maitri,-5.17,2.42,1004.3,77.4
2013-11-13 09:00:00,Maitri,-6.94,11.01,987.0,39.9
2013-11-13 10:00:00,Maitri,-4.74,7.97,970.2,68.5
2013-11-13 11:00:00,Maitri,-7.71,15.33,1026.8,52.8
2013-11-13 12:00:00,Maitri,-4.92,10.11,999.8,56.0
2013-11-13 13:00:00,Maitri,-6.67,4.74,982.2,57.1
2013-11-13 14:00:00,Maitri,-9.88,19.6,988.2,61.6
2013-11-13 15:00:00,Maitri,-13.27,3.63,989.0,62.4
2013-11-13 16:00:00,Maitri,-5.98,10.71,985.6,40.1
2013-11-13 17:00:00,Maitri,-7.28,6.4,994.1,60.3
2013-11-13 18:00:00,Maitri,-8.7,9.89,991.3,64.3
2013-11-13 19:00:00,Maitri,-13.0,10.59,997.1,58.4
2013-11-13 20:00:00,Maitri,-5.53,6.98,984.8,44.4
2013-11-13 21:00:00,Maitri,-6.94,17.61,994.8,61.6
2013-11-13 22:00:00,Maitri,-4.17,14.57,991.8,53.2
2013-11-13 23:00:00,Maitri,-8.97,10.05,978.6,36.1
2013-11-14 00:00:00,Maitri,-5.96,7.17,976.2,38.6
2013-11-14 01:00:00,Maitri,-8.87,15.42,979.6,68.8
2013-11-14 02:00:00,Maitri,-9.6,3.36,996.6,51.2
2013-11-14 03:00:00,Maitri,-4.55,12.07,982.1,42.9
2013-11-14 04:00:00,Maitri,-7.14,9.31,981.9,58.5
2013-11-14 05:00:00,Maitri,-11.21,6.62,984.0,52.9
2013-11-14 06:00:00,Maitri,-7.8,10.96,967.6,58.4
2013-11-14 07:00:00,Maitri,-17.19,6.25,983.0,55.7
2013-11-14 08:00:00,Maitri,-10.88,20.51,992.6,55.0
2013-11-14 09:00:00,Maitri,3.44,11.31,980.3,49.1
2013-11-14 10:00:00,Maitri,-11.16,7.94,994.5,41.4
2013-11-14 11:00:00,Maitri,-9.95,16.06,994.5,72.7
2013-11-14 12:00:00,Maitri,-11.04,13.09,984.0,69.3
2013-11-14 13:00:00,Maitri,-10.09,10.84,984.1,60.9
2013-11-14 14:00:00,Maitri,-2.56,13.19,985.1,79.8
2013-11-14 15:00:00,Maitri,-3.76,15.28,985.9,63.3
2013-11-14 16:00:00,Maitri,-9.8,15.58,986.7,52.2
2013-11-14 17:00:00,Maitri,-12.44,9.09,986.4,51.3
2013-11-14 18:00:00,Maitri,-8.57,14.78,985.9,45.8
2013-11-14 19:00:00,Maitri,-9.27,3.55,972.9,63.5
2013-11-14 20:00:00,Maitri,-10.85,12.96,987.9,32.9
2013-11-14 21:00:00,Maitri,-3.13,7.24,985.1,62.7
2013-11-14 22:00:00,Maitri,-2.32,6.03,968.8,55.0
2013-11-14 23:00:00,Maitri,-7.86,4.92,991.3,46.2
2013-11-15 00:00:00,Maitri,-6.59,5.44,989.0,53.5
2013-11-15 01:00:00,Maitri,-5.53,18.8,972.8,33.0
2013-11-15 02:00:00,Maitri,-4.07,1.12,992.8,67.0
2013-11-15 03:00:00,Maitri,-8.02,23.19,995.6,75.8
2013-11-15 04:00:00,Maitri,-1.73,5.06,988.0,76.4
2013-11-15 05:00:00,Maitri,-9.55,3.11,1001.2,60.1
2013-11-15 06:00:00,Maitri,-6.45,11.73,976.2,81.7
2013-11-15 07:00:00,Maitri,-7.89,18.39,986.1,59.1
2013-11-15 08:00:00,Maitri,-7.24,8.11,1006.2,42.8
2013-11-15 09:00:00,Maitri,-10.39,8.71,980.7,50.4
2013-11-15 10:00:00,Maitri,-1.56,7.22,993.7,42.2
2013-11-15 11:00:00,Maitri,-11.16,11.27,989.3,66.1
2013-11-15 12:00:00,Maitri,-8.18,9.57,1010.0,41.5
2013-11-15 13:00:00,Maitri,-5.18,9.3,993.2,53.7
2013-11-15 14:00:00,Maitri,-11.41,1.93,994.4,53.3
2013-11-15 15:00:00,Maitri,-4.44,6.6,983.3,45.6
2013-11-15 16:00:00,Maitri,-10.7,13.46,998.3,76.5
2013-11-15 17:00:00,Maitri,-7.37,10.34,985.5,70.8
2013-11-15 18:00:00,Maitri,-9.17,12.48,984.7,40.8
2013-11-15 19:00:00,Maitri,-5.07,10.11,989.5,49.6
2013-11-15 20:00:00,Maitri,-7.9,10.78,1012.2,68.9
2013-11-15 21:00:00,Maitri,-5.3,5.8,977.1,39.4
2013-11-15 22:00:00,Maitri,-14.79,18.05,1001.9,47.2
2013-11-15 23:00:00,Maitri,-4.88,4.26,980.1,63.1
2013-11-16 00:00:00,Maitri,-1.83,4.04,990.4,44.7
2013-11-16 01:00:00,Maitri,-8.59,14.56,990.3,55.4
2013-11-16 02:00:00,Maitri,-6.05,3.08,992.8,36.6
2013-11-16 03:00:00,Maitri,-0.42,8.38,983.0,53.8
2013-11-16 04:00:00,Maitri,-3.86,6.21,993.1,58.8
2013-11-16 05:00:00,Maitri,-8.74,29.94,980.0,55.6
2013-11-16 06:00:00,Maitri,-9.31,6.26,995.3,56.3
2013-11-16 07:00:00,Maitri,-4.4,15.51,993.2,58.8
2013-11-16 08:00:00,Maitri,-8.54,14.37,986.1,60.2
2013-11-16 09:00:00,Maitri,-6.74,4.32,979.7,43.3
2013-11-16 10:00:00,Maitri,-6.5,18.44,990.3,53.9
2013-11-16 11:00:00,Maitri,-16.22,11.69,987.9,65.6
2013-11-16 12:00:00,Maitri,2.16,5.14,1001.7,42.0
2013-11-16 13:00:00,Maitri,-13.61,9.42,969.3,60.3
2013-11-16 14:00:00,Maitri,-7.17,10.04,980.9,63.0
2013-11-16 15:00:00,Maitri,-4.0,17.04,989.5,55.0
2013-11-16 16:00:00,Maitri,-6.86,4.71,982.0,45.3
2013-11-16 17:00:00,Maitri,-4.57,8.61,983.3,56.3
2013-11-16 18:00:00,Maitri,-7.31,9.33,978.4,69.5
2013-11-16 19:00:00,Maitri,-6.62,9.19,979.3,65.7
2013-11-16 20:00:00,Maitri,-5.33,14.23,999.6,59.2
2013-11-16 21:00:00,Maitri,-7.36,6.46,998.2,60.8
2013-11-16 22:00:00,Maitri,-10.33,1.66,979.6,55.1
2013-11-16 23:00:00,Maitri,-12.5,5.86,983.4,53.1
2013-11-17 00:00:00,Maitri,-10.8,8.4,977.2,56.2
2013-11-17 01:00:00,Maitri,-10.44,13.32,971.2,42.8
2013-11-17 02:00:00,Maitri,-11.19,6.25,996.8,56.7
2013-11-17 03:00:00,Maitri,0.21,13.73,975.5,60.6
2013-11-17 04:00:00,Maitri,-6.51,9.27,985.1,46.7
2013-11-17 05:00:00,Maitri,-4.03,9.33,991.2,54.6
2013-11-17 06:00:00,Maitri,-1.67,24.98,970.2,39.7
2013-11-17 07:00:00,Maitri,-4.24,8.11,976.7,57.5
2013-11-17 08:00:00,Maitri,-4.78,11.74,956.1,53.2
2013-11-17 09:00:00,Maitri,-3.7,24.42,971.7,72.4
2013-11-17 10:00:00,Maitri,-1.99,8.96,968.1,55.3
2013-11-17 11:00:00,Maitri,-6.29,6.89,1008.5,76.4
2013-11-17 12:00:00,Maitri,-5.91,17.87,984.9,39.9
2013-11-17 13:00:00,Maitri,-4.96,17.04,1005.4,60.5
2013-11-17 14:00:00,Maitri,-6.67,17.93,1003.1,47.9
2013-11-17 15:00:00,Maitri,-2.41,4.59,997.1,49.4
2013-11-17 16:00:00,Maitri,-6.35,3.68,989.8,57.8
2013-11-17 17:00:00,Maitri,-6.36,11.68,1004.5,59.9
2013-11-17 18:00:00,Maitri,-2.52,10.67,1001.2,46.0
2013-11-17 19:00:00,Maitri,-6.26,16.46,981.8,49.3
2013-11-17 20:00:00,Maitri,-5.0,12.29,996.1,64.5
2013-11-17 21:00:00,Maitri,-13.13,6.83,987.7,39.9
2013-11-17 22:00:00,Maitri,-8.33,7.85,984.7,68.9
2013-11-17 23:00:00,Maitri,-10.18,7.69,993.1,62.3
2013-11-18 00:00:00,Maitri,-6.62,5.47,981.7,56.4
2013-11-18 01:00:00,Maitri,-0.68,11.55,999.4,48.1
2013-11-18 02:00:00,Maitri,-5.73,17.02,971.0,56.5
2013-11-18 03:00:00,Maitri,-4.72,13.43,987.9,77.5
2013-11-18 04:00:00,Maitri,-6.55,12.88,990.9,60.2
2013-11-18 05:00:00,Maitri,-9.7,5.96,978.8,53.3
2013-11-18 06:00:00,Maitri,-3.56,19.31,988.0,56.8
2013-11-18 07:00:00,Maitri,-9.0,8.52,978.7,44.7
2013-11-18 08:00:00,Maitri,-3.83,7.11,978.8,69.6
2013-11-18 09:00:00,Maitri,-4.22,8.74,983.5,69.8
2013-11-18 10:00:00,Maitri,-5.8,3.29,983.1,35.1
2013-11-18 11:00:00,Maitri,-11.89,12.81,998.1,52.4
2013-11-18 12:00:00,Maitri,-4.06,8.14,970.7,50.7
2013-11-18 13:00:00,Maitri,-7.12,5.76,983.3,72.8
2013-11-18 14:00:00,Maitri,-7.45,13.58,976.4,74.4
2013-11-18 15:00:00,Maitri,-13.0,4.6,975.1,77.9
2013-11-18 16:00:00,Maitri,-5.28,12.47,988.2,50.3
2013-11-18 17:00:00,Maitri,-3.83,9.46,984.9,60.0
2013-11-18 18:00:00,Maitri,-17.44,13.81,1002.7,63.4
2013-11-18 19:00:00,Maitri,-7.71,20.38,991.3,64.3
2013-11-18 20:00:00,Maitri,-5.77,6.1,1000.3,58.3
2013-11-18 21:00:00,Maitri,-4.63,4.47,994.5,49.7
2013-11-18 22:00:00,Maitri,-4.45,10.54,978.3,63.7
2013-11-18 23:00:00,Maitri,-11.29,10.45,991.4,53.9
2013-11-19 00:00:00,Maitri,-3.17,4.99,975.4,35.0
2013-11-19 01:00:00,Maitri,-10.1,6.75,973.3,59.7
2013-11-19 02:00:00,Maitri,-9.55,11.81,983.9,52.6
2013-11-19 03:00:00,Maitri,-6.11,16.11,969.6,58.2
2013-11-19 04:00:00,Maitri,-8.78,6.68,992.2,44.5
2013-11-19 05:00:00,Maitri,0.14,10.26,984.8,53.9
2013-11-19 06:00:00,Maitri,-3.86,10.81,981.6,43.3
2013-11-19 07:00:00,Maitri,-12.25,9.89,977.4,57.6
2013-11-19 08:00:00,Maitri,-0.71,3.5,982.7,58.0
2013-11-19 09:00:00,Maitri,-5.09,1.84,980.2,58.9
2013-11-19 10:00:00,Maitri,-5.98,25.81,988.5,53.4
2013-11-19 11:00:00,Maitri,-3.89,18.44,983.7,52.9
2013-11-19 12:00:00,Maitri,-6.74,16.99,987.2,57.2
2013-11-19 13:00:00,Maitri,-9.14,10.29,979.9,75.0
2013-11-19 14:00:00,Maitri,-6.21,14.35,974.0,64.4
2013-11-19 15:00:00,Maitri,-7.12,5.15,997.4,84.6
2013-11-19 16:00:00,Maitri,-9.18,4.54,993.7,49.0
2013-11-19 17:00:00,Maitri,-2.63,11.61,985.6,55.9
2013-11-19 18:00:00,Maitri,-13.23,2.87,988.9,63.2
2013-11-19 19:00:00,Maitri,2.04,8.33,992.0,55.5
2013-11-19 20:00:00,Maitri,-9.62,5.0,983.4,47.6
2013-11-19 21:00:00,Maitri,-11.22,7.58,986.9,42.1
2013-11-19 22:00:00,Maitri,-8.34,2.31,992.4,45.9
2013-11-19 23:00:00,Maitri,-7.9,8.0,963.3,54.1
2013-11-20 00:00:00,Maitri,-4.06,12.17,980.0,67.7
2013-11-20 01:00:00,Maitri,-5.36,8.37,989.7,39.6
2013-11-20 02:00:00,Maitri,-3.92,4.54,1007.6,52.3
2013-11-20 03:00:00,Maitri,1.4,15.39,996.0,52.9
2013-11-20 04:00:00,Maitri,-10.3,3.78,978.2,50.3
2013-11-20 05:00:00,Maitri,-7.47,13.46,989.0,58.5
2013-11-20 06:00:00,Maitri,-7.62,9.54,991.4,48.1
2013-11-20 07:00:00,Maitri,-10.11,15.45,985.5,49.6
2013-11-20 08:00:00,Maitri,-10.35,14.57,991.5,43.5
2013-11-20 09:00:00,Maitri,-12.98,5.78,963.6,31.3
2013-11-20 10:00:00,Maitri,-9.86,21.6,984.6,51.6
2013-11-20 11:00:00,Maitri,-1.52,7.38,990.6,87.4
2013-11-20 12:00:00,Maitri,-7.31,5.99,981.9,51.1
2013-11-20 13:00:00,Maitri,-4.08,9.93,992.5,69.3
2013-11-20 14:00:00,Maitri,0.78,6.46,998.9,54.5
2013-11-20 15:00:00,Maitri,-6.23,21.16,997.1,57.4
2013-11-20 16:00:00,Maitri,-3.36,12.77,983.9,70.6
2013-11-20 17:00:00,Maitri,-4.71,12.86,1001.7,64.2
2013-11-20 18:00:00,Maitri,-5.85,8.05,1002.5,59.1
2013-11-20 19:00:00,Maitri,-4.54,6.94,980.4,63.7
2013-11-20 20:00:00,Maitri,-4.22,7.17,980.9,43.9
2013-11-20 21:00:00,Maitri,-6.1,27.91,982.0,36.2
2013-11-20 22:00:00,Maitri,-9.67,11.38,982.1,35.4
2013-11-20 23:00:00,Maitri,-4.83,19.09,980.4,51.4
2013-11-21 00:00:00,Maitri,-5.98,18.8,987.3,52.6
2013-11-21 01:00:00,Maitri,-3.37,13.77,978.1,47.3
2013-11-21 02:00:00,Maitri,-3.85,2.56,976.2,57.7
2013-11-21 03:00:00,Maitri,-9.89,9.69,987.4,34.4
2013-11-21 04:00:00,Maitri,-2.29,6.8,992.7,64.2
2013-11-21 05:00:00,Maitri,-5.65,21.88,983.2,50.7
2013-11-21 06:00:00,Maitri,-10.29,9.71,999.8,65.4
2013-11-21 07:00:00,Maitri,-11.61,2.27,983.2,57.1
2013-11-21 08:00:00,Maitri,-8.64,15.57,997.6,47.7
2013-11-21 09:00:00,Maitri,-8.4,8.06,991.9,43.0
2013-11-21 10:00:00,Maitri,-2.67,3.42,977.7,54.9
2013-11-21 11:00:00,Maitri,-2.8,8.06,985.0,64.8
2013-11-21 12:00:00,Maitri,-1.57,15.65,979.4,38.0
2013-11-21 13:00:00,Maitri,-10.39,11.13,980.9,39.6
2013-11-21 14:00:00,Maitri,-10.11,2.07,989.8,56.9
2013-11-21 15:00:00,Maitri,-5.65,17.01,979.0,44.1
2013-11-21 16:00:00,Maitri,-7.7,6.2,989.3,45.9
2013-11-21 17:00:00,Maitri,-11.92,18.16,982.3,75.6
2013-11-21 18:00:00,Maitri,-3.06,13.9,997.8,67.7
2013-11-21 19:00:00,Maitri,-2.17,9.42,997.4,65.2
2013-11-21 20:00:00,Maitri,-8.8,7.53,979.4,43.7
2013-11-21 21:00:00,Maitri,-12.29,9.23,976.2,64.8
2013-11-21 22:00:00,Maitri,-6.35,5.85,991.3,65.8
2013-11-21 23:00:00,Maitri,-5.79,6.08,969.7,52.5
2013-11-22 00:00:00,Maitri,-8.82,12.36,991.8,61.0
2013-11-22 01:00:00,Maitri,-4.74,12.81,978.5,41.3
2013-11-22 02:00:00,Maitri,-6.64,28.16,974.1,43.5
2013-11-22 03:00:00,Maitri,-2.18,8.44,1008.1,61.8
2013-11-22 04:00:00,Maitri,-6.61,15.43,972.4,52.9
2013-11-22 05:00:00,Maitri,-9.52,8.03,965.5,70.3
2013-11-22 06:00:00,Maitri,-5.31,9.95,966.3,59.8
2013-11-22 07:00:00,Maitri,-2.76,7.22,979.1,70.9
2013-11-22 08:00:00,Maitri,-2.04,10.21,983.7,49.3
2013-11-22 09:00:00,Maitri,-5.42,19.48,1001.9,63.5
2013-11-22 10:00:00,Maitri,-3.37,4.49,974.5,64.5
2013-11-22 11:00:00,Maitri,-10.36,15.48,999.3,82.1
2013-11-22 12:00:00,Maitri,-6.99,21.03,994.7,48.2
2013-11-22 13:00:00,Maitri,-3.62,6.44,989.2,53.1
2013-11-22 14:00:00,Maitri,-5.12,5.63,985.6,47.9
2013-11-22 15:00:00,Maitri,-4.62,13.65,971.6,44.9
2013-11-22 16:00:00,Maitri,-0.5,12.01,982.8,49.9
2013-11-22 17:00:00,Maitri,-8.64,6.99,983.2,45.2
2013-11-22 18:00:00,Maitri,-3.89,16.18,985.9,62.2
2013-11-22 19:00:00,Maitri,-4.03,9.29,1000.2,73.2
2013-11-22 20:00:00,Maitri,-5.63,8.79,992.7,39.1
2013-11-22 21:00:00,Maitri,-1.94,14.66,1006.4,44.7
2013-11-22 22:00:00,Maitri,-5.0,21.92,981.6,76.4
2013-11-22 23:00:00,Maitri,-6.8,7.19,972.7,54.8
2013-11-23 00:00:00,Maitri,-6.91,8.96,983.3,52.5
2013-11-23 01:00:00,Maitri,-6.45,3.94,975.5,60.5
2013-11-23 02:00:00,Maitri,-4.47,8.42,1000.9,46.7
2013-11-23 03:00:00,Maitri,-9.44,3.88,975.8,57.2
2013-11-23 04:00:00,Maitri,-6.44,10.84,985.8,60.7
2013-11-23 05:00:00,Maitri,-11.92,1.99,971.1,57.8
2013-11-23 06:00:00,Maitri,-10.51,9.81,997.1,53.4
2013-11-23 07:00:00,Maitri,-0.38,14.26,993.7,60.5
2013-11-23 08:00:00,Maitri,-9.44,4.66,1001.8,53.1
2013-11-23 09:00:00,Maitri,-4.5,11.89,997.4,56.0
2013-11-23 10:00:00,Maitri,-9.61,5.04,1000.6,55.5
2013-11-23 11:00:00,Maitri,-2.28,5.06,993.2,66.0
2013-11-23 12:00:00,Maitri,-10.36,7.74,966.9,46.1
2013-11-23 13:00:00,Maitri,-3.92,14.3,994.7,43.0
2013-11-23 14:00:00,Maitri,-4.55,5.2,979.3,48.7
2013-11-23 15:00:00,Maitri,-7.67,17.76,993.0,49.2
2013-11-23 16:00:00,Maitri,-4.67,11.72,977.6,40.5
2013-11-23 17:00:00,Maitri,-5.3,9.46,982.3,92.0
2013-11-23 18:00:00,Maitri,-6.32,12.49,998.5,62.8
2013-11-23 19:00:00,Maitri,-2.03,2.69,980.4,53.9
2013-11-23 20:00:00,Maitri,-7.66,6.67,992.7,64.4
2013-11-23 21:00:00,Maitri,-9.71,19.34,976.4,63.2
2013-11-23 22:00:00,Maitri,-1.09,18.58,995.7,75.4
2013-11-23 23:00:00,Maitri,-5.91,9.26,992.6,42.9
2013-11-24 00:00:00,Maitri,-4.72,10.01,990.9,64.8
2013-11-24 01:00:00,Maitri,-5.15,2.73,987.7,59.2
2013-11-24 02:00:00,Maitri,-7.45,8.21,984.0,56.2
2013-11-24 03:00:00,Maitri,-3.71,3.5,989.1,59.9
2013-11-24 04:00:00,Maitri,-7.42,4.6,986.4,60.7
2013-11-24 05:00:00,Maitri,-4.47,12.62,980.0,67.1
2013-11-24 06:00:00,Maitri,-3.94,11.04,986.1,67.9
2013-11-24 07:00:00,Maitri,-4.15,13.7,983.1,71.4
2013-11-24 08:00:00,Maitri,-2.37,11.07,977.4,56.8
2013-11-24 09:00:00,Maitri,-6.78,3.86,984.0,66.1
2013-11-24 10:00:00,Maitri,-11.37,5.11,1002.9,72.2
2013-11-24 11:00:00,Maitri,-2.94,15.25,991.7,73.6
2013-11-24 12:00:00,Maitri,-3.13,10.77,986.3,57.4
2013-11-24 13:00:00,Maitri,-6.41,20.75,994.1,43.1
2013-11-24 14:00:00,Maitri,-4.62,19.76,985.1,65.3
2013-11-24 15:00:00,Maitri,-2.98,7.34,997.3,40.5
2013-11-24 16:00:00,Maitri,-7.2,17.79,966.1,56.2
2013-11-24 17:00:00,Maitri,-5.45,4.47,967.4,67.4
2013-11-24 18:00:00,Maitri,-2.83,11.43,992.9,42.9
2013-11-24 19:00:00,Maitri,-8.99,14.31,991.8,80.5
2013-11-24 20:00:00,Maitri,-5.75,7.98,987.3,57.4
2013-11-24 21:00:00,Maitri,-5.86,8.26,980.3,34.6
2013-11-24 22:00:00,Maitri,-6.86,7.67,990.7,33.2
2013-11-24 23:00:00,Maitri,-9.84,24.95,986.7,73.7
2013-11-25 00:00:00,Maitri,0.5,9.51,976.2,46.3
2013-11-25 01:00:00,Maitri,-4.71,3.42,995.4,63.5
2013-11-25 02:00:00,Maitri,-9.6,4.28,984.6,59.7
2013-11-25 03:00:00,Maitri,-6.55,1.19,965.4,65.6
2013-11-25 04:00:00,Maitri,-7.59,23.34,979.3,59.1
2013-11-25 05:00:00,Maitri,-4.38,25.96,981.4,47.9
2013-11-25 06:00:00,Maitri,-2.16,3.17,980.9,56.3
2013-11-25 07:00:00,Maitri,-4.47,6.72,987.3,62.0
2013-11-25 08:00:00,Maitri,-9.43,6.78,970.9,80.5
2013-11-25 09:00:00,Maitri,-4.69,3.26,983.0,54.6
2013-11-25 10:00:00,Maitri,-10.04,4.9,979.5,51.6
2013-11-25 11:00:00,Maitri,-5.5,7.41,988.8,60.6
2013-11-25 12:00:00,Maitri,-4.18,15.25,971.3,74.8
2013-11-25 13:00:00,Maitri,-5.45,11.69,962.1,77.7
2013-11-25 14:00:00,Maitri,-7.83,6.72,1012.3,47.8
2013-11-25 15:00:00,Maitri,-3.75,5.11,967.2,62.3
2013-11-25 16:00:00,Maitri,-3.31,17.75,996.1,59.1
2013-11-25 17:00:00,Maitri,-8.23,9.78,988.0,61.2
2013-11-25 18:00:00,Maitri,-8.12,3.27,977.9,29.0
2013-11-25 19:00:00,Maitri,-2.75,2.73,998.6,80.3
2013-11-25 20:00:00,Maitri,3.41,19.11,977.9,43.5
2013-11-25 21:00:00,Maitri,-4.29,8.54,991.5,54.0
2013-11-25 22:00:00,Maitri,-0.68,32.43,1006.6,70.0
2013-11-25 23:00:00,Maitri,3.46,3.93,981.1,55.8
2013-11-26 00:00:00,Maitri,-1.63,11.41,992.9,61.5
2013-11-26 01:00:00,Maitri,-1.04,10.23,989.0,42.3
2013-11-26 02:00:00,Maitri,-4.34,14.71,1006.7,62.3
2013-11-26 03:00:00,Maitri,-6.18,20.1,986.2,36.4
2013-11-26 04:00:00,Maitri,-12.69,9.27,989.5,71.8
2013-11-26 05:00:00,Maitri,-0.64,7.97,982.3,48.9
2013-11-26 06:00:00,Maitri,-11.28,12.7,978.2,61.1
2013-11-26 07:00:00,Maitri,-6.48,16.81,999.4,52.9
2013-11-26 08:00:00,Maitri,-8.14,3.56,977.9,65.4
2013-11-26 09:00:00,Maitri,-4.72,4.26,982.7,69.4
2013-11-26 10:00:00,Maitri,-3.87,22.21,1002.4,43.3
2013-11-26 11:00:00,Maitri,-7.76,11.53,997.8,52.7
2013-11-26 12:00:00,Maitri,-4.44,5.19,996.7,50.4
2013-11-26 13:00:00,Maitri,-1.02,3.52,986.4,32.8
2013-11-26 14:00:00,Maitri,-3.47,10.98,970.2,66.6
2013-11-26 15:00:00,Maitri,-6.29,13.62,991.4,55.2
2013-11-26 16:00:00,Maitri,-0.69,3.16,978.9,46.5
2013-11-26 17:00:00,Maitri,-5.85,5.17,971.5,80.6
2013-11-26 18:00:00,Maitri,-4.86,19.09,999.2,42.7
2013-11-26 19:00:00,Maitri,-4.3,2.61,992.8,60.9
2013-11-26 20:00:00,Maitri,-6.66,9.71,984.1,60.3
2013-11-26 21:00:00,Maitri,-3.53,7.8,981.8,59.2
2013-11-26 22:00:00,Maitri,-2.39,11.26,1011.5,58.8
2013-11-26 23:00:00,Maitri,4.86,8.06,980.6,49.1
2013-11-27 00:00:00,Maitri,-6.64,7.71,978.9,56.0
2013-11-27 01:00:00,Maitri,-1.24,13.78,996.7,44.4
2013-11-27 02:00:00,Maitri,-2.6,16.51,975.6,51.3
2013-11-27 03:00:00,Maitri,-4.52,11.1,973.4,54.0
2013-11-27 04:00:00,Maitri,0.66,1.03,995.3,73.3
2013-11-27 05:00:00,Maitri,-6.48,5.71,990.6,62.4
2013-11-27 06:00:00,Maitri,-9.05,5.32,977.8,70.7
2013-11-27 07:00:00,Maitri,-5.64,3.66,969.0,82.9
2013-11-27 08:00:00,Maitri,-1.58,5.84,1000.2,73.1
2013-11-27 09:00:00,Maitri,-5.89,7.63,978.2,62.7
2013-11-27 10:00:00,Maitri,-4.15,10.93,979.3,82.1
2013-11-27 11:00:00,Maitri,0.85,5.18,999.7,62.6
2013-11-27 12:00:00,Maitri,-4.16,9.11,999.8,62.1
2013-11-27 13:00:00,Maitri,-1.46,29.01,973.9,53.2
2013-11-27 14:00:00,Maitri,-6.61,9.78,976.6,50.7
2013-11-27 15:00:00,Maitri,-12.25,8.43,982.5,42.2
2013-11-27 16:00:00,Maitri,-4.18,6.7,978.9,42.3
2013-11-27 17:00:00,Maitri,-3.58,8.12,979.0,32.4
2013-11-27 18:00:00,Maitri,-4.33,18.3,997.3,49.6
2013-11-27 19:00:00,Maitri,-6.01,8.29,970.9,58.5
2013-11-27 20:00:00,Maitri,-6.73,2.09,974.6,25.4
2013-11-27 21:00:00,Maitri,-8.44,6.55,979.7,47.3
2013-11-27 22:00:00,Maitri,-4.42,4.38,1010.8,48.8
2013-11-27 23:00:00,Maitri,-1.35,7.96,989.6,56.8
2013-11-28 00:00:00,Maitri,-6.82,16.57,984.0,62.1
2013-11-28 01:00:00,Maitri,-12.15,17.1,1004.0,80.9
2013-11-28 02:00:00,Maitri,-6.76,15.17,985.6,54.3
2013-11-28 03:00:00,Maitri,-3.94,12.77,996.9,59.3
2013-11-28 04:00:00,Maitri,-12.84,1.44,998.4,50.0
2013-11-28 05:00:00,Maitri,-3.27,3.62,990.3,58.3
2013-11-28 06:00:00,Maitri,-3.49,16.85,978.0,68.9
2013-11-28 07:00:00,Maitri,-9.33,9.2,985.1,46.2
2013-11-28 08:00:00,Maitri,-3.82,18.19,965.7,56.4
2013-11-28 09:00:00,Maitri,-2.93,3.48,1002.0,80.8
2013-11-28 10:00:00,Maitri,-5.95,8.76,987.7,67.6
2013-11-28 11:00:00,Maitri,-4.62,13.86,995.4,42.7
2013-11-28 12:00:00,Maitri,-9.89,6.47,965.3,64.2
2013-11-28 13:00:00,Maitri,-8.83,4.64,975.4,42.7
2013-11-28 14:00:00,Maitri,-2.98,6.55,988.0,52.7
2013-11-28 15:00:00,Maitri,-6.43,15.41,980.3,67.3
2013-11-28 16:00:00,Maitri,-3.33,18.75,995.6,56.8
2013-11-28 17:00:00,Maitri,-5.17,8.99,984.4,59.2
2013-11-28 18:00:00,Maitri,-0.93,18.91,989.3,59.6
2013-11-28 19:00:00,Maitri,-5.15,11.64,988.2,39.2
2013-11-28 20:00:00,Maitri,-10.76,8.05,980.4,31.7
2013-11-28 21:00:00,Maitri,-3.41,16.28,998.7,61.1
2013-11-28 22:00:00,Maitri,-6.64,20.26,980.0,71.3
2013-11-28 23:00:00,Maitri,-3.23,17.47,996.3,53.3
2013-11-29 00:00:00,Maitri,-8.02,13.04,974.8,50.0
2013-11-29 01:00:00,Maitri,-4.06,7.86,982.4,61.0
2013-11-29 02:00:00,Maitri,-4.47,7.38,989.7,44.9
2013-11-29 03:00:00,Maitri,-2.64,6.78,975.1,55.3
2013-11-29 04:00:00,Maitri,-0.51,14.68,985.9,65.7
2013-11-29 05:00:00,Maitri,-0.54,11.43,999.5,49.5
2013-11-29 06:00:00,Maitri,-12.8,11.52,980.9,65.5
2013-11-29 07:00:00,Maitri,-8.09,7.12,993.5,76.0
2013-11-29 08:00:00,Maitri,-8.49,12.99,999.0,45.4
2013-11-29 09:00:00,Maitri,-4.02,6.45,995.9,33.9
2013-11-29 10:00:00,Maitri,-4.32,9.56,994.8,57.3
2013-11-29 11:00:00,Maitri,-3.67,14.68,973.7,75.3
2013-11-29 12:00:00,Maitri,-4.33,12.5,990.1,52.6
2013-11-29 13:00:00,Maitri,-7.87,8.51,996.3,59.1
2013-11-29 14:00:00,Maitri,-6.58,11.9,976.8,56.9
2013-11-29 15:00:00,Maitri,-9.47,15.05,984.0,32.4
2013-11-29 16:00:00,Maitri,-2.52,12.67,993.1,62.1
2013-11-29 17:00:00,Maitri,1.29,9.9,982.5,87.8
2013-11-29 18:00:00,Maitri,-5.98,12.95,965.0,69.5
2013-11-29 19:00:00,Maitri,-0.33,11.75,975.0,68.4
2013-11-29 20:00:00,Maitri,-8.05,8.69,988.9,69.5
2013-11-29 21:00:00,Maitri,-7.13,15.8,994.3,43.0
2013-11-29 22:00:00,Maitri,-0.09,23.69,987.3,56.1
2013-11-29 23:00:00,Maitri,-4.95,3.53,978.5,55.5
2013-11-30 00:00:00,Maitri,-4.21,7.04,995.8,40.6
2013-11-30 01:00:00,Maitri,3.64,9.4,983.9,51.6
2013-11-30 02:00:00,Maitri,-4.61,8.29,986.4,69.1
2013-11-30 03:00:00,Maitri,-0.12,13.62,982.0,44.1
2013-11-30 04:00:00,Maitri,-0.73,9.0,998.3,44.8
2013-11-30 05:00:00,Maitri,-8.61,4.36,994.6,48.3
2013-11-30 06:00:00,Maitri,-6.14,6.11,972.7,49.3
2013-11-30 07:00:00,Maitri,-4.17,6.37,990.0,69.7
2013-11-30 08:00:00,Maitri,-3.77,13.0,991.9,36.7
2013-11-30 09:00:00,Maitri,-9.31,11.26,963.6,51.6
2013-11-30 10:00:00,Maitri,-4.0,19.76,975.5,55.4
2013-11-30 11:00:00,Maitri,-3.76,14.27,994.7,51.5
2013-11-30 12:00:00,Maitri,-5.64,9.39,970.9,63.8
2013-11-30 13:00:00,Maitri,-5.32,12.18,977.4,61.3
2013-11-30 14:00:00,Maitri,-9.28,2.33,981.2,50.0
2013-11-30 15:00:00,Maitri,-0.35,27.06,991.8,51.7
2013-11-30 16:00:00,Maitri,-4.72,4.89,1011.4,68.9
2013-11-30 17:00:00,Maitri,-6.98,12.54,984.0,46.8
2013-11-30 18:00:00,Maitri,-3.05,8.93,955.4,45.8
2013-11-30 19:00:00,Maitri,-6.19,8.1,978.5,71.9
2013-11-30 20:00:00,Maitri,-1.3,5.31,986.4,59.0
2013-11-30 21:00:00,Maitri,-3.56,12.44,995.3,50.8
2013-11-30 22:00:00,Maitri,-7.8,13.15,1004.8,65.8
2013-11-30 23:00:00,Maitri,-5.08,12.48,992.9,50.2
2013-12-01 00:00:00,Maitri,-10.61,3.51,972.6,43.7
2013-12-01 01:00:00,Maitri,-1.08,14.02,996.5,46.5
2013-12-01 02:00:00,Maitri,-5.77,5.0,982.8,47.4
2013-12-01 03:00:00,Maitri,-3.49,17.81,991.6,68.6
2013-12-01 04:00:00,Maitri,-2.55,15.46,987.0,42.7
2013-12-01 05:00:00,Maitri,-7.68,12.79,981.5,58.1
2013-12-01 06:00:00,Maitri,1.45,25.58,988.8,46.9
2013-12-01 07:00:00,Maitri,-6.12,14.6,986.5,76.0
2013-12-01 08:00:00,Maitri,-5.51,12.59,987.6,72.2
2013-12-01 09:00:00,Maitri,-9.61,6.54,989.6,47.6
2013-12-01 10:00:00,Maitri,-5.54,19.52,979.8,57.0
2013-12-01 11:00:00,Maitri,-9.0,11.28,995.3,43.1
2013-12-01 12:00:00,Maitri,-9.72,8.34,988.0,45.1
2013-12-01 13:00:00,Maitri,6.89,9.46,991.0,58.8
2013-12-01 14:00:00,Maitri,-0.91,10.47,973.0,58.6
2013-12-01 15:00:00,Maitri,-7.09,8.31,978.8,59.4
2013-12-01 16:00:00,Maitri,-7.37,11.38,984.5,38.2
2013-12-01 17:00:00,Maitri,-9.64,7.8,989.6,43.7
2013-12-01 18:00:00,Maitri,-4.8,1.54,988.3,56.8
2013-12-01 19:00:00,Maitri,-6.36,8.34,987.3,70.1
2013-12-01 20:00:00,Maitri,-6.83,6.81,969.7,80.7
2013-12-01 21:00:00,Maitri,-5.57,8.35,996.6,49.6
2013-12-01 22:00:00,Maitri,-5.85,7.36,986.1,82.2
2013-12-01 23:00:00,Maitri,-0.2,6.27,991.9,77.6
2013-12-02 00:00:00,Maitri,-7.11,11.43,990.4,60.8
2013-12-02 01:00:00,Maitri,-5.8,17.99,977.3,65.8
2013-12-02 02:00:00,Maitri,-6.04,10.19,980.5,37.8
2013-12-02 03:00:00,Maitri,-4.95,9.94,993.6,75.6
2013-12-02 04:00:00,Maitri,-9.53,8.91,986.2,48.5
2013-12-02 05:00:00,Maitri,0.93,8.22,992.9,42.7
2013-12-02 06:00:00,Maitri,-1.64,9.13,986.6,32.1
2013-12-02 07:00:00,Maitri,-5.85,18.32,989.9,61.7
2013-12-02 08:00:00,Maitri,-5.03,6.15,974.4,60.3
2013-12-02 09:00:00,Maitri,1.49,14.58,986.9,53.7
2013-12-02 10:00:00,Maitri,-7.67,15.31,1005.1,48.3
2013-12-02 11:00:00,Maitri,-3.26,15.72,980.7,66.0
2013-12-02 12:00:00,Maitri,-0.79,16.18,966.9,56.6
2013-12-02 13:00:00,Maitri,-5.99,14.6,1005.8,64.4
2013-12-02 14:00:00,Maitri,-5.3,10.12,972.1,70.3
2013-12-02 15:00:00,Maitri,-8.76,7.03,994.8,60.9
2013-12-02 16:00:00,Maitri,-3.62,17.4,999.2,73.0
2013-12-02 17:00:00,Maitri,-11.09,11.03,992.1,55.2
2013-12-02 18:00:00,Maitri,-3.32,7.05,972.0,21.5
2013-12-02 19:00:00,Maitri,-0.81,18.68,978.7,37.5
2013-12-02 20:00:00,Maitri,-2.52,8.1,985.0,53.1
2013-12-02 21:00:00,Maitri,-6.35,4.3,993.9,61.2
2013-12-02 22:00:00,Maitri,-3.75,20.54,990.1,50.7
2013-12-02 23:00:00,Maitri,-6.1,13.75,996.7,75.2
2013-12-03 00:00:00,Maitri,-9.6,22.02,997.4,54.5
2013-12-03 01:00:00,Maitri,-2.68,6.33,983.4,72.8
2013-12-03 02:00:00,Maitri,-7.12,4.78,1000.5,52.1
2013-12-03 03:00:00,Maitri,-4.52,3.62,979.9,56.5
2013-12-03 04:00:00,Maitri,-2.3,9.04,996.5,86.2
2013-12-03 05:00:00,Maitri,-7.17,12.34,986.0,68.1
2013-12-03 06:00:00,Maitri,-0.4,19.56,981.3,52.7
2013-12-03 07:00:00,Maitri,-1.08,8.72,984.9,45.7
2013-12-03 08:00:00,Maitri,-8.37,14.5,972.8,51.9
2013-12-03 09:00:00,Maitri,-1.87,8.85,983.4,60.8
2013-12-03 10:00:00,Maitri,-0.29,11.56,986.5,64.7
2013-12-03 11:00:00,Maitri,-6.99,6.48,977.6,65.6
2013-12-03 12:00:00,Maitri,-6.73,2.44,999.9,50.1
2013-12-03 13:00:00,Maitri,-2.72,11.37,989.8,72.9
2013-12-03 14:00:00,Maitri,-6.54,14.65,982.8,54.4
2013-12-03 15:00:00,Maitri,-2.36,7.99,984.6,75.4
2013-12-03 16:00:00,Maitri,-2.6,12.59,996.6,33.3
2013-12-03 17:00:00,Maitri,-9.22,12.1,985.2,79.0
2013-12-03 18:00:00,Maitri,-1.12,6.35,986.0,51.6
2013-12-03 19:00:00,Maitri,-4.46,16.65,984.3,72.1
2013-12-03 20:00:00,Maitri,-10.0,9.54,987.1,30.6
2013-12-03 21:00:00,Maitri,-7.36,5.09,982.9,60.4
2013-12-03 22:00:00,Maitri,-1.68,8.34,985.5,47.8
2013-12-03 23:00:00,Maitri,-1.05,16.05,975.1,46.9
2013-12-04 00:00:00,Maitri,-4.84,10.26,994.0,49.9
2013-12-04 01:00:00,Maitri,-6.18,6.77,993.4,61.3
2013-12-04 02:00:00,Maitri,-0.11,20.57,990.6,62.3
2013-12-04 03:00:00,Maitri,-4.44,11.48,984.0,37.6
2013-12-04 04:00:00,Maitri,-2.61,13.48,993.8,83.7
2013-12-04 05:00:00,Maitri,-5.2,14.46,999.3,74.5
2013-12-04 06:00:00,Maitri,-7.53,17.93,990.4,61.5
2013-12-04 07:00:00,Maitri,1.4,4.67,989.1,71.4
2013-12-04 08:00:00,Maitri,-9.72,24.82,995.3,40.6
2013-12-04 09:00:00,Maitri,-6.87,4.09,989.6,69.5
2013-12-04 10:00:00,Maitri,-7.11,14.85,985.9,55.3
2013-12-04 11:00:00,Maitri,-3.77,10.26,1004.1,39.8
2013-12-04 12:00:00,Maitri,2.71,8.48,961.3,40.2
2013-12-04 13:00:00,Maitri,0.42,14.64,985.5,58.0
2013-12-04 14:00:00,Maitri,-11.04,16.26,998.2,35.7
2013-12-04 15:00:00,Maitri,-5.03,11.27,989.7,65.0
2013-12-04 16:00:00,Maitri,-3.68,21.36,990.8,51.0
2013-12-04 17:00:00,Maitri,-5.23,12.51,969.6,54.9
2013-12-04 18:00:00,Maitri,-3.28,11.75,998.3,41.6
2013-12-04 19:00:00,Maitri,-0.86,11.63,966.6,60.1
2013-12-04 20:00:00,Maitri,2.6,12.88,980.4,56.4
2013-12-04 21:00:00,Maitri,-4.3,26.77,981.0,59.1
2013-12-04 22:00:00,Maitri,-3.71,14.39,979.8,67.3
2013-12-04 23:00:00,Maitri,-2.39,8.29,960.9,30.8
2013-12-05 00:00:00,Maitri,-6.18,13.02,994.0,49.6
2013-12-05 01:00:00,Maitri,-3.52,17.47,978.9,56.8
2013-12-05 02:00:00,Maitri,2.33,9.42,992.6,56.3
2013-12-05 03:00:00,Maitri,-3.17,13.74,983.6,66.1
2013-12-05 04:00:00,Maitri,3.1,12.82,1000.8,50.7
2013-12-05 05:00:00,Maitri,-7.36,9.74,1002.4,50.9
2013-12-05 06:00:00,Maitri,0.57,6.31,993.8,66.2
2013-12-05 07:00:00,Maitri,-11.7,2.78,985.8,52.6
2013-12-05 08:00:00,Maitri,0.59,6.4,993.0,52.3
2013-12-05 09:00:00,Maitri,-2.96,8.45,981.6,53.6
2013-12-05 10:00:00,Maitri,0.71,12.13,988.9,54.9
2013-12-05 11:00:00,Maitri,-6.71,14.73,984.2,35.5
2013-12-05 12:00:00,Maitri,-7.08,13.55,989.4,72.0
2013-12-05 13:00:00,Maitri,-0.08,2.18,995.6,62.6
2013-12-05 14:00:00,Maitri,-6.42,5.62,992.0,39.9
2013-12-05 15:00:00,Maitri,-11.3,2.2,985.0,54.5
2013-12-05 16:00:00,Maitri,-5.92,16.4,997.5,49.5
2013-12-05 17:00:00,Maitri,-2.16,16.94,975.3,73.8
2013-12-05 18:00:00,Maitri,2.24,8.17,996.1,54.8
2013-12-05 19:00:00,Maitri,-4.9,5.02,977.1,40.7
2013-12-05 20:00:00,Maitri,-4.18,22.97,984.7,49.4
2013-12-05 21:00:00,Maitri,-1.88,11.84,989.6,54.5
2013-12-05 22:00:00,Maitri,-2.54,15.86,978.3,53.0
2013-12-05 23:00:00,Maitri,0.22,8.65,990.5,77.7
2013-12-06 00:00:00,Maitri,2.25,14.57,983.1,45.5
2013-12-06 01:00:00,Maitri,-3.93,6.33,995.3,66.1
2013-12-06 02:00:00,Maitri,-6.43,7.59,961.5,57.6
2013-12-06 03:00:00,Maitri,-5.36,9.34,999.9,46.1
2013-12-06 04:00:00,Maitri,-4.93,12.69,979.2,58.0
2013-12-06 05:00:00,Maitri,-6.52,11.27,983.9,68.5
2013-12-06 06:00:00,Maitri,-1.12,12.19,1011.5,51.1
2013-12-06 07:00:00,Maitri,-7.77,3.86,1005.3,57.6
2013-12-06 08:00:00,Maitri,-6.2,8.06,980.2,46.7
2013-12-06 09:00:00,Maitri,-6.01,4.88,989.1,47.2
2013-12-06 10:00:00,Maitri,-5.88,16.76,976.1,62.0
2013-12-06 11:00:00,Maitri,-6.04,3.93,987.6,49.3
2013-12-06 12:00:00,Maitri,-9.07,6.41,968.4,43.6
2013-12-06 13:00:00,Maitri,-4.1,16.13,990.0,56.3
2013-12-06 14:00:00,Maitri,-3.21,13.13,992.8,51.1
2013-12-06 15:00:00,Maitri,-5.02,8.05,991.5,53.0
2013-12-06 16:00:00,Maitri,-8.63,5.34,982.4,67.8
2013-12-06 17:00:00,Maitri,-3.63,11.25,979.0,63.9
2013-12-06 18:00:00,Maitri,-10.23,3.75,988.7,62.1
2013-12-06 19:00:00,Maitri,-3.2,5.87,976.7,66.3
2013-12-06 20:00:00,Maitri,-1.73,24.96,973.3,48.5
2013-12-06 21:00:00,Maitri,-0.99,11.02,994.1,66.3
2013-12-06 22:00:00,Maitri,-1.16,3.23,1005.0,55.3
2013-12-06 23:00:00,Maitri,-0.9,10.66,990.2,33.3
2013-12-07 00:00:00,Maitri,-0.12,9.08,979.9,61.2
2013-12-07 01:00:00,Maitri,-4.88,7.01,987.0,51.9
2013-12-07 02:00:00,Maitri,-9.43,5.46,983.6,63.7
2013-12-07 03:00:00,Maitri,0.11,15.54,985.1,43.2
2013-12-07 04:00:00,Maitri,-0.81,19.48,985.2,52.5
2013-12-07 05:00:00,Maitri,-2.17,5.7,974.8,64.7
2013-12-07 06:00:00,Maitri,-5.69,9.41,986.1,43.6
2013-12-07 07:00:00,Maitri,-11.76,9.02,995.1,56.3
2013-12-07 08:00:00,Maitri,-2.87,6.19,998.4,40.5
2013-12-07 09:00:00,Maitri,-5.22,12.03,983.3,63.9
2013-12-07 10:00:00,Maitri,-12.07,13.2,980.9,40.9
2013-12-07 11:00:00,Maitri,-1.38,15.36,980.3,61.2
2013-12-07 12:00:00,Maitri,-2.55,4.58,967.2,69.6
2013-12-07 13:00:00,Maitri,-5.13,5.45,975.4,69.6
2013-12-07 14:00:00,Maitri,1.21,14.8,1005.9,49.4
2013-12-07 15:00:00,Maitri,-3.72,14.84,989.0,46.8
2013-12-07 16:00:00,Maitri,-6.24,14.51,986.6,42.1
2013-12-07 17:00:00,Maitri,-5.61,7.11,985.5,46.2
2013-12-07 18:00:00,Maitri,-3.2,14.77,980.0,69.4
2013-12-07 19:00:00,Maitri,-10.22,17.38,980.9,59.5
2013-12-07 20:00:00,Maitri,-6.75,2.4,970.8,62.0
2013-12-07 21:00:00,Maitri,-4.28,14.27,994.5,68.4
2013-12-07 22:00:00,Maitri,-7.55,4.19,981.7,46.9
2013-12-07 23:00:00,Maitri,-6.41,13.94,991.3,49.5
2013-12-08 00:00:00,Maitri,-11.24,19.23,969.2,67.6
2013-12-08 01:00:00,Maitri,-3.16,20.28,990.1,53.2
2013-12-08 02:00:00,Maitri,-3.31,3.8,985.8,65.9
2013-12-08 03:00:00,Maitri,-11.12,4.58,996.1,55.7
2013-12-08 04:00:00,Maitri,-7.94,22.8,986.9,55.9
2013-12-08 05:00:00,Maitri,-12.37,7.23,979.8,65.7
2013-12-08 06:00:00,Maitri,-2.29,11.06,998.7,65.4
2013-12-08 07:00:00,Maitri,-1.83,1.87,999.5,50.5
2013-12-08 08:00:00,Maitri,-1.49,11.56,977.8,55.7
2013-12-08 09:00:00,Maitri,-5.75,7.36,987.8,64.2
2013-12-08 10:00:00,Maitri,-5.65,23.55,996.2,65.6
2013-12-08 11:00:00,Maitri,-3.53,16.78,1001.1,50.1
2013-12-08 12:00:00,Maitri,-1.6,8.78,977.6,37.4
2013-12-08 13:00:00,Maitri,-1.33,11.5,987.5,57.7
2013-12-08 14:00:00,Maitri,-5.38,4.41,987.1,50.1
2013-12-08 15:00:00,Maitri,-7.4,5.62,981.8,56.0
2013-12-08 16:00:00,Maitri,-9.85,6.97,975.5,74.8
2013-12-08 17:00:00,Maitri,-12.19,13.23,992.4,69.1
2013-12-08 18:00:00,Maitri,-2.64,18.03,1000.8,54.5
2013-12-08 19:00:00,Maitri,-8.12,7.84,999.5,48.8
2013-12-08 20:00:00,Maitri,-11.0,9.3,1006.8,34.6
2013-12-08 21:00:00,Maitri,-1.39,30.9,1008.4,52.3
2013-12-08 22:00:00,Maitri,-2.62,11.67,970.1,83.5
2013-12-08 23:00:00,Maitri,-4.47,5.54,979.9,70.2
2013-12-09 00:00:00,Maitri,0.92,3.62,991.3,54.8
2013-12-09 01:00:00,Maitri,-8.17,23.24,962.1,68.0
2013-12-09 02:00:00,Maitri,-10.04,9.75,980.3,41.9
2013-12-09 03:00:00,Maitri,-2.41,6.83,983.7,83.3
2013-12-09 04:00:00,Maitri,-0.13,3.75,978.7,58.8
2013-12-09 05:00:00,Maitri,-4.79,9.72,981.2,48.7
2013-12-09 06:00:00,Maitri,-7.38,15.27,979.4,48.9
2013-12-09 07:00:00,Maitri,-2.37,20.93,1002.2,34.9
2013-12-09 08:00:00,Maitri,-6.15,10.14,990.2,63.2
2013-12-09 09:00:00,Maitri,-2.9,21.46,985.3,61.6
2013-12-09 10:00:00,Maitri,-1.61,12.77,963.6,44.5
2013-12-09 11:00:00,Maitri,-3.99,6.9,985.3,69.6
2013-12-09 12:00:00,Maitri,-0.41,9.95,979.4,46.1
2013-12-09 13:00:00,Maitri,-10.74,6.74,997.6,53.9
2013-12-09 14:00:00,Maitri,-2.47,18.09,998.2,72.7
2013-12-09 15:00:00,Maitri,-5.15,12.63,996.7,63.0
2013-12-09 16:00:00,Maitri,-5.69,17.84,988.8,64.6
2013-12-09 17:00:00,Maitri,-8.27,4.42,971.5,56.9
2013-12-09 18:00:00,Maitri,-3.57,15.8,988.0,40.0
2013-12-09 19:00:00,Maitri,-2.92,12.72,966.7,72.1
2013-12-09 20:00:00,Maitri,-0.55,14.4,983.3,71.0
2013-12-09 21:00:00,Maitri,-3.3,7.18,995.2,33.0
2013-12-09 22:00:00,Maitri,-7.82,22.42,991.0,64.9
2013-12-09 23:00:00,Maitri,-5.97,13.24,978.7,57.2
2013-12-10 00:00:00,Maitri,-1.98,15.36,994.2,23.2
2013-12-10 01:00:00,Maitri,-5.76,7.24,993.7,30.7
2013-12-10 02:00:00,Maitri,-7.12,6.41,977.5,52.7
2013-12-10 03:00:00,Maitri,-10.63,7.54,982.4,55.6
2013-12-10 04:00:00,Maitri,-6.58,16.06,1000.1,55.3
2013-12-10 05:00:00,Maitri,-2.87,3.92,992.7,59.2
2013-12-10 06:00:00,Maitri,0.11,20.85,984.9,70.8
2013-12-10 07:00:00,Maitri,-2.76,9.09,966.9,58.0
2013-12-10 08:00:00,Maitri,-4.19,12.66,977.7,58.1
2013-12-10 09:00:00,Maitri,-3.11,17.71,981.4,42.9
2013-12-10 10:00:00,Maitri,-0.14,11.69,968.3,67.9
2013-12-10 11:00:00,Maitri,-7.01,6.33,977.2,51.6
2013-12-10 12:00:00,Maitri,-6.12,12.92,975.5,42.7
2013-12-10 13:00:00,Maitri,-1.9,4.18,998.8,48.6
2013-12-10 14:00:00,Maitri,0.14,12.91,1003.0,54.2
2013-12-10 15:00:00,Maitri,-7.28,9.86,1002.9,40.2
2013-12-10 16:00:00,Maitri,-3.09,7.79,977.9,47.5
2013-12-10 17:00:00,Maitri,-4.62,11.4,1005.6,51.2
2013-12-10 18:00:00,Maitri,2.07,4.73,955.7,37.1
2013-12-10 19:00:00,Maitri,-2.44,14.2,985.4,51.0
2013-12-10 20:00:00,Maitri,-6.6,15.26,984.9,52.6
2013-12-10 21:00:00,Maitri,-6.5,3.53,984.6,67.6
2013-12-10 22:00:00,Maitri,-8.25,11.1,987.2,82.7
2013-12-10 23:00:00,Maitri,-3.84,5.27,997.6,61.8
2013-12-11 00:00:00,Maitri,-6.32,3.46,984.1,68.9
2013-12-11 01:00:00,Maitri,-2.9,14.11,1001.7,58.1
2013-12-11 02:00:00,Maitri,-2.26,8.17,997.0,43.7
2013-12-11 03:00:00,Maitri,-0.61,7.8,986.3,75.1
2013-12-11 04:00:00,Maitri,-5.2,8.19,982.1,62.0
2013-12-11 05:00:00,Maitri,-0.8,5.73,989.0,61.0
2013-12-11 06:00:00,Maitri,-5.36,10.28,989.0,49.8
2013-12-11 07:00:00,Maitri,-9.49,18.5,987.9,61.0
2013-12-11 08:00:00,Maitri,-1.75,15.48,997.6,47.9
2013-12-11 09:00:00,Maitri,-2.35,23.34,1008.2,52.8
2013-12-11 10:00:00,Maitri,-9.8,5.34,1002.3,46.9
2013-12-11 11:00:00,Maitri,-1.54,19.27,1003.4,72.1
2013-12-11 12:00:00,Maitri,-3.04,13.33,977.4,51.3
2013-12-11 13:00:00,Maitri,-5.99,6.32,982.2,59.0
2013-12-11 14:00:00,Maitri,-13.97,11.54,997.4,71.6
2013-12-11 15:00:00,Maitri,-3.52,7.34,1004.4,60.8
2013-12-11 16:00:00,Maitri,-5.84,15.42,1007.2,54.4
2013-12-11 17:00:00,Maitri,-4.44,13.49,984.0,61.8
2013-12-11 18:00:00,Maitri,-2.4,11.06,994.9,51.3
2013-12-11 19:00:00,Maitri,-0.83,19.28,992.0,69.2
2013-12-11 20:00:00,Maitri,-2.36,7.6,1011.3,57.0
2013-12-11 21:00:00,Maitri,-5.33,20.87,986.1,70.0
2013-12-11 22:00:00,Maitri,-5.06,16.21,981.2,45.5
2013-12-11 23:00:00,Maitri,0.67,1.8,973.6,80.1
2013-12-12 00:00:00,Maitri,-0.55,14.51,964.3,38.1
2013-12-12 01:00:00,Maitri,-2.98,14.12,986.7,49.2
2013-12-12 02:00:00,Maitri,-0.29,8.52,979.1,66.0
2013-12-12 03:00:00,Maitri,-5.93,14.79,989.9,61.5
2013-12-12 04:00:00,Maitri,-6.82,24.36,982.3,75.8
2013-12-12 05:00:00,Maitri,-0.8,12.47,987.3,69.8
2013-12-12 06:00:00,Maitri,-6.2,10.45,996.4,73.9
2013-12-12 07:00:00,Maitri,-4.1,9.53,980.6,20.4
2013-12-12 08:00:00,Maitri,-1.36,7.19,986.5,73.9
2013-12-12 09:00:00,Maitri,-3.97,14.31,983.4,66.8
2013-12-12 10:00:00,Maitri,4.67,31.34,976.8,49.7
2013-12-12 11:00:00,Maitri,-4.46,15.22,991.9,41.2
2013-12-12 12:00:00,Maitri,5.62,6.09,999.6,81.9
2013-12-12 13:00:00,Maitri,-4.85,18.68,1003.1,62.6
2013-12-12 14:00:00,Maitri,-1.35,22.27,982.9,42.2
2013-12-12 15:00:00,Maitri,1.47,1.85,984.4,51.4
2013-12-12 16:00:00,Maitri,-7.33,2.95,994.2,54.5
2013-12-12 17:00:00,Maitri,-8.02,13.56,976.4,68.2
2013-12-12 18:00:00,Maitri,-3.52,17.43,983.5,76.0
2013-12-12 19:00:00,Maitri,1.09,7.63,979.0,51.0
2013-12-12 20:00:00,Maitri,-4.13,19.81,979.9,71.5
2013-12-12 21:00:00,Maitri,-0.23,16.9,990.2,57.3
2013-12-12 22:00:00,Maitri,-11.45,3.32,998.5,41.7
2013-12-12 23:00:00,Maitri,1.35,8.16,972.2,34.9
2013-12-13 00:00:00,Maitri,-6.15,5.84,995.5,62.3
2013-12-13 01:00:00,Maitri,-0.97,9.06,997.4,55.7
2013-12-13 02:00:00,Maitri,-7.95,8.71,989.6,51.5
2013-12-13 03:00:00,Maitri,-1.53,10.64,977.9,54.2
2013-12-13 04:00:00,Maitri,-3.88,3.73,990.4,58.0
2013-12-13 05:00:00,Maitri,-3.45,4.85,1000.7,60.5
2013-12-13 06:00:00,Maitri,-5.03,6.85,988.1,37.5
2013-12-13 07:00:00,Maitri,-2.55,8.0,991.1,54.8
2013-12-13 08:00:00,Maitri,-6.62,3.23,998.1,46.6
2013-12-13 09:00:00,Maitri,-3.82,8.43,983.8,60.0
2013-12-13 10:00:00,Maitri,-4.05,8.18,976.7,65.3
2013-12-13 11:00:00,Maitri,-8.58,6.58,993.5,53.1
2013-12-13 12:00:00,Maitri,-7.42,10.29,975.6,47.2
2013-12-13 13:00:00,Maitri,-9.11,23.11,985.4,44.3
2013-12-13 14:00:00,Maitri,-1.38,18.8,971.1,66.2
2013-12-13 15:00:00,Maitri,4.89,7.59,999.5,67.0
2013-12-13 16:00:00,Maitri,-4.37,15.68,988.5,53.6
2013-12-13 17:00:00,Maitri,0.77,9.6,977.9,73.2
2013-12-13 18:00:00,Maitri,2.31,7.34,973.3,67.1
2013-12-13 19:00:00,Maitri,-6.46,5.78,997.6,68.3
2013-12-13 20:00:00,Maitri,-6.74,10.09,989.8,55.9
2013-12-13 21:00:00,Maitri,0.61,34.92,956.7,55.5
2013-12-13 22:00:00,Maitri,-3.47,7.34,978.1,69.6
2013-12-13 23:00:00,Maitri,-1.71,2.03,963.6,56.8
2013-12-14 00:00:00,Maitri,-8.15,10.44,970.3,82.4
2013-12-14 01:00:00,Maitri,-7.92,10.4,950.4,69.8
2013-12-14 02:00:00,Maitri,-6.05,13.72,982.8,54.6
2013-12-14 03:00:00,Maitri,-1.15,15.15,976.4,59.1
2013-12-14 04:00:00,Maitri,-1.35,8.24,982.2,68.8
2013-12-14 05:00:00,Maitri,-4.07,6.37,986.8,51.9
2013-12-14 06:00:00,Maitri,-3.92,21.38,997.6,67.9
2013-12-14 07:00:00,Maitri,-2.03,7.3,989.4,57.6
2013-12-14 08:00:00,Maitri,-5.44,25.59,980.1,38.6
2013-12-14 09:00:00,Maitri,-5.99,0.96,989.6,35.1
2013-12-14 10:00:00,Maitri,-2.9,7.95,988.6,51.3
2013-12-14 11:00:00,Maitri,-2.13,3.51,988.7,37.6
2013-12-14 12:00:00,Maitri,-7.02,4.76,977.7,50.0
2013-12-14 13:00:00,Maitri,-6.1,5.33,974.2,45.5
2013-12-14 14:00:00,Maitri,-3.4,19.95,998.1,46.0
2013-12-14 15:00:00,Maitri,-4.72,10.95,989.4,59.0
2013-12-14 16:00:00,Maitri,0.33,7.99,993.8,31.8
2013-12-14 17:00:00,Maitri,-2.2,32.34,981.5,53.5
2013-12-14 18:00:00,Maitri,-3.8,13.59,989.5,39.6
2013-12-14 19:00:00,Maitri,-3.68,14.51,989.1,61.1
2013-12-14 20:00:00,Maitri,-7.44,3.04,977.3,73.2
2013-12-14 21:00:00,Maitri,-8.03,5.63,998.6,60.8
2013-12-14 22:00:00,Maitri,-7.95,4.4,974.6,41.1
2013-12-14 23:00:00,Maitri,-0.84,8.44,987.3,57.8
2013-12-15 00:00:00,Maitri,-9.52,23.08,970.7,41.5
2013-12-15 01:00:00,Maitri,3.19,4.85,979.7,37.1
2013-12-15 02:00:00,Maitri,-3.14,1.99,992.3,59.9
2013-12-15 03:00:00,Maitri,-8.55,9.4,983.2,65.1
2013-12-15 04:00:00,Maitri,-5.38,9.59,983.2,54.3
2013-12-15 05:00:00,Maitri,-4.53,7.35,989.3,41.8
2013-12-15 06:00:00,Maitri,-0.09,23.09,996.1,58.7
2013-12-15 07:00:00,Maitri,1.7,11.56,987.8,59.9
2013-12-15 08:00:00,Maitri,-0.18,15.59,986.5,51.1
2013-12-15 09:00:00,Maitri,-1.15,6.72,964.4,75.2
2013-12-15 10:00:00,Maitri,-4.17,4.34,989.7,56.8
2013-12-15 11:00:00,Maitri,1.25,4.33,991.5,64.8
2013-12-15 12:00:00,Maitri,1.47,15.77,1013.7,60.0
2013-12-15 13:00:00,Maitri,-10.13,13.51,979.4,56.2
2013-12-15 14:00:00,Maitri,-4.03,14.3,960.3,48.2
2013-12-15 15:00:00,Maitri,-2.95,9.31,994.7,40.4
2013-12-15 16:00:00,Maitri,-4.76,12.84,981.9,75.4
2013-12-15 17:00:00,Maitri,-6.5,5.68,982.3,31.3
2013-12-15 18:00:00,Maitri,-2.72,7.11,987.1,76.0
2013-12-15 19:00:00,Maitri,-2.39,4.9,998.6,61.3
2013-12-15 20:00:00,Maitri,-4.34,12.12,980.7,66.2
2013-12-15 21:00:00,Maitri,-4.19,9.66,978.2,49.9
2013-12-15 22:00:00,Maitri,-5.19,4.45,969.0,57.1
2013-12-15 23:00:00,Maitri,-0.11,3.77,979.8,56.7
2013-12-16 00:00:00,Maitri,-3.31,12.65,988.0,55.7
2013-12-16 01:00:00,Maitri,-7.7,5.08,993.2,55.7
2013-12-16 02:00:00,Maitri,-11.56,6.54,975.7,55.2
2013-12-16 03:00:00,Maitri,-8.25,11.19,1005.9,46.0
2013-12-16 04:00:00,Maitri,-5.57,3.89,979.1,66.2
2013-12-16 05:00:00,Maitri,-0.69,24.08,977.6,46.5
2013-12-16 06:00:00,Maitri,-3.25,17.16,984.3,53.7
2013-12-16 07:00:00,Maitri,0.36,8.2,971.9,53.7
2013-12-16 08:00:00,Maitri,-1.53,7.78,987.3,66.2
2013-12-16 09:00:00,Maitri,-4.95,11.36,972.4,70.5
2013-12-16 10:00:00,Maitri,-2.8,9.56,995.9,76.9
2013-12-16 11:00:00,Maitri,-5.87,3.34,984.8,50.0
2013-12-16 12:00:00,Maitri,-8.86,4.64,981.5,58.7
2013-12-16 13:00:00,Maitri,-8.25,14.16,978.9,44.4
2013-12-16 14:00:00,Maitri,-0.97,3.16,989.4,80.7
2013-12-16 15:00:00,Maitri,1.54,21.16,989.6,62.4
2013-12-16 16:00:00,Maitri,-2.5,7.39,1009.3,50.6
2013-12-16 17:00:00,Maitri,2.74,15.43,983.7,74.1
2013-12-16 18:00:00,Maitri,0.67,9.53,1000.1,54.2
2013-12-16 19:00:00,Maitri,-3.52,8.11,1008.7,59.6
2013-12-16 20:00:00,Maitri,0.86,3.06,987.5,54.6
2013-12-16 21:00:00,Maitri,-3.18,9.62,992.9,63.7
2013-12-16 22:00:00,Maitri,-8.93,4.99,984.8,64.9
2013-12-16 23:00:00,Maitri,-1.86,16.31,985.1,40.2
2013-12-17 00:00:00,Maitri,-9.46,8.8,1009.2,38.6
2013-12-17 01:00:00,Maitri,-2.78,6.94,991.3,70.2
2013-12-17 02:00:00,Maitri,-6.41,2.4,998.8,68.4
2013-12-17 03:00:00,Maitri,-3.93,12.35,997.1,38.9
2013-12-17 04:00:00,Maitri,-1.42,6.7,973.2,44.3
2013-12-17 05:00:00,Maitri,0.06,11.26,972.5,52.9
2013-12-17 06:00:00,Maitri,1.16,7.17,993.3,51.0
2013-12-17 07:00:00,Maitri,-2.29,14.59,988.8,58.4
2013-12-17 08:00:00,Maitri,-6.39,16.9,965.1,62.7
2013-12-17 09:00:00,Maitri,-9.72,14.85,983.3,60.4
2013-12-17 10:00:00,Maitri,-0.41,9.27,977.3,81.8
2013-12-17 11:00:00,Maitri,4.09,6.8,1001.4,69.0
2013-12-17 12:00:00,Maitri,-2.14,11.4,993.3,67.3
2013-12-17 13:00:00,Maitri,-7.28,22.98,992.2,40.4
2013-12-17 14:00:00,Maitri,0.36,5.22,985.1,68.4
2013-12-17 15:00:00,Maitri,5.25,6.66,993.6,58.6
2013-12-17 16:00:00,Maitri,-3.06,5.43,999.3,25.5
2013-12-17 17:00:00,Maitri,-0.96,8.22,1003.9,48.5
2013-12-17 18:00:00,Maitri,-8.12,4.42,979.1,60.4
2013-12-17 19:00:00,Maitri,-2.44,6.42,984.3,49.9
2013-12-17 20:00:00,Maitri,-5.12,9.73,974.6,44.3
2013-12-17 21:00:00,Maitri,-2.63,17.63,983.9,54.2
2013-12-17 22:00:00,Maitri,-5.05,4.83,1008.4,64.4
2013-12-17 23:00:00,Maitri,-1.6,18.26,973.5,47.3
2013-12-18 00:00:00,Maitri,0.01,12.41,1002.4,28.3
2013-12-18 01:00:00,Maitri,-1.45,20.13,973.8,71.9
2013-12-18 02:00:00,Maitri,-6.34,5.74,998.2,47.3
2013-12-18 03:00:00,Maitri,-8.17,7.91,989.4,52.8
2013-12-18 04:00:00,Maitri,-9.46,13.64,989.0,42.4
2013-12-18 05:00:00,Maitri,-10.47,24.5,984.6,47.2
2013-12-18 06:00:00,Maitri,-1.0,5.05,983.3,68.2
2013-12-18 07:00:00,Maitri,-5.46,5.72,1008.9,56.6
2013-12-18 08:00:00,Maitri,-3.94,8.42,982.6,60.8
2013-12-18 09:00:00,Maitri,-4.84,3.18,997.2,55.1
2013-12-18 10:00:00,Maitri,-3.32,11.89,977.7,43.3
2013-12-18 11:00:00,Maitri,2.26,8.6,982.8,55.6
2013-12-18 12:00:00,Maitri,-8.82,11.58,969.4,54.8
2013-12-18 13:00:00,Maitri,1.97,13.05,992.1,49.4
2013-12-18 14:00:00,Maitri,-7.43,12.47,973.5,39.3
2013-12-18 15:00:00,Maitri,-4.34,7.67,1007.7,59.1
2013-12-18 16:00:00,Maitri,-4.07,8.15,987.8,48.2
2013-12-18 17:00:00,Maitri,-0.79,2.56,988.1,51.5
2013-12-18 18:00:00,Maitri,-0.86,9.36,991.3,50.6
2013-12-18 19:00:00,Maitri,1.84,3.01,983.9,49.8
2013-12-18 20:00:00,Maitri,1.42,4.73,995.5,72.8
2013-12-18 21:00:00,Maitri,-3.41,7.04,1004.0,59.6
2013-12-18 22:00:00,Maitri,-4.06,8.24,975.7,46.9
2013-12-18 23:00:00,Maitri,-6.5,8.49,1005.0,67.5
2013-12-19 00:00:00,Maitri,-1.78,14.28,981.7,59.9
2013-12-19 01:00:00,Maitri,-2.34,8.37,998.0,59.0
2013-12-19 02:00:00,Maitri,-0.67,14.48,991.0,70.6
2013-12-19 03:00:00,Maitri,-1.48,10.83,994.8,50.2
2013-12-19 04:00:00,Maitri,-3.78,5.59,1009.1,35.8
2013-12-19 05:00:00,Maitri,0.32,12.41,991.2,64.4
2013-12-19 06:00:00,Maitri,-8.58,8.38,982.1,58.0
2013-12-19 07:00:00,Maitri,-5.37,8.13,994.6,36.0
2013-12-19 08:00:00,Maitri,-4.26,9.99,988.4,56.9
2013-12-19 09:00:00,Maitri,-2.19,13.12,971.9,44.5
2013-12-19 10:00:00,Maitri,-5.07,17.61,976.2,54.2
2013-12-19 11:00:00,Maitri,-3.01,9.14,1005.1,61.2
2013-12-19 12:00:00,Maitri,-3.49,22.19,966.5,58.2
2013-12-19 13:00:00,Maitri,-5.68,1.87,969.6,44.2
2013-12-19 14:00:00,Maitri,-3.63,11.33,993.0,49.4
2013-12-19 15:00:00,Maitri,-4.4,14.12,991.1,66.2
2013-12-19 16:00:00,Maitri,-2.14,2.23,994.8,60.7
2013-12-19 17:00:00,Maitri,-3.92,12.07,978.9,41.9
2013-12-19 18:00:00,Maitri,0.5,9.36,996.8,38.7
2013-12-19 19:00:00,Maitri,-1.56,16.99,982.7,52.0
2013-12-19 20:00:00,Maitri,-4.21,6.91,981.6,45.5
2013-12-19 21:00:00,Maitri,-3.79,1.62,994.3,57.1
2013-12-19 22:00:00,Maitri,-5.72,11.16,986.4,59.8
2013-12-19 23:00:00,Maitri,-5.7,1.27,1003.0,41.5
2013-12-20 00:00:00,Maitri,-2.93,12.75,968.7,70.4
2013-12-20 01:00:00,Maitri,-0.29,20.63,979.2,66.2
2013-12-20 02:00:00,Maitri,-0.59,8.73,982.1,64.8
2013-12-20 03:00:00,Maitri,-4.23,4.81,982.4,35.5
2013-12-20 04:00:00,Maitri,-6.06,3.4,998.4,43.7
2013-12-20 05:00:00,Maitri,0.99,12.17,996.2,48.2
2013-12-20 06:00:00,Maitri,-1.01,9.77,989.3,67.7
2013-12-20 07:00:00,Maitri,3.52,17.5,981.1,45.2
2013-12-20 08:00:00,Maitri,-0.27,5.25,971.7,67.3
2013-12-20 09:00:00,Maitri,-0.04,20.22,1007.7,39.0
2013-12-20 10:00:00,Maitri,0.67,27.3,982.8,51.5
2013-12-20 11:00:00,Maitri,2.33,4.51,989.3,56.3
2013-12-20 12:00:00,Maitri,-0.63,7.1,991.3,42.8
2013-12-20 13:00:00,Maitri,-6.19,2.52,964.3,44.8
2013-12-20 14:00:00,Maitri,-0.18,3.13,980.4,45.7
2013-12-20 15:00:00,Maitri,-0.28,4.09,980.7,60.3
2013-12-20 16:00:00,Maitri,-2.57,16.38,977.5,38.0
2013-12-20 17:00:00,Maitri,2.77,13.78,992.5,49.2
2013-12-20 18:00:00,Maitri,-1.72,8.18,989.5,54.0
2013-12-20 19:00:00,Maitri,-5.34,9.55,978.6,69.3
2013-12-20 20:00:00,Maitri,-6.55,9.5,992.9,75.3
2013-12-20 21:00:00,Maitri,0.72,7.4,978.2,66.3
2013-12-20 22:00:00,Maitri,-4.82,11.07,991.5,55.0
2013-12-20 23:00:00,Maitri,0.79,17.18,987.4,49.3
2013-12-21 00:00:00,Maitri,0.0,9.03,985.9,56.5
2013-12-21 01:00:00,Maitri,-3.38,9.59,968.9,79.3
2013-12-21 02:00:00,Maitri,-1.5,14.71,980.1,42.3
2013-12-21 03:00:00,Maitri,-2.79,11.96,984.0,47.4
2013-12-21 04:00:00,Maitri,-2.85,15.07,1012.8,56.0
2013-12-21 05:00:00,Maitri,-5.4,17.7,996.7,47.5
2013-12-21 06:00:00,Maitri,-0.01,8.49,994.6,45.5
2013-12-21 07:00:00,Maitri,-3.36,35.77,965.6,39.7
2013-12-21 08:00:00,Maitri,-5.32,3.89,964.1,55.3
2013-12-21 09:00:00,Maitri,-6.01,6.28,987.9,65.6
2013-12-21 10:00:00,Maitri,-2.04,8.99,968.6,66.8
2013-12-21 11:00:00,Maitri,-4.34,15.5,970.0,60.2
2013-12-21 12:00:00,Maitri,-6.51,4.41,983.3,61.2
2013-12-21 13:00:00,Maitri,-5.88,11.2,991.7,64.5
2013-12-21 14:00:00,Maitri,-6.49,4.84,1004.5,45.4
2013-12-21 15:00:00,Maitri,5.68,22.65,979.6,34.1
2013-12-21 16:00:00,Maitri,-4.03,19.0,985.4,64.8
2013-12-21 17:00:00,Maitri,-2.18,13.1,1008.8,46.6
2013-12-21 18:00:00,Maitri,-0.63,3.32,988.4,59.0
2013-12-21 19:00:00,Maitri,-5.13,20.12,992.4,54.9
2013-12-21 20:00:00,Maitri,-3.53,3.16,969.1,43.0
2013-12-21 21:00:00,Maitri,1.34,19.59,981.5,53.2
2013-12-21 22:00:00,Maitri,-7.66,13.06,1004.1,53.3
2013-12-21 23:00:00,Maitri,-4.77,9.56,987.8,61.6
2013-12-22 00:00:00,Maitri,5.47,9.6,975.6,57.1
2013-12-22 01:00:00,Maitri,1.28,5.49,989.1,60.4
2013-12-22 02:00:00,Maitri,0.36,21.61,986.8,77.9
2013-12-22 03:00:00,Maitri,-1.21,8.82,1004.5,42.6
2013-12-22 04:00:00,Maitri,-3.68,12.2,997.4,68.4
2013-12-22 05:00:00,Maitri,-10.07,6.46,985.1,44.6
2013-12-22 06:00:00,Maitri,-6.37,20.32,1013.2,46.5
2013-12-22 07:00:00,Maitri,-10.28,20.8,991.1,50.3
2013-12-22 08:00:00,Maitri,-5.25,7.67,999.2,66.0
2013-12-22 09:00:00,Maitri,-2.1,7.28,997.8,51.8
2013-12-22 10:00:00,Maitri,-6.51,7.62,1009.6,72.5
2013-12-22 11:00:00,Maitri,3.06,5.72,977.9,51.6
2013-12-22 12:00:00,Maitri,-3.67,3.78,985.6,43.2
2013-12-22 13:00:00,Maitri,-0.97,3.93,989.9,50.5
2013-12-22 14:00:00,Maitri,-4.92,7.9,991.9,48.4
2013-12-22 15:00:00,Maitri,-1.51,10.34,1006.1,50.1
2013-12-22 16:00:00,Maitri,-7.03,4.04,973.8,40.4
2013-12-22 17:00:00,Maitri,3.94,20.92,998.2,71.2
2013-12-22 18:00:00,Maitri,-0.06,23.83,996.2,65.0
2013-12-22 19:00:00,Maitri,-7.22,14.79,976.8,59.2
2013-12-22 20:00:00,Maitri,-3.96,7.39,982.2,61.8
2013-12-22 21:00:00,Maitri,-5.91,8.59,972.1,70.6
2013-12-22 22:00:00,Maitri,-1.98,7.87,1001.8,45.9
2013-12-22 23:00:00,Maitri,-4.13,8.54,977.9,34.5
2013-12-23 00:00:00,Maitri,-4.74,15.34,991.0,50.2
2013-12-23 01:00:00,Maitri,-4.57,2.8,1012.8,67.8
2013-12-23 02:00:00,Maitri,-8.5,7.48,971.3,56.2
2013-12-23 03:00:00,Maitri,2.58,6.74,986.7,41.8
2013-12-23 04:00:00,Maitri,-4.28,12.55,999.8,55.6
2013-12-23 05:00:00,Maitri,-7.83,10.6,974.1,52.5
2013-12-23 06:00:00,Maitri,-0.17,2.28,976.9,73.1
2013-12-23 07:00:00,Maitri,-7.27,7.47,982.9,24.4
2013-12-23 08:00:00,Maitri,-2.87,7.07,969.6,54.8
2013-12-23 09:00:00,Maitri,-5.67,9.11,968.9,67.4
2013-12-23 10:00:00,Maitri,-2.4,27.11,976.3,59.1
2013-12-23 11:00:00,Maitri,-3.08,9.43,975.6,53.8
2013-12-23 12:00:00,Maitri,0.56,7.06,978.2,48.7
2013-12-23 13:00:00,Maitri,-6.81,10.96,969.1,50.7
2013-12-23 14:00:00,Maitri,3.06,11.5,990.1,53.4
2013-12-23 15:00:00,Maitri,-6.55,9.79,1013.8,51.7
2013-12-23 16:00:00,Maitri,3.96,25.21,1003.8,42.6
2013-12-23 17:00:00,Maitri,-7.06,5.39,972.5,50.3
2013-12-23 18:00:00,Maitri,-1.42,1.51,977.3,52.9
2013-12-23 19:00:00,Maitri,-7.75,3.38,971.7,45.5
2013-12-23 20:00:00,Maitri,-3.43,4.53,987.5,70.2
2013-12-23 21:00:00,Maitri,-2.07,14.88,991.9,55.0
2013-12-23 22:00:00,Maitri,1.69,5.38,979.5,59.1
2013-12-23 23:00:00,Maitri,-1.78,10.54,994.6,64.6
2013-12-24 00:00:00,Maitri,-6.33,6.94,983.6,52.1
2013-12-24 01:00:00,Maitri,-2.74,2.51,1007.9,61.2
2013-12-24 02:00:00,Maitri,-5.81,11.94,996.4,69.2
2013-12-24 03:00:00,Maitri,6.14,12.48,995.7,32.3
2013-12-24 04:00:00,Maitri,1.42,5.13,990.3,72.5
2013-12-24 05:00:00,Maitri,-1.02,12.1,995.7,47.5
2013-12-24 06:00:00,Maitri,-6.66,8.02,985.5,62.7
2013-12-24 07:00:00,Maitri,-2.95,14.2,994.1,57.0
2013-12-24 08:00:00,Maitri,-5.19,8.36,995.9,54.5
2013-12-24 09:00:00,Maitri,3.94,13.26,978.5,66.0
2013-12-24 10:00:00,Maitri,-2.41,7.6,998.2,62.6
2013-12-24 11:00:00,Maitri,3.69,10.38,982.5,41.8
2013-12-24 12:00:00,Maitri,0.5,8.78,994.6,49.8
2013-12-24 13:00:00,Maitri,-0.08,10.41,991.3,53.0
2013-12-24 14:00:00,Maitri,-0.25,22.26,984.9,35.6
2013-12-24 15:00:00,Maitri,0.4,4.86,996.2,38.9
2013-12-24 16:00:00,Maitri,-1.49,19.96,999.9,48.8
2013-12-24 17:00:00,Maitri,-1.86,8.85,987.4,74.1
2013-12-24 18:00:00,Maitri,-6.23,2.61,974.6,76.0
2013-12-24 19:00:00,Maitri,-7.81,11.86,984.1,51.1
2013-12-24 20:00:00,Maitri,-0.37,4.14,991.0,30.2
2013-12-24 21:00:00,Maitri,-5.56,14.86,970.5,61.6
2013-12-24 22:00:00,Maitri,-1.66,4.83,979.7,58.7
2013-12-24 23:00:00,Maitri,-4.89,10.14,980.7,50.9
2013-12-25 00:00:00,Maitri,-6.34,6.7,971.0,42.5
2013-12-25 01:00:00,Maitri,-0.52,9.01,994.5,55.2
2013-12-25 02:00:00,Maitri,0.94,7.61,986.1,66.8
2013-12-25 03:00:00,Maitri,-3.69,8.09,1006.8,45.3
2013-12-25 04:00:00,Maitri,-3.78,3.84,1003.3,69.3
2013-12-25 05:00:00,Maitri,-2.54,13.41,999.4,53.6
2013-12-25 06:00:00,Maitri,-5.22,26.21,982.1,40.1
2013-12-25 07:00:00,Maitri,-4.99,26.07,986.3,62.1
2013-12-25 08:00:00,Maitri,-8.2,6.58,988.3,28.1
2013-12-25 09:00:00,Maitri,-4.23,8.53,982.7,68.1
2013-12-25 10:00:00,Maitri,-0.32,2.44,981.7,73.2
2013-12-25 11:00:00,Maitri,-4.27,31.61,981.5,43.9
2013-12-25 12:00:00,Maitri,1.08,2.3,1000.6,46.5
2013-12-25 13:00:00,Maitri,-4.35,26.5,994.3,69.3
2013-12-25 14:00:00,Maitri,-6.13,14.45,991.1,70.5
2013-12-25 15:00:00,Maitri,-0.46,10.74,983.4,55.1
2013-12-25 16:00:00,Maitri,-3.32,1.86,983.6,36.2
2013-12-25 17:00:00,Maitri,-1.92,8.68,974.5,71.7
2013-12-25 18:00:00,Maitri,-3.72,12.1,976.2,60.8
2013-12-25 19:00:00,Maitri,3.72,7.31,961.2,34.8
2013-12-25 20:00:00,Maitri,-9.35,9.1,993.6,71.4
2013-12-25 21:00:00,Maitri,-3.19,5.72,983.9,68.6
2013-12-25 22:00:00,Maitri,-1.5,26.41,997.2,45.6
2013-12-25 23:00:00,Maitri,-8.24,12.74,981.4,61.4
2013-12-26 00:00:00,Maitri,-5.15,7.9,988.6,66.8
2013-12-26 01:00:00,Maitri,-6.44,16.48,987.9,69.7
2013-12-26 02:00:00,Maitri,-2.51,9.07,967.6,61.3
2013-12-26 03:00:00,Maitri,-1.18,19.21,997.5,40.5
2013-12-26 04:00:00,Maitri,0.67,17.73,985.4,61.1
2013-12-26 05:00:00,Maitri,-9.39,4.42,992.0,61.0
2013-12-26 06:00:00,Maitri,5.64,8.3,990.3,73.3
2013-12-26 07:00:00,Maitri,-2.09,5.51,982.0,69.8
2013-12-26 08:00:00,Maitri,-8.9,15.47,992.0,53.2
2013-12-26 09:00:00,Maitri,2.38,18.74,974.3,55.9
2013-12-26 10:00:00,Maitri,-2.84,15.93,985.7,60.2
2013-12-26 11:00:00,Maitri,-1.58,13.09,972.7,80.6
2013-12-26 12:00:00,Maitri,-6.26,3.56,973.2,63.2
2013-12-26 13:00:00,Maitri,-5.58,14.12,1001.9,44.9
2013-12-26 14:00:00,Maitri,-13.17,12.43,972.2,55.8
2013-12-26 15:00:00,Maitri,-0.9,3.33,980.4,41.7
2013-12-26 16:00:00,Maitri,-3.16,12.39,1004.3,47.2
2013-12-26 17:00:00,Maitri,-1.28,9.62,982.1,51.5
2013-12-26 18:00:00,Maitri,0.54,6.68,987.0,67.5
2013-12-26 19:00:00,Maitri,-9.24,14.41,971.7,62.2
2013-12-26 20:00:00,Maitri,-5.13,7.7,978.9,59.6
2013-12-26 21:00:00,Maitri,-7.01,14.8,985.2,70.7
2013-12-26 22:00:00,Maitri,-3.73,3.75,1000.1,52.4
2013-12-26 23:00:00,Maitri,-4.1,9.38,970.5,47.9
2013-12-27 00:00:00,Maitri,-2.68,11.22,975.0,72.8
2013-12-27 01:00:00,Maitri,-5.73,6.94,1004.5,60.4
2013-12-27 02:00:00,Maitri,-4.23,6.88,983.9,48.4
2013-12-27 03:00:00,Maitri,-6.96,5.36,1002.1,53.6
2013-12-27 04:00:00,Maitri,-9.51,17.95,987.4,72.6
2013-12-27 05:00:00,Maitri,-2.46,20.32,983.4,47.6
2013-12-27 06:00:00,Maitri,-9.76,2.81,1001.7,54.2
2013-12-27 07:00:00,Maitri,-1.27,21.7,1001.9,60.4
2013-12-27 08:00:00,Maitri,-3.93,6.65,994.6,50.9
2013-12-27 09:00:00,Maitri,-10.96,6.4,983.0,73.1
2013-12-27 10:00:00,Maitri,-2.71,12.45,987.6,56.2
2013-12-27 11:00:00,Maitri,-4.12,18.6,986.6,69.2
2013-12-27 12:00:00,Maitri,1.39,10.08,988.2,72.3
2013-12-27 13:00:00,Maitri,-3.91,6.8,988.0,69.4
2013-12-27 14:00:00,Maitri,-4.54,18.44,968.3,44.9
2013-12-27 15:00:00,Maitri,-5.96,13.28,976.1,42.4
2013-12-27 16:00:00,Maitri,-6.0,11.83,970.2,47.5
2013-12-27 17:00:00,Maitri,-7.64,13.82,992.3,57.6
2013-12-27 18:00:00,Maitri,-2.17,12.8,982.3,48.9
2013-12-27 19:00:00,Maitri,1.63,13.09,1003.2,37.5
2013-12-27 20:00:00,Maitri,-5.96,2.42,982.4,35.7
2013-12-27 21:00:00,Maitri,0.83,12.49,997.5,68.0
2013-12-27 22:00:00,Maitri,-3.64,4.83,988.0,52.7
2013-12-27 23:00:00,Maitri,-1.64,12.17,1001.6,50.2
2013-12-28 00:00:00,Maitri,-5.26,7.64,989.6,49.4
2013-12-28 01:00:00,Maitri,-2.44,4.97,981.2,54.8
2013-12-28 02:00:00,Maitri,-6.04,21.24,988.8,58.4
2013-12-28 03:00:00,Maitri,-2.93,6.25,1007.5,22.6
2013-12-28 04:00:00,Maitri,-11.04,13.99,989.1,56.7
2013-12-28 05:00:00,Maitri,-0.91,7.79,990.8,68.4
2013-12-28 06:00:00,Maitri,-0.66,9.43,994.3,48.8
2013-12-28 07:00:00,Maitri,-3.29,5.53,986.3,64.3
2013-12-28 08:00:00,Maitri,2.28,14.78,995.9,52.1
2013-12-28 09:00:00,Maitri,-4.6,12.92,990.0,61.4
2013-12-28 10:00:00,Maitri,-7.29,12.06,991.0,73.5
2013-12-28 11:00:00,Maitri,-0.39,7.54,991.8,54.2
2013-12-28 12:00:00,Maitri,-1.13,21.39,993.6,64.0
2013-12-28 13:00:00,Maitri,3.8,27.29,999.4,46.3
2013-12-28 14:00:00,Maitri,-1.36,15.85,972.0,47.9
2013-12-28 15:00:00,Maitri,4.3,8.98,1017.9,56.3
2013-12-28 16:00:00,Maitri,-1.52,12.65,993.8,81.1
2013-12-28 17:00:00,Maitri,-0.67,4.09,974.5,43.1
2013-12-28 18:00:00,Maitri,-1.67,10.43,987.3,79.1
2013-12-28 19:00:00,Maitri,-2.73,8.89,991.4,62.0
2013-12-28 20:00:00,Maitri,2.68,4.66,987.8,48.4
2013-12-28 21:00:00,Maitri,-3.08,6.03,1002.1,73.8
2013-12-28 22:00:00,Maitri,6.24,12.19,998.2,42.7
2013-12-28 23:00:00,Maitri,1.55,3.42,998.6,54.1
2013-12-29 00:00:00,Maitri,-2.81,11.6,989.9,67.4
2013-12-29 01:00:00,Maitri,-0.44,29.45,1003.2,60.8
2013-12-29 02:00:00,Maitri,-1.51,10.04,986.4,47.5
2013-12-29 03:00:00,Maitri,-7.84,2.36,976.4,32.8
2013-12-29 04:00:00,Maitri,5.91,25.8,982.3,42.9
2013-12-29 05:00:00,Maitri,-8.26,9.84,969.1,56.9
2013-12-29 06:00:00,Maitri,-2.42,16.26,980.3,78.5
2013-12-29 07:00:00,Maitri,-1.08,5.8,988.7,45.9
2013-12-29 08:00:00,Maitri,-7.74,11.59,965.3,67.7
2013-12-29 09:00:00,Maitri,2.43,15.2,980.4,57.6
2013-12-29 10:00:00,Maitri,-5.31,7.33,982.4,51.1
2013-12-29 11:00:00,Maitri,-3.55,9.68,971.8,65.3
2013-12-29 12:00:00,Maitri,-3.11,3.3,990.5,69.3
2013-12-29 13:00:00,Maitri,0.37,12.08,977.6,72.9
2013-12-29 14:00:00,Maitri,-7.25,10.38,988.1,53.6
2013-12-29 15:00:00,Maitri,-9.42,9.47,964.0,59.7
2013-12-29 16:00:00,Maitri,-0.48,9.71,965.6,54.9
2013-12-29 17:00:00,Maitri,1.94,22.67,990.0,59.0
2013-12-29 18:00:00,Maitri,-1.5,8.41,978.3,55.5
2013-12-29 19:00:00,Maitri,-5.09,4.58,988.5,44.2
2013-12-29 20:00:00,Maitri,-2.02,9.24,965.5,55.8
2013-12-29 21:00:00,Maitri,-3.25,10.89,976.3,73.2
2013-12-29 22:00:00,Maitri,-4.12,6.6,1004.4,52.4
2013-12-29 23:00:00,Maitri,-5.03,20.18,984.6,64.7
2013-12-30 00:00:00,Maitri,-4.26,22.64,979.5,54.9
2013-12-30 01:00:00,Maitri,0.51,4.08,993.0,36.6
2013-12-30 02:00:00,Maitri,-7.55,1.88,975.8,62.6
2013-12-30 03:00:00,Maitri,-4.43,3.1,983.1,30.3
2013-12-30 04:00:00,Maitri,-2.31,28.54,1005.0,20.1
2013-12-30 05:00:00,Maitri,-3.76,12.7,989.0,77.3
2013-12-30 06:00:00,Maitri,-2.58,14.76,986.2,53.1
2013-12-30 07:00:00,Maitri,-3.37,5.42,990.1,53.8
2013-12-30 08:00:00,Maitri,-2.24,6.68,993.7,51.6
2013-12-30 09:00:00,Maitri,-7.26,4.25,984.3,65.2
2013-12-30 10:00:00,Maitri,-3.0,3.74,999.8,75.4
2013-12-30 11:00:00,Maitri,-0.32,14.61,998.5,43.7
2013-12-30 12:00:00,Maitri,-0.75,5.92,1001.0,44.6
2013-12-30 13:00:00,Maitri,4.12,3.17,1001.4,72.3
2013-12-30 14:00:00,Maitri,-2.02,2.72,981.0,33.9
2013-12-30 15:00:00,Maitri,-2.86,7.64,982.5,34.4
2013-12-30 16:00:00,Maitri,-1.88,18.81,986.2,65.0
2013-12-30 17:00:00,Maitri,-6.61,15.98,986.8,48.4
2013-12-30 18:00:00,Maitri,-1.96,11.73,996.1,51.5
2013-12-30 19:00:00,Maitri,4.68,3.5,1001.2,92.0
2013-12-30 20:00:00,Maitri,0.29,4.4,993.8,31.3
2013-12-30 21:00:00,Maitri,-0.1,9.82,1001.7,71.3
2013-12-30 22:00:00,Maitri,-4.07,4.93,983.9,31.9
2013-12-30 23:00:00,Maitri,-0.13,7.46,968.6,60.2
2013-12-31 00:00:00,Maitri,-6.08,20.27,998.7,40.0
2013-12-31 01:00:00,Maitri,-0.3,10.18,980.0,59.1
2013-12-31 02:00:00,Maitri,-8.71,4.46,994.7,55.5
2013-12-31 03:00:00,Maitri,-0.19,8.42,998.0,63.9
2013-12-31 04:00:00,Maitri,4.08,4.73,1004.3,45.7
2013-12-31 05:00:00,Maitri,0.5,6.94,1009.7,47.3
2013-12-31 06:00:00,Maitri,0.1,9.19,1002.7,66.4
2013-12-31 07:00:00,Maitri,5.56,13.46,989.0,64.1
2013-12-31 08:00:00,Maitri,-5.32,7.73,983.8,60.9
2013-12-31 09:00:00,Maitri,-7.55,19.67,979.3,53.1
2013-12-31 10:00:00,Maitri,-6.28,8.59,976.5,38.8
2013-12-31 11:00:00,Maitri,-0.74,11.96,975.1,67.4
2013-12-31 12:00:00,Maitri,7.61,12.76,977.9,48.8
2013-12-31 13:00:00,Maitri,-3.85,35.22,997.2,54.7
2013-12-31 14:00:00,Maitri,-1.2,14.71,976.0,54.2
2013-12-31 15:00:00,Maitri,-7.42,6.54,983.9,63.8
2013-12-31 16:00:00,Maitri,-0.62,8.51,987.9,62.7
2013-12-31 17:00:00,Maitri,-3.2,4.14,981.2,73.3
2013-12-31 18:00:00,Maitri,-2.75,9.61,986.9,76.1
2013-12-31 19:00:00,Maitri,-2.26,7.32,980.4,55.2
2013-12-31 20:00:00,Maitri,-3.43,18.13,980.0,38.6
2013-12-31 21:00:00,Maitri,-1.25,9.41,987.6,62.7
2013-12-31 22:00:00,Maitri,-2.93,3.53,969.6,43.7
2013-12-31 23:00:00,Maitri,-4.27,10.97,985.6,50.4
