timestamp,station,air_temperature,wind_speed,atmospheric_pressure,relative_humidity
2012-01-01 00:00:00,Maitri,-2.21,4.0,966.0,39.6
2012-01-01 01:00:00,Maitri,-4.43,10.68,981.3,43.1
2012-01-01 02:00:00,Maitri,-1.97,13.78,998.0,63.7
2012-01-01 03:00:00,Maitri,0.89,5.83,992.7,65.6
2012-01-01 04:00:00,Maitri,-4.55,1.71,983.0,87.1
2012-01-01 05:00:00,Maitri,-4.27,7.11,982.3,62.1
2012-01-01 06:00:00,Maitri,1.91,9.7,970.3,57.4
2012-01-01 07:00:00,Maitri,-0.25,7.84,980.7,60.7
2012-01-01 08:00:00,Maitri,-3.75,6.69,986.8,80.3
2012-01-01 09:00:00,Maitri,-0.04,15.46,995.4,91.9
2012-01-01 10:00:00,Maitri,-2.83,18.51,975.1,55.4
2012-01-01 11:00:00,Maitri,-2.46,17.9,980.1,65.6
2012-01-01 12:00:00,Maitri,0.09,12.47,972.2,57.0
2012-01-01 13:00:00,Maitri,-6.63,13.45,985.6,56.7
2012-01-01 14:00:00,Maitri,-5.96,5.2,993.2,84.3
2012-01-01 15:00:00,Maitri,-2.3,9.16,990.9,45.0
2012-01-01 16:00:00,Maitri,-3.93,10.18,970.0,25.3
2012-01-01 17:00:00,Maitri,0.03,11.35,985.0,62.4
2012-01-01 18:00:00,Maitri,-4.25,11.24,975.5,74.8
2012-01-01 19:00:00,Maitri,-6.3,9.71,995.2,61.1
2012-01-01 20:00:00,Maitri,2.45,12.39,981.3,65.0
2012-01-01 21:00:00,Maitri,-3.43,10.95,965.9,68.5
2012-01-01 22:00:00,Maitri,-2.93,10.93,980.8,59.6
2012-01-01 23:00:00,Maitri,-8.08,6.09,989.4,65.8
2012-01-02 00:00:00,Maitri,-5.51,4.42,987.1,65.6
2012-01-02 01:00:00,Maitri,-3.59,11.39,977.4,30.6
2012-01-02 02:00:00,Maitri,-7.69,7.31,977.2,59.6
2012-01-02 03:00:00,Maitri,-2.75,6.28,972.7,36.0
2012-01-02 04:00:00,Maitri,-5.69,13.98,978.4,57.5
2012-01-02 05:00:00,Maitri,-4.42,9.22,973.8,51.1
2012-01-02 06:00:00,Maitri,-5.04,20.03,993.2,72.5
2012-01-02 07:00:00,Maitri,3.25,13.14,972.7,61.4
2012-01-02 08:00:00,Maitri,-2.25,5.85,985.5,64.6
2012-01-02 09:00:00,Maitri,-5.13,14.08,983.5,55.3
2012-01-02 10:00:00,Maitri,1.32,12.05,994.1,72.7
2012-01-02 11:00:00,Maitri,-4.84,5.7,996.7,35.6
2012-01-02 12:00:00,Maitri,0.02,6.76,992.0,45.5
2012-01-02 13:00:00,Maitri,-6.74,13.7,987.0,76.0
2012-01-02 14:00:00,Maitri,-4.66,2.68,972.5,51.9
2012-01-02 15:00:00,Maitri,0.16,1.93,972.4,28.0
2012-01-02 16:00:00,Maitri,1.71,10.57,973.7,78.3
2012-01-02 17:00:00,Maitri,-0.39,10.11,992.1,73.1
2012-01-02 18:00:00,Maitri,-1.68,11.13,984.2,68.0
2012-01-02 19:00:00,Maitri,-2.71,10.13,993.5,59.3
2012-01-02 20:00:00,Maitri,-6.94,12.3,994.7,81.3
2012-01-02 21:00:00,Maitri,-4.98,18.65,973.9,75.6
2012-01-02 22:00:00,Maitri,-4.58,9.59,983.9,79.7
2012-01-02 23:00:00,Maitri,-0.1,3.5,984.3,67.7
2012-01-03 00:00:00,Maitri,-2.64,2.44,980.9,59.7
2012-01-03 01:00:00,Maitri,-9.56,7.72,977.7,52.4
2012-01-03 02:00:00,Maitri,-2.94,7.84,997.4,40.2
2012-01-03 03:00:00,Maitri,-5.15,3.94,985.0,65.0
2012-01-03 04:00:00,Maitri,-5.9,1.64,984.9,66.2
2012-01-03 05:00:00,Maitri,-1.5,7.37,974.7,53.1
2012-01-03 06:00:00,Maitri,0.22,23.21,989.3,66.6
2012-01-03 07:00:00,Maitri,0.33,12.01,971.6,53.3
2012-01-03 08:00:00,Maitri,-4.87,11.41,988.5,70.1
2012-01-03 09:00:00,Maitri,-2.7,8.62,989.3,45.7
2012-01-03 10:00:00,Maitri,-0.22,7.71,979.1,43.2
2012-01-03 11:00:00,Maitri,2.21,12.71,986.7,54.6
2012-01-03 12:00:00,Maitri,-2.15,4.27,986.5,69.6
2012-01-03 13:00:00,Maitri,-1.04,26.59,980.6,41.8
2012-01-03 14:00:00,Maitri,-3.92,4.5,984.5,72.7
2012-01-03 15:00:00,Maitri,-4.27,13.37,983.7,35.0
2012-01-03 16:00:00,Maitri,1.98,4.79,985.8,54.5
2012-01-03 17:00:00,Maitri,3.43,10.28,984.2,38.2
2012-01-03 18:00:00,Maitri,-1.51,14.19,970.2,21.5
2012-01-03 19:00:00,Maitri,1.5,3.01,982.8,63.1
2012-01-03 20:00:00,Maitri,-1.02,5.15,987.3,55.5
2012-01-03 21:00:00,Maitri,-4.71,5.39,985.3,38.4
2012-01-03 22:00:00,Maitri,-1.92,8.12,994.8,50.8
2012-01-03 23:00:00,Maitri,1.47,11.04,990.5,64.2
2012-01-04 00:00:00,Maitri,-3.82,23.47,971.5,52.8
2012-01-04 01:00:00,Maitri,1.12,6.72,982.1,55.2
2012-01-04 02:00:00,Maitri,-12.33,22.64,978.0,52.4
2012-01-04 03:00:00,Maitri,-1.26,11.76,983.2,49.8
2012-01-04 04:00:00,Maitri,-3.43,4.39,984.3,49.7
2012-01-04 05:00:00,Maitri,-4.38,8.64,990.7,49.3
2012-01-04 06:00:00,Maitri,-2.76,3.54,986.5,47.5
2012-01-04 07:00:00,Maitri,-8.98,7.72,998.0,43.8
2012-01-04 08:00:00,Maitri,-2.85,7.39,986.7,52.7
2012-01-04 09:00:00,Maitri,-0.54,10.38,973.9,49.0
2012-01-04 10:00:00,Maitri,3.48,13.39,977.6,43.0
2012-01-04 11:00:00,Maitri,-2.54,9.06,990.6,68.7
2012-01-04 12:00:00,Maitri,-3.18,4.75,965.7,75.3
2012-01-04 13:00:00,Maitri,-2.02,19.98,966.5,58.0
2012-01-04 14:00:00,Maitri,2.58,24.31,981.5,58.9
2012-01-04 15:00:00,Maitri,0.64,8.53,994.7,48.3
2012-01-04 16:00:00,Maitri,-2.29,11.46,998.3,72.9
2012-01-04 17:00:00,Maitri,0.76,8.24,981.3,82.3
2012-01-04 18:00:00,Maitri,-0.94,10.43,995.6,55.7
2012-01-04 19:00:00,Maitri,1.41,10.76,984.2,50.7
2012-01-04 20:00:00,Maitri,-4.4,3.98,966.8,62.8
2012-01-04 21:00:00,Maitri,-3.67,7.81,983.7,59.8
2012-01-04 22:00:00,Maitri,-4.31,16.72,975.4,51.0
2012-01-04 23:00:00,Maitri,-8.11,15.91,993.2,64.6
2012-01-05 00:00:00,Maitri,-2.74,7.72,983.5,71.1
2012-01-05 01:00:00,Maitri,-3.03,10.88,968.7,47.0
2012-01-05 02:00:00,Maitri,-3.91,8.09,966.5,93.6
2012-01-05 03:00:00,Maitri,-4.61,13.69,982.7,36.5
2012-01-05 04:00:00,Maitri,-8.21,2.99,956.7,46.1
2012-01-05 05:00:00,Maitri,-4.74,12.73,977.1,61.3
2012-01-05 06:00:00,Maitri,-4.12,20.73,984.5,89.5
2012-01-05 07:00:00,Maitri,-5.16,6.05,971.9,50.1
2012-01-05 08:00:00,Maitri,-2.64,19.17,993.6,43.1
2012-01-05 09:00:00,Maitri,-0.37,11.2,997.0,65.7
2012-01-05 10:00:00,Maitri,4.81,9.04,972.0,54.5
2012-01-05 11:00:00,Maitri,-0.29,7.69,980.4,67.3
2012-01-05 12:00:00,Maitri,0.26,19.55,993.5,57.0
2012-01-05 13:00:00,Maitri,-0.62,8.1,983.8,46.0
2012-01-05 14:00:00,Maitri,-6.47,22.47,965.6,90.9
2012-01-05 15:00:00,Maitri,-0.47,21.04,980.2,18.0
2012-01-05 16:00:00,Maitri,-0.37,7.01,974.1,83.5
2012-01-05 17:00:00,Maitri,7.03,8.48,996.5,71.1
2012-01-05 18:00:00,Maitri,-1.84,2.33,991.6,47.6
2012-01-05 19:00:00,Maitri,-0.69,9.22,980.0,84.2
2012-01-05 20:00:00,Maitri,-2.24,9.93,985.1,38.8
2012-01-05 21:00:00,Maitri,-6.33,17.72,967.3,72.1
2012-01-05 22:00:00,Maitri,0.63,21.67,973.1,28.8
2012-01-05 23:00:00,Maitri,-0.99,14.43,1000.7,42.0
2012-01-06 00:00:00,Maitri,-1.13,16.91,983.1,41.9
2012-01-06 01:00:00,Maitri,-6.75,8.47,994.4,47.5
2012-01-06 02:00:00,Maitri,0.59,4.16,987.0,58.2
2012-01-06 03:00:00,Maitri,-8.33,11.19,998.4,46.4
2012-01-06 04:00:00,Maitri,-1.78,17.55,959.4,29.5
2012-01-06 05:00:00,Maitri,3.64,1.07,982.7,64.5
2012-01-06 06:00:00,Maitri,-6.17,10.21,1002.4,58.7
2012-01-06 07:00:00,Maitri,-4.38,2.6,995.6,63.7
2012-01-06 08:00:00,Maitri,-1.78,5.73,999.4,60.4
2012-01-06 09:00:00,Maitri,-3.25,10.45,983.4,71.4
2012-01-06 10:00:00,Maitri,-6.16,21.87,975.5,56.9
2012-01-06 11:00:00,Maitri,-0.61,9.61,971.7,72.2
2012-01-06 12:00:00,Maitri,-3.94,13.89,970.3,47.1
2012-01-06 13:00:00,Maitri,1.15,11.12,992.6,47.9
2012-01-06 14:00:00,Maitri,-3.24,5.96,990.0,77.3
2012-01-06 15:00:00,Maitri,4.6,12.42,982.4,77.0
2012-01-06 16:00:00,Maitri,-3.05,4.08,990.2,66.0
2012-01-06 17:00:00,Maitri,-1.86,9.52,985.2,45.6
2012-01-06 18:00:00,Maitri,1.4,19.34,993.2,44.4
2012-01-06 19:00:00,Maitri,-5.57,10.63,994.4,76.6
2012-01-06 20:00:00,Maitri,-1.37,11.13,971.1,75.8
2012-01-06 21:00:00,Maitri,1.62,7.71,987.0,57.1
2012-01-06 22:00:00,Maitri,-8.15,3.16,965.3,90.8
2012-01-06 23:00:00,Maitri,-2.78,8.27,985.3,64.4
2012-01-07 00:00:00,Maitri,-2.81,15.45,989.6,42.5
2012-01-07 01:00:00,Maitri,-1.32,11.96,968.1,54.1
2012-01-07 02:00:00,Maitri,-7.84,4.25,979.6,58.1
2012-01-07 03:00:00,Maitri,-8.04,2.49,984.7,59.2
2012-01-07 04:00:00,Maitri,-1.97,5.92,986.8,75.5
2012-01-07 05:00:00,Maitri,-2.4,8.32,980.5,44.6
2012-01-07 06:00:00,Maitri,-2.18,8.69,970.2,39.4
2012-01-07 07:00:00,Maitri,-1.44,8.76,983.1,66.4
2012-01-07 08:00:00,Maitri,-4.26,9.55,964.6,50.9
2012-01-07 09:00:00,Maitri,-0.87,12.19,980.5,91.9
2012-01-07 10:00:00,Maitri,-0.24,7.39,978.8,71.2
2012-01-07 11:00:00,Maitri,-3.09,5.09,982.7,50.6
2012-01-07 12:00:00,Maitri,5.45,13.01,976.6,75.0
2012-01-07 13:00:00,Maitri,1.17,15.66,965.3,68.2
2012-01-07 14:00:00,Maitri,-4.09,6.66,979.8,66.9
2012-01-07 15:00:00,Maitri,1.76,26.69,991.7,56.3
2012-01-07 16:00:00,Maitri,-3.64,21.22,996.3,63.9
2012-01-07 17:00:00,Maitri,1.71,4.47,1012.4,28.6
2012-01-07 18:00:00,Maitri,2.53,2.64,1004.1,76.4
2012-01-07 19:00:00,Maitri,-4.24,8.55,970.0,18.0
2012-01-07 20:00:00,Maitri,1.0,11.17,978.6,51.8
2012-01-07 21:00:00,Maitri,-1.23,26.47,980.8,35.7
2012-01-07 22:00:00,Maitri,-0.35,25.98,980.1,51.0
2012-01-07 23:00:00,Maitri,2.72,13.91,983.7,57.0
2012-01-08 00:00:00,Maitri,-4.41,7.48,1011.6,41.2
2012-01-08 01:00:00,Maitri,-6.21,18.16,969.8,19.2
2012-01-08 02:00:00,Maitri,-6.71,10.25,975.3,60.9
2012-01-08 03:00:00,Maitri,-6.41,3.82,1003.3,87.2
2012-01-08 04:00:00,Maitri,-3.87,3.92,977.3,53.1
2012-01-08 05:00:00,Maitri,-2.24,7.52,988.4,71.4
2012-01-08 06:00:00,Maitri,-2.08,16.48,994.4,79.1
2012-01-08 07:00:00,Maitri,0.12,4.74,989.9,31.4
2012-01-08 08:00:00,Maitri,-2.02,7.51,986.1,51.6
2012-01-08 09:00:00,Maitri,3.06,21.12,992.6,40.1
2012-01-08 10:00:00,Maitri,-2.01,11.95,972.9,46.7
2012-01-08 11:00:00,Maitri,7.92,12.77,977.4,81.8
2012-01-08 12:00:00,Maitri,1.5,16.82,988.6,61.1
2012-01-08 13:00:00,Maitri,-3.07,7.6,960.1,69.0
2012-01-08 14:00:00,Maitri,-3.69,21.92,998.0,57.4
2012-01-08 15:00:00,Maitri,1.22,14.15,986.4,41.1
2012-01-08 16:00:00,Maitri,-1.22,8.87,985.4,67.5
2012-01-08 17:00:00,Maitri,1.5,19.63,963.3,75.5
2012-01-08 18:00:00,Maitri,0.35,13.8,968.1,62.4
2012-01-08 19:00:00,Maitri,-1.83,9.41,979.0,64.8
2012-01-08 20:00:00,Maitri,-4.77,12.99,992.3,40.7
2012-01-08 21:00:00,Maitri,-7.37,5.41,960.3,67.9
2012-01-08 22:00:00,Maitri,-4.39,18.19,991.3,76.8
2012-01-08 23:00:00,Maitri,-0.59,26.22,976.9,63.7
2012-01-09 00:00:00,Maitri,-2.92,3.05,982.0,32.8
2012-01-09 01:00:00,Maitri,-7.77,6.61,986.9,80.9
2012-01-09 02:00:00,Maitri,-3.29,6.26,987.2,44.8
2012-01-09 03:00:00,Maitri,-2.55,14.66,974.6,63.4
2012-01-09 04:00:00,Maitri,-6.43,10.83,990.6,71.3
2012-01-09 05:00:00,Maitri,-2.83,7.27,957.2,73.1
2012-01-09 06:00:00,Maitri,-2.76,7.99,978.6,32.8
2012-01-09 07:00:00,Maitri,-6.17,6.85,985.7,59.6
2012-01-09 08:00:00,Maitri,-0.9,13.63,979.0,58.7
2012-01-09 09:00:00,Maitri,0.22,10.72,962.4,78.1
2012-01-09 10:00:00,Maitri,2.32,7.75,992.6,64.4
2012-01-09 11:00:00,Maitri,2.6,6.93,969.6,78.3
2012-01-09 12:00:00,Maitri,-4.89,19.82,981.3,65.6
2012-01-09 13:00:00,Maitri,-3.31,17.93,984.1,57.0
2012-01-09 14:00:00,Maitri,1.4,13.72,983.2,60.7
2012-01-09 15:00:00,Maitri,1.34,16.86,995.9,79.3
2012-01-09 16:00:00,Maitri,1.16,3.84,983.8,39.8
2012-01-09 17:00:00,Maitri,11.56,4.71,989.2,70.7
2012-01-09 18:00:00,Maitri,0.68,4.36,983.7,49.2
2012-01-09 19:00:00,Maitri,2.05,9.59,990.6,46.2
2012-01-09 20:00:00,Maitri,1.01,17.18,998.4,72.3
2012-01-09 21:00:00,Maitri,-0.43,7.34,985.5,45.6
2012-01-09 22:00:00,Maitri,-3.95,18.52,991.2,63.3
2012-01-09 23:00:00,Maitri,-0.89,6.6,1000.7,51.2
2012-01-10 00:00:00,Maitri,-6.06,8.8,999.3,25.0
2012-01-10 01:00:00,Maitri,-4.53,7.28,979.5,64.7
2012-01-10 02:00:00,Maitri,-5.38,8.39,995.7,59.8
2012-01-10 03:00:00,Maitri,-3.51,8.96,986.5,31.3
2012-01-10 04:00:00,Maitri,3.82,2.58,997.5,48.2
2012-01-10 05:00:00,Maitri,-9.28,11.76,989.8,32.7
2012-01-10 06:00:00,Maitri,-0.74,8.83,986.8,68.2
2012-01-10 07:00:00,Maitri,-7.66,21.89,986.7,77.4
2012-01-10 08:00:00,Maitri,-3.54,13.33,985.9,69.9
2012-01-10 09:00:00,Maitri,1.92,11.46,986.7,71.8
2012-01-10 10:00:00,Maitri,-0.93,21.17,980.0,50.8
2012-01-10 11:00:00,Maitri,-4.21,19.97,979.1,65.7
2012-01-10 12:00:00,Maitri,-2.76,22.44,1001.9,57.9
2012-01-10 13:00:00,Maitri,1.88,6.87,989.5,60.6
2012-01-10 14:00:00,Maitri,-2.57,4.28,977.8,71.4
2012-01-10 15:00:00,Maitri,0.4,2.59,981.4,74.5
2012-01-10 16:00:00,Maitri,-0.33,16.73,994.6,52.5
2012-01-10 17:00:00,Maitri,-2.84,2.27,976.2,38.3
2012-01-10 18:00:00,Maitri,5.73,10.82,966.3,55.4
2012-01-10 19:00:00,Maitri,0.46,3.25,968.3,54.9
2012-01-10 20:00:00,Maitri,-8.51,18.13,962.4,62.0
2012-01-10 21:00:00,Maitri,-1.9,12.72,968.2,69.7
2012-01-10 22:00:00,Maitri,-5.05,18.07,968.7,31.2
2012-01-10 23:00:00,Maitri,-0.58,10.96,999.3,48.6
2012-01-11 00:00:00,Maitri,-6.11,5.08,983.7,44.5
2012-01-11 01:00:00,Maitri,-4.13,7.16,979.7,75.5
2012-01-11 02:00:00,Maitri,-2.2,15.79,966.0,55.1
2012-01-11 03:00:00,Maitri,-0.99,3.04,982.9,50.8
2012-01-11 04:00:00,Maitri,-7.42,6.8,964.0,65.5
2012-01-11 05:00:00,Maitri,-4.36,6.19,979.8,49.7
2012-01-11 06:00:00,Maitri,-4.44,9.04,1007.4,57.8
2012-01-11 07:00:00,Maitri,-4.58,13.59,990.6,83.4
2012-01-11 08:00:00,Maitri,3.63,17.81,979.9,83.0
2012-01-11 09:00:00,Maitri,-0.26,3.66,992.5,52.3
2012-01-11 10:00:00,Maitri,-5.15,5.31,978.2,55.4
2012-01-11 11:00:00,Maitri,2.19,3.98,975.2,49.3
2012-01-11 12:00:00,Maitri,6.33,9.26,1003.2,31.0
2012-01-11 13:00:00,Maitri,3.02,4.33,971.2,72.5
2012-01-11 14:00:00,Maitri,-5.08,11.7,979.2,91.9
2012-01-11 15:00:00,Maitri,-1.83,19.18,985.6,51.8
2012-01-11 16:00:00,Maitri,3.59,2.66,973.8,46.6
2012-01-11 17:00:00,Maitri,-3.01,5.44,991.7,54.2
2012-01-11 18:00:00,Maitri,0.3,22.58,978.1,59.2
2012-01-11 19:00:00,Maitri,0.92,10.64,991.0,42.1
2012-01-11 20:00:00,Maitri,-4.99,6.87,990.7,51.6
2012-01-11 21:00:00,Maitri,-2.68,35.78,976.8,72.2
2012-01-11 22:00:00,Maitri,-13.29,7.97,1003.5,59.8
2012-01-11 23:00:00,Maitri,-6.57,13.28,975.4,75.8
2012-01-12 00:00:00,Maitri,-4.38,5.6,999.7,63.1
2012-01-12 01:00:00,Maitri,-7.74,4.95,997.8,42.8
2012-01-12 02:00:00,Maitri,1.41,13.74,1003.3,49.9
2012-01-12 03:00:00,Maitri,-8.33,23.73,983.4,61.5
2012-01-12 04:00:00,Maitri,-4.98,7.07,974.9,42.3
2012-01-12 05:00:00,Maitri,-2.87,4.7,1008.2,40.5
2012-01-12 06:00:00,Maitri,1.7,16.57,978.7,41.3
2012-01-12 07:00:00,Maitri,-7.07,7.11,974.6,65.2
2012-01-12 08:00:00,Maitri,1.71,11.8,981.0,52.9
2012-01-12 09:00:00,Maitri,-1.51,6.93,972.7,74.6
2012-01-12 10:00:00,Maitri,-4.25,7.69,989.9,45.5
2012-01-12 11:00:00,Maitri,0.74,5.3,977.2,23.6
2012-01-12 12:00:00,Maitri,0.18,13.95,979.6,56.2
2012-01-12 13:00:00,Maitri,-2.19,12.0,994.3,81.1
2012-01-12 14:00:00,Maitri,0.01,11.76,990.4,58.5
2012-01-12 15:00:00,Maitri,-1.51,5.99,984.3,38.8
2012-01-12 16:00:00,Maitri,-0.09,11.39,985.3,35.3
2012-01-12 17:00:00,Maitri,1.38,25.54,981.3,74.8
2012-01-12 18:00:00,Maitri,3.96,4.72,979.3,46.7
2012-01-12 19:00:00,Maitri,-5.51,5.63,984.1,79.6
2012-01-12 20:00:00,Maitri,4.81,5.83,989.8,67.2
2012-01-12 21:00:00,Maitri,-8.72,10.1,982.0,47.2
2012-01-12 22:00:00,Maitri,-3.4,4.48,989.2,74.3
2012-01-12 23:00:00,Maitri,-1.4,12.73,973.5,45.1
2012-01-13 00:00:00,Maitri,-2.66,2.44,977.7,37.7
2012-01-13 01:00:00,Maitri,-5.74,14.93,974.3,45.9
2012-01-13 02:00:00,Maitri,-4.47,11.63,976.8,68.8
2012-01-13 03:00:00,Maitri,-5.32,25.21,996.0,73.9
2012-01-13 04:00:00,Maitri,-5.45,4.88,992.6,52.5
2012-01-13 05:00:00,Maitri,-0.56,16.95,970.1,31.8
2012-01-13 06:00:00,Maitri,-1.76,8.85,988.7,36.2
2012-01-13 07:00:00,Maitri,-4.69,7.8,979.3,43.1
2012-01-13 08:00:00,Maitri,0.87,4.72,976.4,39.9
2012-01-13 09:00:00,Maitri,-0.56,7.0,966.9,61.7
2012-01-13 10:00:00,Maitri,1.5,7.2,995.1,85.1
2012-01-13 11:00:00,Maitri,1.28,3.27,968.8,69.1
2012-01-13 12:00:00,Maitri,-3.1,11.56,982.7,42.2
2012-01-13 13:00:00,Maitri,-2.06,10.68,972.5,48.3
2012-01-13 14:00:00,Maitri,2.19,13.25,991.9,51.0
2012-01-13 15:00:00,Maitri,1.69,6.42,980.2,63.4
2012-01-13 16:00:00,Maitri,-0.51,15.25,981.2,80.0
2012-01-13 17:00:00,Maitri,-0.36,19.76,980.9,51.5
2012-01-13 18:00:00,Maitri,2.98,8.17,987.3,79.5
2012-01-13 19:00:00,Maitri,-3.43,4.95,984.4,87.5
2012-01-13 20:00:00,Maitri,-0.25,9.78,983.0,53.1
2012-01-13 21:00:00,Maitri,-3.12,9.51,977.6,52.7
2012-01-13 22:00:00,Maitri,-3.6,8.44,965.6,53.0
2012-01-13 23:00:00,Maitri,0.24,13.27,970.1,58.9
2012-01-14 00:00:00,Maitri,-0.92,7.56,992.1,53.0
2012-01-14 01:00:00,Maitri,-1.14,4.68,980.8,70.4
2012-01-14 02:00:00,Maitri,0.38,10.33,975.8,36.3
2012-01-14 03:00:00,Maitri,-3.67,13.64,966.8,50.5
2012-01-14 04:00:00,Maitri,-1.38,14.29,963.1,62.6
2012-01-14 05:00:00,Maitri,-4.27,7.25,975.8,70.2
2012-01-14 06:00:00,Maitri,-1.86,11.21,993.5,88.7
2012-01-14 07:00:00,Maitri,-2.88,20.07,975.6,40.0
2012-01-14 08:00:00,Maitri,-1.69,19.97,986.6,48.9
2012-01-14 09:00:00,Maitri,0.37,17.23,975.5,26.3
2012-01-14 10:00:00,Maitri,-3.72,3.12,991.9,42.5
2012-01-14 11:00:00,Maitri,5.97,7.61,979.8,33.2
2012-01-14 12:00:00,Maitri,-3.66,19.24,967.9,50.7
2012-01-14 13:00:00,Maitri,-4.15,3.1,981.4,54.8
2012-01-14 14:00:00,Maitri,3.5,9.05,1004.7,64.6
2012-01-14 15:00:00,Maitri,2.27,6.35,1004.6,53.8
2012-01-14 16:00:00,Maitri,1.55,11.36,988.9,64.6
2012-01-14 17:00:00,Maitri,1.28,1.81,983.2,59.6
2012-01-14 18:00:00,Maitri,-1.14,18.2,985.8,43.5
2012-01-14 19:00:00,Maitri,-4.41,9.32,987.2,34.4
2012-01-14 20:00:00,Maitri,-1.76,4.47,983.9,66.2
2012-01-14 21:00:00,Maitri,-4.63,5.78,989.2,81.1
2012-01-14 22:00:00,Maitri,0.22,11.59,985.7,93.5
2012-01-14 23:00:00,Maitri,-3.74,5.48,980.5,71.1
2012-01-15 00:00:00,Maitri,-6.2,23.3,967.8,78.4
2012-01-15 01:00:00,Maitri,-4.77,8.67,978.4,64.5
2012-01-15 02:00:00,Maitri,-2.48,20.94,991.1,62.2
2012-01-15 03:00:00,Maitri,-5.54,10.34,983.1,59.6
2012-01-15 04:00:00,Maitri,-6.19,13.95,986.4,56.5
2012-01-15 05:00:00,Maitri,-2.49,13.47,979.7,66.5
2012-01-15 06:00:00,Maitri,-2.12,6.87,971.8,50.7
2012-01-15 07:00:00,Maitri,-4.09,14.05,980.1,55.9
2012-01-15 08:00:00,Maitri,-3.51,7.26,972.2,41.5
2012-01-15 09:00:00,Maitri,-0.79,2.88,972.1,64.6
2012-01-15 10:00:00,Maitri,-5.73,8.2,997.6,44.6
2012-01-15 11:00:00,Maitri,-5.23,4.02,979.6,58.5
2012-01-15 12:00:00,Maitri,-2.74,7.1,975.4,65.0
2012-01-15 13:00:00,Maitri,-0.94,9.14,1002.2,66.2
2012-01-15 14:00:00,Maitri,0.79,5.05,993.6,68.8
2012-01-15 15:00:00,Maitri,4.46,12.9,978.8,55.0
2012-01-15 16:00:00,Maitri,2.3,7.21,988.8,64.8
2012-01-15 17:00:00,Maitri,-1.24,3.94,981.7,51.2
2012-01-15 18:00:00,Maitri,-1.16,5.1,976.3,30.4
2012-01-15 19:00:00,Maitri,-4.74,9.96,989.0,65.4
2012-01-15 20:00:00,Maitri,-2.06,7.98,980.1,62.2
2012-01-15 21:00:00,Maitri,-3.39,11.1,984.2,72.2
2012-01-15 22:00:00,Maitri,-1.87,10.01,995.2,57.6
2012-01-15 23:00:00,Maitri,-5.92,4.79,994.8,35.6
2012-01-16 00:00:00,Maitri,-1.9,6.25,977.7,56.7
2012-01-16 01:00:00,Maitri,1.16,15.18,988.3,70.4
2012-01-16 02:00:00,Maitri,-4.15,5.35,971.2,64.7
2012-01-16 03:00:00,Maitri,-2.45,21.22,987.0,55.9
2012-01-16 04:00:00,Maitri,-1.35,3.34,986.2,34.7
2012-01-16 05:00:00,Maitri,-4.56,14.9,987.1,43.6
2012-01-16 06:00:00,Maitri,-2.18,8.75,980.3,64.7
2012-01-16 07:00:00,Maitri,-2.43,4.81,1008.2,34.7
2012-01-16 08:00:00,Maitri,-1.69,9.8,973.2,53.5
2012-01-16 09:00:00,Maitri,-4.01,5.47,995.4,58.5
2012-01-16 10:00:00,Maitri,-1.02,6.52,972.2,74.1
2012-01-16 11:00:00,Maitri,0.87,7.32,989.7,66.6
2012-01-16 12:00:00,Maitri,4.2,14.23,989.5,71.5
2012-01-16 13:00:00,Maitri,2.81,6.19,984.7,62.2
2012-01-16 14:00:00,Maitri,6.69,10.71,977.7,46.2
2012-01-16 15:00:00,Maitri,-2.72,14.55,984.4,49.4
2012-01-16 16:00:00,Maitri,2.35,9.64,986.6,44.9
2012-01-16 17:00:00,Maitri,-0.14,11.69,1003.8,66.3
2012-01-16 18:00:00,Maitri,5.91,9.1,973.6,48.3
2012-01-16 19:00:00,Maitri,-4.12,12.75,976.7,52.5
2012-01-16 20:00:00,Maitri,-4.69,3.86,987.7,58.3
2012-01-16 21:00:00,Maitri,-4.39,20.16,979.0,81.0
2012-01-16 22:00:00,Maitri,-9.7,5.94,983.0,67.2
2012-01-16 23:00:00,Maitri,-4.96,8.8,996.0,47.2
2012-01-17 00:00:00,Maitri,-5.99,2.23,952.2,60.1
2012-01-17 01:00:00,Maitri,-3.26,6.72,977.1,81.1
2012-01-17 02:00:00,Maitri,-2.71,10.97,963.3,66.6
2012-01-17 03:00:00,Maitri,2.26,21.7,968.0,35.6
2012-01-17 04:00:00,Maitri,-0.52,13.08,1010.7,45.2
2012-01-17 05:00:00,Maitri,-5.12,7.06,990.8,44.1
2012-01-17 06:00:00,Maitri,-5.78,3.14,995.5,78.2
2012-01-17 07:00:00,Maitri,-0.9,18.87,981.2,75.6
2012-01-17 08:00:00,Maitri,-6.23,6.85,992.7,49.2
2012-01-17 09:00:00,Maitri,4.32,10.96,963.0,48.9
2012-01-17 10:00:00,Maitri,2.67,7.07,995.9,58.6
2012-01-17 11:00:00,Maitri,-2.23,11.76,973.8,59.0
2012-01-17 12:00:00,Maitri,-5.93,18.39,976.1,44.5
2012-01-17 13:00:00,Maitri,4.07,14.14,988.7,54.5
2012-01-17 14:00:00,Maitri,-0.57,7.89,987.5,37.6
2012-01-17 15:00:00,Maitri,3.69,19.12,983.1,75.8
2012-01-17 16:00:00,Maitri,-5.55,24.38,965.7,33.4
2012-01-17 17:00:00,Maitri,-2.65,16.22,983.7,33.2
2012-01-17 18:00:00,Maitri,-1.09,7.21,995.0,64.1
2012-01-17 19:00:00,Maitri,-1.39,14.92,976.6,40.7
2012-01-17 20:00:00,Maitri,-3.45,16.12,997.7,51.0
2012-01-17 21:00:00,Maitri,-0.48,7.98,973.8,58.9
2012-01-17 22:00:00,Maitri,-6.32,24.38,981.4,67.5
2012-01-17 23:00:00,Maitri,-3.73,17.93,1000.0,54.9
2012-01-18 00:00:00,Maitri,-3.19,8.23,975.9,82.9
2012-01-18 01:00:00,Maitri,-2.1,7.21,996.0,58.0
2012-01-18 02:00:00,Maitri,-1.53,15.91,1005.3,74.7
2012-01-18 03:00:00,Maitri,-7.35,28.06,982.8,61.9
2012-01-18 04:00:00,Maitri,-8.48,4.05,978.3,87.8
2012-01-18 05:00:00,Maitri,0.8,12.09,974.3,72.8
2012-01-18 06:00:00,Maitri,-1.85,14.76,997.8,58.6
2012-01-18 07:00:00,Maitri,-4.87,18.3,996.9,66.8
2012-01-18 08:00:00,Maitri,2.95,14.85,999.4,54.3
2012-01-18 09:00:00,Maitri,-1.18,6.91,983.6,54.2
2012-01-18 10:00:00,Maitri,2.66,3.73,996.4,39.8
2012-01-18 11:00:00,Maitri,-0.52,7.71,983.3,46.7
2012-01-18 12:00:00,Maitri,6.14,14.56,972.7,86.9
2012-01-18 13:00:00,Maitri,5.34,6.44,997.0,41.1
2012-01-18 14:00:00,Maitri,-1.01,19.92,1000.8,48.8
2012-01-18 15:00:00,Maitri,2.84,8.63,972.0,56.7
2012-01-18 16:00:00,Maitri,1.61,6.19,972.1,57.2
2012-01-18 17:00:00,Maitri,3.64,12.88,983.5,63.4
2012-01-18 18:00:00,Maitri,-4.2,8.1,994.8,51.4
2012-01-18 19:00:00,Maitri,0.65,7.08,970.9,64.2
2012-01-18 20:00:00,Maitri,1.38,26.16,983.7,74.0
2012-01-18 21:00:00,Maitri,-8.11,6.42,977.2,75.7
2012-01-18 22:00:00,Maitri,-6.7,7.54,991.9,54.3
2012-01-18 23:00:00,Maitri,-9.81,12.99,973.9,66.6
2012-01-19 00:00:00,Maitri,-4.44,19.75,990.9,42.0
2012-01-19 01:00:00,Maitri,-1.46,12.29,981.3,47.9
2012-01-19 02:00:00,Maitri,0.99,9.94,972.7,41.6
2012-01-19 03:00:00,Maitri,-3.52,27.88,981.6,57.4
2012-01-19 04:00:00,Maitri,1.63,7.32,961.6,46.0
2012-01-19 05:00:00,Maitri,-7.71,7.35,977.5,36.7
2012-01-19 06:00:00,Maitri,-8.37,6.48,987.9,52.6
2012-01-19 07:00:00,Maitri,-2.66,11.84,962.8,33.8
2012-01-19 08:00:00,Maitri,-0.79,5.29,954.6,76.6
2012-01-19 09:00:00,Maitri,-1.66,4.41,957.4,50.2
2012-01-19 10:00:00,Maitri,-7.74,7.53,999.1,71.8
2012-01-19 11:00:00,Maitri,-1.03,3.03,983.7,51.1
2012-01-19 12:00:00,Maitri,-4.64,10.96,977.2,41.3
2012-01-19 13:00:00,Maitri,1.86,11.86,994.1,74.5
2012-01-19 14:00:00,Maitri,0.95,13.06,978.4,59.2
2012-01-19 15:00:00,Maitri,-3.29,15.29,985.8,84.4
2012-01-19 16:00:00,Maitri,-2.11,7.66,984.1,51.5
2012-01-19 17:00:00,Maitri,-4.14,18.48,976.8,51.8
2012-01-19 18:00:00,Maitri,-1.32,17.45,985.8,72.1
2012-01-19 19:00:00,Maitri,1.5,4.8,993.2,72.2
2012-01-19 20:00:00,Maitri,-5.17,9.12,981.5,60.1
2012-01-19 21:00:00,Maitri,-0.87,1.57,979.5,95.0
2012-01-19 22:00:00,Maitri,-4.62,18.62,978.3,54.1
2012-01-19 23:00:00,Maitri,-5.83,15.14,956.3,40.2
2012-01-20 00:00:00,Maitri,-3.93,21.04,985.1,44.0
2012-01-20 01:00:00,Maitri,-7.08,3.32,970.6,54.2
2012-01-20 02:00:00,Maitri,-5.6,12.49,990.4,79.3
2012-01-20 03:00:00,Maitri,-7.6,6.76,982.9,55.4
2012-01-20 04:00:00,Maitri,2.7,2.2,985.9,79.9
2012-01-20 05:00:00,Maitri,-3.19,16.42,990.6,64.1
2012-01-20 06:00:00,Maitri,-5.17,4.11,973.7,73.2
2012-01-20 07:00:00,Maitri,-1.81,11.56,987.5,63.4
2012-01-20 08:00:00,Maitri,-2.39,6.71,987.1,63.3
2012-01-20 09:00:00,Maitri,-2.27,10.41,981.3,68.5
2012-01-20 10:00:00,Maitri,0.83,15.42,972.0,50.1
2012-01-20 11:00:00,Maitri,1.67,10.43,990.3,50.2
2012-01-20 12:00:00,Maitri,-2.17,5.22,992.3,62.9
2012-01-20 13:00:00,Maitri,-2.14,26.52,982.3,85.2
2012-01-20 14:00:00,Maitri,-1.11,7.73,971.5,36.4
2012-01-20 15:00:00,Maitri,-7.66,5.91,978.0,29.6
2012-01-20 16:00:00,Maitri,-5.32,8.95,983.0,54.3
2012-01-20 17:00:00,Maitri,3.62,3.38,992.4,72.4
2012-01-20 18:00:00,Maitri,4.13,6.26,965.9,58.7
2012-01-20 19:00:00,Maitri,-2.36,8.02,977.3,41.6
2012-01-20 20:00:00,Maitri,-0.19,10.93,978.7,59.1
2012-01-20 21:00:00,Maitri,-1.5,9.7,982.6,33.7
2012-01-20 22:00:00,Maitri,6.92,12.51,968.2,66.8
2012-01-20 23:00:00,Maitri,0.28,9.17,981.1,53.7
2012-01-21 00:00:00,Maitri,-4.01,17.34,978.8,56.9
2012-01-21 01:00:00,Maitri,-6.84,13.76,971.0,64.0
2012-01-21 02:00:00,Maitri,-8.99,11.95,981.9,60.9
2012-01-21 03:00:00,Maitri,-3.13,18.95,975.9,50.4
2012-01-21 04:00:00,Maitri,-6.02,18.95,987.9,72.5
2012-01-21 05:00:00,Maitri,-7.87,10.13,973.3,69.2
2012-01-21 06:00:00,Maitri,-5.01,7.5,984.9,33.2
2012-01-21 07:00:00,Maitri,-5.97,10.69,974.1,54.8
2012-01-21 08:00:00,Maitri,3.35,8.7,976.8,42.9
2012-01-21 09:00:00,Maitri,1.24,7.31,987.3,40.2
2012-01-21 10:00:00,Maitri,-1.17,10.44,986.1,65.5
2012-01-21 11:00:00,Maitri,3.96,11.73,978.4,52.1
2012-01-21 12:00:00,Maitri,-0.24,13.38,979.9,56.0
2012-01-21 13:00:00,Maitri,-3.06,20.65,965.2,48.6
2012-01-21 14:00:00,Maitri,4.63,11.05,999.5,63.2
2012-01-21 15:00:00,Maitri,1.42,9.29,991.5,67.5
2012-01-21 16:00:00,Maitri,-3.81,16.19,990.1,88.4
2012-01-21 17:00:00,Maitri,-1.38,5.57,965.8,55.5
2012-01-21 18:00:00,Maitri,-3.95,3.05,977.7,37.7
2012-01-21 19:00:00,Maitri,-6.0,12.39,979.3,50.9
2012-01-21 20:00:00,Maitri,0.92,7.71,961.6,69.9
2012-01-21 21:00:00,Maitri,3.6,8.08,994.0,47.2
2012-01-21 22:00:00,Maitri,-7.42,5.48,1000.9,37.3
2012-01-21 23:00:00,Maitri,-1.52,18.04,1006.0,47.5
2012-01-22 00:00:00,Maitri,-5.7,3.15,972.5,50.5
2012-01-22 01:00:00,Maitri,-5.36,13.11,984.4,42.8
2012-01-22 02:00:00,Maitri,-5.76,9.37,998.8,61.0
2012-01-22 03:00:00,Maitri,-6.56,21.37,978.9,56.9
2012-01-22 04:00:00,Maitri,-3.46,16.23,976.0,69.1
2012-01-22 05:00:00,Maitri,-5.99,4.54,962.9,51.8
2012-01-22 06:00:00,Maitri,-2.1,13.77,996.0,65.8
2012-01-22 07:00:00,Maitri,-2.69,12.18,983.0,51.1
2012-01-22 08:00:00,Maitri,-2.83,8.96,975.3,42.2
2012-01-22 09:00:00,Maitri,-4.5,13.16,986.3,50.4
2012-01-22 10:00:00,Maitri,-3.01,6.25,985.8,35.3
2012-01-22 11:00:00,Maitri,1.63,9.93,985.4,83.0
2012-01-22 12:00:00,Maitri,1.1,9.47,981.1,60.0
2012-01-22 13:00:00,Maitri,-3.45,5.67,1002.8,46.9
2012-01-22 14:00:00,Maitri,0.06,7.72,982.3,52.7
2012-01-22 15:00:00,Maitri,2.08,6.93,1002.6,23.7
2012-01-22 16:00:00,Maitri,-5.84,11.73,989.7,78.1
2012-01-22 17:00:00,Maitri,0.95,18.63,986.2,76.7
2012-01-22 18:00:00,Maitri,-3.28,3.87,983.1,59.5
2012-01-22 19:00:00,Maitri,0.23,11.94,994.4,62.5
2012-01-22 20:00:00,Maitri,-4.5,6.77,985.3,40.3
2012-01-22 21:00:00,Maitri,-8.3,15.67,971.9,41.3
2012-01-22 22:00:00,Maitri,-8.17,11.85,972.1,34.2
2012-01-22 23:00:00,Maitri,-3.18,3.23,989.4,55.7
2012-01-23 00:00:00,Maitri,-2.81,10.45,973.0,72.9
2012-01-23 01:00:00,Maitri,-6.71,8.68,983.0,52.6
2012-01-23 02:00:00,Maitri,-1.84,4.16,996.5,62.9
2012-01-23 03:00:00,Maitri,-9.14,6.83,987.5,71.7
2012-01-23 04:00:00,Maitri,-3.85,10.18,975.2,35.3
2012-01-23 05:00:00,Maitri,-7.23,6.95,1000.2,83.8
2012-01-23 06:00:00,Maitri,-5.07,16.69,988.8,74.2
2012-01-23 07:00:00,Maitri,-2.39,8.63,995.4,65.2
2012-01-23 08:00:00,Maitri,-4.83,6.52,957.9,70.9
2012-01-23 09:00:00,Maitri,-2.84,10.51,987.2,71.6
2012-01-23 10:00:00,Maitri,2.04,11.32,993.0,62.1
2012-01-23 11:00:00,Maitri,-2.65,15.75,1002.2,78.0
2012-01-23 12:00:00,Maitri,2.15,9.7,966.7,51.7
2012-01-23 13:00:00,Maitri,-3.96,11.05,997.2,64.5
2012-01-23 14:00:00,Maitri,1.42,7.71,1002.8,76.5
2012-01-23 15:00:00,Maitri,4.27,21.66,958.6,20.3
2012-01-23 16:00:00,Maitri,-8.43,11.81,988.7,64.1
2012-01-23 17:00:00,Maitri,-3.36,10.31,990.6,68.1
2012-01-23 18:00:00,Maitri,0.67,6.95,980.2,34.1
2012-01-23 19:00:00,Maitri,-2.26,16.89,976.8,61.9
2012-01-23 20:00:00,Maitri,-0.89,2.99,992.2,46.9
2012-01-23 21:00:00,Maitri,-4.48,10.55,976.3,63.6
2012-01-23 22:00:00,Maitri,-2.7,6.3,981.6,56.7
2012-01-23 23:00:00,Maitri,-3.85,14.87,992.1,44.8
2012-01-24 00:00:00,Maitri,0.08,11.38,1003.5,73.5
2012-01-24 01:00:00,Maitri,-3.03,10.4,989.6,52.1
2012-01-24 02:00:00,Maitri,-2.82,4.87,985.8,61.8
2012-01-24 03:00:00,Maitri,-5.16,9.04,977.7,76.4
2012-01-24 04:00:00,Maitri,-5.22,11.65,971.6,45.2
2012-01-24 05:00:00,Maitri,-4.76,15.75,995.4,58.1
2012-01-24 06:00:00,Maitri,-1.74,12.52,981.4,51.1
2012-01-24 07:00:00,Maitri,-3.91,14.87,996.0,54.2
2012-01-24 08:00:00,Maitri,-1.17,3.66,980.7,88.2
2012-01-24 09:00:00,Maitri,5.01,10.26,976.0,64.4
2012-01-24 10:00:00,Maitri,1.59,16.1,987.4,62.4
2012-01-24 11:00:00,Maitri,-1.87,1.79,983.9,65.3
2012-01-24 12:00:00,Maitri,3.3,8.21,969.9,64.0
2012-01-24 13:00:00,Maitri,-1.67,11.71,1004.1,32.4
2012-01-24 14:00:00,Maitri,-6.82,17.32,975.2,90.2
2012-01-24 15:00:00,Maitri,-3.59,10.0,994.2,37.5
2012-01-24 16:00:00,Maitri,-6.53,9.34,993.3,82.3
2012-01-24 17:00:00,Maitri,-1.95,11.12,968.8,66.7
2012-01-24 18:00:00,Maitri,-1.14,11.78,971.7,60.5
2012-01-24 19:00:00,Maitri,3.73,5.44,980.7,53.7
2012-01-24 20:00:00,Maitri,-1.06,6.95,974.0,94.5
2012-01-24 21:00:00,Maitri,-3.27,2.63,1004.5,66.5
2012-01-24 22:00:00,Maitri,-0.35,6.3,981.8,58.2
2012-01-24 23:00:00,Maitri,-10.45,4.64,994.5,50.5
2012-01-25 00:00:00,Maitri,-2.93,5.41,990.1,48.8
2012-01-25 01:00:00,Maitri,-1.4,27.99,983.8,58.7
2012-01-25 02:00:00,Maitri,-8.66,16.75,983.0,45.0
2012-01-25 03:00:00,Maitri,-0.2,4.71,998.5,67.5
2012-01-25 04:00:00,Maitri,-2.6,3.95,974.9,49.0
2012-01-25 05:00:00,Maitri,-4.73,6.54,1003.9,72.1
2012-01-25 06:00:00,Maitri,-1.0,3.85,969.6,71.8
2012-01-25 07:00:00,Maitri,4.68,10.95,992.3,57.2
2012-01-25 08:00:00,Maitri,-1.54,10.84,967.2,66.1
2012-01-25 09:00:00,Maitri,-0.86,5.35,980.6,66.8
2012-01-25 10:00:00,Maitri,-2.69,13.83,984.0,37.5
2012-01-25 11:00:00,Maitri,-3.57,13.83,977.3,82.2
2012-01-25 12:00:00,Maitri,2.09,6.12,982.0,54.4
2012-01-25 13:00:00,Maitri,-3.13,5.24,968.3,67.7
2012-01-25 14:00:00,Maitri,-0.1,7.3,972.5,68.1
2012-01-25 15:00:00,Maitri,-1.91,12.88,988.8,23.1
2012-01-25 16:00:00,Maitri,0.97,26.68,981.3,48.8
2012-01-25 17:00:00,Maitri,0.22,12.71,975.2,69.8
2012-01-25 18:00:00,Maitri,2.1,4.45,999.6,58.9
2012-01-25 19:00:00,Maitri,-3.29,11.29,969.3,67.6
2012-01-25 20:00:00,Maitri,-2.99,10.02,979.3,59.3
2012-01-25 21:00:00,Maitri,-5.72,9.67,977.7,75.2
2012-01-25 22:00:00,Maitri,-4.45,3.93,991.5,59.6
2012-01-25 23:00:00,Maitri,-2.19,11.28,983.9,77.9
2012-01-26 00:00:00,Maitri,-1.29,9.21,982.4,44.3
2012-01-26 01:00:00,Maitri,-6.84,4.32,963.1,56.2
2012-01-26 02:00:00,Maitri,-1.17,22.94,991.5,49.7
2012-01-26 03:00:00,Maitri,0.45,4.02,981.9,63.4
2012-01-26 04:00:00,Maitri,-2.39,12.13,984.5,54.1
2012-01-26 05:00:00,Maitri,2.58,8.55,975.1,54.8
2012-01-26 06:00:00,Maitri,-5.53,7.54,973.5,48.1
2012-01-26 07:00:00,Maitri,-6.6,18.47,999.5,51.5
2012-01-26 08:00:00,Maitri,-7.84,15.61,962.3,57.9
2012-01-26 09:00:00,Maitri,3.1,8.58,971.6,29.7
2012-01-26 10:00:00,Maitri,0.84,5.55,1001.2,25.8
2012-01-26 11:00:00,Maitri,-1.06,7.02,991.3,58.8
2012-01-26 12:00:00,Maitri,0.3,7.87,980.1,19.2
2012-01-26 13:00:00,Maitri,-4.01,15.76,997.0,55.3
2012-01-26 14:00:00,Maitri,7.48,11.61,988.4,52.7
2012-01-26 15:00:00,Maitri,0.0,16.05,985.3,65.6
2012-01-26 16:00:00,Maitri,-0.24,3.83,987.0,48.6
2012-01-26 17:00:00,Maitri,1.44,16.81,987.8,80.0
2012-01-26 18:00:00,Maitri,0.29,19.97,987.8,69.9
2012-01-26 19:00:00,Maitri,-0.97,5.8,1009.4,36.8
2012-01-26 20:00:00,Maitri,-4.68,14.66,980.6,54.0
2012-01-26 21:00:00,Maitri,-1.11,19.06,980.3,79.4
2012-01-26 22:00:00,Maitri,2.97,6.58,969.8,48.2
2012-01-26 23:00:00,Maitri,0.88,4.6,983.7,57.3
2012-01-27 00:00:00,Maitri,1.36,10.69,1004.8,77.7
2012-01-27 01:00:00,Maitri,-5.55,2.55,995.9,50.4
2012-01-27 02:00:00,Maitri,-7.15,16.69,976.2,73.7
2012-01-27 03:00:00,Maitri,-4.32,5.33,984.5,45.3
2012-01-27 04:00:00,Maitri,-3.56,8.06,968.9,18.0
2012-01-27 05:00:00,Maitri,0.05,13.85,971.8,75.2
2012-01-27 06:00:00,Maitri,-8.5,12.83,984.8,64.1
2012-01-27 07:00:00,Maitri,2.25,13.61,977.3,65.1
2012-01-27 08:00:00,Maitri,-2.69,5.78,972.1,42.7
2012-01-27 09:00:00,Maitri,-3.08,11.23,988.9,43.8
2012-01-27 10:00:00,Maitri,-4.52,15.15,981.8,74.1
2012-01-27 11:00:00,Maitri,-6.2,6.45,966.0,61.4
2012-01-27 12:00:00,Maitri,2.01,23.88,957.6,56.4
2012-01-27 13:00:00,Maitri,-0.21,8.27,977.2,61.1
2012-01-27 14:00:00,Maitri,-4.51,2.4,966.4,79.1
2012-01-27 15:00:00,Maitri,-4.59,8.25,962.3,68.1
2012-01-27 16:00:00,Maitri,-1.7,18.92,995.1,51.4
2012-01-27 17:00:00,Maitri,4.43,5.12,983.1,38.4
2012-01-27 18:00:00,Maitri,-2.11,4.85,981.2,66.2
2012-01-27 19:00:00,Maitri,-6.52,11.76,981.1,45.1
2012-01-27 20:00:00,Maitri,-2.97,4.58,971.2,41.4
2012-01-27 21:00:00,Maitri,-3.52,4.45,989.1,76.4
2012-01-27 22:00:00,Maitri,-11.71,5.53,982.7,70.2
2012-01-27 23:00:00,Maitri,-3.63,21.68,973.0,63.4
2012-01-28 00:00:00,Maitri,-4.51,12.5,976.1,40.7
2012-01-28 01:00:00,Maitri,-1.72,9.7,969.4,83.0
2012-01-28 02:00:00,Maitri,1.91,5.76,979.5,72.4
2012-01-28 03:00:00,Maitri,-0.34,15.05,980.0,53.7
2012-01-28 04:00:00,Maitri,-4.63,13.23,978.0,50.8
2012-01-28 05:00:00,Maitri,-7.02,22.55,982.3,59.1
2012-01-28 06:00:00,Maitri,5.12,5.07,983.3,51.3
2012-01-28 07:00:00,Maitri,-2.49,4.66,987.0,89.0
2012-01-28 08:00:00,Maitri,-2.17,2.46,995.5,52.6
2012-01-28 09:00:00,Maitri,-1.82,12.67,989.9,43.0
2012-01-28 10:00:00,Maitri,-0.68,10.8,994.4,80.2
2012-01-28 11:00:00,Maitri,-1.4,7.37,974.1,50.0
2012-01-28 12:00:00,Maitri,-2.49,2.42,978.8,69.0
2012-01-28 13:00:00,Maitri,-2.22,20.16,989.5,67.5
2012-01-28 14:00:00,Maitri,-0.52,10.47,991.2,57.2
2012-01-28 15:00:00,Maitri,-2.21,17.96,974.5,44.4
2012-01-28 16:00:00,Maitri,-2.93,18.92,989.2,57.3
2012-01-28 17:00:00,Maitri,-0.6,12.46,972.3,41.6
2012-01-28 18:00:00,Maitri,-2.13,13.52,988.5,57.7
2012-01-28 19:00:00,Maitri,3.07,6.32,983.7,68.8
2012-01-28 20:00:00,Maitri,-10.69,9.98,967.6,82.0
2012-01-28 21:00:00,Maitri,0.82,16.3,977.6,42.8
2012-01-28 22:00:00,Maitri,0.88,5.54,1009.3,54.5
2012-01-28 23:00:00,Maitri,-10.12,15.66,985.0,50.7
2012-01-29 00:00:00,Maitri,-4.9,15.09,1009.2,61.8
2012-01-29 01:00:00,Maitri,-5.17,14.87,966.2,36.7
2012-01-29 02:00:00,Maitri,-8.55,9.57,992.2,45.0
2012-01-29 03:00:00,Maitri,-6.47,5.81,955.0,34.3
2012-01-29 04:00:00,Maitri,-7.36,23.81,981.4,37.9
2012-01-29 05:00:00,Maitri,2.09,19.47,989.3,48.8
2012-01-29 06:00:00,Maitri,-0.15,9.71,993.2,81.4
2012-01-29 07:00:00,Maitri,1.36,10.81,974.2,62.9
2012-01-29 08:00:00,Maitri,0.07,7.95,995.8,58.9
2012-01-29 09:00:00,Maitri,-5.39,2.59,978.5,76.9
2012-01-29 10:00:00,Maitri,-3.02,8.87,981.8,63.4
2012-01-29 11:00:00,Maitri,0.59,12.52,978.1,64.7
2012-01-29 12:00:00,Maitri,-4.6,6.57,970.9,51.4
2012-01-29 13:00:00,Maitri,1.78,7.7,1001.9,49.1
2012-01-29 14:00:00,Maitri,-1.21,7.66,984.4,39.6
2012-01-29 15:00:00,Maitri,-1.71,10.06,996.0,49.6
2012-01-29 16:00:00,Maitri,1.59,8.15,995.8,54.1
2012-01-29 17:00:00,Maitri,0.45,5.35,973.1,62.8
2012-01-29 18:00:00,Maitri,-2.5,10.04,997.5,57.5
2012-01-29 19:00:00,Maitri,1.93,12.15,989.0,52.9
2012-01-29 20:00:00,Maitri,-5.7,10.58,971.4,45.2
2012-01-29 21:00:00,Maitri,-0.74,2.43,989.8,63.6
2012-01-29 22:00:00,Maitri,-1.25,13.47,971.2,51.0
2012-01-29 23:00:00,Maitri,-4.51,4.34,1002.8,63.0
2012-01-30 00:00:00,Maitri,-2.8,12.04,992.6,31.2
2012-01-30 01:00:00,Maitri,-8.02,12.34,982.3,62.7
2012-01-30 02:00:00,Maitri,-1.12,3.29,999.1,68.5
2012-01-30 03:00:00,Maitri,-4.61,15.36,964.5,66.7
2012-01-30 04:00:00,Maitri,-5.51,23.67,972.8,55.2
2012-01-30 05:00:00,Maitri,-0.2,7.84,980.9,70.8
2012-01-30 06:00:00,Maitri,-5.43,12.04,1008.9,40.2
2012-01-30 07:00:00,Maitri,-7.25,7.03,971.6,56.8
2012-01-30 08:00:00,Maitri,-7.26,4.3,964.7,55.3
2012-01-30 09:00:00,Maitri,0.12,16.19,966.0,72.5
2012-01-30 10:00:00,Maitri,-5.48,12.21,993.6,29.7
2012-01-30 11:00:00,Maitri,4.61,6.06,977.3,43.2
2012-01-30 12:00:00,Maitri,-7.38,4.43,982.5,82.5
2012-01-30 13:00:00,Maitri,4.89,24.39,990.1,24.0
2012-01-30 14:00:00,Maitri,0.19,3.68,982.6,69.4
2012-01-30 15:00:00,Maitri,-0.85,13.19,985.4,48.2
2012-01-30 16:00:00,Maitri,-2.47,10.37,989.6,61.6
2012-01-30 17:00:00,Maitri,0.27,14.46,977.9,77.8
2012-01-30 18:00:00,Maitri,-1.5,20.86,980.0,62.1
2012-01-30 19:00:00,Maitri,1.72,1.15,987.6,78.1
2012-01-30 20:00:00,Maitri,-1.91,4.78,994.3,51.1
2012-01-30 21:00:00,Maitri,-2.27,8.7,974.6,53.0
2012-01-30 22:00:00,Maitri,-4.34,21.78,947.0,69.0
2012-01-30 23:00:00,Maitri,-3.74,7.23,991.7,51.8
2012-01-31 00:00:00,Maitri,-2.89,6.38,994.7,66.4
2012-01-31 01:00:00,Maitri,-9.53,1.74,987.0,74.6
2012-01-31 02:00:00,Maitri,-8.43,5.99,987.2,70.2
2012-01-31 03:00:00,Maitri,-1.68,12.93,976.6,35.9
2012-01-31 04:00:00,Maitri,-3.33,8.73,989.4,53.2
2012-01-31 05:00:00,Maitri,-4.18,5.89,993.9,61.9
2012-01-31 06:00:00,Maitri,-3.16,24.56,982.0,54.6
2012-01-31 07:00:00,Maitri,-1.67,7.82,1012.5,59.1
2012-01-31 08:00:00,Maitri,-4.05,10.06,965.5,62.1
2012-01-31 09:00:00,Maitri,-4.34,5.66,986.0,50.6
2012-01-31 10:00:00,Maitri,-0.79,4.27,970.9,55.3
2012-01-31 11:00:00,Maitri,-4.18,13.93,993.0,41.5
2012-01-31 12:00:00,Maitri,0.55,2.83,966.4,51.3
2012-01-31 13:00:00,Maitri,-6.03,12.3,967.8,36.6
2012-01-31 14:00:00,Maitri,2.77,0.82,977.6,59.6
2012-01-31 15:00:00,Maitri,0.93,11.31,986.4,55.3
2012-01-31 16:00:00,Maitri,0.06,4.57,977.5,45.2
2012-01-31 17:00:00,Maitri,2.1,5.25,977.5,83.0
2012-01-31 18:00:00,Maitri,3.91,7.86,981.7,54.6
2012-01-31 19:00:00,Maitri,1.39,4.04,981.6,62.0
2012-01-31 20:00:00,Maitri,-8.21,2.29,1001.8,49.1
2012-01-31 21:00:00,Maitri,-6.88,8.35,991.6,52.2
2012-01-31 22:00:00,Maitri,-5.22,14.33,979.1,62.5
2012-01-31 23:00:00,Maitri,-3.51,10.69,1007.5,53.3
2012-02-01 00:00:00,Maitri,-2.26,17.29,988.1,58.0
2012-02-01 01:00:00,Maitri,-6.42,2.52,973.5,69.3
2012-02-01 02:00:00,Maitri,-3.56,7.26,986.9,50.7
2012-02-01 03:00:00,Maitri,-6.52,9.53,989.7,39.3
2012-02-01 04:00:00,Maitri,-5.88,5.25,976.3,36.6
2012-02-01 05:00:00,Maitri,-8.13,9.78,971.4,78.1
2012-02-01 06:00:00,Maitri,-6.21,16.76,983.5,71.0
2012-02-01 07:00:00,Maitri,-7.15,12.51,979.0,67.2
2012-02-01 08:00:00,Maitri,-5.48,18.12,999.3,51.9
2012-02-01 09:00:00,Maitri,1.48,11.05,991.9,39.3
2012-02-01 10:00:00,Maitri,-4.5,8.76,976.3,54.0
2012-02-01 11:00:00,Maitri,7.34,20.99,986.7,56.7
2012-02-01 12:00:00,Maitri,0.78,10.02,998.1,42.2
2012-02-01 13:00:00,Maitri,-0.03,23.54,965.4,37.4
2012-02-01 14:00:00,Maitri,-3.31,15.56,970.9,33.8
2012-02-01 15:00:00,Maitri,1.62,6.04,984.0,67.2
2012-02-01 16:00:00,Maitri,-2.64,8.23,984.2,41.1
2012-02-01 17:00:00,Maitri,-0.7,20.89,981.3,62.3
2012-02-01 18:00:00,Maitri,6.73,17.3,978.8,52.4
2012-02-01 19:00:00,Maitri,-2.2,14.21,979.1,66.3
2012-02-01 20:00:00,Maitri,1.32,13.34,987.4,62.7
2012-02-01 21:00:00,Maitri,-5.08,3.77,997.5,54.8
2012-02-01 22:00:00,Maitri,-3.37,4.41,978.8,59.8
2012-02-01 23:00:00,Maitri,2.03,10.73,1011.4,56.5
2012-02-02 00:00:00,Maitri,-5.97,5.32,1006.7,49.4
2012-02-02 01:00:00,Maitri,1.66,7.89,999.1,71.7
2012-02-02 02:00:00,Maitri,-1.94,7.55,991.0,52.1
2012-02-02 03:00:00,Maitri,-5.94,12.95,1006.1,56.8
2012-02-02 04:00:00,Maitri,-1.94,10.98,980.0,38.2
2012-02-02 05:00:00,Maitri,-0.56,16.55,972.9,61.8
2012-02-02 06:00:00,Maitri,-1.31,11.1,977.3,49.5
2012-02-02 07:00:00,Maitri,-7.89,10.61,971.9,51.3
2012-02-02 08:00:00,Maitri,-4.73,9.33,985.0,46.2
2012-02-02 09:00:00,Maitri,-2.73,17.98,985.8,56.3
2012-02-02 10:00:00,Maitri,-1.74,9.39,985.9,29.9
2012-02-02 11:00:00,Maitri,0.86,5.92,984.0,67.6
2012-02-02 12:00:00,Maitri,-0.28,13.71,984.5,57.5
2012-02-02 13:00:00,Maitri,-4.94,8.71,1003.7,51.5
2012-02-02 14:00:00,Maitri,0.61,15.45,989.8,36.3
2012-02-02 15:00:00,Maitri,1.29,19.06,992.7,64.1
2012-02-02 16:00:00,Maitri,0.95,8.24,986.0,49.1
2012-02-02 17:00:00,Maitri,2.33,18.68,963.6,76.3
2012-02-02 18:00:00,Maitri,1.17,15.68,961.8,64.8
2012-02-02 19:00:00,Maitri,-0.47,6.61,1008.0,79.5
2012-02-02 20:00:00,Maitri,-2.63,5.39,978.1,59.9
2012-02-02 21:00:00,Maitri,-8.18,5.1,977.1,73.1
2012-02-02 22:00:00,Maitri,-1.93,4.34,987.2,64.5
2012-02-02 23:00:00,Maitri,-3.01,17.67,988.7,51.7
2012-02-03 00:00:00,Maitri,-3.14,8.32,991.5,60.6
2012-02-03 01:00:00,Maitri,-8.27,22.66,1002.0,46.3
2012-02-03 02:00:00,Maitri,-7.71,6.11,1001.3,87.0
2012-02-03 03:00:00,Maitri,-0.82,6.86,974.6,56.6
2012-02-03 04:00:00,Maitri,-4.13,12.6,994.3,58.4
2012-02-03 05:00:00,Maitri,-1.54,22.01,977.3,63.5
2012-02-03 06:00:00,Maitri,-3.26,6.67,982.4,42.8
2012-02-03 07:00:00,Maitri,-2.82,14.69,970.2,76.5
2012-02-03 08:00:00,Maitri,0.55,9.37,964.1,43.6
2012-02-03 09:00:00,Maitri,-3.63,12.69,982.7,40.5
2012-02-03 10:00:00,Maitri,-1.24,5.59,973.2,55.7
2012-02-03 11:00:00,Maitri,-2.65,13.83,993.6,40.1
2012-02-03 12:00:00,Maitri,-2.28,7.91,980.6,79.9
2012-02-03 13:00:00,Maitri,-1.7,7.06,987.5,54.8
2012-02-03 14:00:00,Maitri,0.06,9.15,999.4,18.0
2012-02-03 15:00:00,Maitri,-2.24,13.14,965.9,60.8
2012-02-03 16:00:00,Maitri,3.13,8.47,975.4,65.7
2012-02-03 17:00:00,Maitri,-4.04,7.1,986.0,52.1
2012-02-03 18:00:00,Maitri,-2.15,8.64,987.3,39.0
2012-02-03 19:00:00,Maitri,-3.39,8.51,996.4,56.6
2012-02-03 20:00:00,Maitri,2.18,12.53,993.1,51.3
2012-02-03 21:00:00,Maitri,-2.29,7.39,985.0,44.3
2012-02-03 22:00:00,Maitri,-0.05,7.28,987.4,43.1
2012-02-03 23:00:00,Maitri,-8.47,5.63,988.0,60.2
2012-02-04 00:00:00,Maitri,-3.2,12.99,966.1,70.6
2012-02-04 01:00:00,Maitri,-1.39,10.14,981.7,64.5
2012-02-04 02:00:00,Maitri,-4.03,17.92,985.2,33.8
2012-02-04 03:00:00,Maitri,-0.83,16.65,987.8,66.6
2012-02-04 04:00:00,Maitri,-5.71,10.73,972.8,68.8
2012-02-04 05:00:00,Maitri,0.74,8.81,969.1,77.5
2012-02-04 06:00:00,Maitri,3.96,9.39,980.9,44.7
2012-02-04 07:00:00,Maitri,-4.12,6.37,1006.7,57.2
2012-02-04 08:00:00,Maitri,-3.92,5.66,974.7,65.9
2012-02-04 09:00:00,Maitri,2.62,5.15,997.7,50.6
2012-02-04 10:00:00,Maitri,3.46,8.37,1002.0,65.7
2012-02-04 11:00:00,Maitri,-2.9,1.31,985.3,57.7
2012-02-04 12:00:00,Maitri,-2.28,21.54,974.0,46.1
2012-02-04 13:00:00,Maitri,-1.66,25.03,987.1,47.3
2012-02-04 14:00:00,Maitri,-5.0,4.79,986.5,75.5
2012-02-04 15:00:00,Maitri,-3.7,24.81,971.4,44.1
2012-02-04 16:00:00,Maitri,-4.15,4.83,976.7,41.6
2012-02-04 17:00:00,Maitri,-3.68,9.42,988.8,62.8
2012-02-04 18:00:00,Maitri,-1.71,11.72,994.0,57.6
2012-02-04 19:00:00,Maitri,-1.28,9.91,979.8,39.6
2012-02-04 20:00:00,Maitri,2.47,6.65,983.2,50.7
2012-02-04 21:00:00,Maitri,-6.16,6.45,991.7,46.6
2012-02-04 22:00:00,Maitri,-0.25,14.78,980.8,49.0
2012-02-04 23:00:00,Maitri,-4.45,18.21,978.8,93.3
2012-02-05 00:00:00,Maitri,-4.26,2.68,975.9,53.8
2012-02-05 01:00:00,Maitri,-2.13,10.85,974.5,45.7
2012-02-05 02:00:00,Maitri,-7.94,13.19,1013.7,86.3
2012-02-05 03:00:00,Maitri,-3.06,10.41,981.2,70.4
2012-02-05 04:00:00,Maitri,-3.57,3.66,1000.1,68.1
2012-02-05 05:00:00,Maitri,-2.24,12.61,1002.5,46.3
2012-02-05 06:00:00,Maitri,-2.52,16.84,980.4,74.7
2012-02-05 07:00:00,Maitri,4.84,5.57,988.4,69.4
2012-02-05 08:00:00,Maitri,-4.59,6.61,985.2,60.1
2012-02-05 09:00:00,Maitri,-3.78,10.52,964.9,34.0
2012-02-05 10:00:00,Maitri,-3.64,8.96,965.8,57.7
2012-02-05 11:00:00,Maitri,-3.05,6.63,984.6,82.2
2012-02-05 12:00:00,Maitri,-3.03,4.26,979.5,61.1
2012-02-05 13:00:00,Maitri,3.0,6.99,1005.7,52.7
2012-02-05 14:00:00,Maitri,3.8,1.93,982.0,54.8
2012-02-05 15:00:00,Maitri,-2.63,13.33,1005.4,55.8
2012-02-05 16:00:00,Maitri,-3.65,5.99,978.6,46.8
2012-02-05 17:00:00,Maitri,0.23,14.55,1004.8,57.4
2012-02-05 18:00:00,Maitri,-3.41,8.16,989.6,78.2
2012-02-05 19:00:00,Maitri,-0.06,10.16,990.0,76.6
2012-02-05 20:00:00,Maitri,-1.9,3.05,978.7,47.4
2012-02-05 21:00:00,Maitri,-7.86,13.89,989.6,75.9
2012-02-05 22:00:00,Maitri,1.51,33.11,999.5,68.7
2012-02-05 23:00:00,Maitri,1.93,7.42,982.2,66.9
2012-02-06 00:00:00,Maitri,-6.12,10.05,979.6,64.0
2012-02-06 01:00:00,Maitri,-5.58,10.81,980.5,45.0
2012-02-06 02:00:00,Maitri,-3.48,3.88,1003.0,52.3
2012-02-06 03:00:00,Maitri,-3.27,4.65,994.1,69.7
2012-02-06 04:00:00,Maitri,-2.05,12.76,999.7,41.1
2012-02-06 05:00:00,Maitri,2.56,5.57,987.8,43.4
2012-02-06 06:00:00,Maitri,-4.07,8.11,984.2,62.3
2012-02-06 07:00:00,Maitri,-5.62,10.18,988.3,46.9
2012-02-06 08:00:00,Maitri,-7.01,13.02,995.4,69.5
2012-02-06 09:00:00,Maitri,-4.47,8.39,980.9,47.4
2012-02-06 10:00:00,Maitri,-1.81,8.52,999.5,61.4
2012-02-06 11:00:00,Maitri,4.42,30.23,984.7,62.6
2012-02-06 12:00:00,Maitri,-2.7,15.88,954.9,51.3
2012-02-06 13:00:00,Maitri,-0.14,7.55,994.0,54.6
2012-02-06 14:00:00,Maitri,-0.85,8.58,969.1,48.5
2012-02-06 15:00:00,Maitri,2.94,23.99,991.3,57.7
2012-02-06 16:00:00,Maitri,7.05,13.05,993.4,44.5
2012-02-06 17:00:00,Maitri,-3.03,17.05,986.2,54.9
2012-02-06 18:00:00,Maitri,-3.27,7.43,990.1,68.5
2012-02-06 19:00:00,Maitri,1.21,6.9,996.6,42.1
2012-02-06 20:00:00,Maitri,-0.42,20.79,976.2,51.2
2012-02-06 21:00:00,Maitri,2.84,8.98,992.8,65.3
2012-02-06 22:00:00,Maitri,-1.63,8.89,997.0,28.9
2012-02-06 23:00:00,Maitri,-5.02,7.13,1004.2,84.0
2012-02-07 00:00:00,Maitri,-2.32,16.67,969.8,72.6
2012-02-07 01:00:00,Maitri,-0.84,10.48,988.1,36.5
2012-02-07 02:00:00,Maitri,-1.83,4.45,973.3,28.5
2012-02-07 03:00:00,Maitri,-2.77,6.63,972.5,58.4
2012-02-07 04:00:00,Maitri,-0.8,18.66,986.3,42.3
2012-02-07 05:00:00,Maitri,-0.19,10.63,984.3,71.5
2012-02-07 06:00:00,Maitri,0.87,16.77,995.7,63.5
2012-02-07 07:00:00,Maitri,-1.04,11.79,979.3,59.7
2012-02-07 08:00:00,Maitri,-3.19,4.87,982.7,50.0
2012-02-07 09:00:00,Maitri,-1.72,12.54,985.6,80.4
2012-02-07 10:00:00,Maitri,2.11,9.11,973.7,68.5
2012-02-07 11:00:00,Maitri,-4.0,6.75,975.7,66.4
2012-02-07 12:00:00,Maitri,0.08,7.12,996.8,74.8
2012-02-07 13:00:00,Maitri,-2.17,16.53,976.2,43.7
2012-02-07 14:00:00,Maitri,-0.76,10.84,997.0,76.0
2012-02-07 15:00:00,Maitri,3.18,10.4,990.4,54.3
2012-02-07 16:00:00,Maitri,-0.48,21.96,963.9,62.7
2012-02-07 17:00:00,Maitri,-1.23,6.05,990.2,55.8
2012-02-07 18:00:00,Maitri,-6.11,8.84,989.7,31.7
2012-02-07 19:00:00,Maitri,0.2,6.38,988.9,71.4
2012-02-07 20:00:00,Maitri,-0.59,12.4,981.5,32.5
2012-02-07 21:00:00,Maitri,3.8,10.51,972.6,44.5
2012-02-07 22:00:00,Maitri,-4.54,7.52,999.4,51.7
2012-02-07 23:00:00,Maitri,-3.23,8.1,982.6,30.6
2012-02-08 00:00:00,Maitri,-3.47,15.61,972.5,42.6
2012-02-08 01:00:00,Maitri,0.6,17.89,987.6,61.4
2012-02-08 02:00:00,Maitri,-4.82,6.61,975.5,53.1
2012-02-08 03:00:00,Maitri,-3.56,33.91,969.0,54.3
2012-02-08 04:00:00,Maitri,-2.32,3.8,980.1,45.2
2012-02-08 05:00:00,Maitri,-3.39,4.74,976.6,58.6
2012-02-08 06:00:00,Maitri,-5.04,7.88,973.3,53.4
2012-02-08 07:00:00,Maitri,-2.56,5.84,993.4,35.0
2012-02-08 08:00:00,Maitri,0.72,5.39,982.9,55.2
2012-02-08 09:00:00,Maitri,-5.53,17.64,996.8,40.6
2012-02-08 10:00:00,Maitri,-1.39,12.66,973.3,70.6
2012-02-08 11:00:00,Maitri,-3.68,9.87,963.7,52.5
2012-02-08 12:00:00,Maitri,2.67,6.77,985.7,93.3
2012-02-08 13:00:00,Maitri,-5.85,4.88,1005.6,71.5
2012-02-08 14:00:00,Maitri,-2.7,4.73,990.4,56.2
2012-02-08 15:00:00,Maitri,0.23,17.6,1019.3,66.1
2012-02-08 16:00:00,Maitri,3.86,17.19,986.2,28.7
2012-02-08 17:00:00,Maitri,-1.65,8.0,986.5,71.5
2012-02-08 18:00:00,Maitri,-3.59,3.59,959.7,46.5
2012-02-08 19:00:00,Maitri,3.77,13.29,987.9,59.3
2012-02-08 20:00:00,Maitri,-7.34,8.02,985.7,47.8
2012-02-08 21:00:00,Maitri,-10.21,15.98,977.9,49.3
2012-02-08 22:00:00,Maitri,-2.2,4.68,982.7,55.5
2012-02-08 23:00:00,Maitri,-5.59,9.83,982.7,59.1
2012-02-09 00:00:00,Maitri,-7.6,4.39,982.3,57.6
2012-02-09 01:00:00,Maitri,-2.24,5.94,1008.1,58.0
2012-02-09 02:00:00,Maitri,-3.79,5.85,979.9,35.2
2012-02-09 03:00:00,Maitri,-6.31,7.92,985.8,90.6
2012-02-09 04:00:00,Maitri,-8.43,18.43,977.6,61.2
2012-02-09 05:00:00,Maitri,-1.25,10.13,992.5,64.1
2012-02-09 06:00:00,Maitri,-1.59,14.52,984.9,53.2
2012-02-09 07:00:00,Maitri,-3.55,9.77,980.3,45.8
2012-02-09 08:00:00,Maitri,3.14,7.27,961.8,60.1
2012-02-09 09:00:00,Maitri,-5.73,2.18,987.5,62.0
2012-02-09 10:00:00,Maitri,-6.75,4.84,980.7,76.2
2012-02-09 11:00:00,Maitri,-3.71,9.33,982.9,87.1
2012-02-09 12:00:00,Maitri,-1.36,10.31,969.9,78.7
2012-02-09 13:00:00,Maitri,-0.25,16.02,999.1,33.3
2012-02-09 14:00:00,Maitri,-1.74,2.95,994.4,51.6
2012-02-09 15:00:00,Maitri,0.09,27.42,997.3,62.7
2012-02-09 16:00:00,Maitri,-5.22,2.16,997.9,52.4
2012-02-09 17:00:00,Maitri,3.12,8.98,990.5,57.4
2012-02-09 18:00:00,Maitri,-2.13,6.47,970.9,28.0
2012-02-09 19:00:00,Maitri,1.27,4.9,1005.5,70.8
2012-02-09 20:00:00,Maitri,-1.67,21.2,971.2,31.7
2012-02-09 21:00:00,Maitri,-1.78,6.64,980.9,36.0
2012-02-09 22:00:00,Maitri,-1.85,2.79,992.7,43.8
2012-02-09 23:00:00,Maitri,-2.61,3.97,993.1,56.6
2012-02-10 00:00:00,Maitri,-2.33,17.12,989.0,35.3
2012-02-10 01:00:00,Maitri,-0.32,4.11,979.8,43.2
2012-02-10 02:00:00,Maitri,-4.0,3.42,977.5,74.1
2012-02-10 03:00:00,Maitri,-2.3,10.43,1012.6,56.4
2012-02-10 04:00:00,Maitri,-4.68,7.89,983.4,64.1
2012-02-10 05:00:00,Maitri,0.5,12.14,981.3,40.7
2012-02-10 06:00:00,Maitri,-5.9,7.29,975.7,57.2
2012-02-10 07:00:00,Maitri,2.46,14.03,985.7,56.1
2012-02-10 08:00:00,Maitri,-2.96,3.71,986.7,46.9
2012-02-10 09:00:00,Maitri,-6.95,3.22,984.3,57.3
2012-02-10 10:00:00,Maitri,-1.52,10.99,987.7,31.5
2012-02-10 11:00:00,Maitri,-3.74,7.89,1004.1,64.1
2012-02-10 12:00:00,Maitri,1.42,7.05,977.1,52.4
2012-02-10 13:00:00,Maitri,-3.18,13.28,983.5,54.4
2012-02-10 14:00:00,Maitri,-2.46,29.62,973.1,69.9
2012-02-10 15:00:00,Maitri,-7.14,3.28,987.9,64.0
2012-02-10 16:00:00,Maitri,-2.72,18.81,975.6,53.5
2012-02-10 17:00:00,Maitri,-9.32,13.61,976.9,42.4
2012-02-10 18:00:00,Maitri,-7.0,6.85,967.2,76.6
2012-02-10 19:00:00,Maitri,0.07,22.09,982.8,39.2
2012-02-10 20:00:00,Maitri,-0.32,3.99,989.3,66.8
2012-02-10 21:00:00,Maitri,-1.94,11.89,1004.6,35.6
2012-02-10 22:00:00,Maitri,-6.83,8.31,989.2,70.9
2012-02-10 23:00:00,Maitri,-4.26,6.85,978.8,72.1
2012-02-11 00:00:00,Maitri,-4.47,4.39,968.7,31.2
2012-02-11 01:00:00,Maitri,-8.34,36.25,965.5,64.3
2012-02-11 02:00:00,Maitri,0.11,6.82,969.1,63.1
2012-02-11 03:00:00,Maitri,-1.83,1.53,1006.4,67.8
2012-02-11 04:00:00,Maitri,-5.16,14.9,986.1,63.1
2012-02-11 05:00:00,Maitri,-4.08,11.3,976.6,44.5
2012-02-11 06:00:00,Maitri,-3.13,7.83,972.8,55.0
2012-02-11 07:00:00,Maitri,-9.9,7.37,974.0,81.3
2012-02-11 08:00:00,Maitri,-3.69,8.88,976.7,42.5
2012-02-11 09:00:00,Maitri,-4.61,14.97,997.9,62.5
2012-02-11 10:00:00,Maitri,-5.2,11.39,982.9,74.1
2012-02-11 11:00:00,Maitri,-2.52,12.49,966.5,44.1
2012-02-11 12:00:00,Maitri,4.41,12.49,1009.7,38.2
2012-02-11 13:00:00,Maitri,0.89,15.36,969.6,40.3
2012-02-11 14:00:00,Maitri,-2.92,17.91,975.5,63.5
2012-02-11 15:00:00,Maitri,0.67,6.02,999.2,40.2
2012-02-11 16:00:00,Maitri,3.14,10.42,988.2,56.1
2012-02-11 17:00:00,Maitri,1.33,17.44,977.0,77.2
2012-02-11 18:00:00,Maitri,-1.81,6.0,969.9,57.3
2012-02-11 19:00:00,Maitri,-4.5,19.68,970.9,47.1
2012-02-11 20:00:00,Maitri,-0.66,5.96,973.7,59.8
2012-02-11 21:00:00,Maitri,-2.1,11.64,983.3,57.0
2012-02-11 22:00:00,Maitri,-0.93,7.91,986.0,64.3
2012-02-11 23:00:00,Maitri,-2.14,7.13,982.2,80.7
2012-02-12 00:00:00,Maitri,-1.16,12.13,982.7,63.6
2012-02-12 01:00:00,Maitri,-6.41,17.99,970.2,86.5
2012-02-12 02:00:00,Maitri,-0.55,7.79,987.2,64.4
2012-02-12 03:00:00,Maitri,-4.07,18.91,996.9,47.3
2012-02-12 04:00:00,Maitri,2.12,5.82,982.3,90.0
2012-02-12 05:00:00,Maitri,-6.44,18.14,980.2,56.3
2012-02-12 06:00:00,Maitri,1.69,9.95,984.5,43.2
2012-02-12 07:00:00,Maitri,-2.8,11.22,996.2,90.5
2012-02-12 08:00:00,Maitri,-5.05,4.3,974.1,47.7
2012-02-12 09:00:00,Maitri,-4.05,6.94,1000.6,47.2
2012-02-12 10:00:00,Maitri,-3.09,9.17,988.5,50.3
2012-02-12 11:00:00,Maitri,-0.33,16.88,982.8,60.3
2012-02-12 12:00:00,Maitri,0.27,8.19,997.7,71.0
2012-02-12 13:00:00,Maitri,-3.06,5.52,970.6,20.9
2012-02-12 14:00:00,Maitri,-1.24,10.69,989.4,71.0
2012-02-12 15:00:00,Maitri,5.63,25.66,986.1,50.2
2012-02-12 16:00:00,Maitri,4.12,11.38,972.5,52.2
2012-02-12 17:00:00,Maitri,-0.29,8.13,989.1,82.0
2012-02-12 18:00:00,Maitri,-1.94,10.74,986.6,61.0
2012-02-12 19:00:00,Maitri,-2.11,5.27,982.2,64.3
2012-02-12 20:00:00,Maitri,-1.0,20.36,991.9,57.3
2012-02-12 21:00:00,Maitri,-6.7,20.16,975.4,68.7
2012-02-12 22:00:00,Maitri,-4.69,5.13,987.3,80.7
2012-02-12 23:00:00,Maitri,-9.58,19.88,980.5,23.3
2012-02-13 00:00:00,Maitri,-3.31,10.81,976.3,73.2
2012-02-13 01:00:00,Maitri,-2.7,13.77,988.7,79.7
2012-02-13 02:00:00,Maitri,-6.38,9.29,981.2,65.0
2012-02-13 03:00:00,Maitri,0.27,9.71,966.6,48.5
2012-02-13 04:00:00,Maitri,-8.51,6.3,963.3,41.9
2012-02-13 05:00:00,Maitri,-8.99,5.18,993.3,91.1
2012-02-13 06:00:00,Maitri,-3.21,5.0,970.2,45.3
2012-02-13 07:00:00,Maitri,-0.15,17.16,985.6,79.2
2012-02-13 08:00:00,Maitri,2.36,10.39,984.1,63.5
2012-02-13 09:00:00,Maitri,-4.03,5.34,980.0,86.6
2012-02-13 10:00:00,Maitri,1.32,9.89,1006.0,53.5
2012-02-13 11:00:00,Maitri,-1.88,2.91,986.6,35.5
2012-02-13 12:00:00,Maitri,-2.03,5.27,992.9,58.0
2012-02-13 13:00:00,Maitri,1.53,18.11,985.6,37.2
2012-02-13 14:00:00,Maitri,0.86,6.73,981.3,95.0
2012-02-13 15:00:00,Maitri,-6.34,16.87,982.2,66.8
2012-02-13 16:00:00,Maitri,3.25,8.84,1000.4,68.9
2012-02-13 17:00:00,Maitri,2.66,13.82,995.4,68.9
2012-02-13 18:00:00,Maitri,-4.13,4.43,1006.8,48.3
2012-02-13 19:00:00,Maitri,-1.3,12.64,985.7,56.2
2012-02-13 20:00:00,Maitri,-1.45,1.77,974.6,59.5
2012-02-13 21:00:00,Maitri,-2.66,7.13,978.9,85.2
2012-02-13 22:00:00,Maitri,-5.69,18.66,968.5,41.8
2012-02-13 23:00:00,Maitri,-6.45,9.52,992.4,47.8
2012-02-14 00:00:00,Maitri,-4.74,5.1,977.5,52.9
2012-02-14 01:00:00,Maitri,-1.09,17.79,947.2,48.6
2012-02-14 02:00:00,Maitri,-3.16,27.4,1009.2,37.6
2012-02-14 03:00:00,Maitri,-6.03,8.0,977.2,20.1
2012-02-14 04:00:00,Maitri,-2.19,3.07,977.9,32.4
2012-02-14 05:00:00,Maitri,-13.49,9.6,1002.8,73.4
2012-02-14 06:00:00,Maitri,-0.33,14.3,969.0,57.9
2012-02-14 07:00:00,Maitri,-9.14,8.27,996.8,69.7
2012-02-14 08:00:00,Maitri,-4.26,1.98,977.9,49.8
2012-02-14 09:00:00,Maitri,-6.22,13.48,967.8,56.6
2012-02-14 10:00:00,Maitri,-6.35,5.84,1003.7,80.6
2012-02-14 11:00:00,Maitri,1.88,7.06,994.6,79.7
2012-02-14 12:00:00,Maitri,-3.04,3.18,995.1,71.2
2012-02-14 13:00:00,Maitri,-0.26,1.41,989.0,60.8
2012-02-14 14:00:00,Maitri,-1.45,4.32,991.2,65.3
2012-02-14 15:00:00,Maitri,0.16,6.67,969.8,63.2
2012-02-14 16:00:00,Maitri,-1.3,6.58,985.3,55.7
2012-02-14 17:00:00,Maitri,-5.94,20.88,971.2,52.3
2012-02-14 18:00:00,Maitri,0.99,4.7,968.3,73.7
2012-02-14 19:00:00,Maitri,-4.22,16.06,987.3,39.9
2012-02-14 20:00:00,Maitri,-8.08,10.18,996.8,78.8
2012-02-14 21:00:00,Maitri,-4.94,22.59,977.2,54.1
2012-02-14 22:00:00,Maitri,0.8,8.92,981.2,39.6
2012-02-14 23:00:00,Maitri,-1.65,2.15,971.6,50.4
2012-02-15 00:00:00,Maitri,-5.85,8.45,983.8,45.8
2012-02-15 01:00:00,Maitri,-6.03,1.48,993.5,49.9
2012-02-15 02:00:00,Maitri,-6.0,4.27,993.5,49.7
2012-02-15 03:00:00,Maitri,1.73,8.53,990.0,49.1
2012-02-15 04:00:00,Maitri,-3.51,8.65,976.6,53.7
2012-02-15 05:00:00,Maitri,-3.07,15.76,975.2,57.1
2012-02-15 06:00:00,Maitri,-0.78,12.04,992.3,68.7
2012-02-15 07:00:00,Maitri,-2.88,21.35,991.1,54.6
2012-02-15 08:00:00,Maitri,-4.0,15.75,980.7,62.6
2012-02-15 09:00:00,Maitri,-3.34,14.65,977.9,58.1
2012-02-15 10:00:00,Maitri,-2.5,26.14,994.5,65.6
2012-02-15 11:00:00,Maitri,-2.02,15.31,978.6,58.7
2012-02-15 12:00:00,Maitri,0.71,19.36,990.7,48.9
2012-02-15 13:00:00,Maitri,-1.27,2.92,983.0,45.1
2012-02-15 14:00:00,Maitri,0.97,7.68,971.8,60.9
2012-02-15 15:00:00,Maitri,-1.7,11.74,1001.8,75.8
2012-02-15 16:00:00,Maitri,-1.37,9.77,984.9,54.8
2012-02-15 17:00:00,Maitri,-8.3,5.71,976.0,48.2
2012-02-15 18:00:00,Maitri,0.66,14.75,966.8,54.4
2012-02-15 19:00:00,Maitri,-1.6,16.78,967.6,50.1
2012-02-15 20:00:00,Maitri,0.02,8.88,979.4,48.7
2012-02-15 21:00:00,Maitri,-12.91,7.93,1005.9,37.8
2012-02-15 22:00:00,Maitri,2.61,6.77,977.3,54.6
2012-02-15 23:00:00,Maitri,-4.9,15.11,999.4,61.3
2012-02-16 00:00:00,Maitri,-1.26,7.83,982.3,42.9
2012-02-16 01:00:00,Maitri,-8.32,9.59,970.0,45.7
2012-02-16 02:00:00,Maitri,-3.09,18.21,976.8,44.7
2012-02-16 03:00:00,Maitri,-8.36,11.09,968.6,38.6
2012-02-16 04:00:00,Maitri,-6.81,9.59,973.7,44.6
2012-02-16 05:00:00,Maitri,1.6,6.42,973.9,55.2
2012-02-16 06:00:00,Maitri,-4.76,9.27,961.7,39.2
2012-02-16 07:00:00,Maitri,-3.02,5.82,1001.5,56.1
2012-02-16 08:00:00,Maitri,-0.47,10.69,985.8,48.2
2012-02-16 09:00:00,Maitri,-1.2,6.94,976.1,45.0
2012-02-16 10:00:00,Maitri,-1.87,7.53,986.4,63.3
2012-02-16 11:00:00,Maitri,-0.81,9.31,974.0,49.0
2012-02-16 12:00:00,Maitri,6.0,22.87,950.9,51.4
2012-02-16 13:00:00,Maitri,-1.7,11.63,1017.3,76.2
2012-02-16 14:00:00,Maitri,-0.81,4.3,986.5,45.1
2012-02-16 15:00:00,Maitri,1.85,7.83,977.1,79.9
2012-02-16 16:00:00,Maitri,1.85,6.52,961.8,53.1
2012-02-16 17:00:00,Maitri,1.82,6.33,966.9,42.1
2012-02-16 18:00:00,Maitri,-0.31,6.48,1003.1,50.2
2012-02-16 19:00:00,Maitri,-6.44,7.97,1001.1,59.0
2012-02-16 20:00:00,Maitri,1.98,5.92,992.8,75.6
2012-02-16 21:00:00,Maitri,-7.38,5.94,971.3,69.2
2012-02-16 22:00:00,Maitri,-3.18,6.53,1001.4,58.9
2012-02-16 23:00:00,Maitri,-6.94,6.33,989.2,75.6
2012-02-17 00:00:00,Maitri,-5.09,5.35,991.7,31.7
2012-02-17 01:00:00,Maitri,-4.01,13.14,988.2,61.5
2012-02-17 02:00:00,Maitri,-4.1,7.32,966.6,62.3
2012-02-17 03:00:00,Maitri,-3.72,8.2,970.0,62.5
2012-02-17 04:00:00,Maitri,0.28,7.81,978.0,35.5
2012-02-17 05:00:00,Maitri,-3.15,6.17,991.5,43.8
2012-02-17 06:00:00,Maitri,-5.01,5.21,968.3,55.7
2012-02-17 07:00:00,Maitri,-0.71,13.88,980.9,73.6
2012-02-17 08:00:00,Maitri,0.48,5.41,982.2,84.8
2012-02-17 09:00:00,Maitri,-6.79,5.59,993.3,48.7
2012-02-17 10:00:00,Maitri,-0.52,16.25,990.3,39.7
2012-02-17 11:00:00,Maitri,0.19,6.6,972.4,69.4
2012-02-17 12:00:00,Maitri,-2.72,9.26,1000.2,94.6
2012-02-17 13:00:00,Maitri,2.81,7.58,970.5,73.5
2012-02-17 14:00:00,Maitri,-2.01,9.05,996.2,47.5
2012-02-17 15:00:00,Maitri,-1.19,20.52,975.6,95.0
2012-02-17 16:00:00,Maitri,-2.32,5.83,986.0,67.6
2012-02-17 17:00:00,Maitri,-2.01,13.16,985.6,46.9
2012-02-17 18:00:00,Maitri,-5.94,13.85,985.2,85.1
2012-02-17 19:00:00,Maitri,-7.47,13.27,990.8,45.8
2012-02-17 20:00:00,Maitri,1.77,20.02,986.5,49.3
2012-02-17 21:00:00,Maitri,-6.5,2.04,993.7,68.2
2012-02-17 22:00:00,Maitri,-7.4,3.58,989.8,57.7
2012-02-17 23:00:00,Maitri,-11.49,5.13,969.7,58.5
2012-02-18 00:00:00,Maitri,-7.01,6.84,987.1,58.5
2012-02-18 01:00:00,Maitri,-9.38,10.79,976.9,73.6
2012-02-18 02:00:00,Maitri,0.05,5.32,971.4,25.5
2012-02-18 03:00:00,Maitri,-1.91,5.29,980.9,62.0
2012-02-18 04:00:00,Maitri,-7.17,9.82,985.6,53.9
2012-02-18 05:00:00,Maitri,2.53,12.31,986.0,47.5
2012-02-18 06:00:00,Maitri,-1.17,9.16,995.8,47.4
2012-02-18 07:00:00,Maitri,-4.91,12.66,998.1,21.1
2012-02-18 08:00:00,Maitri,-11.41,3.09,988.4,46.8
2012-02-18 09:00:00,Maitri,4.39,5.93,990.1,76.1
2012-02-18 10:00:00,Maitri,-6.95,4.98,985.3,69.6
2012-02-18 11:00:00,Maitri,-7.4,6.6,992.8,55.3
2012-02-18 12:00:00,Maitri,1.42,8.87,989.3,38.2
2012-02-18 13:00:00,Maitri,6.14,2.59,984.0,69.5
2012-02-18 14:00:00,Maitri,2.82,6.56,1008.8,76.3
2012-02-18 15:00:00,Maitri,0.14,5.89,977.8,72.5
2012-02-18 16:00:00,Maitri,0.05,3.3,1001.2,44.4
2012-02-18 17:00:00,Maitri,0.6,12.84,967.5,45.9
2012-02-18 18:00:00,Maitri,-0.08,9.13,993.0,81.2
2012-02-18 19:00:00,Maitri,-2.04,6.63,1000.5,41.1
2012-02-18 20:00:00,Maitri,-3.07,22.05,959.8,64.7
2012-02-18 21:00:00,Maitri,-4.07,3.51,986.1,33.1
2012-02-18 22:00:00,Maitri,-6.72,22.73,989.8,53.8
2012-02-18 23:00:00,Maitri,-5.58,7.93,986.7,66.2
2012-02-19 00:00:00,Maitri,-10.47,5.58,988.5,57.6
2012-02-19 01:00:00,Maitri,-5.54,6.74,985.6,65.3
2012-02-19 02:00:00,Maitri,-8.45,7.19,971.3,40.8
2012-02-19 03:00:00,Maitri,-8.76,24.41,1008.6,46.5
2012-02-19 04:00:00,Maitri,-4.47,10.82,977.6,64.7
2012-02-19 05:00:00,Maitri,-0.31,4.46,989.3,67.8
2012-02-19 06:00:00,Maitri,-1.45,13.83,975.5,61.1
2012-02-19 07:00:00,Maitri,-8.98,7.24,957.7,71.3
2012-02-19 08:00:00,Maitri,-6.66,1.11,974.2,34.8
2012-02-19 09:00:00,Maitri,-0.01,13.64,966.3,51.5
2012-02-19 10:00:00,Maitri,-5.73,13.84,995.5,83.5
2012-02-19 11:00:00,Maitri,-2.93,7.49,976.9,76.0
2012-02-19 12:00:00,Maitri,-0.17,6.11,978.2,66.9
2012-02-19 13:00:00,Maitri,-4.85,14.64,970.6,55.8
2012-02-19 14:00:00,Maitri,-1.35,5.91,985.2,72.5
2012-02-19 15:00:00,Maitri,-6.02,16.51,974.3,64.0
2012-02-19 16:00:00,Maitri,-3.85,6.0,995.5,36.8
2012-02-19 17:00:00,Maitri,-1.19,8.49,987.2,71.9
2012-02-19 18:00:00,Maitri,-7.69,11.48,976.7,45.9
2012-02-19 19:00:00,Maitri,-1.61,10.12,993.3,68.6
2012-02-19 20:00:00,Maitri,-3.55,5.68,984.2,35.4
2012-02-19 21:00:00,Maitri,-2.19,11.1,983.6,80.4
2012-02-19 22:00:00,Maitri,-3.67,13.46,966.2,54.2
2012-02-19 23:00:00,Maitri,-0.4,4.61,983.5,42.5
2012-02-20 00:00:00,Maitri,-4.73,11.66,986.9,48.4
2012-02-20 01:00:00,Maitri,-6.69,8.33,999.1,53.3
2012-02-20 02:00:00,Maitri,-4.98,4.82,975.6,57.9
2012-02-20 03:00:00,Maitri,-3.57,10.83,1009.6,76.5
2012-02-20 04:00:00,Maitri,-4.97,14.33,989.3,59.0
2012-02-20 05:00:00,Maitri,-4.72,6.36,966.6,27.6
2012-02-20 06:00:00,Maitri,-6.72,11.15,973.6,40.8
2012-02-20 07:00:00,Maitri,-6.16,7.2,1000.3,95.0
2012-02-20 08:00:00,Maitri,-8.06,12.75,997.4,59.9
2012-02-20 09:00:00,Maitri,2.49,15.84,982.8,71.3
2012-02-20 10:00:00,Maitri,-6.65,10.49,985.2,53.7
2012-02-20 11:00:00,Maitri,-4.52,13.38,969.6,43.9
2012-02-20 12:00:00,Maitri,-4.31,14.73,998.0,51.3
2012-02-20 13:00:00,Maitri,1.03,6.33,972.7,59.8
2012-02-20 14:00:00,Maitri,-2.72,7.12,993.6,51.6
2012-02-20 15:00:00,Maitri,2.16,11.32,998.9,84.9
2012-02-20 16:00:00,Maitri,-4.17,17.83,982.9,49.4
2012-02-20 17:00:00,Maitri,-1.41,4.09,995.5,43.2
2012-02-20 18:00:00,Maitri,-5.35,12.03,1004.4,69.3
2012-02-20 19:00:00,Maitri,3.76,17.0,985.5,71.0
2012-02-20 20:00:00,Maitri,-7.37,8.17,981.8,58.4
2012-02-20 21:00:00,Maitri,-3.05,9.02,982.9,49.6
2012-02-20 22:00:00,Maitri,-2.44,8.89,975.1,31.4
2012-02-20 23:00:00,Maitri,-3.52,8.59,974.9,75.1
2012-02-21 00:00:00,Maitri,-5.81,5.56,989.3,70.2
2012-02-21 01:00:00,Maitri,-5.81,8.37,981.9,51.8
2012-02-21 02:00:00,Maitri,-5.32,5.68,987.9,58.8
2012-02-21 03:00:00,Maitri,-5.87,12.88,965.9,54.8
2012-02-21 04:00:00,Maitri,-2.13,2.79,983.5,80.8
2012-02-21 05:00:00,Maitri,2.14,14.41,994.7,43.5
2012-02-21 06:00:00,Maitri,-6.34,15.66,969.8,49.3
2012-02-21 07:00:00,Maitri,-8.51,10.06,983.7,48.0
2012-02-21 08:00:00,Maitri,-3.94,21.77,960.4,62.3
2012-02-21 09:00:00,Maitri,5.06,11.58,968.3,58.8
2012-02-21 10:00:00,Maitri,-5.33,10.8,992.7,60.8
2012-02-21 11:00:00,Maitri,2.86,2.68,981.0,45.7
2012-02-21 12:00:00,Maitri,3.27,16.22,1003.5,78.8
2012-02-21 13:00:00,Maitri,-3.69,5.16,989.2,51.6
2012-02-21 14:00:00,Maitri,-0.04,4.76,990.4,74.6
2012-02-21 15:00:00,Maitri,3.29,10.3,971.1,95.0
2012-02-21 16:00:00,Maitri,-3.31,5.7,979.7,45.8
2012-02-21 17:00:00,Maitri,-3.04,8.11,975.4,62.8
2012-02-21 18:00:00,Maitri,-4.62,16.92,970.2,56.2
2012-02-21 19:00:00,Maitri,-6.44,20.37,989.6,86.4
2012-02-21 20:00:00,Maitri,-5.74,6.36,994.0,54.1
2012-02-21 21:00:00,Maitri,-8.04,8.31,988.3,61.5
2012-02-21 22:00:00,Maitri,-4.45,28.05,971.3,61.2
2012-02-21 23:00:00,Maitri,-7.39,20.26,985.8,56.6
2012-02-22 00:00:00,Maitri,-4.56,14.9,960.8,68.6
2012-02-22 01:00:00,Maitri,-10.46,5.69,999.4,59.3
2012-02-22 02:00:00,Maitri,-4.49,6.43,969.1,64.7
2012-02-22 03:00:00,Maitri,-2.82,14.81,969.9,61.0
2012-02-22 04:00:00,Maitri,-11.68,2.39,986.0,49.5
2012-02-22 05:00:00,Maitri,-3.82,16.35,984.9,54.2
2012-02-22 06:00:00,Maitri,-0.72,18.65,981.4,65.8
2012-02-22 07:00:00,Maitri,-8.08,7.59,971.1,65.7
2012-02-22 08:00:00,Maitri,1.61,20.55,995.0,75.4
2012-02-22 09:00:00,Maitri,-1.94,11.87,963.8,84.0
2012-02-22 10:00:00,Maitri,-5.1,4.3,967.3,50.7
2012-02-22 11:00:00,Maitri,-2.65,9.76,982.3,59.9
2012-02-22 12:00:00,Maitri,-0.4,6.07,969.6,55.3
2012-02-22 13:00:00,Maitri,-1.76,10.49,997.5,42.5
2012-02-22 14:00:00,Maitri,-0.22,4.09,970.8,65.9
2012-02-22 15:00:00,Maitri,-4.95,21.41,999.7,68.9
2012-02-22 16:00:00,Maitri,-1.64,12.77,995.0,42.9
2012-02-22 17:00:00,Maitri,-7.0,7.09,998.1,52.8
2012-02-22 18:00:00,Maitri,-3.2,10.65,1005.1,51.4
2012-02-22 19:00:00,Maitri,-6.17,9.09,984.6,36.9
2012-02-22 20:00:00,Maitri,-6.1,21.84,970.1,57.5
2012-02-22 21:00:00,Maitri,-0.26,8.98,982.5,42.0
2012-02-22 22:00:00,Maitri,-1.15,10.3,976.9,60.2
2012-02-22 23:00:00,Maitri,-3.07,3.68,976.3,61.8
2012-02-23 00:00:00,Maitri,-8.89,10.44,985.2,63.5
2012-02-23 01:00:00,Maitri,-6.59,11.62,979.7,64.2
2012-02-23 02:00:00,Maitri,-1.75,4.74,975.6,79.4
2012-02-23 03:00:00,Maitri,-5.12,13.77,980.1,46.7
2012-02-23 04:00:00,Maitri,2.03,2.2,991.0,47.4
2012-02-23 05:00:00,Maitri,-3.85,8.27,994.8,67.2
2012-02-23 06:00:00,Maitri,-4.12,3.58,966.0,56.2
2012-02-23 07:00:00,Maitri,-5.29,9.52,980.1,73.8
2012-02-23 08:00:00,Maitri,-3.41,7.31,982.3,65.9
2012-02-23 09:00:00,Maitri,-3.86,12.08,969.6,84.9
2012-02-23 10:00:00,Maitri,-0.67,8.91,982.3,56.7
2012-02-23 11:00:00,Maitri,0.5,11.9,984.9,37.3
2012-02-23 12:00:00,Maitri,-4.79,9.65,989.5,62.8
2012-02-23 13:00:00,Maitri,-6.36,16.8,983.4,57.0
2012-02-23 14:00:00,Maitri,-7.91,15.48,972.5,65.5
2012-02-23 15:00:00,Maitri,-0.47,5.87,1007.3,67.3
2012-02-23 16:00:00,Maitri,-5.81,16.1,992.1,50.5
2012-02-23 17:00:00,Maitri,-9.45,11.56,989.6,43.9
2012-02-23 18:00:00,Maitri,-1.69,17.68,993.9,56.0
2012-02-23 19:00:00,Maitri,4.61,4.85,987.1,24.7
2012-02-23 20:00:00,Maitri,-3.85,4.08,999.2,59.1
2012-02-23 21:00:00,Maitri,-1.62,4.13,985.0,52.3
2012-02-23 22:00:00,Maitri,-4.47,20.51,981.9,70.1
2012-02-23 23:00:00,Maitri,-5.42,17.88,989.6,30.2
2012-02-24 00:00:00,Maitri,-2.54,15.47,1000.8,58.1
2012-02-24 01:00:00,Maitri,-6.59,3.77,1001.8,80.1
2012-02-24 02:00:00,Maitri,-4.87,15.57,989.5,67.5
2012-02-24 03:00:00,Maitri,-4.64,3.94,990.4,71.7
2012-02-24 04:00:00,Maitri,-7.62,1.13,992.8,62.8
2012-02-24 05:00:00,Maitri,-2.02,7.22,995.3,34.7
2012-02-24 06:00:00,Maitri,-5.39,8.4,998.7,60.3
2012-02-24 07:00:00,Maitri,-6.81,19.14,979.4,63.7
2012-02-24 08:00:00,Maitri,-2.21,4.81,999.4,42.9
2012-02-24 09:00:00,Maitri,-6.34,29.24,984.6,56.2
2012-02-24 10:00:00,Maitri,-2.94,10.45,990.9,18.0
2012-02-24 11:00:00,Maitri,-2.68,8.73,999.6,53.3
2012-02-24 12:00:00,Maitri,1.11,8.7,992.3,51.9
2012-02-24 13:00:00,Maitri,-0.67,4.06,994.9,77.6
2012-02-24 14:00:00,Maitri,-2.21,7.6,979.4,49.6
2012-02-24 15:00:00,Maitri,0.43,10.91,1000.6,54.3
2012-02-24 16:00:00,Maitri,2.08,15.75,990.6,56.9
2012-02-24 17:00:00,Maitri,-0.87,7.41,985.3,49.7
2012-02-24 18:00:00,Maitri,-2.99,10.39,996.1,68.1
2012-02-24 19:00:00,Maitri,-7.66,14.42,1012.6,30.1
2012-02-24 20:00:00,Maitri,-7.33,7.28,970.5,73.9
2012-02-24 21:00:00,Maitri,-5.37,16.32,973.3,57.8
2012-02-24 22:00:00,Maitri,-6.78,12.83,1014.0,76.2
2012-02-24 23:00:00,Maitri,-5.8,14.89,987.7,19.5
2012-02-25 00:00:00,Maitri,-5.4,2.54,986.8,23.9
2012-02-25 01:00:00,Maitri,-4.06,7.82,982.5,53.9
2012-02-25 02:00:00,Maitri,-6.05,6.24,998.0,65.1
2012-02-25 03:00:00,Maitri,-4.2,2.11,1014.7,50.2
2012-02-25 04:00:00,Maitri,-5.37,23.62,973.8,66.2
2012-02-25 05:00:00,Maitri,-11.61,15.53,981.6,71.7
2012-02-25 06:00:00,Maitri,-7.93,3.25,980.5,67.3
2012-02-25 07:00:00,Maitri,-4.95,19.52,990.5,59.4
2012-02-25 08:00:00,Maitri,-7.89,9.07,997.7,59.3
2012-02-25 09:00:00,Maitri,-1.63,12.15,1001.8,49.4
2012-02-25 10:00:00,Maitri,1.78,6.35,992.9,57.2
2012-02-25 11:00:00,Maitri,1.15,16.26,1011.5,43.7
2012-02-25 12:00:00,Maitri,-3.14,8.88,977.1,47.0
2012-02-25 13:00:00,Maitri,2.49,12.54,973.5,65.2
2012-02-25 14:00:00,Maitri,-1.74,17.24,999.3,51.5
2012-02-25 15:00:00,Maitri,-3.36,13.5,984.4,47.7
2012-02-25 16:00:00,Maitri,-4.42,7.31,968.1,64.3
2012-02-25 17:00:00,Maitri,-3.72,8.9,980.0,63.3
2012-02-25 18:00:00,Maitri,-4.36,15.16,985.7,55.0
2012-02-25 19:00:00,Maitri,-3.01,0.77,977.5,55.9
2012-02-25 20:00:00,Maitri,-3.51,7.92,972.1,63.8
2012-02-25 21:00:00,Maitri,-4.48,9.39,981.2,71.6
2012-02-25 22:00:00,Maitri,-3.52,11.17,971.1,60.8
2012-02-25 23:00:00,Maitri,-1.48,6.35,991.4,41.3
2012-02-26 00:00:00,Maitri,-2.64,8.8,961.3,54.9
2012-02-26 01:00:00,Maitri,-10.61,10.41,984.5,52.3
2012-02-26 02:00:00,Maitri,-14.09,10.3,989.4,43.3
2012-02-26 03:00:00,Maitri,-2.86,10.09,982.4,65.0
2012-02-26 04:00:00,Maitri,-10.05,7.45,996.5,66.0
2012-02-26 05:00:00,Maitri,-6.11,10.69,967.6,68.2
2012-02-26 06:00:00,Maitri,-8.76,18.88,974.1,44.1
2012-02-26 07:00:00,Maitri,-10.35,8.89,979.9,60.2
2012-02-26 08:00:00,Maitri,-2.38,10.61,991.6,57.9
2012-02-26 09:00:00,Maitri,-1.22,8.79,986.2,62.3
2012-02-26 10:00:00,Maitri,-5.06,18.34,1006.9,59.8
2012-02-26 11:00:00,Maitri,-11.13,7.94,974.5,57.8
2012-02-26 12:00:00,Maitri,-4.3,5.23,968.2,56.1
2012-02-26 13:00:00,Maitri,-1.12,13.78,1003.5,73.5
2012-02-26 14:00:00,Maitri,-7.05,7.7,967.4,45.9
2012-02-26 15:00:00,Maitri,-1.79,13.35,990.9,55.6
2012-02-26 16:00:00,Maitri,-2.61,6.95,972.7,73.1
2012-02-26 17:00:00,Maitri,-0.99,4.48,960.5,46.6
2012-02-26 18:00:00,Maitri,-2.83,9.06,979.3,47.4
2012-02-26 19:00:00,Maitri,-6.76,3.5,994.8,68.3
2012-02-26 20:00:00,Maitri,-0.29,11.03,969.3,38.1
2012-02-26 21:00:00,Maitri,-5.09,14.76,989.4,67.2
2012-02-26 22:00:00,Maitri,-5.1,24.62,990.1,51.1
2012-02-26 23:00:00,Maitri,-8.37,6.76,969.4,63.7
2012-02-27 00:00:00,Maitri,-7.19,5.8,981.5,40.9
2012-02-27 01:00:00,Maitri,-8.78,14.57,1001.0,74.6
2012-02-27 02:00:00,Maitri,-6.57,13.99,990.4,41.0
2012-02-27 03:00:00,Maitri,-0.47,14.51,979.8,68.1
2012-02-27 04:00:00,Maitri,-10.16,24.83,986.1,41.5
2012-02-27 05:00:00,Maitri,-10.65,9.4,975.7,83.3
2012-02-27 06:00:00,Maitri,-0.4,27.63,993.7,57.0
2012-02-27 07:00:00,Maitri,-5.35,7.54,996.7,85.3
2012-02-27 08:00:00,Maitri,-6.35,6.11,985.5,46.5
2012-02-27 09:00:00,Maitri,-0.42,5.75,986.8,51.8
2012-02-27 10:00:00,Maitri,-5.25,5.53,972.7,75.0
2012-02-27 11:00:00,Maitri,2.9,25.49,965.6,38.0
2012-02-27 12:00:00,Maitri,-0.48,17.81,978.0,48.2
2012-02-27 13:00:00,Maitri,-4.04,24.23,980.4,64.9
2012-02-27 14:00:00,Maitri,4.49,2.43,996.9,43.7
2012-02-27 15:00:00,Maitri,-4.41,3.92,995.0,65.3
2012-02-27 16:00:00,Maitri,-0.28,7.72,986.0,60.4
2012-02-27 17:00:00,Maitri,-1.98,7.0,997.6,36.8
2012-02-27 18:00:00,Maitri,0.85,10.64,972.6,71.5
2012-02-27 19:00:00,Maitri,1.25,9.54,996.0,40.3
2012-02-27 20:00:00,Maitri,-4.11,4.73,975.2,68.8
2012-02-27 21:00:00,Maitri,-7.09,6.53,998.3,59.8
2012-02-27 22:00:00,Maitri,-3.64,7.99,983.6,51.6
2012-02-27 23:00:00,Maitri,-7.65,4.25,961.4,42.5
2012-02-28 00:00:00,Maitri,0.57,8.63,992.1,62.6
2012-02-28 01:00:00,Maitri,-5.61,4.45,993.6,45.8
2012-02-28 02:00:00,Maitri,-7.28,8.48,978.5,74.9
2012-02-28 03:00:00,Maitri,-5.46,5.21,979.9,75.4
2012-02-28 04:00:00,Maitri,-10.18,15.53,980.8,81.0
2012-02-28 05:00:00,Maitri,-8.69,11.85,961.1,61.9
2012-02-28 06:00:00,Maitri,-1.37,11.68,956.1,52.3
2012-02-28 07:00:00,Maitri,-6.88,13.86,997.9,53.8
2012-02-28 08:00:00,Maitri,-7.66,12.21,973.7,52.8
2012-02-28 09:00:00,Maitri,-2.13,15.59,1004.0,61.5
2012-02-28 10:00:00,Maitri,0.38,10.12,999.2,64.1
2012-02-28 11:00:00,Maitri,-0.74,13.75,1001.0,75.2
2012-02-28 12:00:00,Maitri,0.43,11.48,975.8,58.3
2012-02-28 13:00:00,Maitri,-4.99,11.43,964.8,38.4
2012-02-28 14:00:00,Maitri,-7.06,3.33,972.0,52.3
2012-02-28 15:00:00,Maitri,2.23,4.8,979.1,79.8
2012-02-28 16:00:00,Maitri,-3.79,10.71,956.1,36.2
2012-02-28 17:00:00,Maitri,-3.84,5.78,978.7,68.3
2012-02-28 18:00:00,Maitri,0.84,8.89,981.3,52.5
2012-02-28 19:00:00,Maitri,-2.07,6.69,969.1,45.6
2012-02-28 20:00:00,Maitri,-2.85,6.85,972.0,63.5
2012-02-28 21:00:00,Maitri,2.15,9.51,981.0,79.9
2012-02-28 22:00:00,Maitri,-7.27,7.86,987.9,62.8
2012-02-28 23:00:00,Maitri,-2.62,19.32,971.9,54.3
2012-02-29 00:00:00,Maitri,-5.79,3.57,987.8,39.9
2012-02-29 01:00:00,Maitri,-5.29,12.76,984.7,56.6
2012-02-29 02:00:00,Maitri,-1.32,14.19,983.4,39.3
2012-02-29 03:00:00,Maitri,-4.53,20.05,974.5,53.7
2012-02-29 04:00:00,Maitri,-4.25,9.64,968.2,57.1
2012-02-29 05:00:00,Maitri,-2.25,13.4,1002.5,25.0
2012-02-29 06:00:00,Maitri,-6.48,19.18,989.4,77.4
2012-02-29 07:00:00,Maitri,-7.56,6.35,995.6,40.7
2012-02-29 08:00:00,Maitri,-7.76,5.22,983.3,55.4
2012-02-29 09:00:00,Maitri,-10.24,9.9,981.6,65.5
2012-02-29 10:00:00,Maitri,3.07,8.1,989.4,76.3
2012-02-29 11:00:00,Maitri,-6.67,13.56,961.9,46.9
2012-02-29 12:00:00,Maitri,-3.56,3.73,971.6,22.9
2012-02-29 13:00:00,Maitri,-3.56,18.49,973.1,73.1
2012-02-29 14:00:00,Maitri,-1.63,10.76,978.2,40.5
2012-02-29 15:00:00,Maitri,-0.06,7.95,973.7,63.0
2012-02-29 16:00:00,Maitri,-0.1,9.29,987.4,63.9
2012-02-29 17:00:00,Maitri,-5.01,16.1,983.5,18.0
2012-02-29 18:00:00,Maitri,-4.05,12.35,999.2,35.4
2012-02-29 19:00:00,Maitri,-3.04,9.18,1012.1,51.5
2012-02-29 20:00:00,Maitri,-5.21,8.22,969.2,21.8
2012-02-29 21:00:00,Maitri,0.26,8.44,985.4,39.3
2012-02-29 22:00:00,Maitri,-3.74,13.24,984.7,59.7
2012-02-29 23:00:00,Maitri,-3.33,7.82,983.7,56.8
2012-03-01 00:00:00,Maitri,-3.95,12.67,970.6,62.2
2012-03-01 01:00:00,Maitri,-2.5,5.33,973.7,64.3
2012-03-01 02:00:00,Maitri,-5.74,5.91,986.9,34.5
2012-03-01 03:00:00,Maitri,-10.4,9.12,972.8,40.0
2012-03-01 04:00:00,Maitri,-4.8,8.18,985.6,68.7
2012-03-01 05:00:00,Maitri,-7.87,6.14,981.3,79.3
2012-03-01 06:00:00,Maitri,-7.11,4.42,986.0,44.5
2012-03-01 07:00:00,Maitri,-3.1,5.59,973.2,61.6
2012-03-01 08:00:00,Maitri,-0.55,21.0,983.7,69.3
2012-03-01 09:00:00,Maitri,-3.98,6.12,974.0,61.3
2012-03-01 10:00:00,Maitri,-2.63,1.88,986.6,54.5
2012-03-01 11:00:00,Maitri,2.2,9.53,999.0,49.0
2012-03-01 12:00:00,Maitri,-2.19,6.12,987.1,85.8
2012-03-01 13:00:00,Maitri,5.55,7.71,987.5,59.3
2012-03-01 14:00:00,Maitri,-0.91,15.02,992.1,63.4
2012-03-01 15:00:00,Maitri,-8.41,8.07,967.6,62.5
2012-03-01 16:00:00,Maitri,-0.55,7.51,1003.6,46.6
2012-03-01 17:00:00,Maitri,-2.02,6.35,971.9,58.7
2012-03-01 18:00:00,Maitri,0.51,7.88,993.9,53.5
2012-03-01 19:00:00,Maitri,-1.9,11.46,991.9,53.2
2012-03-01 20:00:00,Maitri,-4.96,2.65,974.2,62.4
2012-03-01 21:00:00,Maitri,-8.9,3.99,996.0,45.2
2012-03-01 22:00:00,Maitri,-6.08,11.62,989.0,41.1
2012-03-01 23:00:00,Maitri,-8.51,9.44,1005.3,65.0
2012-03-02 00:00:00,Maitri,-8.04,6.56,986.2,50.6
2012-03-02 01:00:00,Maitri,-4.48,12.0,982.0,53.2
2012-03-02 02:00:00,Maitri,-1.08,7.28,978.0,31.0
2012-03-02 03:00:00,Maitri,-5.1,14.89,962.7,71.5
2012-03-02 04:00:00,Maitri,-10.01,6.39,980.4,65.3
2012-03-02 05:00:00,Maitri,-4.47,5.25,981.0,67.9
2012-03-02 06:00:00,Maitri,-1.69,31.39,983.3,63.4
2012-03-02 07:00:00,Maitri,-7.04,13.27,966.6,36.8
2012-03-02 08:00:00,Maitri,-5.05,5.7,981.4,61.2
2012-03-02 09:00:00,Maitri,-4.11,7.32,990.5,49.5
2012-03-02 10:00:00,Maitri,-6.23,6.41,991.8,44.5
2012-03-02 11:00:00,Maitri,-1.27,3.09,963.1,65.0
2012-03-02 12:00:00,Maitri,-3.45,7.59,992.0,81.2
2012-03-02 13:00:00,Maitri,-1.54,10.0,980.7,78.9
2012-03-02 14:00:00,Maitri,-5.66,18.79,980.1,66.7
2012-03-02 15:00:00,Maitri,-4.28,8.64,956.5,57.6
2012-03-02 16:00:00,Maitri,-0.75,6.92,1001.1,55.0
2012-03-02 17:00:00,Maitri,-4.54,20.07,984.0,45.3
2012-03-02 18:00:00,Maitri,1.81,17.75,964.7,54.2
2012-03-02 19:00:00,Maitri,-5.43,9.96,987.8,70.7
2012-03-02 20:00:00,Maitri,-3.9,9.42,987.5,83.5
2012-03-02 21:00:00,Maitri,-2.1,11.39,997.4,46.6
2012-03-02 22:00:00,Maitri,-10.06,6.34,980.5,30.1
2012-03-02 23:00:00,Maitri,-11.53,9.2,983.8,50.6
2012-03-03 00:00:00,Maitri,-11.17,6.19,976.7,70.7
2012-03-03 01:00:00,Maitri,-2.42,18.08,989.2,87.0
2012-03-03 02:00:00,Maitri,-8.29,5.41,975.2,76.3
2012-03-03 03:00:00,Maitri,1.72,10.4,973.2,76.0
2012-03-03 04:00:00,Maitri,-8.09,10.69,982.6,46.1
2012-03-03 05:00:00,Maitri,-5.41,18.89,968.1,46.5
2012-03-03 06:00:00,Maitri,-0.69,6.87,1002.4,39.5
2012-03-03 07:00:00,Maitri,1.23,6.03,1006.3,48.7
2012-03-03 08:00:00,Maitri,1.87,12.87,977.9,70.8
2012-03-03 09:00:00,Maitri,-0.39,11.95,967.3,80.7
2012-03-03 10:00:00,Maitri,-0.55,24.54,985.2,62.8
2012-03-03 11:00:00,Maitri,-1.56,10.06,977.9,54.4
2012-03-03 12:00:00,Maitri,-0.68,17.88,995.8,43.1
2012-03-03 13:00:00,Maitri,-4.75,16.81,973.4,56.4
2012-03-03 14:00:00,Maitri,-5.54,6.01,990.4,60.8
2012-03-03 15:00:00,Maitri,-3.0,3.42,985.8,37.5
2012-03-03 16:00:00,Maitri,-3.71,7.67,976.1,70.9
2012-03-03 17:00:00,Maitri,-4.9,14.58,985.6,52.1
2012-03-03 18:00:00,Maitri,-1.6,19.06,992.2,70.1
2012-03-03 19:00:00,Maitri,-1.2,0.63,985.9,57.8
2012-03-03 20:00:00,Maitri,-4.44,5.39,985.3,62.2
2012-03-03 21:00:00,Maitri,-0.46,11.39,973.3,48.2
2012-03-03 22:00:00,Maitri,-9.28,13.17,996.2,53.2
2012-03-03 23:00:00,Maitri,-6.62,4.89,996.3,67.0
2012-03-04 00:00:00,Maitri,-8.69,6.17,979.4,56.2
2012-03-04 01:00:00,Maitri,-12.55,2.93,983.1,42.5
2012-03-04 02:00:00,Maitri,-6.9,21.36,998.1,59.6
2012-03-04 03:00:00,Maitri,-6.96,10.44,970.4,63.4
2012-03-04 04:00:00,Maitri,-1.55,6.13,991.0,77.2
2012-03-04 05:00:00,Maitri,-4.09,17.23,976.0,74.1
2012-03-04 06:00:00,Maitri,-9.01,10.44,1003.9,57.1
2012-03-04 07:00:00,Maitri,0.63,18.88,982.9,50.3
2012-03-04 08:00:00,Maitri,-0.93,20.33,996.4,54.8
2012-03-04 09:00:00,Maitri,-2.51,4.9,975.5,50.7
2012-03-04 10:00:00,Maitri,-4.66,17.8,968.0,65.1
2012-03-04 11:00:00,Maitri,-6.63,17.44,979.7,72.6
2012-03-04 12:00:00,Maitri,-4.47,12.01,986.2,75.4
2012-03-04 13:00:00,Maitri,0.39,12.55,977.2,52.2
2012-03-04 14:00:00,Maitri,3.0,10.03,992.2,50.8
2012-03-04 15:00:00,Maitri,1.84,4.3,981.9,52.1
2012-03-04 16:00:00,Maitri,-4.84,4.07,960.5,31.0
2012-03-04 17:00:00,Maitri,-7.14,21.84,988.1,41.2
2012-03-04 18:00:00,Maitri,-3.48,10.43,973.3,57.5
2012-03-04 19:00:00,Maitri,-10.03,7.99,979.6,63.3
2012-03-04 20:00:00,Maitri,-3.8,12.98,1000.9,64.9
2012-03-04 21:00:00,Maitri,-5.77,5.98,1004.5,47.1
2012-03-04 22:00:00,Maitri,-7.23,7.13,977.3,51.1
2012-03-04 23:00:00,Maitri,-11.21,9.46,990.2,54.2
2012-03-05 00:00:00,Maitri,-4.86,6.59,977.7,52.7
2012-03-05 01:00:00,Maitri,-8.39,12.28,979.9,67.6
2012-03-05 02:00:00,Maitri,-10.49,8.61,976.7,39.7
2012-03-05 03:00:00,Maitri,-15.87,12.23,963.3,41.9
2012-03-05 04:00:00,Maitri,-6.59,12.88,984.2,53.8
2012-03-05 05:00:00,Maitri,-0.55,16.99,985.8,38.9
2012-03-05 06:00:00,Maitri,-0.53,7.68,976.1,31.4
2012-03-05 07:00:00,Maitri,-6.87,4.82,996.8,37.1
2012-03-05 08:00:00,Maitri,-6.87,30.03,975.5,54.6
2012-03-05 09:00:00,Maitri,-2.98,18.87,974.8,66.8
2012-03-05 10:00:00,Maitri,-7.24,2.76,990.6,67.1
2012-03-05 11:00:00,Maitri,-2.71,32.46,962.4,80.2
2012-03-05 12:00:00,Maitri,-0.93,6.35,994.5,59.4
2012-03-05 13:00:00,Maitri,0.72,8.66,979.1,61.3
2012-03-05 14:00:00,Maitri,-3.46,4.33,995.7,54.5
2012-03-05 15:00:00,Maitri,-3.86,9.93,998.3,55.2
2012-03-05 16:00:00,Maitri,-6.19,6.56,991.4,87.1
2012-03-05 17:00:00,Maitri,-6.32,4.43,975.0,61.7
2012-03-05 18:00:00,Maitri,-4.77,3.76,970.1,62.9
2012-03-05 19:00:00,Maitri,-3.3,5.67,967.7,42.0
2012-03-05 20:00:00,Maitri,-2.02,13.66,995.6,63.7
2012-03-05 21:00:00,Maitri,-7.98,12.34,981.6,67.2
2012-03-05 22:00:00,Maitri,-1.07,5.01,977.4,73.5
2012-03-05 23:00:00,Maitri,-7.08,7.48,982.4,66.8
2012-03-06 00:00:00,Maitri,-6.68,15.5,995.1,56.2
2012-03-06 01:00:00,Maitri,-9.18,7.65,992.8,55.6
2012-03-06 02:00:00,Maitri,-14.61,19.14,987.2,57.0
2012-03-06 03:00:00,Maitri,-3.96,28.13,988.1,59.5
2012-03-06 04:00:00,Maitri,-4.26,5.72,986.2,75.7
2012-03-06 05:00:00,Maitri,-7.23,6.19,987.5,73.0
2012-03-06 06:00:00,Maitri,-5.74,20.74,984.4,68.5
2012-03-06 07:00:00,Maitri,-3.87,7.57,983.9,86.4
2012-03-06 08:00:00,Maitri,-10.06,16.11,991.2,20.8
2012-03-06 09:00:00,Maitri,-6.28,10.4,987.6,51.6
2012-03-06 10:00:00,Maitri,-1.61,8.19,973.6,57.8
2012-03-06 11:00:00,Maitri,-7.8,13.26,989.1,48.6
2012-03-06 12:00:00,Maitri,-2.56,20.89,984.7,45.0
2012-03-06 13:00:00,Maitri,-7.66,17.54,989.4,34.0
2012-03-06 14:00:00,Maitri,-1.76,8.97,982.5,53.6
2012-03-06 15:00:00,Maitri,-3.43,10.57,992.7,70.5
2012-03-06 16:00:00,Maitri,-8.66,16.18,981.9,68.8
2012-03-06 17:00:00,Maitri,-0.05,10.94,991.7,47.5
2012-03-06 18:00:00,Maitri,-6.51,22.59,976.4,61.1
2012-03-06 19:00:00,Maitri,-7.18,1.7,980.3,77.0
2012-03-06 20:00:00,Maitri,-4.41,5.92,991.0,36.7
2012-03-06 21:00:00,Maitri,-1.85,12.65,979.3,55.8
2012-03-06 22:00:00,Maitri,-9.21,7.0,1009.3,62.0
2012-03-06 23:00:00,Maitri,-6.13,21.27,988.3,58.1
2012-03-07 00:00:00,Maitri,-5.35,6.18,984.4,69.9
2012-03-07 01:00:00,Maitri,-4.69,9.93,992.9,37.0
2012-03-07 02:00:00,Maitri,-6.4,5.65,978.6,43.9
2012-03-07 03:00:00,Maitri,-8.08,8.79,994.3,67.5
2012-03-07 04:00:00,Maitri,-9.37,2.64,994.9,34.2
2012-03-07 05:00:00,Maitri,-6.16,3.62,998.9,69.4
2012-03-07 06:00:00,Maitri,-9.5,27.28,975.8,64.3
2012-03-07 07:00:00,Maitri,-14.98,9.43,969.5,68.4
2012-03-07 08:00:00,Maitri,-3.77,7.4,976.9,51.4
2012-03-07 09:00:00,Maitri,-1.81,4.34,981.1,65.1
2012-03-07 10:00:00,Maitri,-11.83,4.86,1003.4,41.6
2012-03-07 11:00:00,Maitri,-7.13,25.52,1006.4,52.2
2012-03-07 12:00:00,Maitri,-1.63,9.79,987.5,58.5
2012-03-07 13:00:00,Maitri,3.15,17.26,982.5,45.4
2012-03-07 14:00:00,Maitri,-3.3,0.73,980.9,61.1
2012-03-07 15:00:00,Maitri,-5.76,6.43,993.5,42.0
2012-03-07 16:00:00,Maitri,-4.19,23.47,1006.6,61.8
2012-03-07 17:00:00,Maitri,0.5,6.74,1004.5,82.4
2012-03-07 18:00:00,Maitri,-6.33,4.66,997.4,40.4
2012-03-07 19:00:00,Maitri,-7.26,12.0,996.1,57.7
2012-03-07 20:00:00,Maitri,-6.71,3.24,994.1,35.3
2012-03-07 21:00:00,Maitri,-8.68,2.69,984.1,46.3
2012-03-07 22:00:00,Maitri,-5.68,21.29,973.3,67.8
2012-03-07 23:00:00,Maitri,-1.24,5.63,983.9,52.0
2012-03-08 00:00:00,Maitri,-5.81,13.36,987.9,68.4
2012-03-08 01:00:00,Maitri,-7.83,26.09,964.4,63.0
2012-03-08 02:00:00,Maitri,-8.02,9.59,981.8,57.1
2012-03-08 03:00:00,Maitri,-12.02,13.1,973.5,43.6
2012-03-08 04:00:00,Maitri,-4.02,2.67,996.3,67.6
2012-03-08 05:00:00,Maitri,-6.8,5.28,977.9,62.3
2012-03-08 06:00:00,Maitri,-6.76,23.27,985.3,36.6
2012-03-08 07:00:00,Maitri,4.47,7.43,975.8,44.5
2012-03-08 08:00:00,Maitri,-4.33,3.7,1002.8,19.2
2012-03-08 09:00:00,Maitri,-7.22,12.7,963.5,38.9
2012-03-08 10:00:00,Maitri,-5.75,19.43,987.6,53.6
2012-03-08 11:00:00,Maitri,-0.33,6.76,969.3,43.2
2012-03-08 12:00:00,Maitri,-3.36,12.72,977.2,46.4
2012-03-08 13:00:00,Maitri,-8.15,15.77,985.0,77.5
2012-03-08 14:00:00,Maitri,-0.54,8.28,986.7,72.4
2012-03-08 15:00:00,Maitri,-5.68,7.52,986.5,48.3
2012-03-08 16:00:00,Maitri,2.27,25.54,982.9,69.1
2012-03-08 17:00:00,Maitri,-0.55,3.93,977.0,75.0
2012-03-08 18:00:00,Maitri,-5.81,10.13,981.6,66.7
2012-03-08 19:00:00,Maitri,-0.72,8.73,984.1,62.2
2012-03-08 20:00:00,Maitri,-5.07,8.69,985.9,73.4
2012-03-08 21:00:00,Maitri,-3.02,15.27,982.0,68.8
2012-03-08 22:00:00,Maitri,-4.63,13.26,991.4,41.0
2012-03-08 23:00:00,Maitri,-9.26,11.15,984.4,55.4
2012-03-09 00:00:00,Maitri,-9.02,2.71,986.9,50.3
2012-03-09 01:00:00,Maitri,-3.84,4.98,979.9,74.1
2012-03-09 02:00:00,Maitri,-8.27,7.92,971.7,49.9
2012-03-09 03:00:00,Maitri,-8.43,9.89,985.3,47.5
2012-03-09 04:00:00,Maitri,-10.01,23.11,995.4,72.4
2012-03-09 05:00:00,Maitri,-5.32,9.73,988.6,61.6
2012-03-09 06:00:00,Maitri,0.3,14.83,973.4,87.6
2012-03-09 07:00:00,Maitri,-9.28,8.94,993.0,45.9
2012-03-09 08:00:00,Maitri,-5.32,14.12,979.0,50.7
2012-03-09 09:00:00,Maitri,-0.41,9.38,991.8,73.7
2012-03-09 10:00:00,Maitri,-4.75,4.41,980.1,40.1
2012-03-09 11:00:00,Maitri,-2.68,13.05,987.1,76.5
2012-03-09 12:00:00,Maitri,-7.24,12.27,977.2,41.1
2012-03-09 13:00:00,Maitri,-2.29,3.31,978.8,66.5
2012-03-09 14:00:00,Maitri,-4.2,8.94,965.6,32.2
2012-03-09 15:00:00,Maitri,-0.51,8.88,989.6,58.6
2012-03-09 16:00:00,Maitri,-0.04,6.26,988.3,38.8
2012-03-09 17:00:00,Maitri,4.16,4.23,989.3,85.0
2012-03-09 18:00:00,Maitri,-2.64,10.72,986.6,43.0
2012-03-09 19:00:00,Maitri,-3.89,21.83,973.0,46.4
2012-03-09 20:00:00,Maitri,-4.78,13.78,994.0,65.5
2012-03-09 21:00:00,Maitri,-6.99,2.98,996.0,49.6
2012-03-09 22:00:00,Maitri,-5.22,20.85,972.8,67.8
2012-03-09 23:00:00,Maitri,-7.62,19.12,988.3,48.0
2012-03-10 00:00:00,Maitri,-6.54,6.52,994.1,47.0
2012-03-10 01:00:00,Maitri,-3.04,3.14,979.1,57.6
2012-03-10 02:00:00,Maitri,-10.54,6.7,980.6,41.0
2012-03-10 03:00:00,Maitri,-3.61,7.02,990.1,63.5
2012-03-10 04:00:00,Maitri,-2.86,3.34,967.1,70.3
2012-03-10 05:00:00,Maitri,-7.17,10.62,970.9,65.7
2012-03-10 06:00:00,Maitri,-13.21,5.43,972.8,67.0
2012-03-10 07:00:00,Maitri,-7.93,3.85,963.8,31.1
2012-03-10 08:00:00,Maitri,-1.37,7.8,996.3,51.5
2012-03-10 09:00:00,Maitri,-5.12,21.47,958.9,54.8
2012-03-10 10:00:00,Maitri,-7.81,15.4,986.6,78.4
2012-03-10 11:00:00,Maitri,-5.86,11.95,992.5,49.9
2012-03-10 12:00:00,Maitri,-1.27,6.55,980.6,25.8
2012-03-10 13:00:00,Maitri,-2.03,3.36,976.8,43.9
2012-03-10 14:00:00,Maitri,-4.48,4.29,987.0,48.7
2012-03-10 15:00:00,Maitri,-4.95,14.86,982.8,27.8
2012-03-10 16:00:00,Maitri,-5.21,5.4,995.7,71.6
2012-03-10 17:00:00,Maitri,-7.19,10.05,953.3,36.0
2012-03-10 18:00:00,Maitri,0.55,12.03,972.6,64.2
2012-03-10 19:00:00,Maitri,-6.08,2.84,991.0,42.7
2012-03-10 20:00:00,Maitri,-1.62,9.21,984.2,79.1
2012-03-10 21:00:00,Maitri,-1.11,11.44,991.9,54.1
2012-03-10 22:00:00,Maitri,-3.22,24.68,984.3,51.3
2012-03-10 23:00:00,Maitri,-8.17,9.94,982.0,65.4
2012-03-11 00:00:00,Maitri,-5.9,14.45,979.4,43.9
2012-03-11 01:00:00,Maitri,-7.45,6.64,1010.7,66.1
2012-03-11 02:00:00,Maitri,-10.33,16.57,1000.2,51.3
2012-03-11 03:00:00,Maitri,-6.34,3.67,990.1,49.7
2012-03-11 04:00:00,Maitri,-10.97,12.28,984.1,56.8
2012-03-11 05:00:00,Maitri,-3.11,10.23,989.7,42.7
2012-03-11 06:00:00,Maitri,-8.02,18.3,991.8,55.3
2012-03-11 07:00:00,Maitri,-5.46,12.06,988.0,62.8
2012-03-11 08:00:00,Maitri,-4.73,8.04,975.2,25.7
2012-03-11 09:00:00,Maitri,-6.0,16.53,1003.0,73.3
2012-03-11 10:00:00,Maitri,-2.86,11.95,986.0,69.4
2012-03-11 11:00:00,Maitri,-5.88,4.65,1007.5,32.0
2012-03-11 12:00:00,Maitri,-1.29,8.38,985.9,29.9
2012-03-11 13:00:00,Maitri,-8.2,4.25,981.5,69.8
2012-03-11 14:00:00,Maitri,-3.43,11.39,999.2,68.7
2012-03-11 15:00:00,Maitri,2.31,12.16,986.6,66.7
2012-03-11 16:00:00,Maitri,-7.28,22.56,983.2,38.0
2012-03-11 17:00:00,Maitri,-6.53,8.27,970.0,83.6
2012-03-11 18:00:00,Maitri,-3.09,7.44,991.5,47.4
2012-03-11 19:00:00,Maitri,-4.59,3.05,978.9,61.4
2012-03-11 20:00:00,Maitri,-4.51,8.26,978.6,61.5
2012-03-11 21:00:00,Maitri,-4.54,7.69,978.2,80.3
2012-03-11 22:00:00,Maitri,-4.5,9.82,988.6,59.8
2012-03-11 23:00:00,Maitri,-3.36,7.55,966.2,63.8
2012-03-12 00:00:00,Maitri,-6.0,7.56,981.4,56.9
2012-03-12 01:00:00,Maitri,-8.27,9.8,994.8,41.2
2012-03-12 02:00:00,Maitri,-5.4,8.66,969.4,25.5
2012-03-12 03:00:00,Maitri,-1.41,7.47,985.9,58.5
2012-03-12 04:00:00,Maitri,-7.74,7.42,976.6,38.2
2012-03-12 05:00:00,Maitri,-10.15,26.42,976.4,62.9
2012-03-12 06:00:00,Maitri,-3.11,7.29,1002.9,60.1
2012-03-12 07:00:00,Maitri,-6.61,7.99,964.8,59.7
2012-03-12 08:00:00,Maitri,-12.71,2.57,993.4,43.3
2012-03-12 09:00:00,Maitri,-2.58,16.6,977.0,72.5
2012-03-12 10:00:00,Maitri,-6.57,1.44,978.7,64.6
2012-03-12 11:00:00,Maitri,-4.77,4.79,971.5,41.5
2012-03-12 12:00:00,Maitri,-3.13,12.8,991.7,87.0
2012-03-12 13:00:00,Maitri,-3.41,2.35,982.4,55.0
2012-03-12 14:00:00,Maitri,-1.68,5.92,980.5,39.3
2012-03-12 15:00:00,Maitri,-5.41,9.03,984.9,47.4
2012-03-12 16:00:00,Maitri,-2.55,8.58,981.8,36.9
2012-03-12 17:00:00,Maitri,-5.31,5.8,961.1,77.0
2012-03-12 18:00:00,Maitri,-2.49,14.49,977.2,73.1
2012-03-12 19:00:00,Maitri,-3.32,15.01,993.0,68.4
2012-03-12 20:00:00,Maitri,-8.75,13.02,965.7,65.7
2012-03-12 21:00:00,Maitri,-2.75,6.77,971.5,75.5
2012-03-12 22:00:00,Maitri,-8.37,10.12,978.6,54.6
2012-03-12 23:00:00,Maitri,-4.44,6.26,975.7,63.9
2012-03-13 00:00:00,Maitri,-6.26,31.38,980.0,46.6
2012-03-13 01:00:00,Maitri,-1.73,11.16,970.8,55.9
2012-03-13 02:00:00,Maitri,-8.39,6.8,979.5,64.3
2012-03-13 03:00:00,Maitri,-8.73,28.13,980.2,18.0
2012-03-13 04:00:00,Maitri,-7.5,7.35,991.4,49.3
2012-03-13 05:00:00,Maitri,-8.12,10.91,997.7,60.3
2012-03-13 06:00:00,Maitri,-4.22,14.63,979.8,56.9
2012-03-13 07:00:00,Maitri,-11.51,6.43,1005.7,51.7
2012-03-13 08:00:00,Maitri,-9.25,6.13,982.0,66.2
2012-03-13 09:00:00,Maitri,-8.83,16.17,992.1,48.1
2012-03-13 10:00:00,Maitri,-1.94,14.62,1005.0,40.9
2012-03-13 11:00:00,Maitri,0.87,14.59,984.4,74.6
2012-03-13 12:00:00,Maitri,-4.65,12.21,967.4,72.6
2012-03-13 13:00:00,Maitri,-4.68,26.27,982.1,49.6
2012-03-13 14:00:00,Maitri,-3.85,9.59,976.5,57.0
2012-03-13 15:00:00,Maitri,-0.42,5.37,981.0,69.8
2012-03-13 16:00:00,Maitri,-7.29,4.01,1007.2,58.6
2012-03-13 17:00:00,Maitri,-3.84,7.22,969.9,65.4
2012-03-13 18:00:00,Maitri,-1.86,0.55,988.4,64.7
2012-03-13 19:00:00,Maitri,-3.81,19.7,972.0,53.5
2012-03-13 20:00:00,Maitri,-5.27,11.79,979.7,65.2
2012-03-13 21:00:00,Maitri,-3.14,5.34,992.8,44.5
2012-03-13 22:00:00,Maitri,-15.43,16.85,986.1,63.5
2012-03-13 23:00:00,Maitri,-4.98,4.01,981.8,57.0
2012-03-14 00:00:00,Maitri,-9.65,4.74,976.8,52.9
2012-03-14 01:00:00,Maitri,-13.6,9.79,987.2,40.5
2012-03-14 02:00:00,Maitri,-6.16,21.23,1001.5,59.8
2012-03-14 03:00:00,Maitri,-3.34,11.71,972.9,58.5
2012-03-14 04:00:00,Maitri,-8.0,0.84,1006.9,46.2
2012-03-14 05:00:00,Maitri,-4.22,4.83,998.1,35.6
2012-03-14 06:00:00,Maitri,-1.74,5.42,999.9,35.0
2012-03-14 07:00:00,Maitri,-2.26,10.55,987.0,54.4
2012-03-14 08:00:00,Maitri,-0.75,3.37,998.0,62.3
2012-03-14 09:00:00,Maitri,-3.16,3.61,972.9,83.9
2012-03-14 10:00:00,Maitri,-4.86,7.8,976.1,57.4
2012-03-14 11:00:00,Maitri,-9.85,13.51,991.8,35.2
2012-03-14 12:00:00,Maitri,-5.23,14.09,986.3,55.1
2012-03-14 13:00:00,Maitri,-6.96,9.78,981.8,75.5
2012-03-14 14:00:00,Maitri,2.75,15.39,953.9,48.4
2012-03-14 15:00:00,Maitri,-4.82,32.76,975.1,73.7
2012-03-14 16:00:00,Maitri,-4.05,22.94,968.1,60.5
2012-03-14 17:00:00,Maitri,-2.96,6.65,989.7,67.1
2012-03-14 18:00:00,Maitri,-4.96,3.25,982.3,84.0
2012-03-14 19:00:00,Maitri,-0.11,7.2,976.7,32.3
2012-03-14 20:00:00,Maitri,-7.99,4.9,1014.7,70.6
2012-03-14 21:00:00,Maitri,-5.84,12.16,995.1,56.7
2012-03-14 22:00:00,Maitri,-9.28,4.08,996.5,44.7
2012-03-14 23:00:00,Maitri,-11.5,8.77,1009.0,56.6
2012-03-15 00:00:00,Maitri,-9.64,4.9,993.5,81.7
2012-03-15 01:00:00,Maitri,-7.98,7.58,975.0,76.7
2012-03-15 02:00:00,Maitri,-9.3,9.1,973.4,30.0
2012-03-15 03:00:00,Maitri,-10.08,13.28,994.1,47.2
2012-03-15 04:00:00,Maitri,-12.18,9.13,959.9,71.2
2012-03-15 05:00:00,Maitri,-7.66,6.26,983.2,57.7
2012-03-15 06:00:00,Maitri,-11.84,14.6,957.8,57.7
2012-03-15 07:00:00,Maitri,-4.16,9.44,984.7,36.0
2012-03-15 08:00:00,Maitri,-5.86,6.66,993.8,47.6
2012-03-15 09:00:00,Maitri,-10.32,13.48,986.2,39.0
2012-03-15 10:00:00,Maitri,-6.21,10.6,994.2,34.9
2012-03-15 11:00:00,Maitri,-7.26,12.82,1005.7,40.4
2012-03-15 12:00:00,Maitri,-3.54,17.64,980.7,45.0
2012-03-15 13:00:00,Maitri,-0.1,4.26,1016.6,47.3
2012-03-15 14:00:00,Maitri,-10.32,31.49,982.7,46.2
2012-03-15 15:00:00,Maitri,-4.02,12.02,994.1,72.3
2012-03-15 16:00:00,Maitri,-5.08,4.1,977.4,45.3
2012-03-15 17:00:00,Maitri,-2.7,18.96,1000.8,78.0
2012-03-15 18:00:00,Maitri,-4.54,5.82,996.1,51.2
2012-03-15 19:00:00,Maitri,-8.06,23.17,998.4,64.1
2012-03-15 20:00:00,Maitri,-7.15,4.45,985.0,64.6
2012-03-15 21:00:00,Maitri,-9.14,8.78,969.2,45.4
2012-03-15 22:00:00,Maitri,-3.58,14.77,988.1,53.4
2012-03-15 23:00:00,Maitri,-7.33,13.6,963.4,51.0
2012-03-16 00:00:00,Maitri,-1.73,11.34,979.4,63.2
2012-03-16 01:00:00,Maitri,-8.18,16.44,984.7,56.2
2012-03-16 02:00:00,Maitri,-10.32,6.93,1011.3,47.5
2012-03-16 03:00:00,Maitri,-12.83,16.99,986.1,59.7
2012-03-16 04:00:00,Maitri,-13.58,6.05,985.7,62.8
2012-03-16 05:00:00,Maitri,-12.59,21.74,981.0,83.9
2012-03-16 06:00:00,Maitri,-6.3,6.41,968.6,59.0
2012-03-16 07:00:00,Maitri,-5.09,3.62,985.4,58.1
2012-03-16 08:00:00,Maitri,-11.31,13.74,984.1,64.0
2012-03-16 09:00:00,Maitri,-2.92,10.29,972.3,44.7
2012-03-16 10:00:00,Maitri,-6.9,11.46,969.6,33.8
2012-03-16 11:00:00,Maitri,-4.51,7.54,978.3,53.6
2012-03-16 12:00:00,Maitri,0.47,12.47,983.9,73.0
2012-03-16 13:00:00,Maitri,-1.64,20.63,976.6,75.3
2012-03-16 14:00:00,Maitri,-5.31,11.12,971.2,31.7
2012-03-16 15:00:00,Maitri,-7.36,3.11,987.9,67.3
2012-03-16 16:00:00,Maitri,-11.58,9.27,989.8,27.4
2012-03-16 17:00:00,Maitri,-7.28,12.08,984.6,64.4
2012-03-16 18:00:00,Maitri,-6.03,22.57,975.1,63.6
2012-03-16 19:00:00,Maitri,-8.94,14.13,989.7,33.9
2012-03-16 20:00:00,Maitri,-6.67,5.44,982.0,72.0
2012-03-16 21:00:00,Maitri,-6.47,9.01,970.0,82.4
2012-03-16 22:00:00,Maitri,-7.87,14.62,994.7,57.1
2012-03-16 23:00:00,Maitri,-9.6,12.64,987.2,60.0
2012-03-17 00:00:00,Maitri,-7.4,13.11,981.7,78.7
2012-03-17 01:00:00,Maitri,-6.7,3.67,966.4,42.2
2012-03-17 02:00:00,Maitri,-11.67,13.65,974.4,42.6
2012-03-17 03:00:00,Maitri,-3.6,10.7,1006.6,46.2
2012-03-17 04:00:00,Maitri,-8.25,14.0,965.6,58.5
2012-03-17 05:00:00,Maitri,-7.59,10.29,980.6,58.5
2012-03-17 06:00:00,Maitri,-5.01,8.5,983.5,50.3
2012-03-17 07:00:00,Maitri,-6.1,17.24,986.1,53.8
2012-03-17 08:00:00,Maitri,-3.33,12.24,965.9,50.4
2012-03-17 09:00:00,Maitri,-4.99,4.12,986.4,51.1
2012-03-17 10:00:00,Maitri,-7.44,9.98,964.1,47.2
2012-03-17 11:00:00,Maitri,-3.95,7.58,985.0,47.4
2012-03-17 12:00:00,Maitri,-8.48,6.96,976.5,30.0
2012-03-17 13:00:00,Maitri,-4.29,12.51,973.2,54.9
2012-03-17 14:00:00,Maitri,-4.68,10.34,993.0,30.6
2012-03-17 15:00:00,Maitri,-5.3,12.37,980.4,68.5
2012-03-17 16:00:00,Maitri,-5.23,15.85,988.1,50.2
2012-03-17 17:00:00,Maitri,-11.13,8.89,989.5,56.3
2012-03-17 18:00:00,Maitri,-7.23,15.47,997.3,52.8
2012-03-17 19:00:00,Maitri,-5.61,6.27,970.2,54.6
2012-03-17 20:00:00,Maitri,-5.87,17.77,992.9,75.7
2012-03-17 21:00:00,Maitri,-10.13,6.65,984.2,39.1
2012-03-17 22:00:00,Maitri,-3.23,4.55,980.0,35.3
2012-03-17 23:00:00,Maitri,-10.42,11.61,970.0,59.7
2012-03-18 00:00:00,Maitri,-4.96,9.09,990.6,51.1
2012-03-18 01:00:00,Maitri,-6.88,9.76,972.9,63.0
2012-03-18 02:00:00,Maitri,-10.37,4.16,990.3,68.0
2012-03-18 03:00:00,Maitri,-2.56,4.32,1006.5,42.5
2012-03-18 04:00:00,Maitri,-11.88,7.46,995.2,66.4
2012-03-18 05:00:00,Maitri,-4.84,13.94,998.9,43.7
2012-03-18 06:00:00,Maitri,-4.2,7.67,975.6,59.0
2012-03-18 07:00:00,Maitri,-9.12,4.38,993.1,40.7
2012-03-18 08:00:00,Maitri,-2.05,17.82,969.2,59.9
2012-03-18 09:00:00,Maitri,-6.84,4.27,981.7,57.7
2012-03-18 10:00:00,Maitri,-4.68,9.95,1003.5,42.6
2012-03-18 11:00:00,Maitri,-4.4,13.99,975.9,39.0
2012-03-18 12:00:00,Maitri,-5.38,7.16,996.7,68.5
2012-03-18 13:00:00,Maitri,-2.17,13.97,994.6,51.7
2012-03-18 14:00:00,Maitri,-2.17,21.37,994.2,72.2
2012-03-18 15:00:00,Maitri,-10.36,13.65,968.4,50.4
2012-03-18 16:00:00,Maitri,-0.77,8.91,989.7,76.2
2012-03-18 17:00:00,Maitri,-10.55,9.8,981.7,44.7
2012-03-18 18:00:00,Maitri,-2.3,1.86,997.2,78.6
2012-03-18 19:00:00,Maitri,-2.43,6.56,965.0,60.4
2012-03-18 20:00:00,Maitri,-10.0,1.96,988.9,63.6
2012-03-18 21:00:00,Maitri,-8.29,5.19,986.8,43.9
2012-03-18 22:00:00,Maitri,-10.94,9.34,960.7,68.2
2012-03-18 23:00:00,Maitri,-8.47,11.17,973.1,68.7
2012-03-19 00:00:00,Maitri,-9.18,12.59,962.1,53.5
2012-03-19 01:00:00,Maitri,-5.88,25.19,972.9,28.1
2012-03-19 02:00:00,Maitri,-4.24,3.32,990.8,42.4
2012-03-19 03:00:00,Maitri,-3.91,5.05,986.5,42.4
2012-03-19 04:00:00,Maitri,-9.99,10.91,985.3,64.3
2012-03-19 05:00:00,Maitri,-8.58,14.69,970.8,51.5
2012-03-19 06:00:00,Maitri,-12.92,6.05,997.0,51.8
2012-03-19 07:00:00,Maitri,-9.68,10.36,983.2,50.1
2012-03-19 08:00:00,Maitri,-3.55,11.35,983.7,78.6
2012-03-19 09:00:00,Maitri,-1.0,22.59,992.4,58.6
2012-03-19 10:00:00,Maitri,-9.68,3.67,973.0,60.8
2012-03-19 11:00:00,Maitri,-7.26,12.36,985.8,49.3
2012-03-19 12:00:00,Maitri,-5.16,14.95,987.6,57.6
2012-03-19 13:00:00,Maitri,-4.0,13.11,976.8,44.3
2012-03-19 14:00:00,Maitri,-7.43,18.89,989.7,62.8
2012-03-19 15:00:00,Maitri,-3.54,4.4,989.8,41.9
2012-03-19 16:00:00,Maitri,-6.59,1.63,983.6,68.4
2012-03-19 17:00:00,Maitri,-5.41,18.28,980.7,47.7
2012-03-19 18:00:00,Maitri,-3.99,7.37,989.9,71.3
2012-03-19 19:00:00,Maitri,-6.15,8.93,992.7,84.7
2012-03-19 20:00:00,Maitri,-8.03,9.63,984.3,58.0
2012-03-19 21:00:00,Maitri,-7.45,10.08,996.4,76.4
2012-03-19 22:00:00,Maitri,-7.82,15.83,990.2,68.5
2012-03-19 23:00:00,Maitri,-9.09,12.12,962.6,37.9
2012-03-20 00:00:00,Maitri,-9.15,3.52,968.3,59.6
2012-03-20 01:00:00,Maitri,-3.39,8.82,997.3,65.0
2012-03-20 02:00:00,Maitri,-6.77,11.22,980.5,66.4
2012-03-20 03:00:00,Maitri,-9.45,12.8,985.0,60.5
2012-03-20 04:00:00,Maitri,-6.09,8.47,996.8,60.3
2012-03-20 05:00:00,Maitri,-9.11,6.52,983.9,58.1
2012-03-20 06:00:00,Maitri,-3.91,16.34,983.0,59.9
2012-03-20 07:00:00,Maitri,-6.05,7.26,973.9,40.9
2012-03-20 08:00:00,Maitri,-7.11,13.56,987.2,54.7
2012-03-20 09:00:00,Maitri,-4.87,15.64,989.4,37.7
2012-03-20 10:00:00,Maitri,-10.89,10.84,976.7,51.0
2012-03-20 11:00:00,Maitri,-9.1,6.03,973.5,49.7
2012-03-20 12:00:00,Maitri,-9.03,12.17,1013.4,48.8
2012-03-20 13:00:00,Maitri,-4.57,7.89,982.7,43.3
2012-03-20 14:00:00,Maitri,0.58,30.47,972.6,61.8
2012-03-20 15:00:00,Maitri,2.11,15.13,990.9,53.5
2012-03-20 16:00:00,Maitri,-3.16,14.82,982.2,52.1
2012-03-20 17:00:00,Maitri,-3.89,17.8,969.8,38.3
2012-03-20 18:00:00,Maitri,-11.63,2.04,990.2,53.8
2012-03-20 19:00:00,Maitri,-8.04,8.83,973.9,74.0
2012-03-20 20:00:00,Maitri,-9.29,17.24,1000.5,74.3
2012-03-20 21:00:00,Maitri,-9.22,6.52,989.7,63.2
2012-03-20 22:00:00,Maitri,-8.2,3.1,981.4,53.9
2012-03-20 23:00:00,Maitri,-9.55,10.19,984.7,65.8
2012-03-21 00:00:00,Maitri,-14.79,5.13,994.6,48.7
2012-03-21 01:00:00,Maitri,-6.24,5.58,986.3,53.8
2012-03-21 02:00:00,Maitri,-12.13,8.44,1008.1,47.6
2012-03-21 03:00:00,Maitri,-7.87,4.06,997.5,70.7
2012-03-21 04:00:00,Maitri,-1.82,8.15,989.4,68.9
2012-03-21 05:00:00,Maitri,-11.11,10.95,972.6,57.5
2012-03-21 06:00:00,Maitri,-15.89,26.71,979.3,82.2
2012-03-21 07:00:00,Maitri,-8.28,6.89,989.5,63.8
2012-03-21 08:00:00,Maitri,-3.37,8.56,974.3,63.0
2012-03-21 09:00:00,Maitri,-0.16,13.25,997.9,61.5
2012-03-21 10:00:00,Maitri,-9.93,7.56,972.7,40.3
2012-03-21 11:00:00,Maitri,-4.03,6.25,976.7,45.5
2012-03-21 12:00:00,Maitri,-6.83,17.37,975.9,57.2
2012-03-21 13:00:00,Maitri,-5.5,21.81,990.3,57.4
2012-03-21 14:00:00,Maitri,3.37,7.5,974.6,66.3
2012-03-21 15:00:00,Maitri,-9.97,6.15,963.4,48.6
2012-03-21 16:00:00,Maitri,-4.53,5.55,996.7,59.0
2012-03-21 17:00:00,Maitri,-4.13,13.52,977.9,59.2
2012-03-21 18:00:00,Maitri,-2.52,18.87,969.9,59.8
2012-03-21 19:00:00,Maitri,-6.12,11.84,974.5,58.2
2012-03-21 20:00:00,Maitri,-5.91,13.8,1002.7,38.3
2012-03-21 21:00:00,Maitri,-8.62,16.64,974.9,26.3
2012-03-21 22:00:00,Maitri,-6.94,22.14,980.3,44.8
2012-03-21 23:00:00,Maitri,-9.27,12.09,978.0,50.6
2012-03-22 00:00:00,Maitri,-6.6,7.29,969.7,41.5
2012-03-22 01:00:00,Maitri,-9.95,14.33,974.3,57.2
2012-03-22 02:00:00,Maitri,-7.62,17.73,967.4,73.3
2012-03-22 03:00:00,Maitri,-8.86,8.0,994.8,68.2
2012-03-22 04:00:00,Maitri,-4.98,1.98,985.9,64.5
2012-03-22 05:00:00,Maitri,-8.47,7.16,1012.5,71.8
2012-03-22 06:00:00,Maitri,-13.6,4.03,976.2,45.1
2012-03-22 07:00:00,Maitri,-3.46,1.19,974.9,51.6
2012-03-22 08:00:00,Maitri,-9.93,7.39,1001.5,66.6
2012-03-22 09:00:00,Maitri,-8.66,8.93,995.8,51.4
2012-03-22 10:00:00,Maitri,-8.04,12.54,987.5,52.1
2012-03-22 11:00:00,Maitri,-1.36,13.72,970.1,84.1
2012-03-22 12:00:00,Maitri,-12.3,7.7,1003.9,59.3
2012-03-22 13:00:00,Maitri,4.75,13.0,982.2,82.7
2012-03-22 14:00:00,Maitri,-1.85,12.42,978.2,32.5
2012-03-22 15:00:00,Maitri,-4.58,12.3,996.3,49.2
2012-03-22 16:00:00,Maitri,-5.65,5.76,983.9,63.7
2012-03-22 17:00:00,Maitri,-4.84,14.45,969.4,59.3
2012-03-22 18:00:00,Maitri,-4.46,10.57,983.9,29.2
2012-03-22 19:00:00,Maitri,-4.5,9.08,974.7,54.8
2012-03-22 20:00:00,Maitri,-5.25,6.1,949.5,92.6
2012-03-22 21:00:00,Maitri,-7.21,7.57,973.7,61.5
2012-03-22 22:00:00,Maitri,-8.56,15.68,976.6,66.5
2012-03-22 23:00:00,Maitri,-8.79,12.97,969.8,49.0
2012-03-23 00:00:00,Maitri,-9.35,6.5,990.6,61.4
2012-03-23 01:00:00,Maitri,-5.27,10.21,974.5,57.8
2012-03-23 02:00:00,Maitri,-7.06,12.64,988.6,73.7
2012-03-23 03:00:00,Maitri,-18.31,6.79,969.8,73.2
2012-03-23 04:00:00,Maitri,-6.62,14.31,993.3,63.7
2012-03-23 05:00:00,Maitri,-7.81,2.63,969.9,59.0
2012-03-23 06:00:00,Maitri,-8.12,14.24,955.9,34.5
2012-03-23 07:00:00,Maitri,-8.87,13.71,997.2,34.0
2012-03-23 08:00:00,Maitri,-3.57,11.12,973.5,59.1
2012-03-23 09:00:00,Maitri,-3.67,8.26,1004.0,70.2
2012-03-23 10:00:00,Maitri,-8.74,5.29,990.7,76.6
2012-03-23 11:00:00,Maitri,-4.59,9.69,992.6,45.5
2012-03-23 12:00:00,Maitri,-8.71,12.18,995.2,36.9
2012-03-23 13:00:00,Maitri,-9.84,14.48,984.1,71.1
2012-03-23 14:00:00,Maitri,-7.37,5.95,985.5,46.6
2012-03-23 15:00:00,Maitri,-2.66,7.42,998.6,35.9
2012-03-23 16:00:00,Maitri,-2.55,7.58,985.1,51.1
2012-03-23 17:00:00,Maitri,-4.25,3.38,976.1,50.8
2012-03-23 18:00:00,Maitri,-3.94,18.26,989.0,76.5
2012-03-23 19:00:00,Maitri,-5.05,19.24,957.8,70.1
2012-03-23 20:00:00,Maitri,-9.22,5.57,999.3,47.7
2012-03-23 21:00:00,Maitri,-6.25,23.7,996.9,77.6
2012-03-23 22:00:00,Maitri,-5.5,8.42,997.5,59.8
2012-03-23 23:00:00,Maitri,-6.02,14.36,996.2,72.9
2012-03-24 00:00:00,Maitri,-5.05,13.86,982.0,76.6
2012-03-24 01:00:00,Maitri,-6.77,1.44,983.6,54.3
2012-03-24 02:00:00,Maitri,-7.97,9.94,969.4,66.0
2012-03-24 03:00:00,Maitri,-5.61,5.32,1004.3,52.3
2012-03-24 04:00:00,Maitri,-8.94,2.21,979.1,71.0
2012-03-24 05:00:00,Maitri,-11.39,10.78,987.3,59.3
2012-03-24 06:00:00,Maitri,-8.72,13.23,985.9,71.4
2012-03-24 07:00:00,Maitri,-10.15,6.58,968.6,79.3
2012-03-24 08:00:00,Maitri,-9.46,10.36,963.4,65.7
2012-03-24 09:00:00,Maitri,-7.29,18.76,982.3,56.7
2012-03-24 10:00:00,Maitri,-8.93,8.39,978.5,56.9
2012-03-24 11:00:00,Maitri,-7.01,3.95,983.4,18.0
2012-03-24 12:00:00,Maitri,-11.8,15.2,995.0,48.0
2012-03-24 13:00:00,Maitri,-4.88,7.62,986.4,71.1
2012-03-24 14:00:00,Maitri,-5.49,6.27,992.8,71.6
2012-03-24 15:00:00,Maitri,-8.17,8.03,988.9,47.7
2012-03-24 16:00:00,Maitri,-3.63,7.86,980.2,60.3
2012-03-24 17:00:00,Maitri,-3.02,2.82,973.1,55.4
2012-03-24 18:00:00,Maitri,-11.54,11.33,986.3,67.7
2012-03-24 19:00:00,Maitri,-9.27,11.21,984.3,88.9
2012-03-24 20:00:00,Maitri,-9.76,8.17,994.3,67.9
2012-03-24 21:00:00,Maitri,-10.77,10.71,981.7,48.6
2012-03-24 22:00:00,Maitri,-5.54,13.73,979.5,56.9
2012-03-24 23:00:00,Maitri,-9.19,11.12,980.7,77.6
2012-03-25 00:00:00,Maitri,-9.84,6.1,973.5,38.3
2012-03-25 01:00:00,Maitri,-15.58,5.25,1000.9,49.4
2012-03-25 02:00:00,Maitri,-7.2,25.64,994.3,67.9
2012-03-25 03:00:00,Maitri,-13.14,11.28,969.4,76.1
2012-03-25 04:00:00,Maitri,-8.8,8.72,992.9,66.5
2012-03-25 05:00:00,Maitri,-7.82,12.84,961.9,49.5
2012-03-25 06:00:00,Maitri,-3.98,6.62,995.3,65.5
2012-03-25 07:00:00,Maitri,-12.09,15.28,974.7,63.8
2012-03-25 08:00:00,Maitri,-17.1,7.68,988.0,62.9
2012-03-25 09:00:00,Maitri,-6.38,2.38,962.5,56.6
2012-03-25 10:00:00,Maitri,-0.77,9.06,969.9,58.7
2012-03-25 11:00:00,Maitri,-2.2,4.83,989.7,45.3
2012-03-25 12:00:00,Maitri,-5.2,8.44,975.7,92.7
2012-03-25 13:00:00,Maitri,-7.27,7.77,974.2,60.2
2012-03-25 14:00:00,Maitri,-3.05,11.96,999.3,65.7
2012-03-25 15:00:00,Maitri,-8.81,21.06,1007.3,54.9
2012-03-25 16:00:00,Maitri,-4.35,14.44,993.6,69.8
2012-03-25 17:00:00,Maitri,-4.54,11.27,970.8,39.8
2012-03-25 18:00:00,Maitri,-3.14,10.25,1003.7,33.6
2012-03-25 19:00:00,Maitri,1.86,11.49,965.3,57.6
2012-03-25 20:00:00,Maitri,-6.18,19.62,978.6,86.8
2012-03-25 21:00:00,Maitri,-9.53,12.73,983.7,74.9
2012-03-25 22:00:00,Maitri,-8.42,2.41,1006.8,46.7
2012-03-25 23:00:00,Maitri,-14.37,5.0,994.7,65.2
2012-03-26 00:00:00,Maitri,-11.35,16.77,977.2,49.1
2012-03-26 01:00:00,Maitri,-10.62,11.11,972.5,64.0
2012-03-26 02:00:00,Maitri,-11.05,19.4,993.6,65.1
2012-03-26 03:00:00,Maitri,-8.82,13.94,976.8,71.0
2012-03-26 04:00:00,Maitri,-11.76,10.06,986.0,36.1
2012-03-26 05:00:00,Maitri,-5.26,9.96,967.8,40.3
2012-03-26 06:00:00,Maitri,-8.47,6.56,990.6,56.9
2012-03-26 07:00:00,Maitri,-8.07,8.32,989.4,43.5
2012-03-26 08:00:00,Maitri,-8.62,4.16,970.1,42.5
2012-03-26 09:00:00,Maitri,-6.61,5.63,996.0,61.8
2012-03-26 10:00:00,Maitri,-4.03,4.78,990.7,45.2
2012-03-26 11:00:00,Maitri,-9.07,9.3,992.1,89.6
2012-03-26 12:00:00,Maitri,-8.12,7.02,979.6,50.5
2012-03-26 13:00:00,Maitri,-6.8,3.05,986.6,54.2
2012-03-26 14:00:00,Maitri,-10.08,12.86,983.8,62.2
2012-03-26 15:00:00,Maitri,-8.45,7.45,982.2,36.9
2012-03-26 16:00:00,Maitri,-7.54,14.99,984.7,65.1
2012-03-26 17:00:00,Maitri,-3.5,12.39,997.6,62.8
2012-03-26 18:00:00,Maitri,-5.83,27.3,993.3,53.1
2012-03-26 19:00:00,Maitri,-6.48,9.35,970.0,61.8
2012-03-26 20:00:00,Maitri,-4.85,6.64,995.3,64.0
2012-03-26 21:00:00,Maitri,-8.48,5.58,997.9,78.1
2012-03-26 22:00:00,Maitri,-7.22,13.59,981.2,93.0
2012-03-26 23:00:00,Maitri,-9.17,14.33,988.7,43.1
2012-03-27 00:00:00,Maitri,-8.42,9.45,989.3,39.8
2012-03-27 01:00:00,Maitri,-11.31,10.96,973.6,59.4
2012-03-27 02:00:00,Maitri,-17.31,17.04,978.1,28.9
2012-03-27 03:00:00,Maitri,-9.88,13.96,991.5,67.1
2012-03-27 04:00:00,Maitri,-4.71,11.31,977.6,59.6
2012-03-27 05:00:00,Maitri,-6.02,4.28,995.6,63.1
2012-03-27 06:00:00,Maitri,-5.52,5.74,999.1,53.7
2012-03-27 07:00:00,Maitri,-4.22,7.6,997.0,61.6
2012-03-27 08:00:00,Maitri,-7.42,7.89,1006.6,64.6
2012-03-27 09:00:00,Maitri,-6.61,6.09,983.0,60.8
2012-03-27 10:00:00,Maitri,-8.78,5.64,986.2,39.2
2012-03-27 11:00:00,Maitri,-7.45,8.09,987.5,60.4
2012-03-27 12:00:00,Maitri,-4.18,10.32,982.8,84.0
2012-03-27 13:00:00,Maitri,-2.12,12.55,989.4,61.4
2012-03-27 14:00:00,Maitri,-6.35,2.87,964.9,59.9
2012-03-27 15:00:00,Maitri,-7.41,7.06,986.3,79.8
2012-03-27 16:00:00,Maitri,-6.15,3.13,968.7,47.6
2012-03-27 17:00:00,Maitri,-4.51,9.38,972.5,70.5
2012-03-27 18:00:00,Maitri,-11.43,9.29,992.0,50.6
2012-03-27 19:00:00,Maitri,-14.59,8.84,981.4,73.2
2012-03-27 20:00:00,Maitri,-9.47,8.06,991.8,69.2
2012-03-27 21:00:00,Maitri,-12.08,7.15,981.4,52.2
2012-03-27 22:00:00,Maitri,-10.23,8.86,996.4,54.3
2012-03-27 23:00:00,Maitri,-9.45,12.73,980.3,71.7
2012-03-28 00:00:00,Maitri,-10.85,7.47,961.4,32.0
2012-03-28 01:00:00,Maitri,-4.94,4.46,986.9,51.8
2012-03-28 02:00:00,Maitri,-8.6,10.94,958.4,66.7
2012-03-28 03:00:00,Maitri,-8.62,14.38,966.1,53.7
2012-03-28 04:00:00,Maitri,-7.41,4.31,974.2,59.9
2012-03-28 05:00:00,Maitri,-12.76,3.87,972.8,29.4
2012-03-28 06:00:00,Maitri,-5.42,4.21,978.1,46.0
2012-03-28 07:00:00,Maitri,-8.55,8.79,971.7,67.5
2012-03-28 08:00:00,Maitri,-5.7,21.92,965.5,47.5
2012-03-28 09:00:00,Maitri,-10.81,20.03,999.7,39.8
2012-03-28 10:00:00,Maitri,-11.92,10.97,975.6,72.9
2012-03-28 11:00:00,Maitri,-3.96,4.14,958.7,65.2
2012-03-28 12:00:00,Maitri,-5.08,19.9,977.9,42.8
2012-03-28 13:00:00,Maitri,-8.99,20.48,969.0,59.9
2012-03-28 14:00:00,Maitri,-8.83,5.48,974.0,43.2
2012-03-28 15:00:00,Maitri,-2.51,9.45,991.8,55.9
2012-03-28 16:00:00,Maitri,-10.09,14.34,977.7,60.5
2012-03-28 17:00:00,Maitri,-1.32,18.48,969.0,46.7
2012-03-28 18:00:00,Maitri,-9.83,8.65,988.8,68.4
2012-03-28 19:00:00,Maitri,-5.34,15.15,996.0,70.6
2012-03-28 20:00:00,Maitri,-8.9,11.58,989.4,61.7
2012-03-28 21:00:00,Maitri,-6.38,11.22,955.1,63.8
2012-03-28 22:00:00,Maitri,-10.49,10.64,970.6,37.7
2012-03-28 23:00:00,Maitri,-9.64,22.49,982.2,77.1
2012-03-29 00:00:00,Maitri,-9.41,9.77,980.7,56.7
2012-03-29 01:00:00,Maitri,-12.93,12.42,979.4,44.9
2012-03-29 02:00:00,Maitri,-7.41,22.56,970.3,60.0
2012-03-29 03:00:00,Maitri,-11.37,12.92,966.9,68.4
2012-03-29 04:00:00,Maitri,-10.27,6.83,1007.1,65.2
2012-03-29 05:00:00,Maitri,-12.44,9.17,983.9,42.8
2012-03-29 06:00:00,Maitri,-17.08,5.81,991.5,68.6
2012-03-29 07:00:00,Maitri,-9.06,9.08,983.7,57.2
2012-03-29 08:00:00,Maitri,-0.26,8.65,984.2,65.0
2012-03-29 09:00:00,Maitri,-5.01,7.54,983.2,46.8
2012-03-29 10:00:00,Maitri,-7.15,10.65,970.5,72.6
2012-03-29 11:00:00,Maitri,-7.55,3.3,967.1,60.6
2012-03-29 12:00:00,Maitri,-6.35,25.27,985.7,74.6
2012-03-29 13:00:00,Maitri,-4.5,8.76,985.8,36.5
2012-03-29 14:00:00,Maitri,-9.96,9.47,994.4,38.4
2012-03-29 15:00:00,Maitri,-2.68,19.72,990.5,54.6
2012-03-29 16:00:00,Maitri,-4.14,12.82,973.8,78.5
2012-03-29 17:00:00,Maitri,-4.41,7.43,996.9,85.5
2012-03-29 18:00:00,Maitri,-5.68,8.05,992.6,45.6
2012-03-29 19:00:00,Maitri,-7.46,16.7,990.4,58.7
2012-03-29 20:00:00,Maitri,-5.83,17.99,1008.2,60.2
2012-03-29 21:00:00,Maitri,-6.56,6.96,1007.5,68.1
2012-03-29 22:00:00,Maitri,-10.02,19.46,990.0,70.4
2012-03-29 23:00:00,Maitri,-11.09,3.5,991.0,42.4
2012-03-30 00:00:00,Maitri,-9.36,20.89,994.3,58.9
2012-03-30 01:00:00,Maitri,-4.91,11.69,976.5,29.9
2012-03-30 02:00:00,Maitri,-13.89,19.32,975.5,69.4
2012-03-30 03:00:00,Maitri,-14.56,13.57,990.7,53.3
2012-03-30 04:00:00,Maitri,-9.16,7.23,974.1,41.1
2012-03-30 05:00:00,Maitri,-9.23,9.02,990.5,62.7
2012-03-30 06:00:00,Maitri,-8.47,7.39,985.7,52.8
2012-03-30 07:00:00,Maitri,-7.81,6.15,974.2,75.7
2012-03-30 08:00:00,Maitri,-8.84,12.51,983.4,45.5
2012-03-30 09:00:00,Maitri,-2.89,2.79,999.6,89.1
2012-03-30 10:00:00,Maitri,-12.35,8.7,984.6,70.0
2012-03-30 11:00:00,Maitri,-9.5,10.11,984.5,76.0
2012-03-30 12:00:00,Maitri,-6.9,2.89,988.3,43.6
2012-03-30 13:00:00,Maitri,-11.64,11.52,988.6,83.0
2012-03-30 14:00:00,Maitri,-6.89,13.55,979.2,41.0
2012-03-30 15:00:00,Maitri,-1.07,12.45,987.2,55.1
2012-03-30 16:00:00,Maitri,-6.5,12.35,971.1,76.3
2012-03-30 17:00:00,Maitri,-6.11,10.25,974.3,65.1
2012-03-30 18:00:00,Maitri,-11.26,5.1,976.5,40.7
2012-03-30 19:00:00,Maitri,-9.63,21.66,987.2,73.9
2012-03-30 20:00:00,Maitri,-9.33,1.15,986.7,62.8
2012-03-30 21:00:00,Maitri,-9.61,8.55,982.2,52.2
2012-03-30 22:00:00,Maitri,-4.92,7.2,991.9,36.4
2012-03-30 23:00:00,Maitri,-7.61,10.09,987.8,64.1
2012-03-31 00:00:00,Maitri,-13.38,5.95,980.8,55.7
2012-03-31 01:00:00,Maitri,-9.21,17.21,970.5,60.2
2012-03-31 02:00:00,Maitri,-8.47,3.44,975.1,35.8
2012-03-31 03:00:00,Maitri,-6.36,6.65,967.1,52.1
2012-03-31 04:00:00,Maitri,-4.77,8.32,985.4,64.7
2012-03-31 05:00:00,Maitri,-12.79,12.53,973.2,84.3
2012-03-31 06:00:00,Maitri,-11.76,12.57,977.4,55.1
2012-03-31 07:00:00,Maitri,-12.75,15.79,981.2,78.2
2012-03-31 08:00:00,Maitri,-9.01,14.56,994.8,69.0
2012-03-31 09:00:00,Maitri,-6.31,8.64,994.4,61.3
2012-03-31 10:00:00,Maitri,-4.21,15.22,982.1,43.8
2012-03-31 11:00:00,Maitri,-7.24,8.7,998.2,44.4
2012-03-31 12:00:00,Maitri,-7.73,3.26,961.4,66.6
2012-03-31 13:00:00,Maitri,-6.04,3.52,1006.1,50.6
2012-03-31 14:00:00,Maitri,-9.14,8.17,991.7,49.4
2012-03-31 15:00:00,Maitri,0.16,4.85,985.5,55.5
2012-03-31 16:00:00,Maitri,-11.85,9.04,973.4,55.7
2012-03-31 17:00:00,Maitri,-6.4,14.81,977.7,70.6
2012-03-31 18:00:00,Maitri,-0.89,7.69,990.9,50.9
2012-03-31 19:00:00,Maitri,-7.78,2.46,991.9,69.2
2012-03-31 20:00:00,Maitri,-8.87,12.99,990.7,64.2
2012-03-31 21:00:00,Maitri,-9.87,7.21,975.5,34.6
2012-03-31 22:00:00,Maitri,-9.74,8.32,973.1,62.1
2012-03-31 23:00:00,Maitri,-5.14,29.3,982.8,20.7
2012-04-01 00:00:00,Maitri,-17.04,15.81,991.5,45.5
2012-04-01 01:00:00,Maitri,-5.24,17.95,982.3,64.5
2012-04-01 02:00:00,Maitri,-14.76,7.82,1000.9,57.9
2012-04-01 03:00:00,Maitri,-11.0,25.76,981.5,33.2
2012-04-01 04:00:00,Maitri,-11.34,5.48,984.2,42.3
2012-04-01 05:00:00,Maitri,-7.8,3.31,992.2,21.5
2012-04-01 06:00:00,Maitri,-14.42,28.3,994.8,39.2
2012-04-01 07:00:00,Maitri,-7.39,2.5,969.1,66.1
2012-04-01 08:00:00,Maitri,-1.93,7.23,971.1,50.2
2012-04-01 09:00:00,Maitri,-12.3,13.1,979.4,60.4
2012-04-01 10:00:00,Maitri,-6.9,7.88,1020.1,58.2
2012-04-01 11:00:00,Maitri,-9.25,6.37,981.0,58.5
2012-04-01 12:00:00,Maitri,-5.48,9.78,982.1,72.3
2012-04-01 13:00:00,Maitri,-6.61,9.42,990.7,55.2
2012-04-01 14:00:00,Maitri,-8.66,10.46,994.7,70.7
2012-04-01 15:00:00,Maitri,-5.11,18.89,984.1,23.3
2012-04-01 16:00:00,Maitri,-1.07,13.53,996.4,73.6
2012-04-01 17:00:00,Maitri,-7.74,8.48,970.0,39.9
2012-04-01 18:00:00,Maitri,-5.2,11.28,974.5,43.0
2012-04-01 19:00:00,Maitri,-12.08,0.75,998.3,48.1
2012-04-01 20:00:00,Maitri,-11.47,8.84,983.8,73.2
2012-04-01 21:00:00,Maitri,-7.36,11.81,968.7,45.5
2012-04-01 22:00:00,Maitri,-4.56,5.96,968.9,48.8
2012-04-01 23:00:00,Maitri,-8.54,7.38,974.6,44.5
2012-04-02 00:00:00,Maitri,-11.11,15.85,982.6,61.6
2012-04-02 01:00:00,Maitri,-10.29,4.79,989.7,68.4
2012-04-02 02:00:00,Maitri,-14.35,16.09,978.8,81.9
2012-04-02 03:00:00,Maitri,-8.35,22.63,986.0,91.6
2012-04-02 04:00:00,Maitri,-7.28,7.51,978.8,67.1
2012-04-02 05:00:00,Maitri,-11.27,4.84,998.3,63.1
2012-04-02 06:00:00,Maitri,-10.95,6.16,1013.4,41.0
2012-04-02 07:00:00,Maitri,-8.16,21.74,977.2,84.7
2012-04-02 08:00:00,Maitri,-9.95,4.65,989.8,61.0
2012-04-02 09:00:00,Maitri,-8.29,4.85,988.9,54.0
2012-04-02 10:00:00,Maitri,-0.93,2.47,986.2,63.4
2012-04-02 11:00:00,Maitri,-8.07,7.28,991.4,49.1
2012-04-02 12:00:00,Maitri,-8.14,10.67,988.9,25.3
2012-04-02 13:00:00,Maitri,-8.88,20.12,976.6,66.0
2012-04-02 14:00:00,Maitri,-4.37,7.71,999.0,76.8
2012-04-02 15:00:00,Maitri,-7.39,12.87,985.4,65.8
2012-04-02 16:00:00,Maitri,-9.07,6.24,979.6,57.9
2012-04-02 17:00:00,Maitri,-3.05,4.26,1012.5,58.2
2012-04-02 18:00:00,Maitri,-3.1,18.58,980.9,60.4
2012-04-02 19:00:00,Maitri,-10.0,10.48,986.4,60.0
2012-04-02 20:00:00,Maitri,-14.52,13.51,985.0,57.2
2012-04-02 21:00:00,Maitri,-5.79,10.3,982.0,58.4
2012-04-02 22:00:00,Maitri,-11.64,3.21,989.7,79.8
2012-04-02 23:00:00,Maitri,-7.29,15.8,972.9,64.6
2012-04-03 00:00:00,Maitri,-16.55,6.0,991.0,59.5
2012-04-03 01:00:00,Maitri,-7.57,12.47,962.9,67.2
2012-04-03 02:00:00,Maitri,-14.37,4.42,969.4,67.2
2012-04-03 03:00:00,Maitri,-8.09,4.65,1005.3,71.2
2012-04-03 04:00:00,Maitri,-10.2,6.31,969.6,47.4
2012-04-03 05:00:00,Maitri,-13.02,5.3,961.7,51.3
2012-04-03 06:00:00,Maitri,-10.89,4.13,970.2,46.6
2012-04-03 07:00:00,Maitri,-6.96,27.89,1000.8,68.7
2012-04-03 08:00:00,Maitri,-8.35,9.54,963.0,68.1
2012-04-03 09:00:00,Maitri,-6.35,2.92,973.6,40.2
2012-04-03 10:00:00,Maitri,-1.47,4.28,967.6,63.5
2012-04-03 11:00:00,Maitri,-12.42,5.54,981.0,77.2
2012-04-03 12:00:00,Maitri,-1.96,6.94,978.9,54.7
2012-04-03 13:00:00,Maitri,-6.62,14.07,977.4,62.4
2012-04-03 14:00:00,Maitri,-9.77,10.67,1004.7,68.2
2012-04-03 15:00:00,Maitri,-11.21,9.39,969.8,39.5
2012-04-03 16:00:00,Maitri,-7.74,3.4,983.3,60.1
2012-04-03 17:00:00,Maitri,-4.47,12.73,987.0,75.8
2012-04-03 18:00:00,Maitri,-8.2,3.24,973.2,49.7
2012-04-03 19:00:00,Maitri,-3.39,8.29,989.4,69.7
2012-04-03 20:00:00,Maitri,-13.33,11.1,978.7,58.4
2012-04-03 21:00:00,Maitri,-9.19,11.33,987.6,48.6
2012-04-03 22:00:00,Maitri,-13.6,10.25,982.2,56.6
2012-04-03 23:00:00,Maitri,-8.8,10.51,959.8,50.6
2012-04-04 00:00:00,Maitri,-7.55,10.0,998.5,45.6
2012-04-04 01:00:00,Maitri,-11.92,3.78,1008.2,54.4
2012-04-04 02:00:00,Maitri,-18.97,3.65,982.4,59.0
2012-04-04 03:00:00,Maitri,-9.93,14.91,972.4,55.7
2012-04-04 04:00:00,Maitri,-8.99,15.03,1000.1,54.3
2012-04-04 05:00:00,Maitri,-8.81,4.61,1006.0,61.2
2012-04-04 06:00:00,Maitri,-5.78,10.34,981.5,65.4
2012-04-04 07:00:00,Maitri,-12.73,11.6,980.7,42.0
2012-04-04 08:00:00,Maitri,-6.66,9.4,982.7,54.5
2012-04-04 09:00:00,Maitri,-4.55,16.15,963.3,30.4
2012-04-04 10:00:00,Maitri,-13.62,7.08,980.6,55.7
2012-04-04 11:00:00,Maitri,-6.54,7.48,1003.6,60.1
2012-04-04 12:00:00,Maitri,-8.89,16.25,980.6,66.0
2012-04-04 13:00:00,Maitri,-7.35,3.86,972.5,60.2
2012-04-04 14:00:00,Maitri,-5.92,14.58,988.5,65.7
2012-04-04 15:00:00,Maitri,-8.65,20.61,974.2,58.9
2012-04-04 16:00:00,Maitri,-9.44,12.55,982.4,48.5
2012-04-04 17:00:00,Maitri,-7.45,8.97,969.1,42.4
2012-04-04 18:00:00,Maitri,-11.41,3.98,972.5,54.3
2012-04-04 19:00:00,Maitri,-11.84,10.31,991.9,47.3
2012-04-04 20:00:00,Maitri,-6.66,5.85,985.5,56.3
2012-04-04 21:00:00,Maitri,-12.97,7.83,974.9,51.1
2012-04-04 22:00:00,Maitri,-7.6,11.5,984.6,63.9
2012-04-04 23:00:00,Maitri,-8.63,5.34,977.2,58.7
2012-04-05 00:00:00,Maitri,-16.06,4.4,975.3,64.3
2012-04-05 01:00:00,Maitri,-12.88,6.67,997.4,64.2
2012-04-05 02:00:00,Maitri,-6.95,19.34,991.1,55.5
2012-04-05 03:00:00,Maitri,-13.85,11.63,983.0,56.3
2012-04-05 04:00:00,Maitri,-12.02,5.8,985.8,65.0
2012-04-05 05:00:00,Maitri,-8.77,6.2,984.0,92.2
2012-04-05 06:00:00,Maitri,-7.37,17.43,988.0,44.2
2012-04-05 07:00:00,Maitri,-10.25,3.62,975.3,58.6
2012-04-05 08:00:00,Maitri,-10.89,19.12,992.1,41.3
2012-04-05 09:00:00,Maitri,-3.96,5.21,988.3,57.7
2012-04-05 10:00:00,Maitri,-2.51,18.68,979.2,48.6
2012-04-05 11:00:00,Maitri,-4.57,14.85,977.2,56.3
2012-04-05 12:00:00,Maitri,-7.14,4.8,994.0,60.2
2012-04-05 13:00:00,Maitri,-9.82,13.59,981.2,51.1
2012-04-05 14:00:00,Maitri,-9.83,3.04,976.5,33.0
2012-04-05 15:00:00,Maitri,-5.57,16.5,978.1,78.0
2012-04-05 16:00:00,Maitri,-6.08,4.72,993.1,69.7
2012-04-05 17:00:00,Maitri,-3.22,16.52,964.0,56.2
2012-04-05 18:00:00,Maitri,-5.99,3.79,980.3,45.5
2012-04-05 19:00:00,Maitri,-13.32,4.93,996.6,59.2
2012-04-05 20:00:00,Maitri,-5.61,21.78,979.8,63.1
2012-04-05 21:00:00,Maitri,-12.64,12.35,986.3,68.8
2012-04-05 22:00:00,Maitri,-11.1,5.26,996.7,70.1
2012-04-05 23:00:00,Maitri,-9.45,10.92,993.6,72.7
2012-04-06 00:00:00,Maitri,-4.29,10.78,978.3,33.6
2012-04-06 01:00:00,Maitri,-0.91,8.09,982.3,53.7
2012-04-06 02:00:00,Maitri,-8.98,10.72,993.8,71.9
2012-04-06 03:00:00,Maitri,-11.44,17.54,993.2,45.1
2012-04-06 04:00:00,Maitri,-8.97,14.62,981.8,75.1
2012-04-06 05:00:00,Maitri,-7.55,12.67,982.5,83.3
2012-04-06 06:00:00,Maitri,-11.05,5.16,987.3,74.7
2012-04-06 07:00:00,Maitri,-3.84,3.76,1000.2,67.3
2012-04-06 08:00:00,Maitri,-8.38,8.93,995.9,51.7
2012-04-06 09:00:00,Maitri,-7.06,14.81,990.8,61.9
2012-04-06 10:00:00,Maitri,-6.09,2.14,972.3,39.2
2012-04-06 11:00:00,Maitri,-6.5,6.93,980.8,47.1
2012-04-06 12:00:00,Maitri,-4.88,12.18,980.6,48.0
2012-04-06 13:00:00,Maitri,-9.36,18.91,998.5,58.9
2012-04-06 14:00:00,Maitri,-9.11,1.39,982.0,52.5
2012-04-06 15:00:00,Maitri,-10.9,8.89,998.1,61.7
2012-04-06 16:00:00,Maitri,-6.15,6.63,977.4,70.3
2012-04-06 17:00:00,Maitri,-5.35,9.4,977.9,48.1
2012-04-06 18:00:00,Maitri,-6.76,12.68,988.6,60.1
2012-04-06 19:00:00,Maitri,-3.3,2.82,1002.6,52.2
2012-04-06 20:00:00,Maitri,-9.14,5.0,981.8,60.7
2012-04-06 21:00:00,Maitri,-7.45,5.4,954.7,67.6
2012-04-06 22:00:00,Maitri,-13.51,7.47,965.9,70.9
2012-04-06 23:00:00,Maitri,-11.63,16.95,985.9,67.4
2012-04-07 00:00:00,Maitri,-8.6,4.71,967.3,63.8
2012-04-07 01:00:00,Maitri,-8.29,6.06,974.1,38.1
2012-04-07 02:00:00,Maitri,-12.0,3.67,984.6,42.9
2012-04-07 03:00:00,Maitri,-11.23,7.52,955.7,46.5
2012-04-07 04:00:00,Maitri,-15.68,7.96,979.4,63.0
2012-04-07 05:00:00,Maitri,-11.68,8.34,970.4,39.9
2012-04-07 06:00:00,Maitri,-7.31,30.16,963.2,62.7
2012-04-07 07:00:00,Maitri,-7.89,14.73,973.6,61.7
2012-04-07 08:00:00,Maitri,-7.66,9.13,971.3,30.9
2012-04-07 09:00:00,Maitri,-8.64,12.56,988.5,42.8
2012-04-07 10:00:00,Maitri,-8.34,6.43,997.8,72.6
2012-04-07 11:00:00,Maitri,-10.1,26.87,976.8,67.8
2012-04-07 12:00:00,Maitri,-5.47,15.12,975.9,46.1
2012-04-07 13:00:00,Maitri,-6.18,13.95,978.1,43.5
2012-04-07 14:00:00,Maitri,-5.89,19.26,969.4,23.7
2012-04-07 15:00:00,Maitri,-9.21,23.21,966.7,78.6
2012-04-07 16:00:00,Maitri,-14.6,4.8,965.4,58.6
2012-04-07 17:00:00,Maitri,-4.48,17.98,967.0,84.4
2012-04-07 18:00:00,Maitri,-9.9,12.03,1002.0,55.3
2012-04-07 19:00:00,Maitri,-11.56,11.04,975.4,62.0
2012-04-07 20:00:00,Maitri,-7.04,21.59,947.9,70.5
2012-04-07 21:00:00,Maitri,-10.98,5.08,977.5,80.9
2012-04-07 22:00:00,Maitri,-6.77,9.22,965.3,65.0
2012-04-07 23:00:00,Maitri,-8.56,8.49,984.4,58.0
2012-04-08 00:00:00,Maitri,-8.78,11.93,982.7,58.4
2012-04-08 01:00:00,Maitri,-15.52,12.25,983.8,43.4
2012-04-08 02:00:00,Maitri,-7.33,17.57,981.9,52.7
2012-04-08 03:00:00,Maitri,-10.31,9.72,979.3,58.7
2012-04-08 04:00:00,Maitri,-12.15,22.58,964.9,77.3
2012-04-08 05:00:00,Maitri,-10.22,12.71,982.2,52.0
2012-04-08 06:00:00,Maitri,-15.99,4.73,996.0,72.9
2012-04-08 07:00:00,Maitri,-8.57,6.53,1004.9,56.9
2012-04-08 08:00:00,Maitri,-12.7,13.92,980.2,75.4
2012-04-08 09:00:00,Maitri,-13.27,12.22,981.7,67.5
2012-04-08 10:00:00,Maitri,-13.38,11.82,989.0,66.5
2012-04-08 11:00:00,Maitri,-4.58,24.46,998.5,71.7
2012-04-08 12:00:00,Maitri,-9.86,16.54,976.9,69.7
2012-04-08 13:00:00,Maitri,-2.76,7.37,991.9,72.9
2012-04-08 14:00:00,Maitri,-9.32,8.64,974.2,87.8
2012-04-08 15:00:00,Maitri,-13.13,7.12,987.7,80.6
2012-04-08 16:00:00,Maitri,-11.42,5.46,995.3,64.5
2012-04-08 17:00:00,Maitri,-4.18,25.42,966.3,51.8
2012-04-08 18:00:00,Maitri,-9.01,12.16,977.1,63.1
2012-04-08 19:00:00,Maitri,-10.7,4.23,995.3,31.0
2012-04-08 20:00:00,Maitri,-8.9,21.37,988.9,69.6
2012-04-08 21:00:00,Maitri,-8.27,5.96,996.0,43.2
2012-04-08 22:00:00,Maitri,-6.73,10.92,993.1,73.7
2012-04-08 23:00:00,Maitri,-6.05,9.98,979.6,85.7
2012-04-09 00:00:00,Maitri,-12.26,3.32,1009.8,37.7
2012-04-09 01:00:00,Maitri,-15.54,2.25,986.2,57.3
2012-04-09 02:00:00,Maitri,-12.68,14.84,947.6,43.1
2012-04-09 03:00:00,Maitri,-10.46,18.64,979.0,33.8
2012-04-09 04:00:00,Maitri,-14.2,11.33,977.9,56.5
2012-04-09 05:00:00,Maitri,-13.89,34.55,989.0,66.9
2012-04-09 06:00:00,Maitri,-9.35,6.29,978.9,68.6
2012-04-09 07:00:00,Maitri,-10.18,2.71,997.2,60.2
2012-04-09 08:00:00,Maitri,-9.45,12.37,989.6,34.7
2012-04-09 09:00:00,Maitri,-11.51,4.99,972.8,59.7
2012-04-09 10:00:00,Maitri,-9.39,9.19,982.0,37.1
2012-04-09 11:00:00,Maitri,-11.24,16.74,973.6,38.0
2012-04-09 12:00:00,Maitri,-5.15,6.78,986.1,44.0
2012-04-09 13:00:00,Maitri,-4.5,9.2,974.6,72.7
2012-04-09 14:00:00,Maitri,-13.66,18.15,983.1,65.6
2012-04-09 15:00:00,Maitri,-10.79,8.49,980.6,62.5
2012-04-09 16:00:00,Maitri,-12.78,12.37,981.4,45.9
2012-04-09 17:00:00,Maitri,-10.36,13.27,1006.6,52.6
2012-04-09 18:00:00,Maitri,-8.92,8.53,979.6,38.8
2012-04-09 19:00:00,Maitri,-13.73,8.7,961.4,77.1
2012-04-09 20:00:00,Maitri,-12.5,9.42,995.3,88.8
2012-04-09 21:00:00,Maitri,-13.23,6.31,995.6,65.8
2012-04-09 22:00:00,Maitri,-9.79,12.02,960.4,68.2
2012-04-09 23:00:00,Maitri,-10.6,6.4,976.0,55.8
2012-04-10 00:00:00,Maitri,-13.57,6.95,989.0,35.3
2012-04-10 01:00:00,Maitri,-10.87,5.05,990.3,46.2
2012-04-10 02:00:00,Maitri,-13.25,18.97,982.1,51.5
2012-04-10 03:00:00,Maitri,-12.31,3.81,984.6,52.6
2012-04-10 04:00:00,Maitri,-5.9,24.79,970.5,49.4
2012-04-10 05:00:00,Maitri,-6.68,8.87,956.1,58.7
2012-04-10 06:00:00,Maitri,-14.76,7.39,1007.5,46.1
2012-04-10 07:00:00,Maitri,-7.51,5.06,973.1,88.3
2012-04-10 08:00:00,Maitri,-7.1,5.4,986.2,38.9
2012-04-10 09:00:00,Maitri,-12.91,6.38,982.2,70.4
2012-04-10 10:00:00,Maitri,-6.18,39.73,989.4,54.3
2012-04-10 11:00:00,Maitri,-3.5,6.37,985.4,64.5
2012-04-10 12:00:00,Maitri,-11.73,12.56,984.9,65.1
2012-04-10 13:00:00,Maitri,-10.9,8.23,953.5,60.2
2012-04-10 14:00:00,Maitri,-4.64,25.94,971.5,42.1
2012-04-10 15:00:00,Maitri,-7.09,10.81,991.9,53.4
2012-04-10 16:00:00,Maitri,-6.38,4.28,991.9,60.4
2012-04-10 17:00:00,Maitri,-7.34,7.08,973.0,59.5
2012-04-10 18:00:00,Maitri,-7.55,31.39,962.1,43.7
2012-04-10 19:00:00,Maitri,-13.48,15.13,984.2,76.1
2012-04-10 20:00:00,Maitri,-6.35,9.25,950.2,23.1
2012-04-10 21:00:00,Maitri,-6.42,5.21,971.0,54.5
2012-04-10 22:00:00,Maitri,-11.33,5.59,1004.4,45.1
2012-04-10 23:00:00,Maitri,-11.11,4.69,1000.9,60.6
2012-04-11 00:00:00,Maitri,-16.3,3.17,990.1,72.2
2012-04-11 01:00:00,Maitri,-9.94,14.58,986.3,38.3
2012-04-11 02:00:00,Maitri,-9.81,13.12,960.6,91.0
2012-04-11 03:00:00,Maitri,-11.78,10.32,974.9,60.8
2012-04-11 04:00:00,Maitri,-7.8,20.42,978.5,63.3
2012-04-11 05:00:00,Maitri,-12.19,14.29,974.6,37.8
2012-04-11 06:00:00,Maitri,-8.94,3.64,980.4,57.3
2012-04-11 07:00:00,Maitri,-13.57,9.5,998.5,71.6
2012-04-11 08:00:00,Maitri,-9.92,15.6,976.4,60.9
2012-04-11 09:00:00,Maitri,-9.94,9.55,979.6,60.0
2012-04-11 10:00:00,Maitri,-8.22,10.1,992.0,57.3
2012-04-11 11:00:00,Maitri,-9.75,3.11,968.2,38.7
2012-04-11 12:00:00,Maitri,-8.71,6.5,974.4,38.6
2012-04-11 13:00:00,Maitri,-5.46,12.61,974.6,74.4
2012-04-11 14:00:00,Maitri,-9.44,8.66,984.3,70.4
2012-04-11 15:00:00,Maitri,-13.25,3.44,980.5,72.4
2012-04-11 16:00:00,Maitri,-2.69,15.47,979.1,46.5
2012-04-11 17:00:00,Maitri,-4.15,8.43,976.1,55.8
2012-04-11 18:00:00,Maitri,-13.08,10.01,971.2,75.2
2012-04-11 19:00:00,Maitri,-7.17,3.66,991.5,40.8
2012-04-11 20:00:00,Maitri,-11.45,2.84,980.7,73.8
2012-04-11 21:00:00,Maitri,-9.47,10.34,990.6,49.8
2012-04-11 22:00:00,Maitri,-9.8,19.0,969.4,46.0
2012-04-11 23:00:00,Maitri,-11.87,15.2,975.1,57.6
2012-04-12 00:00:00,Maitri,-14.06,13.97,980.4,42.4
2012-04-12 01:00:00,Maitri,-13.94,10.87,981.9,31.4
2012-04-12 02:00:00,Maitri,-14.72,4.13,993.1,59.1
2012-04-12 03:00:00,Maitri,-14.39,1.9,979.8,65.5
2012-04-12 04:00:00,Maitri,-11.76,33.82,988.5,75.0
2012-04-12 05:00:00,Maitri,-13.55,8.4,988.1,66.5
2012-04-12 06:00:00,Maitri,-8.71,6.62,982.8,85.5
2012-04-12 07:00:00,Maitri,-5.7,9.9,972.6,77.1
2012-04-12 08:00:00,Maitri,-11.85,5.05,992.9,68.3
2012-04-12 09:00:00,Maitri,-8.76,7.12,973.3,64.6
2012-04-12 10:00:00,Maitri,-7.49,24.46,981.1,75.2
2012-04-12 11:00:00,Maitri,-7.21,11.67,982.6,27.0
2012-04-12 12:00:00,Maitri,-8.19,13.29,980.6,51.3
2012-04-12 13:00:00,Maitri,-5.87,8.87,979.2,32.0
2012-04-12 14:00:00,Maitri,-6.65,17.63,972.9,67.3
2012-04-12 15:00:00,Maitri,-12.21,17.36,963.8,47.6
2012-04-12 16:00:00,Maitri,-5.65,8.26,999.9,95.0
2012-04-12 17:00:00,Maitri,-5.88,9.53,977.9,50.7
2012-04-12 18:00:00,Maitri,-11.53,19.29,980.6,59.5
2012-04-12 19:00:00,Maitri,-9.4,9.87,982.0,52.4
2012-04-12 20:00:00,Maitri,-7.8,7.68,996.4,51.2
2012-04-12 21:00:00,Maitri,-11.13,8.02,1006.0,40.5
2012-04-12 22:00:00,Maitri,-7.46,7.09,985.8,40.1
2012-04-12 23:00:00,Maitri,-3.7,9.8,981.7,27.5
2012-04-13 00:00:00,Maitri,-14.21,7.23,971.0,65.6
2012-04-13 01:00:00,Maitri,-16.29,9.78,966.9,52.1
2012-04-13 02:00:00,Maitri,-10.96,6.04,963.7,85.1
2012-04-13 03:00:00,Maitri,-9.56,11.8,974.1,40.6
2012-04-13 04:00:00,Maitri,-12.43,12.83,959.0,78.7
2012-04-13 05:00:00,Maitri,-6.76,14.12,995.3,80.0
2012-04-13 06:00:00,Maitri,-15.32,12.96,987.9,75.9
2012-04-13 07:00:00,Maitri,-8.38,16.87,979.6,61.3
2012-04-13 08:00:00,Maitri,-12.07,10.26,996.2,53.3
2012-04-13 09:00:00,Maitri,-4.17,9.73,971.2,75.9
2012-04-13 10:00:00,Maitri,-2.86,6.56,974.6,46.9
2012-04-13 11:00:00,Maitri,-11.32,14.89,960.5,61.8
2012-04-13 12:00:00,Maitri,-10.34,6.83,992.9,57.4
2012-04-13 13:00:00,Maitri,-5.65,2.76,975.3,45.5
2012-04-13 14:00:00,Maitri,-9.57,6.36,984.2,61.9
2012-04-13 15:00:00,Maitri,-8.54,15.54,994.2,68.4
2012-04-13 16:00:00,Maitri,-8.5,13.8,998.7,45.0
2012-04-13 17:00:00,Maitri,-15.01,11.09,983.0,64.4
2012-04-13 18:00:00,Maitri,-9.28,30.03,984.9,26.8
2012-04-13 19:00:00,Maitri,-11.88,11.84,972.8,43.3
2012-04-13 20:00:00,Maitri,-11.71,5.69,1003.5,51.6
2012-04-13 21:00:00,Maitri,-5.98,5.36,982.3,63.0
2012-04-13 22:00:00,Maitri,-15.06,12.95,984.0,70.2
2012-04-13 23:00:00,Maitri,-8.81,20.94,977.2,59.2
2012-04-14 00:00:00,Maitri,-12.73,9.65,997.3,65.9
2012-04-14 01:00:00,Maitri,-12.92,12.05,985.5,55.8
2012-04-14 02:00:00,Maitri,-9.55,12.42,991.9,63.7
2012-04-14 03:00:00,Maitri,-10.93,30.67,984.5,62.9
2012-04-14 04:00:00,Maitri,-10.01,16.32,980.0,50.9
2012-04-14 05:00:00,Maitri,-8.46,18.6,992.9,53.0
2012-04-14 06:00:00,Maitri,-12.24,5.54,988.1,66.4
2012-04-14 07:00:00,Maitri,-12.71,6.81,972.9,83.4
2012-04-14 08:00:00,Maitri,-13.75,6.48,972.7,74.9
2012-04-14 09:00:00,Maitri,-12.46,8.37,985.5,42.2
2012-04-14 10:00:00,Maitri,0.06,10.11,993.9,42.2
2012-04-14 11:00:00,Maitri,-5.03,11.56,1002.1,50.5
2012-04-14 12:00:00,Maitri,-13.05,9.25,963.2,59.4
2012-04-14 13:00:00,Maitri,-12.77,6.39,984.3,58.7
2012-04-14 14:00:00,Maitri,-6.94,4.81,989.9,75.4
2012-04-14 15:00:00,Maitri,-6.79,12.26,986.6,76.1
2012-04-14 16:00:00,Maitri,-6.97,14.36,994.5,58.1
2012-04-14 17:00:00,Maitri,-9.82,8.59,991.3,54.8
2012-04-14 18:00:00,Maitri,-9.78,3.1,973.2,65.2
2012-04-14 19:00:00,Maitri,-8.77,16.23,970.9,72.9
2012-04-14 20:00:00,Maitri,-10.01,8.37,987.3,65.7
2012-04-14 21:00:00,Maitri,-17.85,3.87,995.8,52.0
2012-04-14 22:00:00,Maitri,-11.92,9.58,985.2,49.4
2012-04-14 23:00:00,Maitri,-14.28,16.86,964.3,42.5
2012-04-15 00:00:00,Maitri,-11.43,7.48,971.8,60.7
2012-04-15 01:00:00,Maitri,-2.61,1.47,992.7,66.7
2012-04-15 02:00:00,Maitri,-11.05,8.11,979.8,68.3
2012-04-15 03:00:00,Maitri,-13.17,6.19,985.4,74.1
2012-04-15 04:00:00,Maitri,-9.04,10.63,995.7,78.7
2012-04-15 05:00:00,Maitri,-10.16,9.72,969.7,38.8
2012-04-15 06:00:00,Maitri,-9.98,7.09,979.2,63.7
2012-04-15 07:00:00,Maitri,-8.95,6.82,978.0,64.1
2012-04-15 08:00:00,Maitri,-3.85,19.65,986.1,57.0
2012-04-15 09:00:00,Maitri,-13.58,12.91,992.0,46.4
2012-04-15 10:00:00,Maitri,-8.01,12.67,966.1,78.2
2012-04-15 11:00:00,Maitri,-12.12,15.71,982.6,49.8
2012-04-15 12:00:00,Maitri,-7.09,8.33,993.7,27.3
2012-04-15 13:00:00,Maitri,-11.63,22.58,960.3,58.3
2012-04-15 14:00:00,Maitri,-9.96,11.63,982.5,54.7
2012-04-15 15:00:00,Maitri,-9.63,10.32,969.5,84.0
2012-04-15 16:00:00,Maitri,-5.75,11.55,975.9,64.9
2012-04-15 17:00:00,Maitri,-6.22,8.09,955.0,53.7
2012-04-15 18:00:00,Maitri,-13.51,6.37,1000.1,55.2
2012-04-15 19:00:00,Maitri,-9.79,17.78,978.2,55.1
2012-04-15 20:00:00,Maitri,-12.7,4.52,975.0,89.0
2012-04-15 21:00:00,Maitri,-14.92,4.79,988.1,67.5
2012-04-15 22:00:00,Maitri,-12.02,9.04,971.7,38.3
2012-04-15 23:00:00,Maitri,-12.69,5.58,971.1,54.6
2012-04-16 00:00:00,Maitri,-4.37,3.1,1001.9,57.7
2012-04-16 01:00:00,Maitri,-10.93,4.68,1005.1,42.5
2012-04-16 02:00:00,Maitri,-16.78,5.68,977.3,33.0
2012-04-16 03:00:00,Maitri,-14.12,11.93,995.5,66.3
2012-04-16 04:00:00,Maitri,-8.86,8.63,987.8,46.7
2012-04-16 05:00:00,Maitri,-5.16,16.1,966.3,75.5
2012-04-16 06:00:00,Maitri,-16.55,4.5,973.7,58.1
2012-04-16 07:00:00,Maitri,-17.05,5.03,1002.1,51.4
2012-04-16 08:00:00,Maitri,-4.59,10.9,967.0,24.2
2012-04-16 09:00:00,Maitri,-8.86,6.2,1010.3,75.1
2012-04-16 10:00:00,Maitri,-12.45,7.84,977.3,62.1
2012-04-16 11:00:00,Maitri,-7.59,4.72,1002.5,51.7
2012-04-16 12:00:00,Maitri,-17.45,4.5,980.8,45.5
2012-04-16 13:00:00,Maitri,-8.82,6.06,993.3,80.4
2012-04-16 14:00:00,Maitri,-7.72,16.63,998.5,43.1
2012-04-16 15:00:00,Maitri,-5.88,3.8,1000.4,52.8
2012-04-16 16:00:00,Maitri,-12.26,17.72,975.6,66.0
2012-04-16 17:00:00,Maitri,-9.03,15.76,972.8,78.3
2012-04-16 18:00:00,Maitri,-12.63,7.07,983.0,55.0
2012-04-16 19:00:00,Maitri,-9.29,9.69,968.6,47.7
2012-04-16 20:00:00,Maitri,-13.44,11.41,986.0,56.5
2012-04-16 21:00:00,Maitri,-12.34,13.94,973.5,70.7
2012-04-16 22:00:00,Maitri,-14.66,5.03,996.7,73.8
2012-04-16 23:00:00,Maitri,-9.76,14.86,976.2,38.7
2012-04-17 00:00:00,Maitri,-9.53,10.16,963.4,59.6
2012-04-17 01:00:00,Maitri,-13.21,5.27,1000.3,37.9
2012-04-17 02:00:00,Maitri,-12.4,10.22,985.6,70.4
2012-04-17 03:00:00,Maitri,-17.09,5.23,984.6,63.9
2012-04-17 04:00:00,Maitri,-13.24,9.49,996.2,45.1
2012-04-17 05:00:00,Maitri,-12.15,7.27,993.9,79.5
2012-04-17 06:00:00,Maitri,-3.23,10.54,974.7,62.7
2012-04-17 07:00:00,Maitri,-14.74,10.9,978.2,61.2
2012-04-17 08:00:00,Maitri,-6.03,19.07,969.3,55.5
2012-04-17 09:00:00,Maitri,-7.06,13.49,966.1,57.9
2012-04-17 10:00:00,Maitri,-8.92,12.17,989.8,52.7
2012-04-17 11:00:00,Maitri,-3.82,2.97,989.1,47.6
2012-04-17 12:00:00,Maitri,-7.97,16.33,991.3,75.2
2012-04-17 13:00:00,Maitri,-7.73,7.46,998.6,51.1
2012-04-17 14:00:00,Maitri,-9.09,4.72,993.2,50.6
2012-04-17 15:00:00,Maitri,-5.06,27.34,990.8,56.2
2012-04-17 16:00:00,Maitri,-5.65,6.2,960.2,77.9
2012-04-17 17:00:00,Maitri,-11.45,20.22,978.4,73.8
2012-04-17 18:00:00,Maitri,-14.04,11.5,994.4,52.5
2012-04-17 19:00:00,Maitri,-10.9,12.95,969.6,75.2
2012-04-17 20:00:00,Maitri,-13.28,9.54,984.6,59.5
2012-04-17 21:00:00,Maitri,-11.39,5.36,990.2,46.2
2012-04-17 22:00:00,Maitri,-7.66,14.38,987.9,51.3
2012-04-17 23:00:00,Maitri,-13.46,11.03,987.6,77.2
2012-04-18 00:00:00,Maitri,-12.56,10.93,990.2,87.2
2012-04-18 01:00:00,Maitri,-12.42,10.04,985.6,62.5
2012-04-18 02:00:00,Maitri,-9.95,8.22,966.9,50.1
2012-04-18 03:00:00,Maitri,-19.79,14.44,988.7,56.3
2012-04-18 04:00:00,Maitri,-14.36,12.76,986.4,47.3
2012-04-18 05:00:00,Maitri,-11.46,15.35,966.0,49.4
2012-04-18 06:00:00,Maitri,-7.92,8.45,999.6,48.0
2012-04-18 07:00:00,Maitri,-12.9,8.04,989.9,56.9
2012-04-18 08:00:00,Maitri,-16.87,6.88,968.1,59.7
2012-04-18 09:00:00,Maitri,-8.42,10.21,974.1,55.9
2012-04-18 10:00:00,Maitri,-12.0,3.08,978.1,54.9
2012-04-18 11:00:00,Maitri,-13.4,34.7,973.3,68.6
2012-04-18 12:00:00,Maitri,-11.3,6.44,987.4,54.8
2012-04-18 13:00:00,Maitri,-9.72,18.71,971.0,55.7
2012-04-18 14:00:00,Maitri,-11.0,7.36,996.9,55.5
2012-04-18 15:00:00,Maitri,-16.18,13.38,995.0,79.6
2012-04-18 16:00:00,Maitri,-6.44,23.67,988.6,51.1
2012-04-18 17:00:00,Maitri,-5.51,12.96,983.6,66.3
2012-04-18 18:00:00,Maitri,-7.88,22.91,992.3,47.5
2012-04-18 19:00:00,Maitri,-14.04,18.1,979.1,62.9
2012-04-18 20:00:00,Maitri,-11.51,5.13,975.9,65.6
2012-04-18 21:00:00,Maitri,-11.35,14.51,996.5,73.2
2012-04-18 22:00:00,Maitri,-9.85,11.82,986.9,52.6
2012-04-18 23:00:00,Maitri,-10.0,6.12,976.2,42.4
2012-04-19 00:00:00,Maitri,-14.92,17.23,977.6,47.0
2012-04-19 01:00:00,Maitri,-12.49,4.41,975.9,71.5
2012-04-19 02:00:00,Maitri,-11.35,16.62,1005.8,87.1
2012-04-19 03:00:00,Maitri,-8.09,14.62,982.9,69.7
2012-04-19 04:00:00,Maitri,-10.31,10.34,985.3,40.3
2012-04-19 05:00:00,Maitri,-9.76,6.64,992.3,69.2
2012-04-19 06:00:00,Maitri,-11.64,14.39,968.9,44.8
2012-04-19 07:00:00,Maitri,-6.96,2.43,997.2,53.1
2012-04-19 08:00:00,Maitri,-9.7,5.86,977.1,60.6
2012-04-19 09:00:00,Maitri,-13.3,9.63,1004.6,63.0
2012-04-19 10:00:00,Maitri,-5.62,10.34,979.9,58.9
2012-04-19 11:00:00,Maitri,-7.5,5.96,996.0,49.6
2012-04-19 12:00:00,Maitri,-10.87,6.05,955.4,72.8
2012-04-19 13:00:00,Maitri,-10.81,13.2,969.5,50.6
2012-04-19 14:00:00,Maitri,-8.26,5.23,980.8,75.6
2012-04-19 15:00:00,Maitri,-7.79,7.75,960.5,39.0
2012-04-19 16:00:00,Maitri,-8.82,4.39,991.3,61.0
2012-04-19 17:00:00,Maitri,-8.74,9.94,987.1,40.8
2012-04-19 18:00:00,Maitri,-4.67,8.53,972.3,46.3
2012-04-19 19:00:00,Maitri,-7.12,2.27,984.5,50.8
2012-04-19 20:00:00,Maitri,-10.4,3.81,993.7,79.3
2012-04-19 21:00:00,Maitri,-8.46,19.37,957.9,76.3
2012-04-19 22:00:00,Maitri,-15.21,6.27,969.4,70.2
2012-04-19 23:00:00,Maitri,-11.01,12.0,979.3,58.5
2012-04-20 00:00:00,Maitri,-6.93,5.0,984.5,60.6
2012-04-20 01:00:00,Maitri,-13.59,20.96,981.2,75.7
2012-04-20 02:00:00,Maitri,-15.67,2.93,994.8,67.8
2012-04-20 03:00:00,Maitri,-14.98,18.3,987.7,58.3
2012-04-20 04:00:00,Maitri,-16.2,10.32,991.5,78.8
2012-04-20 05:00:00,Maitri,-14.94,14.18,966.9,69.4
2012-04-20 06:00:00,Maitri,-13.24,19.53,983.7,61.4
2012-04-20 07:00:00,Maitri,-16.12,11.24,979.8,51.6
2012-04-20 08:00:00,Maitri,-11.11,24.04,998.2,50.3
2012-04-20 09:00:00,Maitri,-7.8,19.35,984.1,53.3
2012-04-20 10:00:00,Maitri,-13.16,13.93,975.2,64.4
2012-04-20 11:00:00,Maitri,-5.02,17.65,992.2,69.7
2012-04-20 12:00:00,Maitri,-7.96,9.73,990.0,37.8
2012-04-20 13:00:00,Maitri,-6.12,5.4,974.7,30.7
2012-04-20 14:00:00,Maitri,-11.46,31.96,976.2,44.7
2012-04-20 15:00:00,Maitri,-6.68,10.13,979.7,52.3
2012-04-20 16:00:00,Maitri,-13.09,11.56,997.4,74.7
2012-04-20 17:00:00,Maitri,-7.03,3.95,986.7,54.1
2012-04-20 18:00:00,Maitri,-9.71,20.2,990.3,61.6
2012-04-20 19:00:00,Maitri,-8.92,11.38,977.6,63.9
2012-04-20 20:00:00,Maitri,-14.92,13.19,986.9,43.7
2012-04-20 21:00:00,Maitri,-14.49,14.22,997.9,78.4
2012-04-20 22:00:00,Maitri,-10.14,6.16,979.9,48.7
2012-04-20 23:00:00,Maitri,-15.46,19.9,983.3,79.8
2012-04-21 00:00:00,Maitri,-11.38,12.1,967.5,56.2
2012-04-21 01:00:00,Maitri,-17.41,2.39,975.8,53.3
2012-04-21 02:00:00,Maitri,-10.39,17.69,978.5,42.4
2012-04-21 03:00:00,Maitri,-16.98,9.19,971.4,60.8
2012-04-21 04:00:00,Maitri,-11.09,6.59,999.2,89.6
2012-04-21 05:00:00,Maitri,-10.57,3.16,974.9,63.8
2012-04-21 06:00:00,Maitri,-14.43,7.75,992.9,61.8
2012-04-21 07:00:00,Maitri,-9.9,7.23,986.1,48.7
2012-04-21 08:00:00,Maitri,-10.47,18.77,982.5,66.3
2012-04-21 09:00:00,Maitri,-12.56,6.88,1001.1,60.2
2012-04-21 10:00:00,Maitri,-13.63,3.64,958.5,57.1
2012-04-21 11:00:00,Maitri,-16.31,13.27,980.8,64.9
2012-04-21 12:00:00,Maitri,-8.62,19.31,969.7,32.6
2012-04-21 13:00:00,Maitri,-14.57,8.08,961.2,56.6
2012-04-21 14:00:00,Maitri,-9.2,26.69,967.3,41.2
2012-04-21 15:00:00,Maitri,-10.41,17.56,982.6,58.4
2012-04-21 16:00:00,Maitri,-7.57,20.27,973.6,47.9
2012-04-21 17:00:00,Maitri,-11.0,13.05,993.4,48.8
2012-04-21 18:00:00,Maitri,-11.46,12.23,980.7,39.3
2012-04-21 19:00:00,Maitri,-8.49,6.69,980.3,73.6
2012-04-21 20:00:00,Maitri,-10.23,23.4,977.8,48.5
2012-04-21 21:00:00,Maitri,-10.76,21.26,980.7,49.3
2012-04-21 22:00:00,Maitri,-10.7,23.68,976.6,79.4
2012-04-21 23:00:00,Maitri,-17.49,9.77,973.7,66.0
2012-04-22 00:00:00,Maitri,-10.58,8.16,995.2,29.5
2012-04-22 01:00:00,Maitri,-11.23,15.21,975.5,77.4
2012-04-22 02:00:00,Maitri,-16.5,7.45,979.5,81.1
2012-04-22 03:00:00,Maitri,-13.97,9.83,988.5,79.8
2012-04-22 04:00:00,Maitri,-13.13,2.61,988.3,67.4
2012-04-22 05:00:00,Maitri,-13.15,11.59,973.0,42.6
2012-04-22 06:00:00,Maitri,-11.28,13.9,991.6,57.3
2012-04-22 07:00:00,Maitri,-7.33,20.52,988.1,37.7
2012-04-22 08:00:00,Maitri,-7.98,15.54,984.7,45.9
2012-04-22 09:00:00,Maitri,-15.18,17.05,977.5,42.4
2012-04-22 10:00:00,Maitri,-8.56,25.71,976.5,49.2
2012-04-22 11:00:00,Maitri,-5.92,5.92,981.8,60.3
2012-04-22 12:00:00,Maitri,-8.65,5.26,970.0,51.8
2012-04-22 13:00:00,Maitri,-6.22,11.13,982.9,51.2
2012-04-22 14:00:00,Maitri,-3.21,4.84,994.5,53.9
2012-04-22 15:00:00,Maitri,-6.43,12.04,993.3,79.0
2012-04-22 16:00:00,Maitri,-9.09,4.97,979.9,88.3
2012-04-22 17:00:00,Maitri,-6.83,5.67,996.4,51.7
2012-04-22 18:00:00,Maitri,-10.08,3.19,1006.4,62.7
2012-04-22 19:00:00,Maitri,-10.9,11.49,979.6,46.2
2012-04-22 20:00:00,Maitri,-12.57,4.09,992.3,68.7
2012-04-22 21:00:00,Maitri,-6.91,13.41,957.0,51.3
2012-04-22 22:00:00,Maitri,-14.97,14.69,968.3,48.0
2012-04-22 23:00:00,Maitri,-7.82,6.36,985.1,86.0
2012-04-23 00:00:00,Maitri,-11.55,15.86,971.0,39.0
2012-04-23 01:00:00,Maitri,-17.81,14.86,1006.2,23.7
2012-04-23 02:00:00,Maitri,-12.21,18.09,989.2,68.3
2012-04-23 03:00:00,Maitri,-20.05,6.02,995.2,52.9
2012-04-23 04:00:00,Maitri,-11.15,5.86,983.8,49.0
2012-04-23 05:00:00,Maitri,-10.03,14.25,971.3,95.0
2012-04-23 06:00:00,Maitri,-14.39,11.04,977.4,68.2
2012-04-23 07:00:00,Maitri,-11.66,11.65,986.2,57.2
2012-04-23 08:00:00,Maitri,-5.34,20.91,974.5,48.1
2012-04-23 09:00:00,Maitri,-12.74,3.66,992.2,64.2
2012-04-23 10:00:00,Maitri,-14.08,16.47,990.7,33.7
2012-04-23 11:00:00,Maitri,-5.58,14.87,982.8,50.8
2012-04-23 12:00:00,Maitri,-3.75,13.92,961.9,57.5
2012-04-23 13:00:00,Maitri,-9.84,17.28,1002.1,61.0
2012-04-23 14:00:00,Maitri,-6.55,8.93,981.2,56.0
2012-04-23 15:00:00,Maitri,-5.56,4.74,1015.4,48.3
2012-04-23 16:00:00,Maitri,-12.41,6.86,991.5,70.9
2012-04-23 17:00:00,Maitri,-11.87,6.32,981.6,34.9
2012-04-23 18:00:00,Maitri,-6.75,1.27,990.0,54.1
2012-04-23 19:00:00,Maitri,-5.73,13.93,959.7,50.7
2012-04-23 20:00:00,Maitri,-9.79,8.22,995.6,72.2
2012-04-23 21:00:00,Maitri,-14.87,9.02,1013.2,51.6
2012-04-23 22:00:00,Maitri,-6.13,7.13,959.9,64.1
2012-04-23 23:00:00,Maitri,-14.56,9.86,980.2,62.7
2012-04-24 00:00:00,Maitri,-14.37,22.63,980.4,32.3
2012-04-24 01:00:00,Maitri,-12.38,3.15,994.6,57.1
2012-04-24 02:00:00,Maitri,-8.56,24.96,1005.5,33.6
2012-04-24 03:00:00,Maitri,-10.74,11.42,987.7,62.9
2012-04-24 04:00:00,Maitri,-11.97,7.42,1008.5,47.8
2012-04-24 05:00:00,Maitri,-11.53,7.99,985.8,74.6
2012-04-24 06:00:00,Maitri,-12.5,5.6,989.4,55.5
2012-04-24 07:00:00,Maitri,-10.42,2.4,988.4,47.2
2012-04-24 08:00:00,Maitri,-19.83,4.99,998.3,74.8
2012-04-24 09:00:00,Maitri,-12.22,9.88,978.7,45.8
2012-04-24 10:00:00,Maitri,-10.06,8.57,993.1,70.5
2012-04-24 11:00:00,Maitri,-14.15,12.94,968.9,64.5
2012-04-24 12:00:00,Maitri,-8.94,7.17,980.7,52.9
2012-04-24 13:00:00,Maitri,-10.65,6.57,976.7,39.3
2012-04-24 14:00:00,Maitri,-4.32,29.71,981.6,75.4
2012-04-24 15:00:00,Maitri,-4.96,5.7,980.5,65.0
2012-04-24 16:00:00,Maitri,-11.67,5.93,997.1,47.2
2012-04-24 17:00:00,Maitri,-10.95,17.12,972.3,61.4
2012-04-24 18:00:00,Maitri,-11.07,14.84,962.9,72.1
2012-04-24 19:00:00,Maitri,-12.72,7.75,968.2,59.6
2012-04-24 20:00:00,Maitri,-11.11,15.53,994.1,61.3
2012-04-24 21:00:00,Maitri,-14.63,10.59,972.3,72.4
2012-04-24 22:00:00,Maitri,-16.25,7.22,988.5,79.5
2012-04-24 23:00:00,Maitri,-11.02,14.27,979.5,56.3
2012-04-25 00:00:00,Maitri,-11.42,9.98,993.0,39.3
2012-04-25 01:00:00,Maitri,-16.19,2.51,982.0,39.8
2012-04-25 02:00:00,Maitri,-10.81,14.28,1014.6,48.3
2012-04-25 03:00:00,Maitri,-15.64,9.13,1005.5,44.9
2012-04-25 04:00:00,Maitri,-12.63,21.65,978.1,34.4
2012-04-25 05:00:00,Maitri,-10.53,15.93,977.4,83.9
2012-04-25 06:00:00,Maitri,-12.89,11.08,1019.4,65.4
2012-04-25 07:00:00,Maitri,-10.89,7.89,971.4,50.7
2012-04-25 08:00:00,Maitri,-13.53,9.82,982.9,57.5
2012-04-25 09:00:00,Maitri,-12.04,5.51,984.4,33.0
2012-04-25 10:00:00,Maitri,-11.64,11.08,983.3,74.2
2012-04-25 11:00:00,Maitri,-13.0,22.55,961.6,30.7
2012-04-25 12:00:00,Maitri,-10.89,26.65,986.7,65.1
2012-04-25 13:00:00,Maitri,-15.1,18.97,971.0,32.3
2012-04-25 14:00:00,Maitri,-11.65,10.71,999.9,52.2
2012-04-25 15:00:00,Maitri,-11.05,3.64,967.7,75.4
2012-04-25 16:00:00,Maitri,-11.14,9.47,984.3,35.1
2012-04-25 17:00:00,Maitri,-11.38,16.52,957.0,55.9
2012-04-25 18:00:00,Maitri,-11.18,15.49,957.9,66.8
2012-04-25 19:00:00,Maitri,-9.88,8.94,974.0,64.5
2012-04-25 20:00:00,Maitri,-9.08,8.51,975.7,59.0
2012-04-25 21:00:00,Maitri,-14.43,12.36,1000.0,64.9
2012-04-25 22:00:00,Maitri,-16.63,10.18,983.0,49.4
2012-04-25 23:00:00,Maitri,-16.49,9.44,998.4,85.1
2012-04-26 00:00:00,Maitri,-15.14,9.17,979.3,35.5
2012-04-26 01:00:00,Maitri,-14.89,20.44,988.9,74.3
2012-04-26 02:00:00,Maitri,-16.29,5.03,975.9,60.7
2012-04-26 03:00:00,Maitri,-17.91,8.21,974.6,66.6
2012-04-26 04:00:00,Maitri,-15.04,8.5,962.8,69.1
2012-04-26 05:00:00,Maitri,-12.72,10.88,987.2,65.8
2012-04-26 06:00:00,Maitri,-11.02,9.99,986.5,46.6
2012-04-26 07:00:00,Maitri,-14.27,9.6,992.5,54.0
2012-04-26 08:00:00,Maitri,-13.35,5.25,986.7,37.7
2012-04-26 09:00:00,Maitri,-14.52,9.98,1006.8,53.8
2012-04-26 10:00:00,Maitri,-11.22,14.07,984.9,62.5
2012-04-26 11:00:00,Maitri,-13.47,11.1,994.7,66.5
2012-04-26 12:00:00,Maitri,-8.63,4.97,980.5,63.5
2012-04-26 13:00:00,Maitri,-16.0,10.48,973.0,33.4
2012-04-26 14:00:00,Maitri,-11.37,10.09,991.7,50.1
2012-04-26 15:00:00,Maitri,-9.32,8.01,982.8,48.7
2012-04-26 16:00:00,Maitri,-9.88,11.17,992.9,39.7
2012-04-26 17:00:00,Maitri,-2.13,6.7,988.1,46.3
2012-04-26 18:00:00,Maitri,-10.0,14.42,973.7,58.0
2012-04-26 19:00:00,Maitri,-14.77,25.76,993.5,77.8
2012-04-26 20:00:00,Maitri,-12.33,15.12,972.7,44.7
2012-04-26 21:00:00,Maitri,-18.17,6.03,991.3,42.2
2012-04-26 22:00:00,Maitri,-13.18,13.98,997.6,49.6
2012-04-26 23:00:00,Maitri,-15.96,15.96,978.2,62.7
2012-04-27 00:00:00,Maitri,-10.8,12.25,996.5,75.1
2012-04-27 01:00:00,Maitri,-15.66,12.97,987.6,56.8
2012-04-27 02:00:00,Maitri,-14.34,9.45,993.4,37.8
2012-04-27 03:00:00,Maitri,-15.94,4.46,974.7,40.7
2012-04-27 04:00:00,Maitri,-8.16,9.07,986.1,60.6
2012-04-27 05:00:00,Maitri,-14.47,5.47,968.0,71.9
2012-04-27 06:00:00,Maitri,-7.2,8.6,1003.4,83.4
2012-04-27 07:00:00,Maitri,-10.03,7.08,960.8,41.4
2012-04-27 08:00:00,Maitri,-10.62,5.23,980.1,60.0
2012-04-27 09:00:00,Maitri,-10.52,20.0,971.3,43.6
2012-04-27 10:00:00,Maitri,-10.01,9.87,991.3,45.4
2012-04-27 11:00:00,Maitri,-17.06,7.23,1006.0,44.2
2012-04-27 12:00:00,Maitri,-11.5,3.27,992.0,53.3
2012-04-27 13:00:00,Maitri,-7.72,15.5,1016.7,45.6
2012-04-27 14:00:00,Maitri,-10.52,11.31,967.5,92.7
2012-04-27 15:00:00,Maitri,-14.93,27.78,965.9,51.6
2012-04-27 16:00:00,Maitri,-10.78,6.36,973.8,71.8
2012-04-27 17:00:00,Maitri,-5.44,19.11,983.5,48.8
2012-04-27 18:00:00,Maitri,-7.28,9.07,971.8,89.3
2012-04-27 19:00:00,Maitri,-11.9,5.66,975.5,62.7
2012-04-27 20:00:00,Maitri,-9.12,7.74,991.0,69.7
2012-04-27 21:00:00,Maitri,-13.81,10.57,969.2,49.7
2012-04-27 22:00:00,Maitri,-18.52,7.24,970.9,71.7
2012-04-27 23:00:00,Maitri,-16.4,4.57,979.7,62.7
2012-04-28 00:00:00,Maitri,-8.87,5.53,980.7,52.7
2012-04-28 01:00:00,Maitri,-14.93,13.29,994.6,42.9
2012-04-28 02:00:00,Maitri,-14.89,5.08,973.9,54.7
2012-04-28 03:00:00,Maitri,-15.01,6.65,975.7,53.5
2012-04-28 04:00:00,Maitri,-7.78,5.2,990.9,70.2
2012-04-28 05:00:00,Maitri,-8.38,11.47,992.5,54.7
2012-04-28 06:00:00,Maitri,-6.11,35.33,996.1,31.1
2012-04-28 07:00:00,Maitri,-13.28,12.98,988.4,67.0
2012-04-28 08:00:00,Maitri,-11.36,6.18,985.6,76.1
2012-04-28 09:00:00,Maitri,-16.7,11.47,989.9,34.7
2012-04-28 10:00:00,Maitri,-6.68,6.42,981.0,83.3
2012-04-28 11:00:00,Maitri,-14.77,10.86,980.2,77.6
2012-04-28 12:00:00,Maitri,-10.06,21.32,961.4,49.2
2012-04-28 13:00:00,Maitri,-14.08,9.56,993.8,42.4
2012-04-28 14:00:00,Maitri,-12.39,11.93,985.6,72.7
2012-04-28 15:00:00,Maitri,-13.25,9.8,992.5,38.8
2012-04-28 16:00:00,Maitri,-12.7,16.26,950.2,48.6
2012-04-28 17:00:00,Maitri,-12.76,14.21,982.3,39.6
2012-04-28 18:00:00,Maitri,-13.16,7.95,974.0,58.1
2012-04-28 19:00:00,Maitri,-9.18,14.21,1000.1,78.5
2012-04-28 20:00:00,Maitri,-15.85,10.91,990.4,63.2
2012-04-28 21:00:00,Maitri,-12.07,7.57,986.6,72.3
2012-04-28 22:00:00,Maitri,-9.31,7.64,978.9,53.1
2012-04-28 23:00:00,Maitri,-15.23,10.72,988.0,59.4
2012-04-29 00:00:00,Maitri,-16.31,11.83,972.6,40.8
2012-04-29 01:00:00,Maitri,-14.93,8.94,982.5,56.6
2012-04-29 02:00:00,Maitri,-10.48,11.99,976.6,47.6
2012-04-29 03:00:00,Maitri,-13.57,6.07,1010.2,55.8
2012-04-29 04:00:00,Maitri,-15.71,4.94,1001.2,54.8
2012-04-29 05:00:00,Maitri,-12.18,3.61,996.7,53.6
2012-04-29 06:00:00,Maitri,-16.88,13.17,965.9,87.5
2012-04-29 07:00:00,Maitri,-10.74,3.38,994.4,82.7
2012-04-29 08:00:00,Maitri,-11.14,11.92,985.4,77.8
2012-04-29 09:00:00,Maitri,-12.97,7.3,998.0,83.1
2012-04-29 10:00:00,Maitri,-14.24,8.11,987.5,77.9
2012-04-29 11:00:00,Maitri,-14.02,8.18,983.7,57.7
2012-04-29 12:00:00,Maitri,-9.18,31.9,982.9,56.3
2012-04-29 13:00:00,Maitri,-6.78,6.77,963.2,61.3
2012-04-29 14:00:00,Maitri,-12.69,5.43,975.4,55.1
2012-04-29 15:00:00,Maitri,-9.25,24.97,985.5,43.4
2012-04-29 16:00:00,Maitri,-17.57,3.88,997.5,62.2
2012-04-29 17:00:00,Maitri,-13.05,4.51,978.0,36.1
2012-04-29 18:00:00,Maitri,-11.65,15.67,982.2,59.9
2012-04-29 19:00:00,Maitri,-14.9,12.15,964.8,44.1
2012-04-29 20:00:00,Maitri,-15.45,7.63,1000.6,56.9
2012-04-29 21:00:00,Maitri,-15.06,5.02,997.1,60.7
2012-04-29 22:00:00,Maitri,-12.42,2.3,992.2,53.1
2012-04-29 23:00:00,Maitri,-14.32,21.96,986.4,35.0
2012-04-30 00:00:00,Maitri,-21.32,14.23,1000.7,41.4
2012-04-30 01:00:00,Maitri,-21.12,20.66,972.6,64.4
2012-04-30 02:00:00,Maitri,-16.34,17.29,971.9,50.2
2012-04-30 03:00:00,Maitri,-12.87,12.51,995.3,65.9
2012-04-30 04:00:00,Maitri,-22.94,6.66,995.4,58.1
2012-04-30 05:00:00,Maitri,-15.47,5.03,970.5,55.2
2012-04-30 06:00:00,Maitri,-15.18,18.23,976.2,62.9
2012-04-30 07:00:00,Maitri,-8.62,7.31,1003.3,48.6
2012-04-30 08:00:00,Maitri,-13.83,5.22,989.0,63.6
2012-04-30 09:00:00,Maitri,-10.9,6.36,993.1,52.1
2012-04-30 10:00:00,Maitri,-11.24,18.85,968.8,93.5
2012-04-30 11:00:00,Maitri,-18.14,5.57,991.7,42.1
2012-04-30 12:00:00,Maitri,-8.58,7.65,967.5,53.0
2012-04-30 13:00:00,Maitri,-10.17,9.07,960.9,53.6
2012-04-30 14:00:00,Maitri,-9.17,11.07,991.7,39.1
2012-04-30 15:00:00,Maitri,1.71,5.29,1000.7,68.2
2012-04-30 16:00:00,Maitri,-17.7,8.9,980.7,52.0
2012-04-30 17:00:00,Maitri,-5.8,15.83,976.3,24.7
2012-04-30 18:00:00,Maitri,-12.61,27.81,1000.5,67.7
2012-04-30 19:00:00,Maitri,-11.21,4.69,982.1,49.1
2012-04-30 20:00:00,Maitri,-12.74,5.19,983.5,56.5
2012-04-30 21:00:00,Maitri,-14.42,5.69,1003.6,67.5
2012-04-30 22:00:00,Maitri,-15.32,13.71,978.9,52.9
2012-04-30 23:00:00,Maitri,-12.81,4.91,976.7,52.8
2012-05-01 00:00:00,Maitri,-19.15,8.71,993.1,92.5
2012-05-01 01:00:00,Maitri,-12.07,8.18,975.6,27.8
2012-05-01 02:00:00,Maitri,-15.87,29.16,979.0,40.0
2012-05-01 03:00:00,Maitri,-18.09,6.74,968.8,42.7
2012-05-01 04:00:00,Maitri,-15.73,6.49,986.2,83.0
2012-05-01 05:00:00,Maitri,-9.99,13.7,983.7,49.0
2012-05-01 06:00:00,Maitri,-15.35,11.45,994.4,61.4
2012-05-01 07:00:00,Maitri,-12.05,6.22,993.9,51.4
2012-05-01 08:00:00,Maitri,-15.07,19.58,988.4,66.4
2012-05-01 09:00:00,Maitri,-9.84,3.8,989.0,57.8
2012-05-01 10:00:00,Maitri,-9.64,9.24,982.8,61.5
2012-05-01 11:00:00,Maitri,-5.55,7.87,990.8,76.0
2012-05-01 12:00:00,Maitri,-11.74,8.78,970.9,64.2
2012-05-01 13:00:00,Maitri,-8.86,6.18,957.1,47.7
2012-05-01 14:00:00,Maitri,-10.62,8.89,997.0,62.4
2012-05-01 15:00:00,Maitri,-6.85,10.71,991.1,91.9
2012-05-01 16:00:00,Maitri,-13.48,1.63,983.3,65.9
2012-05-01 17:00:00,Maitri,-9.08,7.13,996.3,60.1
2012-05-01 18:00:00,Maitri,-12.46,5.72,975.7,38.8
2012-05-01 19:00:00,Maitri,-12.47,24.07,973.3,68.1
2012-05-01 20:00:00,Maitri,-12.44,12.27,973.5,70.2
2012-05-01 21:00:00,Maitri,-12.39,5.52,990.7,62.4
2012-05-01 22:00:00,Maitri,-14.01,6.9,965.8,59.6
2012-05-01 23:00:00,Maitri,-13.32,8.05,975.0,95.0
2012-05-02 00:00:00,Maitri,-9.38,6.8,987.3,70.0
2012-05-02 01:00:00,Maitri,-11.46,12.8,969.2,75.4
2012-05-02 02:00:00,Maitri,-11.89,21.81,974.1,58.9
2012-05-02 03:00:00,Maitri,-16.07,0.87,959.4,56.2
2012-05-02 04:00:00,Maitri,-17.28,7.75,990.8,66.8
2012-05-02 05:00:00,Maitri,-11.09,27.73,972.9,56.1
2012-05-02 06:00:00,Maitri,-10.97,7.94,971.2,57.3
2012-05-02 07:00:00,Maitri,-8.63,11.07,968.4,64.5
2012-05-02 08:00:00,Maitri,-14.81,1.98,979.9,50.8
2012-05-02 09:00:00,Maitri,-13.14,19.46,963.9,61.1
2012-05-02 10:00:00,Maitri,-17.22,4.63,1006.6,59.1
2012-05-02 11:00:00,Maitri,-12.86,12.1,955.8,71.5
2012-05-02 12:00:00,Maitri,-8.13,5.21,979.0,49.4
2012-05-02 13:00:00,Maitri,-12.63,1.25,986.0,30.0
2012-05-02 14:00:00,Maitri,-9.03,11.46,974.4,53.7
2012-05-02 15:00:00,Maitri,-11.75,14.42,985.3,63.6
2012-05-02 16:00:00,Maitri,-10.28,9.08,974.4,71.5
2012-05-02 17:00:00,Maitri,-15.28,4.25,1002.0,48.3
2012-05-02 18:00:00,Maitri,-11.7,30.78,967.5,65.6
2012-05-02 19:00:00,Maitri,-21.98,14.1,955.8,73.9
2012-05-02 20:00:00,Maitri,-13.47,10.45,968.5,68.5
2012-05-02 21:00:00,Maitri,-18.56,17.72,986.8,46.9
2012-05-02 22:00:00,Maitri,-9.92,6.8,982.6,48.4
2012-05-02 23:00:00,Maitri,-11.66,25.39,989.8,64.1
2012-05-03 00:00:00,Maitri,-13.08,14.25,988.6,80.8
2012-05-03 01:00:00,Maitri,-9.89,16.78,975.2,58.2
2012-05-03 02:00:00,Maitri,-17.85,7.66,978.2,55.7
2012-05-03 03:00:00,Maitri,-9.16,4.55,979.9,38.8
2012-05-03 04:00:00,Maitri,-11.59,10.54,1005.1,52.9
2012-05-03 05:00:00,Maitri,-15.05,6.99,991.9,48.0
2012-05-03 06:00:00,Maitri,-10.28,27.06,1002.7,58.4
2012-05-03 07:00:00,Maitri,-17.02,3.72,994.1,36.8
2012-05-03 08:00:00,Maitri,-15.65,20.4,981.2,53.4
2012-05-03 09:00:00,Maitri,-14.5,2.88,972.8,43.9
2012-05-03 10:00:00,Maitri,-13.81,5.2,986.5,71.2
2012-05-03 11:00:00,Maitri,-15.12,2.83,983.9,46.0
2012-05-03 12:00:00,Maitri,-7.54,6.81,982.9,50.0
2012-05-03 13:00:00,Maitri,-12.11,8.31,981.3,61.9
2012-05-03 14:00:00,Maitri,-10.09,6.27,960.5,51.6
2012-05-03 15:00:00,Maitri,-13.1,12.09,997.7,91.0
2012-05-03 16:00:00,Maitri,-17.28,8.35,983.2,71.0
2012-05-03 17:00:00,Maitri,-10.88,2.03,968.4,58.2
2012-05-03 18:00:00,Maitri,-18.23,5.01,989.8,63.2
2012-05-03 19:00:00,Maitri,-12.77,7.61,974.0,25.0
2012-05-03 20:00:00,Maitri,-17.39,17.29,988.9,75.2
2012-05-03 21:00:00,Maitri,-7.12,10.14,993.6,65.2
2012-05-03 22:00:00,Maitri,-11.0,7.03,995.7,57.0
2012-05-03 23:00:00,Maitri,-13.95,3.4,982.6,65.9
2012-05-04 00:00:00,Maitri,-10.67,10.41,978.7,67.6
2012-05-04 01:00:00,Maitri,-17.6,19.6,974.9,52.2
2012-05-04 02:00:00,Maitri,-13.22,7.82,975.5,63.3
2012-05-04 03:00:00,Maitri,-14.25,5.34,984.0,72.7
2012-05-04 04:00:00,Maitri,-13.87,13.16,980.6,64.4
2012-05-04 05:00:00,Maitri,-10.36,17.68,972.9,54.5
2012-05-04 06:00:00,Maitri,-11.71,8.49,970.6,62.2
2012-05-04 07:00:00,Maitri,-12.7,14.05,981.6,77.4
2012-05-04 08:00:00,Maitri,-18.45,7.26,978.9,69.0
2012-05-04 09:00:00,Maitri,-15.76,14.44,969.7,41.7
2012-05-04 10:00:00,Maitri,-12.65,20.15,991.5,66.2
2012-05-04 11:00:00,Maitri,-11.58,15.67,1003.0,64.4
2012-05-04 12:00:00,Maitri,-15.21,12.85,994.1,74.3
2012-05-04 13:00:00,Maitri,-3.7,23.91,973.1,58.5
2012-05-04 14:00:00,Maitri,-6.5,8.06,983.2,52.8
2012-05-04 15:00:00,Maitri,-9.49,12.85,1000.8,38.8
2012-05-04 16:00:00,Maitri,-11.37,8.23,970.3,48.3
2012-05-04 17:00:00,Maitri,-12.56,12.85,992.1,74.9
2012-05-04 18:00:00,Maitri,-15.3,14.13,966.2,60.8
2012-05-04 19:00:00,Maitri,-12.44,16.25,1001.9,56.6
2012-05-04 20:00:00,Maitri,-12.33,9.71,978.6,76.1
2012-05-04 21:00:00,Maitri,-17.59,2.49,1010.3,73.3
2012-05-04 22:00:00,Maitri,-12.99,8.33,1003.6,47.7
2012-05-04 23:00:00,Maitri,-14.92,13.85,981.7,74.8
2012-05-05 00:00:00,Maitri,-20.96,11.41,975.0,34.8
2012-05-05 01:00:00,Maitri,-17.78,12.4,985.4,64.4
2012-05-05 02:00:00,Maitri,-16.42,14.64,980.7,62.8
2012-05-05 03:00:00,Maitri,-8.99,4.55,979.7,74.1
2012-05-05 04:00:00,Maitri,-13.07,15.07,963.7,63.3
2012-05-05 05:00:00,Maitri,-18.84,24.57,975.4,54.6
2012-05-05 06:00:00,Maitri,-12.64,7.61,971.1,55.7
2012-05-05 07:00:00,Maitri,-18.71,16.44,988.9,95.0
2012-05-05 08:00:00,Maitri,-9.83,10.07,994.9,59.2
2012-05-05 09:00:00,Maitri,-14.33,12.21,991.7,66.4
2012-05-05 10:00:00,Maitri,-12.69,15.55,986.6,29.7
2012-05-05 11:00:00,Maitri,-7.78,11.38,973.5,46.4
2012-05-05 12:00:00,Maitri,-15.85,7.33,986.3,65.3
2012-05-05 13:00:00,Maitri,-16.02,11.68,992.4,35.4
2012-05-05 14:00:00,Maitri,-13.36,5.32,977.5,65.7
2012-05-05 15:00:00,Maitri,-8.23,3.45,985.9,47.8
2012-05-05 16:00:00,Maitri,-16.6,1.75,983.1,43.5
2012-05-05 17:00:00,Maitri,-21.08,20.88,1001.0,47.8
2012-05-05 18:00:00,Maitri,-13.84,12.57,992.9,79.4
2012-05-05 19:00:00,Maitri,-11.06,14.22,989.9,62.7
2012-05-05 20:00:00,Maitri,-9.45,11.0,963.6,45.3
2012-05-05 21:00:00,Maitri,-15.24,2.89,986.6,68.9
2012-05-05 22:00:00,Maitri,-15.51,20.07,980.2,69.6
2012-05-05 23:00:00,Maitri,-10.87,7.34,982.0,52.7
2012-05-06 00:00:00,Maitri,-20.97,1.9,966.7,71.4
2012-05-06 01:00:00,Maitri,-16.41,8.27,971.3,72.1
2012-05-06 02:00:00,Maitri,-14.62,18.71,981.4,69.9
2012-05-06 03:00:00,Maitri,-13.73,5.27,997.0,48.6
2012-05-06 04:00:00,Maitri,-16.62,7.83,977.0,41.5
2012-05-06 05:00:00,Maitri,-14.59,7.49,979.3,34.3
2012-05-06 06:00:00,Maitri,-22.29,5.16,1004.7,48.8
2012-05-06 07:00:00,Maitri,-16.0,10.18,980.1,52.9
2012-05-06 08:00:00,Maitri,-11.98,5.64,982.7,54.0
2012-05-06 09:00:00,Maitri,-16.11,20.56,980.6,57.3
2012-05-06 10:00:00,Maitri,-12.34,3.27,969.0,82.3
2012-05-06 11:00:00,Maitri,-10.73,4.15,991.0,53.2
2012-05-06 12:00:00,Maitri,-12.97,7.82,976.3,57.3
2012-05-06 13:00:00,Maitri,-11.15,9.49,983.2,32.6
2012-05-06 14:00:00,Maitri,-14.71,6.21,989.2,89.2
2012-05-06 15:00:00,Maitri,-12.35,14.77,1005.1,39.6
2012-05-06 16:00:00,Maitri,-9.92,8.51,968.6,48.1
2012-05-06 17:00:00,Maitri,-11.65,13.0,993.0,67.7
2012-05-06 18:00:00,Maitri,-14.41,19.72,992.0,61.4
2012-05-06 19:00:00,Maitri,-12.25,23.47,974.1,81.0
2012-05-06 20:00:00,Maitri,-11.14,7.94,990.7,68.1
2012-05-06 21:00:00,Maitri,-20.46,10.13,1002.4,56.9
2012-05-06 22:00:00,Maitri,-10.62,11.34,974.5,72.6
2012-05-06 23:00:00,Maitri,-15.78,8.1,986.6,74.3
2012-05-07 00:00:00,Maitri,-13.76,4.94,988.9,48.8
2012-05-07 01:00:00,Maitri,-11.47,17.02,988.6,71.5
2012-05-07 02:00:00,Maitri,-19.76,4.95,993.1,54.9
2012-05-07 03:00:00,Maitri,-17.58,17.97,984.2,56.6
2012-05-07 04:00:00,Maitri,-16.05,12.44,989.0,60.0
2012-05-07 05:00:00,Maitri,-17.35,11.09,972.9,52.7
2012-05-07 06:00:00,Maitri,-8.91,5.94,986.0,51.9
2012-05-07 07:00:00,Maitri,-16.77,2.3,979.2,71.8
2012-05-07 08:00:00,Maitri,-15.34,16.77,968.3,36.6
2012-05-07 09:00:00,Maitri,-12.45,5.89,978.3,43.1
2012-05-07 10:00:00,Maitri,-16.51,12.89,986.2,67.4
2012-05-07 11:00:00,Maitri,-13.56,13.29,988.0,57.0
2012-05-07 12:00:00,Maitri,-10.99,9.58,969.0,71.9
2012-05-07 13:00:00,Maitri,-12.89,11.17,972.5,63.0
2012-05-07 14:00:00,Maitri,-12.07,12.34,991.5,39.3
2012-05-07 15:00:00,Maitri,-13.52,10.63,989.2,58.9
2012-05-07 16:00:00,Maitri,-16.85,5.51,994.4,65.5
2012-05-07 17:00:00,Maitri,-11.26,3.29,1000.2,61.3
2012-05-07 18:00:00,Maitri,-7.05,6.25,990.2,51.4
2012-05-07 19:00:00,Maitri,-13.04,7.53,979.1,54.2
2012-05-07 20:00:00,Maitri,-12.85,20.32,983.3,50.2
2012-05-07 21:00:00,Maitri,-11.82,4.28,1003.4,39.4
2012-05-07 22:00:00,Maitri,-18.53,21.97,1013.5,37.5
2012-05-07 23:00:00,Maitri,-9.39,25.99,986.4,63.5
2012-05-08 00:00:00,Maitri,-14.61,6.39,990.2,45.8
2012-05-08 01:00:00,Maitri,-10.22,25.47,989.5,66.1
2012-05-08 02:00:00,Maitri,-17.85,8.74,984.0,49.7
2012-05-08 03:00:00,Maitri,-9.62,7.88,997.2,39.6
2012-05-08 04:00:00,Maitri,-12.78,20.33,993.5,52.3
2012-05-08 05:00:00,Maitri,-13.21,10.87,987.4,87.3
2012-05-08 06:00:00,Maitri,-13.85,9.93,979.9,56.7
2012-05-08 07:00:00,Maitri,-14.96,6.19,966.6,67.0
2012-05-08 08:00:00,Maitri,-9.86,6.55,992.4,60.4
2012-05-08 09:00:00,Maitri,-12.79,10.15,985.9,38.3
2012-05-08 10:00:00,Maitri,-19.1,20.32,973.5,78.3
2012-05-08 11:00:00,Maitri,-16.0,4.29,971.4,54.5
2012-05-08 12:00:00,Maitri,-12.74,9.03,991.3,39.7
2012-05-08 13:00:00,Maitri,-10.97,3.71,966.0,50.8
2012-05-08 14:00:00,Maitri,-12.08,5.98,987.5,55.1
2012-05-08 15:00:00,Maitri,-8.06,13.99,992.6,68.5
2012-05-08 16:00:00,Maitri,-18.39,5.25,990.5,48.5
2012-05-08 17:00:00,Maitri,-11.97,17.47,977.9,94.7
2012-05-08 18:00:00,Maitri,-18.62,5.24,969.8,44.9
2012-05-08 19:00:00,Maitri,-10.81,6.69,990.7,66.6
2012-05-08 20:00:00,Maitri,-14.0,2.5,998.4,30.4
2012-05-08 21:00:00,Maitri,-12.83,17.48,975.8,56.3
2012-05-08 22:00:00,Maitri,-17.37,16.05,988.4,63.1
2012-05-08 23:00:00,Maitri,-10.88,3.78,1002.6,42.3
2012-05-09 00:00:00,Maitri,-12.06,7.92,987.7,79.0
2012-05-09 01:00:00,Maitri,-13.71,7.5,979.3,64.1
2012-05-09 02:00:00,Maitri,-16.05,7.1,995.9,53.6
2012-05-09 03:00:00,Maitri,-13.72,26.1,972.6,63.9
2012-05-09 04:00:00,Maitri,-17.66,7.04,969.0,49.7
2012-05-09 05:00:00,Maitri,-12.37,5.43,993.5,75.5
2012-05-09 06:00:00,Maitri,-9.46,2.72,979.9,72.2
2012-05-09 07:00:00,Maitri,-10.88,5.62,980.5,63.2
2012-05-09 08:00:00,Maitri,-16.17,20.29,974.7,66.6
2012-05-09 09:00:00,Maitri,-12.21,10.8,977.9,37.3
2012-05-09 10:00:00,Maitri,-17.07,10.81,999.5,78.5
2012-05-09 11:00:00,Maitri,-10.73,5.84,1003.2,56.6
2012-05-09 12:00:00,Maitri,-10.84,18.51,1002.9,72.4
2012-05-09 13:00:00,Maitri,-18.08,13.02,995.6,68.5
2012-05-09 14:00:00,Maitri,-15.75,7.16,989.3,72.1
2012-05-09 15:00:00,Maitri,-13.0,4.91,967.8,43.3
2012-05-09 16:00:00,Maitri,-13.24,9.04,981.5,45.1
2012-05-09 17:00:00,Maitri,-16.43,5.18,1009.0,89.5
2012-05-09 18:00:00,Maitri,-11.69,8.4,978.7,36.7
2012-05-09 19:00:00,Maitri,-12.57,10.22,1000.9,42.6
2012-05-09 20:00:00,Maitri,-14.46,6.01,984.7,58.6
2012-05-09 21:00:00,Maitri,-16.72,1.57,954.0,58.6
2012-05-09 22:00:00,Maitri,-11.38,12.12,990.5,50.4
2012-05-09 23:00:00,Maitri,-9.81,6.13,998.6,66.6
2012-05-10 00:00:00,Maitri,-17.08,10.17,982.9,70.6
2012-05-10 01:00:00,Maitri,-17.67,8.63,997.9,57.7
2012-05-10 02:00:00,Maitri,-14.2,23.6,962.3,54.2
2012-05-10 03:00:00,Maitri,-16.85,9.52,967.6,57.7
2012-05-10 04:00:00,Maitri,-15.98,15.96,985.0,51.0
2012-05-10 05:00:00,Maitri,-12.88,7.4,989.4,34.2
2012-05-10 06:00:00,Maitri,-20.98,5.24,999.8,62.2
2012-05-10 07:00:00,Maitri,-10.22,12.44,990.5,68.7
2012-05-10 08:00:00,Maitri,-13.74,5.85,970.4,55.8
2012-05-10 09:00:00,Maitri,-14.82,14.36,985.3,26.3
2012-05-10 10:00:00,Maitri,-13.36,4.09,991.3,50.0
2012-05-10 11:00:00,Maitri,-12.82,11.49,961.7,70.7
2012-05-10 12:00:00,Maitri,-17.95,9.36,983.1,37.9
2012-05-10 13:00:00,Maitri,-7.45,21.07,978.0,67.7
2012-05-10 14:00:00,Maitri,-12.04,12.18,975.6,51.8
2012-05-10 15:00:00,Maitri,-10.81,8.72,989.4,57.7
2012-05-10 16:00:00,Maitri,-9.37,15.0,969.5,48.4
2012-05-10 17:00:00,Maitri,-15.97,1.55,989.6,42.1
2012-05-10 18:00:00,Maitri,-11.56,13.08,989.5,78.1
2012-05-10 19:00:00,Maitri,-14.36,13.76,995.4,69.4
2012-05-10 20:00:00,Maitri,-11.26,14.67,969.9,67.0
2012-05-10 21:00:00,Maitri,-21.24,14.07,965.6,70.7
2012-05-10 22:00:00,Maitri,-15.19,12.77,986.3,65.0
2012-05-10 23:00:00,Maitri,-17.17,7.61,980.6,71.2
2012-05-11 00:00:00,Maitri,-14.28,10.35,1016.8,48.7
2012-05-11 01:00:00,Maitri,-14.34,6.36,989.3,77.3
2012-05-11 02:00:00,Maitri,-18.17,5.5,984.8,76.0
2012-05-11 03:00:00,Maitri,-18.12,7.81,981.8,63.3
2012-05-11 04:00:00,Maitri,-16.02,8.43,969.7,54.0
2012-05-11 05:00:00,Maitri,-18.25,11.83,989.7,40.9
2012-05-11 06:00:00,Maitri,-12.31,19.23,981.2,61.2
2012-05-11 07:00:00,Maitri,-15.75,15.79,981.7,81.6
2012-05-11 08:00:00,Maitri,-23.41,11.28,984.4,41.7
2012-05-11 09:00:00,Maitri,-14.84,17.89,984.9,72.3
2012-05-11 10:00:00,Maitri,-16.53,9.57,963.6,51.4
2012-05-11 11:00:00,Maitri,-18.05,12.88,992.7,52.6
2012-05-11 12:00:00,Maitri,-16.5,7.63,974.1,41.5
2012-05-11 13:00:00,Maitri,-12.01,9.43,982.0,47.5
2012-05-11 14:00:00,Maitri,-8.05,8.08,998.6,67.1
2012-05-11 15:00:00,Maitri,-11.36,3.09,1005.0,68.8
2012-05-11 16:00:00,Maitri,-14.49,3.14,965.0,61.3
2012-05-11 17:00:00,Maitri,-11.37,3.81,984.8,51.0
2012-05-11 18:00:00,Maitri,-14.67,11.33,986.4,42.6
2012-05-11 19:00:00,Maitri,-15.86,19.47,964.7,58.9
2012-05-11 20:00:00,Maitri,-17.8,17.86,991.6,52.9
2012-05-11 21:00:00,Maitri,-20.17,3.0,985.9,61.0
2012-05-11 22:00:00,Maitri,-16.25,12.96,985.3,53.5
2012-05-11 23:00:00,Maitri,-14.87,6.83,973.4,53.9
2012-05-12 00:00:00,Maitri,-16.1,5.4,988.9,60.2
2012-05-12 01:00:00,Maitri,-17.3,10.16,993.1,62.9
2012-05-12 02:00:00,Maitri,-19.06,6.72,985.5,75.1
2012-05-12 03:00:00,Maitri,-14.03,3.58,978.6,53.3
2012-05-12 04:00:00,Maitri,-20.01,4.87,979.3,65.6
2012-05-12 05:00:00,Maitri,-13.02,7.59,986.4,83.3
2012-05-12 06:00:00,Maitri,-18.34,19.1,982.7,66.0
2012-05-12 07:00:00,Maitri,-17.11,2.81,995.0,74.3
2012-05-12 08:00:00,Maitri,-18.93,4.19,978.8,49.3
2012-05-12 09:00:00,Maitri,-15.37,7.99,969.8,47.9
2012-05-12 10:00:00,Maitri,-10.21,5.78,988.3,55.8
2012-05-12 11:00:00,Maitri,-11.31,12.09,977.7,57.3
2012-05-12 12:00:00,Maitri,-9.55,8.13,992.8,73.0
2012-05-12 13:00:00,Maitri,-10.83,3.53,984.6,47.8
2012-05-12 14:00:00,Maitri,-15.97,6.81,991.5,56.8
2012-05-12 15:00:00,Maitri,-13.55,10.42,971.8,73.0
2012-05-12 16:00:00,Maitri,-15.17,13.79,984.6,61.0
2012-05-12 17:00:00,Maitri,-8.7,4.16,976.3,57.8
2012-05-12 18:00:00,Maitri,-17.16,10.82,969.3,61.3
2012-05-12 19:00:00,Maitri,-10.91,7.72,973.9,42.2
2012-05-12 20:00:00,Maitri,-11.38,17.77,976.1,42.0
2012-05-12 21:00:00,Maitri,-8.85,6.87,998.3,35.8
2012-05-12 22:00:00,Maitri,-16.45,3.59,977.9,60.9
2012-05-12 23:00:00,Maitri,-13.23,6.04,969.5,70.9
2012-05-13 00:00:00,Maitri,-8.62,2.19,986.2,68.7
2012-05-13 01:00:00,Maitri,-18.08,2.37,985.0,74.0
2012-05-13 02:00:00,Maitri,-21.08,2.8,978.9,78.4
2012-05-13 03:00:00,Maitri,-22.12,12.15,981.3,60.0
2012-05-13 04:00:00,Maitri,-13.64,11.36,994.5,57.1
2012-05-13 05:00:00,Maitri,-21.66,12.54,990.8,78.7
2012-05-13 06:00:00,Maitri,-16.46,6.42,990.8,48.2
2012-05-13 07:00:00,Maitri,-13.43,4.95,970.6,41.5
2012-05-13 08:00:00,Maitri,-13.77,28.5,1013.9,53.3
2012-05-13 09:00:00,Maitri,-12.54,10.07,995.6,51.6
2012-05-13 10:00:00,Maitri,-12.75,4.57,990.3,58.7
2012-05-13 11:00:00,Maitri,-9.0,20.57,968.5,46.1
2012-05-13 12:00:00,Maitri,-15.85,18.9,993.1,63.2
2012-05-13 13:00:00,Maitri,-14.79,13.3,977.2,50.0
2012-05-13 14:00:00,Maitri,-15.04,8.37,981.5,75.2
2012-05-13 15:00:00,Maitri,-9.97,5.43,964.9,41.3
2012-05-13 16:00:00,Maitri,-9.93,7.04,969.7,56.0
2012-05-13 17:00:00,Maitri,-11.65,17.44,987.4,53.3
2012-05-13 18:00:00,Maitri,-9.68,5.88,995.7,61.2
2012-05-13 19:00:00,Maitri,-17.67,4.04,992.3,71.0
2012-05-13 20:00:00,Maitri,-9.03,13.17,990.5,61.7
2012-05-13 21:00:00,Maitri,-9.96,9.04,982.9,56.2
2012-05-13 22:00:00,Maitri,-12.91,6.02,979.4,67.7
2012-05-13 23:00:00,Maitri,-9.94,6.38,987.4,69.8
2012-05-14 00:00:00,Maitri,-21.35,1.97,994.2,61.8
2012-05-14 01:00:00,Maitri,-17.91,6.66,984.1,63.4
2012-05-14 02:00:00,Maitri,-18.65,16.53,996.4,67.1
2012-05-14 03:00:00,Maitri,-13.92,4.99,981.8,35.0
2012-05-14 04:00:00,Maitri,-19.41,31.1,969.1,53.1
2012-05-14 05:00:00,Maitri,-13.34,9.16,983.5,63.3
2012-05-14 06:00:00,Maitri,-11.01,3.38,985.7,53.9
2012-05-14 07:00:00,Maitri,-12.74,0.36,984.0,54.0
2012-05-14 08:00:00,Maitri,-13.59,10.61,998.1,63.2
2012-05-14 09:00:00,Maitri,-17.19,4.98,993.5,63.6
2012-05-14 10:00:00,Maitri,-16.3,13.35,966.5,64.5
2012-05-14 11:00:00,Maitri,-9.22,18.09,999.9,46.9
2012-05-14 12:00:00,Maitri,-10.44,14.91,951.2,38.2
2012-05-14 13:00:00,Maitri,-12.88,14.71,1007.5,69.3
2012-05-14 14:00:00,Maitri,-14.03,7.05,980.6,47.6
2012-05-14 15:00:00,Maitri,-19.24,5.08,982.1,46.6
2012-05-14 16:00:00,Maitri,-16.36,12.46,982.4,45.4
2012-05-14 17:00:00,Maitri,-7.11,5.34,988.6,74.1
2012-05-14 18:00:00,Maitri,-17.69,7.2,983.9,61.0
2012-05-14 19:00:00,Maitri,-13.42,5.47,982.6,62.8
2012-05-14 20:00:00,Maitri,-11.27,5.91,999.2,67.7
2012-05-14 21:00:00,Maitri,-18.98,13.03,989.5,57.4
2012-05-14 22:00:00,Maitri,-14.8,5.68,973.1,72.2
2012-05-14 23:00:00,Maitri,-12.77,13.17,991.5,41.2
2012-05-15 00:00:00,Maitri,-16.14,18.04,988.3,42.8
2012-05-15 01:00:00,Maitri,-7.18,6.53,977.7,42.0
2012-05-15 02:00:00,Maitri,-21.76,4.45,993.4,63.9
2012-05-15 03:00:00,Maitri,-12.97,16.02,980.8,65.1
2012-05-15 04:00:00,Maitri,-16.73,11.01,980.8,51.4
2012-05-15 05:00:00,Maitri,-13.43,5.58,981.3,54.7
2012-05-15 06:00:00,Maitri,-14.11,7.44,956.0,75.8
2012-05-15 07:00:00,Maitri,-17.43,11.56,977.2,48.3
2012-05-15 08:00:00,Maitri,-13.89,3.07,992.7,62.1
2012-05-15 09:00:00,Maitri,-20.1,22.32,981.4,48.4
2012-05-15 10:00:00,Maitri,-11.79,15.27,967.9,73.3
2012-05-15 11:00:00,Maitri,-12.4,9.27,994.7,66.8
2012-05-15 12:00:00,Maitri,-11.02,21.69,978.3,38.4
2012-05-15 13:00:00,Maitri,-9.5,19.7,968.0,54.3
2012-05-15 14:00:00,Maitri,-11.65,8.17,1009.1,28.9
2012-05-15 15:00:00,Maitri,-12.41,7.78,971.7,70.6
2012-05-15 16:00:00,Maitri,-15.88,7.98,993.9,86.7
2012-05-15 17:00:00,Maitri,-15.63,12.69,974.2,27.5
2012-05-15 18:00:00,Maitri,-9.93,12.12,984.7,38.0
2012-05-15 19:00:00,Maitri,-9.56,2.36,974.3,60.3
2012-05-15 20:00:00,Maitri,-15.38,11.64,969.0,57.7
2012-05-15 21:00:00,Maitri,-14.94,11.6,989.3,52.2
2012-05-15 22:00:00,Maitri,-18.42,8.03,988.5,33.7
2012-05-15 23:00:00,Maitri,-12.14,9.61,996.7,62.5
2012-05-16 00:00:00,Maitri,-14.18,2.73,984.2,70.4
2012-05-16 01:00:00,Maitri,-10.28,3.96,1009.9,95.0
2012-05-16 02:00:00,Maitri,-19.36,5.33,987.3,76.3
2012-05-16 03:00:00,Maitri,-17.7,12.79,989.6,39.8
2012-05-16 04:00:00,Maitri,-15.57,18.53,966.6,57.8
2012-05-16 05:00:00,Maitri,-13.95,12.31,976.1,66.3
2012-05-16 06:00:00,Maitri,-16.34,9.92,989.5,48.4
2012-05-16 07:00:00,Maitri,-18.01,13.91,981.9,68.9
2012-05-16 08:00:00,Maitri,-11.93,1.21,987.0,67.8
2012-05-16 09:00:00,Maitri,-11.98,17.68,973.0,75.3
2012-05-16 10:00:00,Maitri,-16.78,8.52,985.1,69.2
2012-05-16 11:00:00,Maitri,-9.14,16.43,983.9,62.0
2012-05-16 12:00:00,Maitri,-9.45,13.4,969.4,49.1
2012-05-16 13:00:00,Maitri,-12.58,5.57,991.6,39.9
2012-05-16 14:00:00,Maitri,-12.7,10.67,963.8,61.1
2012-05-16 15:00:00,Maitri,-11.24,5.9,986.2,52.3
2012-05-16 16:00:00,Maitri,-15.95,12.05,1003.5,53.7
2012-05-16 17:00:00,Maitri,-13.38,23.83,989.3,73.7
2012-05-16 18:00:00,Maitri,-20.74,12.08,990.9,77.2
2012-05-16 19:00:00,Maitri,-11.48,5.41,973.9,40.7
2012-05-16 20:00:00,Maitri,-19.75,15.29,1003.1,55.1
2012-05-16 21:00:00,Maitri,-10.4,5.21,1000.1,51.9
2012-05-16 22:00:00,Maitri,-16.71,18.11,972.6,62.4
2012-05-16 23:00:00,Maitri,-16.7,4.59,978.9,26.3
2012-05-17 00:00:00,Maitri,-18.44,16.76,996.9,37.5
2012-05-17 01:00:00,Maitri,-17.54,6.65,1004.7,56.4
2012-05-17 02:00:00,Maitri,-12.14,12.81,968.5,69.0
2012-05-17 03:00:00,Maitri,-24.58,15.38,971.2,59.1
2012-05-17 04:00:00,Maitri,-12.35,10.59,981.8,67.4
2012-05-17 05:00:00,Maitri,-15.07,7.14,959.0,60.8
2012-05-17 06:00:00,Maitri,-19.64,10.83,983.6,75.9
2012-05-17 07:00:00,Maitri,-18.78,8.52,997.4,78.8
2012-05-17 08:00:00,Maitri,-9.51,9.44,967.0,47.4
2012-05-17 09:00:00,Maitri,-17.44,3.07,986.0,70.4
2012-05-17 10:00:00,Maitri,-17.67,13.69,976.3,65.1
2012-05-17 11:00:00,Maitri,-9.96,10.41,1002.3,93.1
2012-05-17 12:00:00,Maitri,-12.23,2.51,978.1,46.8
2012-05-17 13:00:00,Maitri,-16.14,7.43,1001.4,56.4
2012-05-17 14:00:00,Maitri,-12.38,1.8,977.9,43.5
2012-05-17 15:00:00,Maitri,-16.42,9.57,992.4,44.4
2012-05-17 16:00:00,Maitri,-9.79,12.59,986.0,63.4
2012-05-17 17:00:00,Maitri,-10.21,6.04,982.5,60.9
2012-05-17 18:00:00,Maitri,-12.27,5.75,975.0,65.6
2012-05-17 19:00:00,Maitri,-13.25,7.19,987.6,65.3
2012-05-17 20:00:00,Maitri,-9.24,5.73,979.1,54.7
2012-05-17 21:00:00,Maitri,-15.34,5.07,976.3,54.6
2012-05-17 22:00:00,Maitri,-19.56,2.22,1001.6,44.4
2012-05-17 23:00:00,Maitri,-14.71,5.61,990.5,48.2
2012-05-18 00:00:00,Maitri,-9.88,3.14,991.9,57.2
2012-05-18 01:00:00,Maitri,-19.99,17.64,977.9,60.8
2012-05-18 02:00:00,Maitri,-17.96,19.43,979.9,68.0
2012-05-18 03:00:00,Maitri,-15.41,12.16,980.3,66.5
2012-05-18 04:00:00,Maitri,-16.73,17.15,986.3,79.8
2012-05-18 05:00:00,Maitri,-19.42,5.3,991.6,44.4
2012-05-18 06:00:00,Maitri,-12.31,12.52,982.8,54.7
2012-05-18 07:00:00,Maitri,-8.04,12.33,974.0,45.6
2012-05-18 08:00:00,Maitri,-14.37,10.93,992.1,75.9
2012-05-18 09:00:00,Maitri,-17.43,7.06,984.3,51.0
2012-05-18 10:00:00,Maitri,-19.06,9.16,967.1,74.2
2012-05-18 11:00:00,Maitri,-12.9,10.68,958.8,78.3
2012-05-18 12:00:00,Maitri,-9.91,10.53,986.8,63.8
2012-05-18 13:00:00,Maitri,-11.74,4.86,974.7,62.1
2012-05-18 14:00:00,Maitri,-13.21,18.76,987.1,58.5
2012-05-18 15:00:00,Maitri,-15.15,9.6,974.6,53.6
2012-05-18 16:00:00,Maitri,-16.94,14.2,984.4,51.9
2012-05-18 17:00:00,Maitri,-11.06,6.44,979.7,55.9
2012-05-18 18:00:00,Maitri,-11.18,12.06,1003.3,83.5
2012-05-18 19:00:00,Maitri,-19.48,10.0,994.4,43.4
2012-05-18 20:00:00,Maitri,-9.91,5.21,999.7,60.9
2012-05-18 21:00:00,Maitri,-13.63,9.24,983.9,68.0
2012-05-18 22:00:00,Maitri,-11.42,7.6,993.3,54.0
2012-05-18 23:00:00,Maitri,-20.57,8.1,984.8,63.8
2012-05-19 00:00:00,Maitri,-21.05,15.66,999.6,36.9
2012-05-19 01:00:00,Maitri,-17.34,8.61,982.9,76.6
2012-05-19 02:00:00,Maitri,-15.31,15.12,966.7,73.8
2012-05-19 03:00:00,Maitri,-11.11,12.73,960.1,56.6
2012-05-19 04:00:00,Maitri,-14.42,9.85,1002.7,45.7
2012-05-19 05:00:00,Maitri,-17.17,16.17,988.1,69.1
2012-05-19 06:00:00,Maitri,-19.31,15.45,988.9,41.9
2012-05-19 07:00:00,Maitri,-11.65,9.87,1000.7,43.9
2012-05-19 08:00:00,Maitri,-18.21,10.31,964.5,57.2
2012-05-19 09:00:00,Maitri,-9.45,16.27,978.4,79.3
2012-05-19 10:00:00,Maitri,-15.13,13.2,980.3,67.0
2012-05-19 11:00:00,Maitri,-8.76,18.65,990.7,48.9
2012-05-19 12:00:00,Maitri,-11.39,8.5,975.8,34.5
2012-05-19 13:00:00,Maitri,-13.82,4.3,970.5,58.6
2012-05-19 14:00:00,Maitri,-14.99,5.92,970.2,61.5
2012-05-19 15:00:00,Maitri,-14.48,2.37,997.9,57.0
2012-05-19 16:00:00,Maitri,-12.19,5.67,975.6,83.3
2012-05-19 17:00:00,Maitri,-13.6,13.12,976.7,56.2
2012-05-19 18:00:00,Maitri,-16.12,8.59,991.0,26.1
2012-05-19 19:00:00,Maitri,-15.19,5.18,976.2,52.3
2012-05-19 20:00:00,Maitri,-14.87,6.54,964.4,64.4
2012-05-19 21:00:00,Maitri,-22.4,10.94,965.2,63.4
2012-05-19 22:00:00,Maitri,-14.56,6.75,983.3,55.5
2012-05-19 23:00:00,Maitri,-19.53,8.01,989.5,53.2
2012-05-20 00:00:00,Maitri,-20.49,3.22,982.2,30.0
2012-05-20 01:00:00,Maitri,-22.38,17.42,987.3,59.2
2012-05-20 02:00:00,Maitri,-22.79,18.82,963.6,53.3
2012-05-20 03:00:00,Maitri,-21.32,5.37,966.4,61.5
2012-05-20 04:00:00,Maitri,-19.07,7.43,1009.8,64.9
2012-05-20 05:00:00,Maitri,-10.27,2.15,998.9,75.4
2012-05-20 06:00:00,Maitri,-17.83,16.62,991.4,44.6
2012-05-20 07:00:00,Maitri,-15.14,3.89,976.8,39.9
2012-05-20 08:00:00,Maitri,-13.96,8.99,980.9,50.0
2012-05-20 09:00:00,Maitri,-14.36,4.67,984.3,47.7
2012-05-20 10:00:00,Maitri,-14.59,9.12,998.7,46.4
2012-05-20 11:00:00,Maitri,-17.8,14.86,987.4,78.2
2012-05-20 12:00:00,Maitri,-9.04,12.69,989.1,60.1
2012-05-20 13:00:00,Maitri,-7.72,13.23,981.1,85.6
2012-05-20 14:00:00,Maitri,-18.83,3.59,993.6,58.0
2012-05-20 15:00:00,Maitri,-16.78,8.85,987.1,41.6
2012-05-20 16:00:00,Maitri,-14.58,25.41,981.7,46.7
2012-05-20 17:00:00,Maitri,-17.06,10.56,974.9,72.3
2012-05-20 18:00:00,Maitri,-12.73,9.32,982.3,42.1
2012-05-20 19:00:00,Maitri,-17.11,7.82,971.4,65.8
2012-05-20 20:00:00,Maitri,-8.32,9.99,983.0,53.0
2012-05-20 21:00:00,Maitri,-11.9,9.1,984.7,45.0
2012-05-20 22:00:00,Maitri,-15.46,22.97,953.9,77.4
2012-05-20 23:00:00,Maitri,-13.23,14.34,980.2,49.8
2012-05-21 00:00:00,Maitri,-13.39,8.46,970.2,46.4
2012-05-21 01:00:00,Maitri,-18.91,13.94,988.6,56.9
2012-05-21 02:00:00,Maitri,-19.78,5.65,991.5,50.9
2012-05-21 03:00:00,Maitri,-16.85,9.01,978.7,89.0
2012-05-21 04:00:00,Maitri,-14.17,6.75,990.3,72.8
2012-05-21 05:00:00,Maitri,-16.19,13.41,989.8,49.7
2012-05-21 06:00:00,Maitri,-21.31,8.63,981.1,51.3
2012-05-21 07:00:00,Maitri,-18.4,9.91,1001.2,29.7
2012-05-21 08:00:00,Maitri,-15.6,8.23,975.4,59.9
2012-05-21 09:00:00,Maitri,-15.14,11.23,1000.2,47.5
2012-05-21 10:00:00,Maitri,-8.15,13.53,980.4,59.2
2012-05-21 11:00:00,Maitri,-18.53,18.85,972.5,30.5
2012-05-21 12:00:00,Maitri,-12.19,7.77,979.8,57.6
2012-05-21 13:00:00,Maitri,-8.86,4.85,971.6,81.8
2012-05-21 14:00:00,Maitri,-6.3,11.58,992.3,58.8
2012-05-21 15:00:00,Maitri,-14.92,4.04,966.0,47.2
2012-05-21 16:00:00,Maitri,-12.23,7.63,999.8,57.7
2012-05-21 17:00:00,Maitri,-12.27,3.31,973.7,57.1
2012-05-21 18:00:00,Maitri,-13.84,36.57,989.1,88.7
2012-05-21 19:00:00,Maitri,-15.22,17.51,982.7,53.3
2012-05-21 20:00:00,Maitri,-13.97,16.6,985.6,41.2
2012-05-21 21:00:00,Maitri,-23.93,19.38,975.3,58.3
2012-05-21 22:00:00,Maitri,-14.08,15.59,986.7,60.7
2012-05-21 23:00:00,Maitri,-16.23,10.6,985.0,65.9
2012-05-22 00:00:00,Maitri,-17.76,10.78,966.6,68.6
2012-05-22 01:00:00,Maitri,-10.67,18.34,971.2,85.4
2012-05-22 02:00:00,Maitri,-19.44,19.02,975.9,49.7
2012-05-22 03:00:00,Maitri,-18.51,5.14,975.5,48.4
2012-05-22 04:00:00,Maitri,-10.67,8.48,998.1,32.0
2012-05-22 05:00:00,Maitri,-19.42,9.71,983.6,67.3
2012-05-22 06:00:00,Maitri,-18.14,15.86,973.7,45.6
2012-05-22 07:00:00,Maitri,-16.42,5.68,978.5,70.5
2012-05-22 08:00:00,Maitri,-12.79,5.28,978.4,51.1
2012-05-22 09:00:00,Maitri,-14.35,3.82,981.1,82.2
2012-05-22 10:00:00,Maitri,-18.72,6.83,971.6,37.9
2012-05-22 11:00:00,Maitri,-15.91,7.57,974.5,72.3
2012-05-22 12:00:00,Maitri,-15.87,21.34,990.6,70.7
2012-05-22 13:00:00,Maitri,-13.99,14.85,984.9,65.4
2012-05-22 14:00:00,Maitri,-12.32,15.85,980.9,42.4
2012-05-22 15:00:00,Maitri,-12.41,4.74,984.3,65.4
2012-05-22 16:00:00,Maitri,-19.61,8.18,983.2,59.8
2012-05-22 17:00:00,Maitri,-10.81,13.81,980.5,32.4
2012-05-22 18:00:00,Maitri,-13.78,10.12,989.4,79.8
2012-05-22 19:00:00,Maitri,-10.59,12.49,988.2,53.2
2012-05-22 20:00:00,Maitri,-14.06,3.86,966.3,78.7
2012-05-22 21:00:00,Maitri,-12.43,9.88,982.0,57.1
2012-05-22 22:00:00,Maitri,-14.89,14.24,965.5,71.8
2012-05-22 23:00:00,Maitri,-12.45,4.85,991.6,46.0
2012-05-23 00:00:00,Maitri,-15.49,2.69,993.4,61.0
2012-05-23 01:00:00,Maitri,-17.65,4.72,977.3,60.0
2012-05-23 02:00:00,Maitri,-10.13,18.21,980.9,53.5
2012-05-23 03:00:00,Maitri,-14.5,4.24,960.1,45.8
2012-05-23 04:00:00,Maitri,-15.32,9.42,994.8,18.0
2012-05-23 05:00:00,Maitri,-20.96,2.61,992.8,46.2
2012-05-23 06:00:00,Maitri,-20.62,5.28,997.4,67.8
2012-05-23 07:00:00,Maitri,-15.13,10.49,1000.5,38.5
2012-05-23 08:00:00,Maitri,-15.14,9.3,969.5,41.4
2012-05-23 09:00:00,Maitri,-17.1,16.63,992.7,37.9
2012-05-23 10:00:00,Maitri,-14.25,11.77,1000.2,60.9
2012-05-23 11:00:00,Maitri,-9.25,4.85,967.1,45.5
2012-05-23 12:00:00,Maitri,-11.82,8.11,981.8,75.1
2012-05-23 13:00:00,Maitri,-17.51,7.13,979.8,68.3
2012-05-23 14:00:00,Maitri,-14.16,1.79,994.6,60.8
2012-05-23 15:00:00,Maitri,-16.44,21.65,954.2,62.3
2012-05-23 16:00:00,Maitri,-15.28,9.55,1004.5,47.3
2012-05-23 17:00:00,Maitri,-15.65,10.57,982.1,47.3
2012-05-23 18:00:00,Maitri,-16.23,13.57,993.5,68.0
2012-05-23 19:00:00,Maitri,-19.15,13.67,982.3,70.8
2012-05-23 20:00:00,Maitri,-16.01,14.5,988.5,67.8
2012-05-23 21:00:00,Maitri,-17.86,7.38,957.2,51.4
2012-05-23 22:00:00,Maitri,-25.88,6.85,979.5,52.5
2012-05-23 23:00:00,Maitri,-10.31,16.99,992.2,45.0
2012-05-24 00:00:00,Maitri,-13.79,21.95,985.0,68.8
2012-05-24 01:00:00,Maitri,-18.66,2.61,965.8,30.5
2012-05-24 02:00:00,Maitri,-17.46,16.64,983.2,27.1
2012-05-24 03:00:00,Maitri,-21.21,8.11,974.4,29.9
2012-05-24 04:00:00,Maitri,-11.85,8.94,973.2,28.0
2012-05-24 05:00:00,Maitri,-10.92,1.22,967.3,77.0
2012-05-24 06:00:00,Maitri,-16.12,9.42,990.7,69.0
2012-05-24 07:00:00,Maitri,-12.91,6.51,996.8,41.2
2012-05-24 08:00:00,Maitri,-15.16,1.64,1009.1,56.5
2012-05-24 09:00:00,Maitri,-19.53,17.93,965.4,78.5
2012-05-24 10:00:00,Maitri,-16.14,10.5,992.2,65.0
2012-05-24 11:00:00,Maitri,-14.02,11.44,992.9,87.6
2012-05-24 12:00:00,Maitri,-15.61,17.84,975.6,56.4
2012-05-24 13:00:00,Maitri,-14.68,13.81,972.4,48.8
2012-05-24 14:00:00,Maitri,-14.21,3.74,972.0,42.9
2012-05-24 15:00:00,Maitri,-14.24,15.62,976.6,58.3
2012-05-24 16:00:00,Maitri,-13.99,3.07,986.9,71.1
2012-05-24 17:00:00,Maitri,-17.84,13.21,998.7,59.4
2012-05-24 18:00:00,Maitri,-17.11,24.53,994.0,53.0
2012-05-24 19:00:00,Maitri,-19.36,13.28,964.4,75.6
2012-05-24 20:00:00,Maitri,-12.59,7.57,974.8,65.4
2012-05-24 21:00:00,Maitri,-22.92,24.06,996.3,56.4
2012-05-24 22:00:00,Maitri,-12.93,10.48,975.0,47.3
2012-05-24 23:00:00,Maitri,-12.55,4.95,983.6,54.4
2012-05-25 00:00:00,Maitri,-18.36,6.19,964.5,64.6
2012-05-25 01:00:00,Maitri,-25.9,6.05,997.4,47.1
2012-05-25 02:00:00,Maitri,-18.79,27.2,958.9,40.7
2012-05-25 03:00:00,Maitri,-17.78,13.15,964.1,51.3
2012-05-25 04:00:00,Maitri,-20.62,13.42,995.1,57.3
2012-05-25 05:00:00,Maitri,-18.75,12.16,1005.3,77.1
2012-05-25 06:00:00,Maitri,-11.84,10.94,980.0,41.8
2012-05-25 07:00:00,Maitri,-14.17,6.91,983.4,61.2
2012-05-25 08:00:00,Maitri,-18.79,4.19,994.8,54.1
2012-05-25 09:00:00,Maitri,-20.48,11.54,986.6,54.8
2012-05-25 10:00:00,Maitri,-15.98,23.66,977.2,79.6
2012-05-25 11:00:00,Maitri,-15.24,11.19,977.7,59.1
2012-05-25 12:00:00,Maitri,-12.69,18.87,964.2,45.2
2012-05-25 13:00:00,Maitri,-15.81,2.54,987.3,70.4
2012-05-25 14:00:00,Maitri,-12.4,11.23,982.3,69.4
2012-05-25 15:00:00,Maitri,-7.9,6.63,979.0,44.0
2012-05-25 16:00:00,Maitri,-11.66,4.78,972.8,41.3
2012-05-25 17:00:00,Maitri,-14.71,20.87,971.5,63.7
2012-05-25 18:00:00,Maitri,-15.52,7.19,991.0,57.5
2012-05-25 19:00:00,Maitri,-16.51,13.13,993.2,51.4
2012-05-25 20:00:00,Maitri,-12.05,8.76,979.9,72.8
2012-05-25 21:00:00,Maitri,-18.31,3.73,979.5,49.7
2012-05-25 22:00:00,Maitri,-16.59,14.19,973.1,63.9
2012-05-25 23:00:00,Maitri,-16.94,7.51,994.6,74.4
2012-05-26 00:00:00,Maitri,-19.11,15.42,983.0,53.3
2012-05-26 01:00:00,Maitri,-22.08,5.31,988.4,32.4
2012-05-26 02:00:00,Maitri,-16.71,6.71,988.1,52.4
2012-05-26 03:00:00,Maitri,-17.88,12.85,979.5,60.6
2012-05-26 04:00:00,Maitri,-15.9,5.6,970.8,72.0
2012-05-26 05:00:00,Maitri,-18.93,14.06,971.4,50.7
2012-05-26 06:00:00,Maitri,-12.94,2.16,997.6,82.1
2012-05-26 07:00:00,Maitri,-19.22,4.24,976.0,39.8
2012-05-26 08:00:00,Maitri,-10.47,9.8,978.8,60.3
2012-05-26 09:00:00,Maitri,-21.07,13.43,969.9,54.7
2012-05-26 10:00:00,Maitri,-13.65,10.07,969.5,76.9
2012-05-26 11:00:00,Maitri,-13.15,12.54,974.3,37.4
2012-05-26 12:00:00,Maitri,-16.93,7.23,1003.3,64.0
2012-05-26 13:00:00,Maitri,-12.85,2.02,992.3,54.6
2012-05-26 14:00:00,Maitri,-10.05,7.82,977.8,79.4
2012-05-26 15:00:00,Maitri,-21.3,7.93,996.3,46.4
2012-05-26 16:00:00,Maitri,-12.78,17.99,980.6,63.8
2012-05-26 17:00:00,Maitri,-22.65,13.9,998.5,46.3
2012-05-26 18:00:00,Maitri,-18.14,4.5,1009.8,60.6
2012-05-26 19:00:00,Maitri,-10.27,1.59,996.6,52.8
2012-05-26 20:00:00,Maitri,-17.81,8.73,984.8,52.6
2012-05-26 21:00:00,Maitri,-20.17,6.6,992.1,30.2
2012-05-26 22:00:00,Maitri,-17.48,22.66,981.8,63.8
2012-05-26 23:00:00,Maitri,-10.6,18.3,961.1,42.8
2012-05-27 00:00:00,Maitri,-23.48,3.73,976.9,42.4
2012-05-27 01:00:00,Maitri,-21.16,13.66,972.0,36.2
2012-05-27 02:00:00,Maitri,-13.06,12.44,975.4,43.2
2012-05-27 03:00:00,Maitri,-11.85,12.17,1003.8,65.0
2012-05-27 04:00:00,Maitri,-17.95,34.84,992.7,64.3
2012-05-27 05:00:00,Maitri,-21.29,8.9,988.7,67.3
2012-05-27 06:00:00,Maitri,-10.25,14.62,992.1,43.6
2012-05-27 07:00:00,Maitri,-11.42,15.8,960.9,61.0
2012-05-27 08:00:00,Maitri,-13.88,11.57,991.6,49.4
2012-05-27 09:00:00,Maitri,-18.19,22.49,992.4,71.4
2012-05-27 10:00:00,Maitri,-15.31,10.6,957.7,64.0
2012-05-27 11:00:00,Maitri,-15.3,15.33,991.5,48.8
2012-05-27 12:00:00,Maitri,-13.44,6.04,967.7,72.6
2012-05-27 13:00:00,Maitri,-9.67,4.21,961.7,65.1
2012-05-27 14:00:00,Maitri,-11.44,12.79,998.3,38.6
2012-05-27 15:00:00,Maitri,-17.77,9.18,972.0,34.6
2012-05-27 16:00:00,Maitri,-10.09,9.5,975.3,39.1
2012-05-27 17:00:00,Maitri,-13.78,7.7,995.2,81.1
2012-05-27 18:00:00,Maitri,-12.96,15.14,979.2,43.8
2012-05-27 19:00:00,Maitri,-10.9,10.49,981.4,84.3
2012-05-27 20:00:00,Maitri,-19.61,29.09,978.3,43.1
2012-05-27 21:00:00,Maitri,-16.64,10.28,987.5,41.6
2012-05-27 22:00:00,Maitri,-18.66,11.9,980.6,70.3
2012-05-27 23:00:00,Maitri,-22.35,16.21,983.9,71.0
2012-05-28 00:00:00,Maitri,-16.62,12.74,977.3,65.8
2012-05-28 01:00:00,Maitri,-9.87,4.35,988.4,67.5
2012-05-28 02:00:00,Maitri,-23.85,8.37,987.4,46.8
2012-05-28 03:00:00,Maitri,-18.01,5.77,1006.0,69.7
2012-05-28 04:00:00,Maitri,-15.67,12.36,978.8,61.4
2012-05-28 05:00:00,Maitri,-17.04,11.07,981.2,52.9
2012-05-28 06:00:00,Maitri,-17.43,15.64,985.4,59.3
2012-05-28 07:00:00,Maitri,-20.79,16.86,993.6,72.8
2012-05-28 08:00:00,Maitri,-15.42,5.76,971.6,63.5
2012-05-28 09:00:00,Maitri,-18.12,16.67,983.7,27.8
2012-05-28 10:00:00,Maitri,-22.27,18.14,953.4,70.5
2012-05-28 11:00:00,Maitri,-11.07,4.98,981.1,69.4
2012-05-28 12:00:00,Maitri,-11.54,11.91,995.5,52.7
2012-05-28 13:00:00,Maitri,-14.26,20.04,973.6,59.6
2012-05-28 14:00:00,Maitri,-13.63,8.29,985.8,59.6
2012-05-28 15:00:00,Maitri,-10.99,9.53,977.5,30.3
2012-05-28 16:00:00,Maitri,-13.89,11.87,973.3,52.4
2012-05-28 17:00:00,Maitri,-12.0,0.6,996.1,52.9
2012-05-28 18:00:00,Maitri,-16.22,10.37,971.4,55.8
2012-05-28 19:00:00,Maitri,-11.5,10.78,986.8,50.6
2012-05-28 20:00:00,Maitri,-15.14,13.74,986.5,67.3
2012-05-28 21:00:00,Maitri,-16.01,14.05,973.1,46.7
2012-05-28 22:00:00,Maitri,-21.13,9.33,985.4,70.7
2012-05-28 23:00:00,Maitri,-16.52,23.78,970.7,66.6
2012-05-29 00:00:00,Maitri,-20.49,5.75,990.1,77.0
2012-05-29 01:00:00,Maitri,-20.05,15.38,967.6,82.3
2012-05-29 02:00:00,Maitri,-20.68,1.66,980.8,82.4
2012-05-29 03:00:00,Maitri,-21.42,9.93,980.6,41.4
2012-05-29 04:00:00,Maitri,-11.03,1.39,997.6,62.8
2012-05-29 05:00:00,Maitri,-13.29,10.34,985.1,48.0
2012-05-29 06:00:00,Maitri,-11.03,12.65,994.1,95.0
2012-05-29 07:00:00,Maitri,-20.65,7.83,990.2,66.6
2012-05-29 08:00:00,Maitri,-16.05,9.75,989.8,77.8
2012-05-29 09:00:00,Maitri,-19.95,14.65,979.0,64.1
2012-05-29 10:00:00,Maitri,-17.6,0.47,996.7,21.1
2012-05-29 11:00:00,Maitri,-17.94,7.0,979.9,47.0
2012-05-29 12:00:00,Maitri,-10.75,20.38,962.1,48.4
2012-05-29 13:00:00,Maitri,-15.8,4.27,981.9,52.5
2012-05-29 14:00:00,Maitri,-11.06,6.21,989.3,63.0
2012-05-29 15:00:00,Maitri,-12.6,2.11,966.2,65.0
2012-05-29 16:00:00,Maitri,-7.34,7.05,973.8,21.2
2012-05-29 17:00:00,Maitri,-19.74,9.04,969.5,54.7
2012-05-29 18:00:00,Maitri,-11.34,34.12,988.9,51.2
2012-05-29 19:00:00,Maitri,-12.14,12.18,1002.4,77.3
2012-05-29 20:00:00,Maitri,-19.39,7.26,981.5,66.3
2012-05-29 21:00:00,Maitri,-13.52,3.11,990.6,55.4
2012-05-29 22:00:00,Maitri,-16.1,6.25,989.9,61.1
2012-05-29 23:00:00,Maitri,-18.27,5.44,1002.1,34.4
2012-05-30 00:00:00,Maitri,-20.58,1.8,977.2,67.3
2012-05-30 01:00:00,Maitri,-20.42,4.17,981.8,52.5
2012-05-30 02:00:00,Maitri,-11.62,7.42,980.0,46.7
2012-05-30 03:00:00,Maitri,-18.12,8.13,984.6,76.4
2012-05-30 04:00:00,Maitri,-15.44,14.5,1011.6,61.8
2012-05-30 05:00:00,Maitri,-20.18,20.91,982.2,48.7
2012-05-30 06:00:00,Maitri,-19.78,8.02,974.0,49.5
2012-05-30 07:00:00,Maitri,-13.38,15.67,969.4,63.1
2012-05-30 08:00:00,Maitri,-20.7,7.27,998.3,62.0
2012-05-30 09:00:00,Maitri,-17.24,5.12,974.4,58.4
2012-05-30 10:00:00,Maitri,-15.37,14.08,990.5,41.2
2012-05-30 11:00:00,Maitri,-14.75,7.19,976.1,43.2
2012-05-30 12:00:00,Maitri,-15.39,5.59,969.6,47.5
2012-05-30 13:00:00,Maitri,-13.37,4.95,991.2,55.3
2012-05-30 14:00:00,Maitri,-12.36,2.82,977.3,57.4
2012-05-30 15:00:00,Maitri,-12.29,9.74,988.4,55.8
2012-05-30 16:00:00,Maitri,-17.98,6.45,989.8,56.4
2012-05-30 17:00:00,Maitri,-16.02,16.02,988.9,84.3
2012-05-30 18:00:00,Maitri,-11.66,24.0,978.3,69.9
2012-05-30 19:00:00,Maitri,-13.05,4.93,992.2,74.6
2012-05-30 20:00:00,Maitri,-20.77,3.55,973.9,64.5
2012-05-30 21:00:00,Maitri,-15.72,21.26,953.6,59.0
2012-05-30 22:00:00,Maitri,-23.61,10.35,991.6,63.7
2012-05-30 23:00:00,Maitri,-17.5,10.12,985.4,61.2
2012-05-31 00:00:00,Maitri,-11.97,11.54,976.3,69.3
2012-05-31 01:00:00,Maitri,-21.26,17.63,965.4,44.3
2012-05-31 02:00:00,Maitri,-20.95,17.57,958.9,68.1
2012-05-31 03:00:00,Maitri,-15.78,13.7,983.5,60.3
2012-05-31 04:00:00,Maitri,-22.98,4.25,1003.3,32.7
2012-05-31 05:00:00,Maitri,-19.78,2.38,983.0,59.2
2012-05-31 06:00:00,Maitri,-15.48,4.28,980.2,39.7
2012-05-31 07:00:00,Maitri,-18.98,2.99,984.3,50.5
2012-05-31 08:00:00,Maitri,-17.24,14.65,1007.9,55.8
2012-05-31 09:00:00,Maitri,-13.64,6.16,992.7,36.9
2012-05-31 10:00:00,Maitri,-14.24,13.53,972.2,57.2
2012-05-31 11:00:00,Maitri,-14.36,9.44,983.9,59.0
2012-05-31 12:00:00,Maitri,-16.01,6.1,987.9,68.6
2012-05-31 13:00:00,Maitri,-13.56,4.99,972.1,51.6
2012-05-31 14:00:00,Maitri,-15.08,5.81,992.9,61.8
2012-05-31 15:00:00,Maitri,-13.28,3.59,975.1,56.7
2012-05-31 16:00:00,Maitri,-16.52,24.38,964.0,52.1
2012-05-31 17:00:00,Maitri,-15.8,8.79,984.6,34.6
2012-05-31 18:00:00,Maitri,-18.75,9.44,982.6,56.4
2012-05-31 19:00:00,Maitri,-16.13,9.29,983.6,68.4
2012-05-31 20:00:00,Maitri,-19.08,14.44,974.0,44.9
2012-05-31 21:00:00,Maitri,-20.52,5.45,977.0,55.0
2012-05-31 22:00:00,Maitri,-16.56,18.16,995.3,57.0
2012-05-31 23:00:00,Maitri,-17.08,7.65,988.9,73.4
2012-06-01 00:00:00,Maitri,-15.64,7.45,972.9,58.4
2012-06-01 01:00:00,Maitri,-19.71,19.78,959.6,62.0
2012-06-01 02:00:00,Maitri,-17.08,5.39,973.7,57.9
2012-06-01 03:00:00,Maitri,-16.56,11.95,985.0,51.1
2012-06-01 04:00:00,Maitri,-16.72,9.24,976.3,42.1
2012-06-01 05:00:00,Maitri,-20.5,6.07,975.9,54.0
2012-06-01 06:00:00,Maitri,-17.01,13.1,976.3,63.5
2012-06-01 07:00:00,Maitri,-15.89,4.03,983.6,59.7
2012-06-01 08:00:00,Maitri,-16.56,6.04,993.1,78.7
2012-06-01 09:00:00,Maitri,-22.8,9.92,983.5,71.2
2012-06-01 10:00:00,Maitri,-15.17,22.34,982.4,75.4
2012-06-01 11:00:00,Maitri,-8.23,21.19,979.2,29.5
2012-06-01 12:00:00,Maitri,-16.18,12.06,977.4,80.1
2012-06-01 13:00:00,Maitri,-17.18,7.76,994.1,61.7
2012-06-01 14:00:00,Maitri,-13.59,1.96,993.2,63.7
2012-06-01 15:00:00,Maitri,-13.85,15.77,1006.2,70.5
2012-06-01 16:00:00,Maitri,-11.21,17.09,989.5,58.3
2012-06-01 17:00:00,Maitri,-19.34,11.96,977.5,43.0
2012-06-01 18:00:00,Maitri,-13.35,7.98,973.4,78.3
2012-06-01 19:00:00,Maitri,-14.23,14.97,993.7,47.2
2012-06-01 20:00:00,Maitri,-17.04,9.08,974.3,44.2
2012-06-01 21:00:00,Maitri,-15.97,8.42,993.0,54.7
2012-06-01 22:00:00,Maitri,-14.19,2.99,975.8,52.6
2012-06-01 23:00:00,Maitri,-15.07,14.51,986.8,58.1
2012-06-02 00:00:00,Maitri,-21.9,10.15,971.3,56.6
2012-06-02 01:00:00,Maitri,-15.8,21.12,990.8,76.9
2012-06-02 02:00:00,Maitri,-18.7,6.35,969.9,64.4
2012-06-02 03:00:00,Maitri,-18.19,5.15,987.4,46.0
2012-06-02 04:00:00,Maitri,-18.01,17.0,980.2,47.9
2012-06-02 05:00:00,Maitri,-18.44,19.12,983.3,52.6
2012-06-02 06:00:00,Maitri,-13.77,9.43,979.0,52.6
2012-06-02 07:00:00,Maitri,-17.42,15.35,977.9,50.8
2012-06-02 08:00:00,Maitri,-20.27,7.63,985.6,42.6
2012-06-02 09:00:00,Maitri,-17.48,7.89,972.3,62.1
2012-06-02 10:00:00,Maitri,-15.22,12.0,971.6,51.6
2012-06-02 11:00:00,Maitri,-11.48,7.83,979.7,44.7
2012-06-02 12:00:00,Maitri,-13.2,10.94,978.8,64.8
2012-06-02 13:00:00,Maitri,-17.67,9.99,971.9,69.9
2012-06-02 14:00:00,Maitri,-6.94,4.36,995.0,54.6
2012-06-02 15:00:00,Maitri,-14.1,10.9,979.5,82.9
2012-06-02 16:00:00,Maitri,-11.05,4.46,981.7,89.0
2012-06-02 17:00:00,Maitri,-15.9,14.65,967.5,65.0
2012-06-02 18:00:00,Maitri,-14.08,17.16,1006.2,51.4
2012-06-02 19:00:00,Maitri,-13.54,8.47,1011.6,61.8
2012-06-02 20:00:00,Maitri,-12.79,22.43,972.7,40.9
2012-06-02 21:00:00,Maitri,-13.77,18.92,996.3,45.8
2012-06-02 22:00:00,Maitri,-14.8,11.01,982.3,34.4
2012-06-02 23:00:00,Maitri,-18.97,7.93,1002.3,49.2
2012-06-03 00:00:00,Maitri,-20.18,16.32,986.4,40.7
2012-06-03 01:00:00,Maitri,-17.46,22.67,982.7,66.7
2012-06-03 02:00:00,Maitri,-15.6,11.53,954.5,47.5
2012-06-03 03:00:00,Maitri,-19.24,24.77,971.2,61.9
2012-06-03 04:00:00,Maitri,-14.94,6.86,984.2,68.5
2012-06-03 05:00:00,Maitri,-13.41,13.84,985.2,74.4
2012-06-03 06:00:00,Maitri,-20.62,9.37,969.6,53.1
2012-06-03 07:00:00,Maitri,-19.93,4.99,975.9,62.3
2012-06-03 08:00:00,Maitri,-17.24,7.28,990.3,62.8
2012-06-03 09:00:00,Maitri,-15.34,17.12,966.5,75.8
2012-06-03 10:00:00,Maitri,-17.57,8.76,985.2,69.0
2012-06-03 11:00:00,Maitri,-11.19,6.67,998.2,76.2
2012-06-03 12:00:00,Maitri,-13.87,19.45,986.5,34.7
2012-06-03 13:00:00,Maitri,-14.92,16.83,986.3,48.7
2012-06-03 14:00:00,Maitri,-19.58,7.46,960.6,72.4
2012-06-03 15:00:00,Maitri,-19.26,25.47,971.7,66.1
2012-06-03 16:00:00,Maitri,-14.33,9.02,1007.3,56.2
2012-06-03 17:00:00,Maitri,-22.34,11.57,976.4,51.4
2012-06-03 18:00:00,Maitri,-12.65,9.91,998.1,69.0
2012-06-03 19:00:00,Maitri,-16.83,5.52,977.1,30.3
2012-06-03 20:00:00,Maitri,-6.41,8.59,980.5,69.1
2012-06-03 21:00:00,Maitri,-9.87,9.28,989.5,59.3
2012-06-03 22:00:00,Maitri,-18.27,2.46,985.8,51.2
2012-06-03 23:00:00,Maitri,-18.4,11.23,987.7,65.0
2012-06-04 00:00:00,Maitri,-15.26,15.63,973.2,52.6
2012-06-04 01:00:00,Maitri,-13.17,4.49,971.3,58.4
2012-06-04 02:00:00,Maitri,-23.93,14.06,972.7,57.4
2012-06-04 03:00:00,Maitri,-24.34,17.62,976.2,68.4
2012-06-04 04:00:00,Maitri,-20.43,0.66,982.3,60.2
2012-06-04 05:00:00,Maitri,-16.29,8.67,995.6,31.3
2012-06-04 06:00:00,Maitri,-16.19,25.22,982.2,38.5
2012-06-04 07:00:00,Maitri,-13.93,11.07,988.9,42.8
2012-06-04 08:00:00,Maitri,-20.72,2.37,986.3,64.4
2012-06-04 09:00:00,Maitri,-23.83,3.92,971.6,65.8
2012-06-04 10:00:00,Maitri,-13.24,11.36,983.5,81.4
2012-06-04 11:00:00,Maitri,-18.26,13.63,984.5,43.8
2012-06-04 12:00:00,Maitri,-21.78,9.79,992.3,76.3
2012-06-04 13:00:00,Maitri,-14.68,10.97,971.1,30.9
2012-06-04 14:00:00,Maitri,-12.55,9.96,960.0,58.2
2012-06-04 15:00:00,Maitri,-15.54,6.27,986.1,61.4
2012-06-04 16:00:00,Maitri,-16.79,9.98,987.6,61.4
2012-06-04 17:00:00,Maitri,-16.12,3.18,982.5,53.7
2012-06-04 18:00:00,Maitri,-17.17,7.69,984.2,59.7
2012-06-04 19:00:00,Maitri,-20.73,13.09,993.1,40.7
2012-06-04 20:00:00,Maitri,-19.17,5.29,978.9,70.1
2012-06-04 21:00:00,Maitri,-15.68,8.12,980.6,61.5
2012-06-04 22:00:00,Maitri,-16.76,10.4,984.3,63.1
2012-06-04 23:00:00,Maitri,-17.62,24.39,967.3,54.1
2012-06-05 00:00:00,Maitri,-21.72,16.76,980.7,53.4
2012-06-05 01:00:00,Maitri,-19.3,3.09,983.8,65.3
2012-06-05 02:00:00,Maitri,-25.75,27.72,999.7,80.3
2012-06-05 03:00:00,Maitri,-18.15,20.22,978.5,38.5
2012-06-05 04:00:00,Maitri,-13.97,10.8,985.7,37.8
2012-06-05 05:00:00,Maitri,-22.97,15.19,993.3,61.7
2012-06-05 06:00:00,Maitri,-19.75,5.8,974.5,53.3
2012-06-05 07:00:00,Maitri,-16.39,9.31,999.4,59.7
2012-06-05 08:00:00,Maitri,-12.97,5.57,1004.4,57.7
2012-06-05 09:00:00,Maitri,-17.95,13.55,982.6,66.7
2012-06-05 10:00:00,Maitri,-18.3,32.51,973.9,54.0
2012-06-05 11:00:00,Maitri,-22.01,7.43,1002.6,41.1
2012-06-05 12:00:00,Maitri,-15.09,8.71,992.8,46.9
2012-06-05 13:00:00,Maitri,-8.71,9.5,984.5,55.8
2012-06-05 14:00:00,Maitri,-14.29,7.69,1000.3,40.4
2012-06-05 15:00:00,Maitri,-15.31,13.11,998.2,57.5
2012-06-05 16:00:00,Maitri,-14.39,17.5,978.5,58.9
2012-06-05 17:00:00,Maitri,-15.74,6.63,986.9,53.0
2012-06-05 18:00:00,Maitri,-18.68,9.43,990.2,60.9
2012-06-05 19:00:00,Maitri,-13.88,14.11,983.2,35.4
2012-06-05 20:00:00,Maitri,-16.26,5.24,968.2,44.7
2012-06-05 21:00:00,Maitri,-17.39,4.13,973.6,42.0
2012-06-05 22:00:00,Maitri,-21.0,6.55,968.4,70.3
2012-06-05 23:00:00,Maitri,-14.08,14.53,988.5,90.3
2012-06-06 00:00:00,Maitri,-16.51,5.07,970.6,45.7
2012-06-06 01:00:00,Maitri,-20.58,6.84,986.2,54.7
2012-06-06 02:00:00,Maitri,-15.67,9.48,1004.6,48.3
2012-06-06 03:00:00,Maitri,-20.4,10.45,999.9,61.1
2012-06-06 04:00:00,Maitri,-21.13,8.72,962.6,49.5
2012-06-06 05:00:00,Maitri,-20.78,9.61,968.9,62.0
2012-06-06 06:00:00,Maitri,-23.64,3.39,975.6,67.3
2012-06-06 07:00:00,Maitri,-16.03,6.38,970.6,40.9
2012-06-06 08:00:00,Maitri,-22.93,15.16,963.7,61.8
2012-06-06 09:00:00,Maitri,-20.54,6.05,984.0,32.9
2012-06-06 10:00:00,Maitri,-22.82,10.63,991.5,54.4
2012-06-06 11:00:00,Maitri,-16.08,10.02,994.5,53.5
2012-06-06 12:00:00,Maitri,-16.0,14.28,977.4,54.8
2012-06-06 13:00:00,Maitri,-16.38,15.49,979.5,53.6
2012-06-06 14:00:00,Maitri,-18.61,17.96,986.4,51.1
2012-06-06 15:00:00,Maitri,-19.09,21.07,980.6,54.3
2012-06-06 16:00:00,Maitri,-14.03,5.11,993.6,61.3
2012-06-06 17:00:00,Maitri,-17.56,2.04,989.6,61.7
2012-06-06 18:00:00,Maitri,-15.16,7.45,979.6,59.6
2012-06-06 19:00:00,Maitri,-19.44,4.86,962.9,50.0
2012-06-06 20:00:00,Maitri,-16.49,5.59,1001.4,73.1
2012-06-06 21:00:00,Maitri,-13.37,12.8,975.2,79.4
2012-06-06 22:00:00,Maitri,-16.1,17.36,986.5,40.0
2012-06-06 23:00:00,Maitri,-19.67,10.79,961.3,60.3
2012-06-07 00:00:00,Maitri,-17.9,6.22,983.9,51.4
2012-06-07 01:00:00,Maitri,-19.67,11.11,984.5,71.0
2012-06-07 02:00:00,Maitri,-18.94,14.57,984.5,57.8
2012-06-07 03:00:00,Maitri,-19.95,3.41,1019.1,58.7
2012-06-07 04:00:00,Maitri,-19.25,7.78,976.6,64.9
2012-06-07 05:00:00,Maitri,-17.76,8.2,993.2,53.8
2012-06-07 06:00:00,Maitri,-21.24,8.57,989.7,81.5
2012-06-07 07:00:00,Maitri,-20.88,5.33,976.4,65.1
2012-06-07 08:00:00,Maitri,-21.61,11.27,992.6,71.0
2012-06-07 09:00:00,Maitri,-21.82,11.9,981.3,54.9
2012-06-07 10:00:00,Maitri,-20.16,5.04,994.3,56.3
2012-06-07 11:00:00,Maitri,-15.38,19.75,1004.6,69.4
2012-06-07 12:00:00,Maitri,-18.46,4.22,986.1,68.0
2012-06-07 13:00:00,Maitri,-13.78,6.07,980.9,40.5
2012-06-07 14:00:00,Maitri,-15.25,3.94,996.5,59.8
2012-06-07 15:00:00,Maitri,-21.73,3.53,1000.5,64.6
2012-06-07 16:00:00,Maitri,-13.51,10.16,973.3,56.2
2012-06-07 17:00:00,Maitri,-13.3,6.06,978.9,63.3
2012-06-07 18:00:00,Maitri,-19.45,15.54,990.4,56.8
2012-06-07 19:00:00,Maitri,-15.35,5.37,982.7,26.5
2012-06-07 20:00:00,Maitri,-19.91,6.11,973.1,39.6
2012-06-07 21:00:00,Maitri,-17.32,14.37,989.1,71.6
2012-06-07 22:00:00,Maitri,-22.11,4.53,992.0,54.6
2012-06-07 23:00:00,Maitri,-24.18,7.01,980.1,60.7
2012-06-08 00:00:00,Maitri,-20.04,19.57,982.8,57.9
2012-06-08 01:00:00,Maitri,-19.39,1.24,978.2,46.4
2012-06-08 02:00:00,Maitri,-20.33,0.69,972.3,51.5
2012-06-08 03:00:00,Maitri,-22.78,3.41,978.8,62.6
2012-06-08 04:00:00,Maitri,-20.09,21.52,982.6,64.0
2012-06-08 05:00:00,Maitri,-17.67,12.03,966.2,88.6
2012-06-08 06:00:00,Maitri,-18.3,11.24,978.4,51.3
2012-06-08 07:00:00,Maitri,-17.14,3.42,985.5,81.4
2012-06-08 08:00:00,Maitri,-19.4,9.92,997.3,46.0
2012-06-08 09:00:00,Maitri,-13.04,5.11,980.6,64.8
2012-06-08 10:00:00,Maitri,-20.12,15.78,968.3,60.5
2012-06-08 11:00:00,Maitri,-14.42,16.21,980.2,56.2
2012-06-08 12:00:00,Maitri,-11.91,6.49,977.5,57.9
2012-06-08 13:00:00,Maitri,-13.98,12.57,989.5,49.3
2012-06-08 14:00:00,Maitri,-16.1,11.58,979.4,70.7
2012-06-08 15:00:00,Maitri,-17.21,8.66,952.5,46.2
2012-06-08 16:00:00,Maitri,-12.38,5.23,1026.7,62.4
2012-06-08 17:00:00,Maitri,-20.54,7.03,985.6,68.6
2012-06-08 18:00:00,Maitri,-19.46,15.43,983.7,77.4
2012-06-08 19:00:00,Maitri,-18.06,19.73,964.3,71.6
2012-06-08 20:00:00,Maitri,-13.29,7.45,967.0,66.0
2012-06-08 21:00:00,Maitri,-16.51,20.89,980.8,49.1
2012-06-08 22:00:00,Maitri,-21.25,12.04,987.1,47.0
2012-06-08 23:00:00,Maitri,-19.52,8.84,991.7,42.1
2012-06-09 00:00:00,Maitri,-20.87,8.22,986.5,40.7
2012-06-09 01:00:00,Maitri,-21.35,5.45,970.5,58.0
2012-06-09 02:00:00,Maitri,-16.01,13.1,954.2,47.8
2012-06-09 03:00:00,Maitri,-23.47,22.94,980.4,74.8
2012-06-09 04:00:00,Maitri,-13.75,8.62,977.6,49.9
2012-06-09 05:00:00,Maitri,-15.96,4.8,969.8,59.3
2012-06-09 06:00:00,Maitri,-14.75,14.37,992.4,54.3
2012-06-09 07:00:00,Maitri,-19.29,7.21,965.8,38.3
2012-06-09 08:00:00,Maitri,-17.82,5.4,991.3,73.3
2012-06-09 09:00:00,Maitri,-21.46,3.29,968.3,67.7
2012-06-09 10:00:00,Maitri,-18.12,12.85,984.6,69.3
2012-06-09 11:00:00,Maitri,-14.49,17.94,993.0,66.3
2012-06-09 12:00:00,Maitri,-11.64,4.03,980.5,47.4
2012-06-09 13:00:00,Maitri,-19.15,7.7,1003.3,47.6
2012-06-09 14:00:00,Maitri,-16.71,8.14,1005.8,64.3
2012-06-09 15:00:00,Maitri,-16.09,5.66,986.9,79.6
2012-06-09 16:00:00,Maitri,-20.25,20.57,988.1,63.4
2012-06-09 17:00:00,Maitri,-14.18,3.18,996.7,71.7
2012-06-09 18:00:00,Maitri,-18.76,12.11,989.4,50.6
2012-06-09 19:00:00,Maitri,-17.5,13.51,988.0,73.4
2012-06-09 20:00:00,Maitri,-18.79,5.63,978.1,52.1
2012-06-09 21:00:00,Maitri,-20.33,4.74,964.9,61.4
2012-06-09 22:00:00,Maitri,-18.26,6.28,968.1,52.9
2012-06-09 23:00:00,Maitri,-19.3,2.37,1012.0,70.4
2012-06-10 00:00:00,Maitri,-20.18,23.3,985.2,70.6
2012-06-10 01:00:00,Maitri,-21.5,6.62,981.2,37.3
2012-06-10 02:00:00,Maitri,-18.21,7.22,998.4,76.6
2012-06-10 03:00:00,Maitri,-13.87,25.63,972.5,91.3
2012-06-10 04:00:00,Maitri,-18.54,2.7,991.3,53.0
2012-06-10 05:00:00,Maitri,-15.51,8.57,984.6,56.2
2012-06-10 06:00:00,Maitri,-22.78,14.59,988.1,75.4
2012-06-10 07:00:00,Maitri,-17.39,23.33,977.6,58.9
2012-06-10 08:00:00,Maitri,-20.94,2.96,973.5,57.9
2012-06-10 09:00:00,Maitri,-21.69,25.22,971.8,84.6
2012-06-10 10:00:00,Maitri,-18.89,7.68,974.8,39.0
2012-06-10 11:00:00,Maitri,-12.34,7.72,983.8,47.0
2012-06-10 12:00:00,Maitri,-12.83,4.09,966.5,63.8
2012-06-10 13:00:00,Maitri,-14.91,9.74,969.2,35.3
2012-06-10 14:00:00,Maitri,-20.53,25.29,982.8,52.8
2012-06-10 15:00:00,Maitri,-16.32,9.63,982.1,52.6
2012-06-10 16:00:00,Maitri,-14.9,5.26,986.4,71.5
2012-06-10 17:00:00,Maitri,-15.59,6.01,983.6,67.7
2012-06-10 18:00:00,Maitri,-22.43,6.21,1013.0,34.4
2012-06-10 19:00:00,Maitri,-19.81,21.49,983.2,48.3
2012-06-10 20:00:00,Maitri,-17.63,24.22,977.0,48.3
2012-06-10 21:00:00,Maitri,-16.18,3.18,985.7,55.0
2012-06-10 22:00:00,Maitri,-25.36,4.32,996.1,42.6
2012-06-10 23:00:00,Maitri,-19.22,4.69,983.7,64.3
2012-06-11 00:00:00,Maitri,-18.61,6.45,991.9,48.3
2012-06-11 01:00:00,Maitri,-16.53,26.9,985.5,66.2
2012-06-11 02:00:00,Maitri,-17.09,25.0,977.9,58.0
2012-06-11 03:00:00,Maitri,-17.39,9.3,984.9,44.4
2012-06-11 04:00:00,Maitri,-21.63,6.99,1002.3,77.4
2012-06-11 05:00:00,Maitri,-24.89,1.92,987.5,77.8
2012-06-11 06:00:00,Maitri,-19.67,10.56,972.1,62.1
2012-06-11 07:00:00,Maitri,-14.77,9.85,979.8,54.7
2012-06-11 08:00:00,Maitri,-13.05,3.98,960.1,43.2
2012-06-11 09:00:00,Maitri,-14.77,11.89,984.8,73.0
2012-06-11 10:00:00,Maitri,-15.24,15.94,997.7,69.5
2012-06-11 11:00:00,Maitri,-15.02,3.94,969.0,46.6
2012-06-11 12:00:00,Maitri,-17.73,6.69,985.7,48.4
2012-06-11 13:00:00,Maitri,-16.19,15.48,994.0,64.4
2012-06-11 14:00:00,Maitri,-10.37,5.79,996.7,41.5
2012-06-11 15:00:00,Maitri,-18.79,6.51,998.7,49.2
2012-06-11 16:00:00,Maitri,-10.79,6.79,962.5,43.4
2012-06-11 17:00:00,Maitri,-17.27,12.22,989.0,43.9
2012-06-11 18:00:00,Maitri,-12.37,17.24,965.1,47.9
2012-06-11 19:00:00,Maitri,-21.55,22.52,970.1,70.7
2012-06-11 20:00:00,Maitri,-15.64,16.52,992.0,33.4
2012-06-11 21:00:00,Maitri,-20.33,9.24,985.4,64.1
2012-06-11 22:00:00,Maitri,-22.94,13.51,991.3,61.6
2012-06-11 23:00:00,Maitri,-18.08,3.74,973.8,71.6
2012-06-12 00:00:00,Maitri,-15.92,28.89,997.6,61.6
2012-06-12 01:00:00,Maitri,-22.04,5.42,992.1,52.7
2012-06-12 02:00:00,Maitri,-24.19,12.91,993.3,46.6
2012-06-12 03:00:00,Maitri,-19.63,10.17,971.1,71.9
2012-06-12 04:00:00,Maitri,-19.43,3.46,998.0,65.0
2012-06-12 05:00:00,Maitri,-17.11,5.44,980.5,51.1
2012-06-12 06:00:00,Maitri,-15.45,17.9,975.3,70.7
2012-06-12 07:00:00,Maitri,-18.25,8.5,990.9,51.8
2012-06-12 08:00:00,Maitri,-11.66,4.82,991.0,58.0
2012-06-12 09:00:00,Maitri,-16.41,7.71,974.1,49.5
2012-06-12 10:00:00,Maitri,-17.8,4.82,1007.9,65.5
2012-06-12 11:00:00,Maitri,-21.48,6.46,1004.9,44.1
2012-06-12 12:00:00,Maitri,-16.87,2.88,991.5,53.8
2012-06-12 13:00:00,Maitri,-16.93,9.23,988.6,48.8
2012-06-12 14:00:00,Maitri,-12.72,10.11,987.3,61.7
2012-06-12 15:00:00,Maitri,-14.37,6.53,966.2,63.4
2012-06-12 16:00:00,Maitri,-19.81,17.85,983.6,42.5
2012-06-12 17:00:00,Maitri,-15.77,6.78,985.1,63.7
2012-06-12 18:00:00,Maitri,-14.54,8.5,977.1,37.3
2012-06-12 19:00:00,Maitri,-12.24,6.27,980.5,88.7
2012-06-12 20:00:00,Maitri,-14.75,7.21,956.5,50.8
2012-06-12 21:00:00,Maitri,-15.62,13.85,970.3,72.7
2012-06-12 22:00:00,Maitri,-18.3,3.83,995.0,60.8
2012-06-12 23:00:00,Maitri,-17.62,11.82,1003.1,61.4
2012-06-13 00:00:00,Maitri,-15.23,5.76,973.3,41.7
2012-06-13 01:00:00,Maitri,-23.68,3.95,986.5,69.8
2012-06-13 02:00:00,Maitri,-20.59,7.36,996.5,58.7
2012-06-13 03:00:00,Maitri,-21.88,21.44,975.8,64.6
2012-06-13 04:00:00,Maitri,-18.02,12.84,990.9,56.7
2012-06-13 05:00:00,Maitri,-15.01,7.26,983.5,59.8
2012-06-13 06:00:00,Maitri,-20.48,4.95,997.9,45.6
2012-06-13 07:00:00,Maitri,-25.79,24.5,966.6,55.9
2012-06-13 08:00:00,Maitri,-18.99,10.9,970.7,52.1
2012-06-13 09:00:00,Maitri,-14.28,9.44,986.8,48.1
2012-06-13 10:00:00,Maitri,-15.05,12.61,984.2,59.9
2012-06-13 11:00:00,Maitri,-15.03,13.41,982.3,63.1
2012-06-13 12:00:00,Maitri,-17.01,6.72,990.6,61.5
2012-06-13 13:00:00,Maitri,-20.03,14.96,972.1,56.6
2012-06-13 14:00:00,Maitri,-14.22,3.35,968.7,63.8
2012-06-13 15:00:00,Maitri,-18.6,13.07,977.3,61.4
2012-06-13 16:00:00,Maitri,-9.12,7.0,979.5,59.4
2012-06-13 17:00:00,Maitri,-14.57,18.17,979.0,60.3
2012-06-13 18:00:00,Maitri,-18.63,6.69,998.6,74.6
2012-06-13 19:00:00,Maitri,-19.16,16.29,991.4,41.1
2012-06-13 20:00:00,Maitri,-17.97,11.1,989.5,53.5
2012-06-13 21:00:00,Maitri,-18.9,35.51,982.2,62.7
2012-06-13 22:00:00,Maitri,-15.0,14.6,977.8,35.8
2012-06-13 23:00:00,Maitri,-18.35,9.57,973.7,77.4
2012-06-14 00:00:00,Maitri,-21.65,2.58,970.8,61.6
2012-06-14 01:00:00,Maitri,-13.44,17.42,974.4,71.4
2012-06-14 02:00:00,Maitri,-19.39,18.07,981.8,73.7
2012-06-14 03:00:00,Maitri,-17.03,7.44,970.6,63.8
2012-06-14 04:00:00,Maitri,-21.25,5.9,986.1,26.7
2012-06-14 05:00:00,Maitri,-17.86,15.31,980.5,60.1
2012-06-14 06:00:00,Maitri,-17.65,10.99,978.8,61.0
2012-06-14 07:00:00,Maitri,-24.26,8.33,997.1,42.8
2012-06-14 08:00:00,Maitri,-11.3,12.25,954.9,32.9
2012-06-14 09:00:00,Maitri,-13.15,7.42,979.5,64.5
2012-06-14 10:00:00,Maitri,-18.12,17.92,955.3,40.5
2012-06-14 11:00:00,Maitri,-20.0,7.81,986.6,86.9
2012-06-14 12:00:00,Maitri,-15.08,15.32,991.5,61.7
2012-06-14 13:00:00,Maitri,-15.73,9.56,968.0,76.9
2012-06-14 14:00:00,Maitri,-14.81,11.43,969.2,58.4
2012-06-14 15:00:00,Maitri,-15.4,24.06,961.9,68.5
2012-06-14 16:00:00,Maitri,-14.57,6.83,984.7,58.7
2012-06-14 17:00:00,Maitri,-11.85,14.73,978.9,72.1
2012-06-14 18:00:00,Maitri,-15.03,20.95,978.7,29.5
2012-06-14 19:00:00,Maitri,-20.64,14.42,978.6,70.4
2012-06-14 20:00:00,Maitri,-13.39,18.51,971.0,67.4
2012-06-14 21:00:00,Maitri,-12.97,10.17,996.5,55.8
2012-06-14 22:00:00,Maitri,-8.56,13.96,986.0,52.3
2012-06-14 23:00:00,Maitri,-22.62,16.25,968.9,53.8
2012-06-15 00:00:00,Maitri,-18.61,9.44,975.5,62.0
2012-06-15 01:00:00,Maitri,-26.23,31.83,970.2,75.0
2012-06-15 02:00:00,Maitri,-17.85,5.4,1000.4,50.5
2012-06-15 03:00:00,Maitri,-21.32,4.8,992.5,34.2
2012-06-15 04:00:00,Maitri,-13.23,22.54,980.2,92.8
2012-06-15 05:00:00,Maitri,-21.58,20.47,1001.6,67.4
2012-06-15 06:00:00,Maitri,-24.13,5.99,1000.8,52.5
2012-06-15 07:00:00,Maitri,-19.8,18.51,979.6,74.6
2012-06-15 08:00:00,Maitri,-24.15,12.32,978.4,71.1
2012-06-15 09:00:00,Maitri,-14.96,9.63,979.4,64.9
2012-06-15 10:00:00,Maitri,-23.53,5.87,973.2,51.3
2012-06-15 11:00:00,Maitri,-16.46,8.8,1003.6,67.3
2012-06-15 12:00:00,Maitri,-22.91,5.13,972.7,73.3
2012-06-15 13:00:00,Maitri,-17.11,7.91,993.8,33.9
2012-06-15 14:00:00,Maitri,-10.77,5.04,992.2,61.1
2012-06-15 15:00:00,Maitri,-14.93,3.65,980.9,62.2
2012-06-15 16:00:00,Maitri,-19.03,18.77,1003.0,61.7
2012-06-15 17:00:00,Maitri,-16.65,8.47,965.8,58.6
2012-06-15 18:00:00,Maitri,-16.87,11.67,982.3,74.6
2012-06-15 19:00:00,Maitri,-15.85,6.61,978.4,55.0
2012-06-15 20:00:00,Maitri,-22.2,8.22,994.8,58.0
2012-06-15 21:00:00,Maitri,-16.39,4.94,988.3,62.4
2012-06-15 22:00:00,Maitri,-27.38,22.66,961.7,55.5
2012-06-15 23:00:00,Maitri,-21.11,1.89,999.0,38.6
2012-06-16 00:00:00,Maitri,-21.02,15.67,988.2,61.0
2012-06-16 01:00:00,Maitri,-17.61,6.53,972.1,61.2
2012-06-16 02:00:00,Maitri,-19.63,4.92,980.2,52.9
2012-06-16 03:00:00,Maitri,-24.13,3.43,969.5,56.1
2012-06-16 04:00:00,Maitri,-22.61,10.15,981.5,18.0
2012-06-16 05:00:00,Maitri,-18.53,14.56,984.5,74.9
2012-06-16 06:00:00,Maitri,-19.05,13.7,979.1,70.6
2012-06-16 07:00:00,Maitri,-20.22,7.13,978.8,39.3
2012-06-16 08:00:00,Maitri,-19.44,8.18,965.2,48.5
2012-06-16 09:00:00,Maitri,-15.2,4.82,988.2,78.3
2012-06-16 10:00:00,Maitri,-18.65,5.4,962.1,41.8
2012-06-16 11:00:00,Maitri,-16.91,18.74,982.5,64.7
2012-06-16 12:00:00,Maitri,-9.39,2.6,963.9,51.1
2012-06-16 13:00:00,Maitri,-20.71,2.35,985.2,63.7
2012-06-16 14:00:00,Maitri,-22.02,6.0,984.0,58.7
2012-06-16 15:00:00,Maitri,-13.65,22.5,986.3,54.0
2012-06-16 16:00:00,Maitri,-18.51,9.51,993.5,63.4
2012-06-16 17:00:00,Maitri,-17.64,31.85,992.3,51.1
2012-06-16 18:00:00,Maitri,-19.5,7.61,965.3,33.0
2012-06-16 19:00:00,Maitri,-18.26,13.98,982.2,45.0
2012-06-16 20:00:00,Maitri,-12.78,17.3,1005.5,43.3
2012-06-16 21:00:00,Maitri,-15.8,28.65,982.1,35.5
2012-06-16 22:00:00,Maitri,-16.04,6.35,974.5,63.2
2012-06-16 23:00:00,Maitri,-23.7,9.44,982.7,55.6
2012-06-17 00:00:00,Maitri,-23.21,8.36,979.3,63.0
2012-06-17 01:00:00,Maitri,-28.79,14.67,969.3,65.3
2012-06-17 02:00:00,Maitri,-22.36,21.13,991.8,68.6
2012-06-17 03:00:00,Maitri,-16.65,21.09,988.6,63.7
2012-06-17 04:00:00,Maitri,-17.87,6.25,968.7,44.3
2012-06-17 05:00:00,Maitri,-19.95,5.42,983.1,66.1
2012-06-17 06:00:00,Maitri,-18.94,13.76,976.4,61.1
2012-06-17 07:00:00,Maitri,-20.64,4.42,965.9,88.7
2012-06-17 08:00:00,Maitri,-17.31,14.88,966.5,58.1
2012-06-17 09:00:00,Maitri,-15.05,9.43,969.0,63.4
2012-06-17 10:00:00,Maitri,-22.24,19.22,981.4,56.7
2012-06-17 11:00:00,Maitri,-15.74,17.5,977.1,58.7
2012-06-17 12:00:00,Maitri,-13.43,10.18,972.4,57.7
2012-06-17 13:00:00,Maitri,-17.56,4.15,979.9,51.9
2012-06-17 14:00:00,Maitri,-13.93,4.41,992.9,60.5
2012-06-17 15:00:00,Maitri,-7.22,9.73,987.6,66.7
2012-06-17 16:00:00,Maitri,-16.74,12.44,994.7,52.1
2012-06-17 17:00:00,Maitri,-15.44,7.7,981.2,69.7
2012-06-17 18:00:00,Maitri,-19.43,5.08,1002.7,68.0
2012-06-17 19:00:00,Maitri,-16.92,7.87,987.8,45.7
2012-06-17 20:00:00,Maitri,-16.5,19.3,976.5,44.5
2012-06-17 21:00:00,Maitri,-17.81,7.87,984.9,64.3
2012-06-17 22:00:00,Maitri,-22.13,6.4,969.7,49.8
2012-06-17 23:00:00,Maitri,-18.58,4.31,980.8,43.4
2012-06-18 00:00:00,Maitri,-14.92,9.04,988.6,82.0
2012-06-18 01:00:00,Maitri,-18.34,17.6,989.4,44.5
2012-06-18 02:00:00,Maitri,-16.76,18.08,977.6,36.7
2012-06-18 03:00:00,Maitri,-20.53,5.57,1015.6,47.0
2012-06-18 04:00:00,Maitri,-17.2,10.23,981.5,61.2
2012-06-18 05:00:00,Maitri,-18.42,5.94,964.8,59.0
2012-06-18 06:00:00,Maitri,-21.98,7.46,997.8,84.4
2012-06-18 07:00:00,Maitri,-17.48,8.94,990.6,47.2
2012-06-18 08:00:00,Maitri,-21.21,6.86,986.6,61.3
2012-06-18 09:00:00,Maitri,-19.6,0.75,979.5,73.8
2012-06-18 10:00:00,Maitri,-16.53,22.7,986.1,48.8
2012-06-18 11:00:00,Maitri,-15.81,6.37,1002.7,67.9
2012-06-18 12:00:00,Maitri,-20.28,6.04,986.4,32.3
2012-06-18 13:00:00,Maitri,-12.93,5.55,967.3,82.6
2012-06-18 14:00:00,Maitri,-14.41,3.24,944.8,71.9
2012-06-18 15:00:00,Maitri,-18.55,23.08,986.0,48.5
2012-06-18 16:00:00,Maitri,-21.4,9.31,972.3,69.6
2012-06-18 17:00:00,Maitri,-17.23,12.53,982.0,76.4
2012-06-18 18:00:00,Maitri,-18.56,11.59,974.0,40.0
2012-06-18 19:00:00,Maitri,-17.21,6.73,973.9,49.6
2012-06-18 20:00:00,Maitri,-19.2,9.3,974.8,76.8
2012-06-18 21:00:00,Maitri,-24.93,14.2,975.1,58.9
2012-06-18 22:00:00,Maitri,-20.18,3.52,993.4,64.1
2012-06-18 23:00:00,Maitri,-20.29,7.38,990.5,59.0
2012-06-19 00:00:00,Maitri,-17.63,8.19,969.9,70.5
2012-06-19 01:00:00,Maitri,-22.08,6.59,971.7,65.2
2012-06-19 02:00:00,Maitri,-14.53,6.51,988.4,59.5
2012-06-19 03:00:00,Maitri,-25.96,10.39,995.5,28.6
2012-06-19 04:00:00,Maitri,-15.47,19.85,993.9,67.0
2012-06-19 05:00:00,Maitri,-20.09,12.19,971.6,68.2
2012-06-19 06:00:00,Maitri,-16.25,5.45,995.6,40.6
2012-06-19 07:00:00,Maitri,-18.31,35.57,959.2,41.6
2012-06-19 08:00:00,Maitri,-14.46,19.95,979.7,65.2
2012-06-19 09:00:00,Maitri,-18.88,6.9,989.6,60.7
2012-06-19 10:00:00,Maitri,-20.72,20.12,958.1,30.4
2012-06-19 11:00:00,Maitri,-12.28,10.53,1007.5,46.5
2012-06-19 12:00:00,Maitri,-16.91,4.24,999.6,62.4
2012-06-19 13:00:00,Maitri,-15.66,18.69,989.6,67.5
2012-06-19 14:00:00,Maitri,-12.35,5.45,973.1,49.8
2012-06-19 15:00:00,Maitri,-19.67,12.52,982.3,55.9
2012-06-19 16:00:00,Maitri,-14.64,10.19,992.6,45.7
2012-06-19 17:00:00,Maitri,-18.72,13.14,970.1,76.5
2012-06-19 18:00:00,Maitri,-17.63,24.08,979.3,60.4
2012-06-19 19:00:00,Maitri,-17.41,9.21,994.1,48.7
2012-06-19 20:00:00,Maitri,-22.9,4.2,967.2,41.8
2012-06-19 21:00:00,Maitri,-21.06,5.97,987.9,40.3
2012-06-19 22:00:00,Maitri,-14.68,3.99,964.2,83.4
2012-06-19 23:00:00,Maitri,-16.54,3.15,973.7,55.6
2012-06-20 00:00:00,Maitri,-19.93,17.38,976.6,52.4
2012-06-20 01:00:00,Maitri,-19.13,9.98,989.4,55.0
2012-06-20 02:00:00,Maitri,-20.91,8.56,975.7,49.2
2012-06-20 03:00:00,Maitri,-15.56,7.0,985.4,56.5
2012-06-20 04:00:00,Maitri,-20.37,15.1,974.8,58.5
2012-06-20 05:00:00,Maitri,-18.7,21.43,975.7,58.2
2012-06-20 06:00:00,Maitri,-15.4,5.35,998.6,40.3
2012-06-20 07:00:00,Maitri,-21.12,12.23,969.9,70.5
2012-06-20 08:00:00,Maitri,-13.18,16.69,991.2,50.3
2012-06-20 09:00:00,Maitri,-22.6,10.82,983.4,48.8
2012-06-20 10:00:00,Maitri,-12.05,14.4,976.2,48.1
2012-06-20 11:00:00,Maitri,-18.09,4.16,970.4,43.3
2012-06-20 12:00:00,Maitri,-17.39,21.77,968.6,61.7
2012-06-20 13:00:00,Maitri,-22.48,15.14,974.2,70.5
2012-06-20 14:00:00,Maitri,-17.82,12.96,981.3,47.9
2012-06-20 15:00:00,Maitri,-19.76,16.02,989.5,32.2
2012-06-20 16:00:00,Maitri,-18.55,7.74,980.4,43.6
2012-06-20 17:00:00,Maitri,-17.33,4.72,981.6,51.7
2012-06-20 18:00:00,Maitri,-14.2,4.01,983.4,40.8
2012-06-20 19:00:00,Maitri,-17.04,3.59,989.9,49.6
2012-06-20 20:00:00,Maitri,-17.18,12.13,990.6,50.3
2012-06-20 21:00:00,Maitri,-22.14,7.2,968.0,57.8
2012-06-20 22:00:00,Maitri,-21.89,21.0,978.6,37.6
2012-06-20 23:00:00,Maitri,-13.68,18.56,996.3,66.1
2012-06-21 00:00:00,Maitri,-22.14,15.08,967.6,81.3
2012-06-21 01:00:00,Maitri,-14.67,13.21,983.9,78.0
2012-06-21 02:00:00,Maitri,-20.81,5.95,982.1,49.8
2012-06-21 03:00:00,Maitri,-19.96,6.68,977.5,67.4
2012-06-21 04:00:00,Maitri,-16.36,5.93,1002.4,65.7
2012-06-21 05:00:00,Maitri,-15.43,4.61,984.7,57.4
2012-06-21 06:00:00,Maitri,-19.48,8.73,1001.1,60.5
2012-06-21 07:00:00,Maitri,-19.94,16.56,982.6,67.6
2012-06-21 08:00:00,Maitri,-18.41,8.38,989.0,70.4
2012-06-21 09:00:00,Maitri,-16.68,5.73,977.5,46.6
2012-06-21 10:00:00,Maitri,-14.48,8.39,977.2,68.5
2012-06-21 11:00:00,Maitri,-16.94,10.34,988.2,81.3
2012-06-21 12:00:00,Maitri,-14.69,6.82,988.9,70.4
2012-06-21 13:00:00,Maitri,-11.25,8.77,990.6,79.5
2012-06-21 14:00:00,Maitri,-15.21,35.23,984.0,21.8
2012-06-21 15:00:00,Maitri,-15.49,3.51,969.1,66.3
2012-06-21 16:00:00,Maitri,-21.53,1.94,975.4,61.7
2012-06-21 17:00:00,Maitri,-25.37,9.9,993.3,72.4
2012-06-21 18:00:00,Maitri,-16.09,11.81,960.7,42.2
2012-06-21 19:00:00,Maitri,-18.07,8.5,987.1,50.9
2012-06-21 20:00:00,Maitri,-19.88,4.89,983.0,70.6
2012-06-21 21:00:00,Maitri,-17.92,20.79,991.7,43.2
2012-06-21 22:00:00,Maitri,-19.32,9.55,988.4,61.4
2012-06-21 23:00:00,Maitri,-15.89,10.18,975.8,57.8
2012-06-22 00:00:00,Maitri,-19.57,14.94,974.6,55.3
2012-06-22 01:00:00,Maitri,-22.42,8.29,977.7,66.0
2012-06-22 02:00:00,Maitri,-16.92,7.82,990.5,42.4
2012-06-22 03:00:00,Maitri,-20.72,20.79,955.4,47.1
2012-06-22 04:00:00,Maitri,-18.16,2.78,986.4,56.1
2012-06-22 05:00:00,Maitri,-21.09,11.44,973.1,41.2
2012-06-22 06:00:00,Maitri,-21.27,10.85,985.6,75.2
2012-06-22 07:00:00,Maitri,-18.49,7.15,987.9,46.8
2012-06-22 08:00:00,Maitri,-18.25,8.51,964.6,69.0
2012-06-22 09:00:00,Maitri,-16.29,19.76,979.4,45.7
2012-06-22 10:00:00,Maitri,-18.25,5.44,986.0,67.9
2012-06-22 11:00:00,Maitri,-22.89,14.38,983.9,35.5
2012-06-22 12:00:00,Maitri,-18.11,9.37,982.2,77.7
2012-06-22 13:00:00,Maitri,-14.01,13.5,968.9,73.9
2012-06-22 14:00:00,Maitri,-17.44,11.93,970.9,50.3
2012-06-22 15:00:00,Maitri,-17.34,1.85,968.9,46.4
2012-06-22 16:00:00,Maitri,-13.57,5.36,990.6,64.4
2012-06-22 17:00:00,Maitri,-19.29,5.91,982.8,36.6
2012-06-22 18:00:00,Maitri,-22.33,4.86,983.7,58.5
2012-06-22 19:00:00,Maitri,-18.34,6.42,964.4,46.7
2012-06-22 20:00:00,Maitri,-19.84,10.17,983.1,54.4
2012-06-22 21:00:00,Maitri,-21.85,15.76,989.9,49.0
2012-06-22 22:00:00,Maitri,-19.75,3.85,963.2,46.8
2012-06-22 23:00:00,Maitri,-17.99,9.46,977.4,81.9
2012-06-23 00:00:00,Maitri,-19.93,11.09,965.3,68.9
2012-06-23 01:00:00,Maitri,-19.1,17.5,977.5,37.3
2012-06-23 02:00:00,Maitri,-14.34,22.14,971.3,45.7
2012-06-23 03:00:00,Maitri,-21.18,8.25,988.1,70.0
2012-06-23 04:00:00,Maitri,-19.01,4.93,986.2,71.6
2012-06-23 05:00:00,Maitri,-21.25,11.53,998.1,38.6
2012-06-23 06:00:00,Maitri,-21.95,5.09,983.6,67.8
2012-06-23 07:00:00,Maitri,-20.68,10.97,987.2,61.7
2012-06-23 08:00:00,Maitri,-19.88,5.73,977.7,30.8
2012-06-23 09:00:00,Maitri,-16.73,12.62,970.4,52.4
2012-06-23 10:00:00,Maitri,-9.93,5.99,993.7,56.1
2012-06-23 11:00:00,Maitri,-19.36,20.99,996.1,58.7
2012-06-23 12:00:00,Maitri,-18.12,9.4,991.7,39.5
2012-06-23 13:00:00,Maitri,-16.81,3.0,986.1,47.3
2012-06-23 14:00:00,Maitri,-15.28,16.03,971.4,49.3
2012-06-23 15:00:00,Maitri,-15.76,8.33,996.9,50.5
2012-06-23 16:00:00,Maitri,-12.68,13.18,989.7,50.7
2012-06-23 17:00:00,Maitri,-24.84,16.2,1005.9,56.1
2012-06-23 18:00:00,Maitri,-25.08,9.7,970.3,62.3
2012-06-23 19:00:00,Maitri,-19.47,3.68,994.4,82.8
2012-06-23 20:00:00,Maitri,-14.83,10.25,989.8,70.2
2012-06-23 21:00:00,Maitri,-23.82,19.41,978.2,76.4
2012-06-23 22:00:00,Maitri,-28.87,8.8,999.4,51.3
2012-06-23 23:00:00,Maitri,-17.79,11.94,987.8,43.9
2012-06-24 00:00:00,Maitri,-19.18,5.47,973.4,69.2
2012-06-24 01:00:00,Maitri,-23.63,3.24,983.2,57.8
2012-06-24 02:00:00,Maitri,-23.35,8.44,972.8,68.2
2012-06-24 03:00:00,Maitri,-23.24,9.53,978.2,45.6
2012-06-24 04:00:00,Maitri,-19.61,17.3,990.5,67.1
2012-06-24 05:00:00,Maitri,-21.68,9.91,994.9,55.5
2012-06-24 06:00:00,Maitri,-17.72,16.54,985.1,51.5
2012-06-24 07:00:00,Maitri,-28.0,7.08,975.3,52.9
2012-06-24 08:00:00,Maitri,-21.14,3.6,988.8,64.9
2012-06-24 09:00:00,Maitri,-21.54,12.34,991.5,68.8
2012-06-24 10:00:00,Maitri,-18.32,20.58,959.2,52.9
2012-06-24 11:00:00,Maitri,-18.85,6.46,985.4,62.8
2012-06-24 12:00:00,Maitri,-14.29,13.41,980.8,62.8
2012-06-24 13:00:00,Maitri,-22.61,13.7,993.9,68.3
2012-06-24 14:00:00,Maitri,-16.46,3.26,988.9,71.8
2012-06-24 15:00:00,Maitri,-14.88,8.22,989.3,83.4
2012-06-24 16:00:00,Maitri,-10.9,14.05,977.4,51.5
2012-06-24 17:00:00,Maitri,-18.67,11.5,983.3,78.4
2012-06-24 18:00:00,Maitri,-16.46,14.06,993.7,59.6
2012-06-24 19:00:00,Maitri,-23.71,12.73,982.3,42.7
2012-06-24 20:00:00,Maitri,-26.06,8.87,985.7,48.9
2012-06-24 21:00:00,Maitri,-16.16,9.52,965.9,64.5
2012-06-24 22:00:00,Maitri,-19.32,17.03,981.7,68.1
2012-06-24 23:00:00,Maitri,-15.9,10.24,960.3,43.8
2012-06-25 00:00:00,Maitri,-24.41,5.91,978.2,47.3
2012-06-25 01:00:00,Maitri,-18.53,8.3,984.5,50.5
2012-06-25 02:00:00,Maitri,-14.27,11.92,992.0,45.9
2012-06-25 03:00:00,Maitri,-18.85,16.43,971.0,31.7
2012-06-25 04:00:00,Maitri,-19.13,3.21,988.8,26.9
2012-06-25 05:00:00,Maitri,-19.7,8.03,1000.7,52.7
2012-06-25 06:00:00,Maitri,-24.38,15.73,975.3,61.5
2012-06-25 07:00:00,Maitri,-14.58,5.43,966.4,67.2
2012-06-25 08:00:00,Maitri,-20.41,5.45,987.5,38.9
2012-06-25 09:00:00,Maitri,-16.37,9.45,969.9,39.2
2012-06-25 10:00:00,Maitri,-22.56,3.03,975.1,50.6
2012-06-25 11:00:00,Maitri,-20.96,23.7,992.1,58.0
2012-06-25 12:00:00,Maitri,-12.3,11.83,1004.8,72.1
2012-06-25 13:00:00,Maitri,-17.83,13.38,971.5,68.0
2012-06-25 14:00:00,Maitri,-12.0,17.7,973.9,52.9
2012-06-25 15:00:00,Maitri,-16.97,31.19,975.3,63.0
2012-06-25 16:00:00,Maitri,-22.79,8.89,977.4,46.2
2012-06-25 17:00:00,Maitri,-14.33,3.18,1006.8,59.0
2012-06-25 18:00:00,Maitri,-19.44,11.22,977.2,57.1
2012-06-25 19:00:00,Maitri,-15.75,5.65,979.7,77.7
2012-06-25 20:00:00,Maitri,-18.37,4.29,1002.9,64.9
2012-06-25 21:00:00,Maitri,-23.86,6.87,990.6,47.2
2012-06-25 22:00:00,Maitri,-18.83,8.79,995.0,47.4
2012-06-25 23:00:00,Maitri,-12.7,17.88,971.9,53.3
2012-06-26 00:00:00,Maitri,-18.49,24.05,975.3,36.1
2012-06-26 01:00:00,Maitri,-20.43,4.69,972.3,54.8
2012-06-26 02:00:00,Maitri,-16.86,7.19,993.1,56.0
2012-06-26 03:00:00,Maitri,-19.57,13.04,997.1,64.5
2012-06-26 04:00:00,Maitri,-19.39,14.09,976.0,66.6
2012-06-26 05:00:00,Maitri,-23.27,5.06,980.1,59.4
2012-06-26 06:00:00,Maitri,-18.66,15.74,979.0,35.2
2012-06-26 07:00:00,Maitri,-15.66,5.9,966.3,40.9
2012-06-26 08:00:00,Maitri,-21.18,4.92,976.5,49.5
2012-06-26 09:00:00,Maitri,-13.48,12.72,992.0,67.1
2012-06-26 10:00:00,Maitri,-17.9,18.15,972.2,66.7
2012-06-26 11:00:00,Maitri,-20.07,11.22,984.4,54.5
2012-06-26 12:00:00,Maitri,-13.75,10.13,968.4,91.0
2012-06-26 13:00:00,Maitri,-17.68,8.89,982.0,79.9
2012-06-26 14:00:00,Maitri,-14.27,9.8,977.1,75.4
2012-06-26 15:00:00,Maitri,-17.7,8.16,969.7,67.8
2012-06-26 16:00:00,Maitri,-17.14,12.93,992.1,64.4
2012-06-26 17:00:00,Maitri,-15.65,9.8,993.3,63.4
2012-06-26 18:00:00,Maitri,-16.67,30.12,969.3,32.7
2012-06-26 19:00:00,Maitri,-24.42,11.49,980.8,43.3
2012-06-26 20:00:00,Maitri,-22.09,8.16,984.3,54.9
2012-06-26 21:00:00,Maitri,-16.0,4.74,963.4,59.8
2012-06-26 22:00:00,Maitri,-19.83,5.15,968.2,56.3
2012-06-26 23:00:00,Maitri,-21.45,11.78,998.0,61.8
2012-06-27 00:00:00,Maitri,-24.46,6.64,971.8,28.6
2012-06-27 01:00:00,Maitri,-23.75,10.44,997.9,65.1
2012-06-27 02:00:00,Maitri,-26.82,18.75,966.7,58.9
2012-06-27 03:00:00,Maitri,-20.61,4.1,992.0,55.4
2012-06-27 04:00:00,Maitri,-22.03,8.5,980.1,71.0
2012-06-27 05:00:00,Maitri,-22.92,1.49,982.8,43.4
2012-06-27 06:00:00,Maitri,-19.67,3.28,1005.9,54.7
2012-06-27 07:00:00,Maitri,-17.85,10.68,969.0,62.0
2012-06-27 08:00:00,Maitri,-11.85,3.54,991.3,46.1
2012-06-27 09:00:00,Maitri,-22.92,4.03,990.8,30.0
2012-06-27 10:00:00,Maitri,-13.94,22.53,1020.2,41.9
2012-06-27 11:00:00,Maitri,-14.17,6.21,971.7,57.1
2012-06-27 12:00:00,Maitri,-19.49,4.91,977.1,54.5
2012-06-27 13:00:00,Maitri,-16.16,18.67,991.6,57.7
2012-06-27 14:00:00,Maitri,-18.22,4.89,982.0,48.8
2012-06-27 15:00:00,Maitri,-16.22,11.38,978.0,39.6
2012-06-27 16:00:00,Maitri,-12.16,11.58,994.3,59.9
2012-06-27 17:00:00,Maitri,-15.34,15.16,979.7,55.7
2012-06-27 18:00:00,Maitri,-16.02,4.36,974.1,66.9
2012-06-27 19:00:00,Maitri,-19.46,5.41,992.5,47.5
2012-06-27 20:00:00,Maitri,-23.3,6.26,988.4,29.7
2012-06-27 21:00:00,Maitri,-19.68,5.58,980.6,21.5
2012-06-27 22:00:00,Maitri,-15.59,14.59,978.7,52.4
2012-06-27 23:00:00,Maitri,-24.71,11.59,972.7,59.8
2012-06-28 00:00:00,Maitri,-23.53,12.64,991.4,54.7
2012-06-28 01:00:00,Maitri,-19.93,3.15,980.4,50.1
2012-06-28 02:00:00,Maitri,-23.55,10.52,974.6,35.7
2012-06-28 03:00:00,Maitri,-22.87,20.37,967.2,31.5
2012-06-28 04:00:00,Maitri,-21.51,27.97,985.3,63.1
2012-06-28 05:00:00,Maitri,-24.24,6.95,978.1,54.8
2012-06-28 06:00:00,Maitri,-22.61,15.34,959.6,52.9
2012-06-28 07:00:00,Maitri,-16.81,5.5,970.3,36.4
2012-06-28 08:00:00,Maitri,-22.78,3.24,981.8,44.5
2012-06-28 09:00:00,Maitri,-23.24,3.39,982.1,58.6
2012-06-28 10:00:00,Maitri,-19.71,18.83,979.4,62.0
2012-06-28 11:00:00,Maitri,-14.98,7.28,979.5,55.7
2012-06-28 12:00:00,Maitri,-17.67,6.39,967.1,77.3
2012-06-28 13:00:00,Maitri,-18.35,14.29,972.8,49.9
2012-06-28 14:00:00,Maitri,-16.66,3.92,998.0,76.0
2012-06-28 15:00:00,Maitri,-22.44,12.31,995.1,61.0
2012-06-28 16:00:00,Maitri,-15.46,8.15,990.4,59.5
2012-06-28 17:00:00,Maitri,-16.1,26.48,986.7,71.1
2012-06-28 18:00:00,Maitri,-19.01,7.15,994.3,49.3
2012-06-28 19:00:00,Maitri,-14.91,8.54,970.8,53.4
2012-06-28 20:00:00,Maitri,-22.21,3.36,984.9,40.9
2012-06-28 21:00:00,Maitri,-15.45,28.78,967.8,71.1
2012-06-28 22:00:00,Maitri,-19.0,7.46,971.2,62.7
2012-06-28 23:00:00,Maitri,-20.95,23.13,985.8,73.4
2012-06-29 00:00:00,Maitri,-20.26,2.65,995.5,60.9
2012-06-29 01:00:00,Maitri,-20.72,11.0,981.1,73.4
2012-06-29 02:00:00,Maitri,-16.54,27.07,999.9,47.5
2012-06-29 03:00:00,Maitri,-23.82,6.23,986.5,71.8
2012-06-29 04:00:00,Maitri,-22.64,10.57,974.5,52.4
2012-06-29 05:00:00,Maitri,-16.6,19.19,969.6,58.0
2012-06-29 06:00:00,Maitri,-21.45,7.53,995.6,68.2
2012-06-29 07:00:00,Maitri,-16.22,3.27,986.0,90.6
2012-06-29 08:00:00,Maitri,-13.2,6.84,991.7,69.5
2012-06-29 09:00:00,Maitri,-19.46,11.09,952.8,70.8
2012-06-29 10:00:00,Maitri,-15.56,11.01,986.2,50.4
2012-06-29 11:00:00,Maitri,-21.06,13.85,977.0,60.2
2012-06-29 12:00:00,Maitri,-14.67,5.34,968.2,56.7
2012-06-29 13:00:00,Maitri,-16.26,25.88,980.4,77.7
2012-06-29 14:00:00,Maitri,-15.33,5.47,996.7,56.0
2012-06-29 15:00:00,Maitri,-18.97,9.8,1009.6,76.6
2012-06-29 16:00:00,Maitri,-22.4,11.33,986.1,39.8
2012-06-29 17:00:00,Maitri,-15.76,10.69,975.2,77.6
2012-06-29 18:00:00,Maitri,-24.34,4.39,975.5,45.9
2012-06-29 19:00:00,Maitri,-19.19,19.45,993.2,70.0
2012-06-29 20:00:00,Maitri,-15.63,6.63,972.5,45.9
2012-06-29 21:00:00,Maitri,-18.49,11.92,990.4,66.7
2012-06-29 22:00:00,Maitri,-13.31,10.51,986.8,44.5
2012-06-29 23:00:00,Maitri,-16.63,10.48,985.5,72.5
2012-06-30 00:00:00,Maitri,-22.33,3.07,966.5,69.8
2012-06-30 01:00:00,Maitri,-20.33,6.27,980.0,49.6
2012-06-30 02:00:00,Maitri,-20.63,11.86,966.5,66.1
2012-06-30 03:00:00,Maitri,-25.48,3.2,977.8,71.3
2012-06-30 04:00:00,Maitri,-23.25,8.13,994.3,45.1
2012-06-30 05:00:00,Maitri,-21.75,9.96,997.7,43.5
2012-06-30 06:00:00,Maitri,-26.1,13.45,985.4,43.0
2012-06-30 07:00:00,Maitri,-19.0,9.83,977.0,41.0
2012-06-30 08:00:00,Maitri,-19.48,8.29,1002.0,42.9
2012-06-30 09:00:00,Maitri,-23.57,10.8,976.7,70.9
2012-06-30 10:00:00,Maitri,-16.49,7.98,970.7,65.8
2012-06-30 11:00:00,Maitri,-15.12,5.22,992.2,34.3
2012-06-30 12:00:00,Maitri,-16.4,6.79,989.2,50.9
2012-06-30 13:00:00,Maitri,-17.98,11.77,977.0,41.8
2012-06-30 14:00:00,Maitri,-14.99,8.34,984.9,70.1
2012-06-30 15:00:00,Maitri,-14.77,33.44,985.1,51.7
2012-06-30 16:00:00,Maitri,-16.14,4.25,986.7,36.4
2012-06-30 17:00:00,Maitri,-20.05,11.55,988.5,60.4
2012-06-30 18:00:00,Maitri,-16.9,12.64,977.3,66.5
2012-06-30 19:00:00,Maitri,-14.39,9.69,989.6,44.6
2012-06-30 20:00:00,Maitri,-20.59,7.66,984.1,54.3
2012-06-30 21:00:00,Maitri,-12.43,9.21,978.2,45.4
2012-06-30 22:00:00,Maitri,-21.26,9.24,980.8,75.4
2012-06-30 23:00:00,Maitri,-19.85,21.63,980.6,52.0
2012-07-01 00:00:00,Maitri,-22.43,2.46,968.0,47.9
2012-07-01 01:00:00,Maitri,-19.74,5.13,976.9,57.3
2012-07-01 02:00:00,Maitri,-26.09,10.85,984.1,55.1
2012-07-01 03:00:00,Maitri,-22.21,16.72,967.0,67.6
2012-07-01 04:00:00,Maitri,-23.77,5.35,977.1,75.0
2012-07-01 05:00:00,Maitri,-19.56,4.45,1011.8,75.1
2012-07-01 06:00:00,Maitri,-16.44,8.54,970.7,52.7
2012-07-01 07:00:00,Maitri,-17.12,5.16,979.8,62.3
2012-07-01 08:00:00,Maitri,-26.31,8.58,974.1,78.8
2012-07-01 09:00:00,Maitri,-11.72,5.22,982.9,79.4
2012-07-01 10:00:00,Maitri,-16.87,13.58,973.6,45.7
2012-07-01 11:00:00,Maitri,-19.93,5.32,981.4,66.3
2012-07-01 12:00:00,Maitri,-16.66,2.82,976.3,63.9
2012-07-01 13:00:00,Maitri,-16.42,13.61,995.1,71.0
2012-07-01 14:00:00,Maitri,-19.05,9.32,984.5,75.4
2012-07-01 15:00:00,Maitri,-16.35,7.15,972.4,43.4
2012-07-01 16:00:00,Maitri,-19.1,7.28,993.6,48.3
2012-07-01 17:00:00,Maitri,-18.74,9.97,972.5,70.7
2012-07-01 18:00:00,Maitri,-20.02,4.46,966.3,60.1
2012-07-01 19:00:00,Maitri,-22.84,3.55,984.4,26.8
2012-07-01 20:00:00,Maitri,-18.25,5.31,1006.1,34.7
2012-07-01 21:00:00,Maitri,-17.31,7.68,962.8,67.3
2012-07-01 22:00:00,Maitri,-17.97,5.03,968.9,69.7
2012-07-01 23:00:00,Maitri,-17.37,21.56,990.4,39.1
2012-07-02 00:00:00,Maitri,-19.28,5.32,976.8,73.4
2012-07-02 01:00:00,Maitri,-22.2,9.54,990.6,55.2
2012-07-02 02:00:00,Maitri,-17.87,12.2,973.5,43.7
2012-07-02 03:00:00,Maitri,-24.84,17.93,983.9,50.2
2012-07-02 04:00:00,Maitri,-23.2,23.46,1001.5,40.9
2012-07-02 05:00:00,Maitri,-23.11,28.54,967.0,49.4
2012-07-02 06:00:00,Maitri,-16.2,17.44,994.2,31.8
2012-07-02 07:00:00,Maitri,-16.2,15.94,990.4,57.0
2012-07-02 08:00:00,Maitri,-17.2,4.67,967.2,66.2
2012-07-02 09:00:00,Maitri,-14.86,12.62,989.5,39.1
2012-07-02 10:00:00,Maitri,-20.67,7.94,984.6,58.2
2012-07-02 11:00:00,Maitri,-16.37,7.99,984.8,46.7
2012-07-02 12:00:00,Maitri,-17.6,7.18,987.8,67.4
2012-07-02 13:00:00,Maitri,-14.31,4.59,980.3,25.6
2012-07-02 14:00:00,Maitri,-17.32,6.46,984.8,68.0
2012-07-02 15:00:00,Maitri,-18.25,5.13,987.0,32.6
2012-07-02 16:00:00,Maitri,-15.47,2.47,993.2,55.1
2012-07-02 17:00:00,Maitri,-14.68,19.48,964.5,48.1
2012-07-02 18:00:00,Maitri,-19.99,9.43,998.4,53.0
2012-07-02 19:00:00,Maitri,-18.49,9.66,970.3,36.6
2012-07-02 20:00:00,Maitri,-22.14,8.91,992.4,81.2
2012-07-02 21:00:00,Maitri,-27.22,16.67,983.4,40.0
2012-07-02 22:00:00,Maitri,-19.01,10.19,968.7,41.1
2012-07-02 23:00:00,Maitri,-18.08,19.83,988.1,83.1
2012-07-03 00:00:00,Maitri,-19.51,13.35,972.1,62.5
2012-07-03 01:00:00,Maitri,-26.77,5.76,996.4,40.4
2012-07-03 02:00:00,Maitri,-21.71,18.16,974.1,56.2
2012-07-03 03:00:00,Maitri,-27.63,11.28,966.1,54.7
2012-07-03 04:00:00,Maitri,-15.97,8.79,1001.3,34.4
2012-07-03 05:00:00,Maitri,-23.54,15.59,984.7,47.4
2012-07-03 06:00:00,Maitri,-15.67,9.49,993.5,57.6
2012-07-03 07:00:00,Maitri,-16.23,14.02,973.1,75.7
2012-07-03 08:00:00,Maitri,-21.67,4.11,962.6,55.4
2012-07-03 09:00:00,Maitri,-21.95,9.62,1002.8,56.4
2012-07-03 10:00:00,Maitri,-16.77,6.02,984.0,46.6
2012-07-03 11:00:00,Maitri,-20.22,27.98,986.5,73.3
2012-07-03 12:00:00,Maitri,-16.9,19.07,989.7,70.6
2012-07-03 13:00:00,Maitri,-18.6,10.56,979.6,69.1
2012-07-03 14:00:00,Maitri,-22.69,18.09,984.9,59.6
2012-07-03 15:00:00,Maitri,-24.19,6.09,1002.4,35.6
2012-07-03 16:00:00,Maitri,-16.5,6.98,983.6,73.2
2012-07-03 17:00:00,Maitri,-19.31,2.1,995.5,58.8
2012-07-03 18:00:00,Maitri,-19.66,13.61,960.1,53.7
2012-07-03 19:00:00,Maitri,-16.1,1.91,997.6,64.3
2012-07-03 20:00:00,Maitri,-15.03,6.53,966.5,61.1
2012-07-03 21:00:00,Maitri,-20.13,4.02,996.0,43.0
2012-07-03 22:00:00,Maitri,-20.78,16.44,987.0,53.5
2012-07-03 23:00:00,Maitri,-18.46,26.46,979.9,31.3
2012-07-04 00:00:00,Maitri,-24.72,14.86,981.6,59.2
2012-07-04 01:00:00,Maitri,-19.84,13.4,980.1,76.6
2012-07-04 02:00:00,Maitri,-18.85,10.63,974.0,32.9
2012-07-04 03:00:00,Maitri,-18.38,10.08,981.1,59.8
2012-07-04 04:00:00,Maitri,-26.58,5.4,1009.6,67.4
2012-07-04 05:00:00,Maitri,-22.53,3.11,999.5,69.4
2012-07-04 06:00:00,Maitri,-22.53,9.96,973.5,47.6
2012-07-04 07:00:00,Maitri,-18.97,11.37,986.4,42.6
2012-07-04 08:00:00,Maitri,-17.28,11.33,984.4,49.8
2012-07-04 09:00:00,Maitri,-13.56,12.29,981.5,74.7
2012-07-04 10:00:00,Maitri,-19.5,14.2,971.3,34.1
2012-07-04 11:00:00,Maitri,-19.14,9.7,988.7,41.0
2012-07-04 12:00:00,Maitri,-13.58,5.05,994.0,51.6
2012-07-04 13:00:00,Maitri,-16.13,12.05,973.6,44.3
2012-07-04 14:00:00,Maitri,-12.96,13.69,1005.4,57.4
2012-07-04 15:00:00,Maitri,-16.16,7.76,1001.3,77.8
2012-07-04 16:00:00,Maitri,-20.96,13.72,989.2,41.1
2012-07-04 17:00:00,Maitri,-21.81,10.02,969.3,56.0
2012-07-04 18:00:00,Maitri,-22.89,4.56,988.9,57.9
2012-07-04 19:00:00,Maitri,-16.24,31.49,983.5,53.3
2012-07-04 20:00:00,Maitri,-15.02,7.52,989.8,35.9
2012-07-04 21:00:00,Maitri,-13.37,4.8,1002.6,49.1
2012-07-04 22:00:00,Maitri,-17.02,5.98,982.1,49.1
2012-07-04 23:00:00,Maitri,-16.37,1.51,1008.3,66.9
2012-07-05 00:00:00,Maitri,-22.26,7.91,988.5,63.9
2012-07-05 01:00:00,Maitri,-24.29,19.62,978.7,36.3
2012-07-05 02:00:00,Maitri,-17.93,10.53,1011.0,52.6
2012-07-05 03:00:00,Maitri,-19.25,5.61,993.7,51.0
2012-07-05 04:00:00,Maitri,-20.06,9.09,978.4,85.4
2012-07-05 05:00:00,Maitri,-18.88,2.11,985.7,62.1
2012-07-05 06:00:00,Maitri,-18.71,9.14,990.9,42.9
2012-07-05 07:00:00,Maitri,-15.21,7.64,982.1,47.1
2012-07-05 08:00:00,Maitri,-14.7,15.86,984.2,52.7
2012-07-05 09:00:00,Maitri,-16.64,11.45,973.9,63.1
2012-07-05 10:00:00,Maitri,-15.24,4.96,964.9,64.8
2012-07-05 11:00:00,Maitri,-15.93,15.6,983.9,60.8
2012-07-05 12:00:00,Maitri,-18.77,18.58,983.8,55.1
2012-07-05 13:00:00,Maitri,-14.69,11.66,989.3,56.1
2012-07-05 14:00:00,Maitri,-21.51,8.14,977.2,56.2
2012-07-05 15:00:00,Maitri,-13.74,6.67,968.6,33.0
2012-07-05 16:00:00,Maitri,-21.11,22.11,970.6,57.1
2012-07-05 17:00:00,Maitri,-16.66,11.13,995.5,49.9
2012-07-05 18:00:00,Maitri,-20.65,9.89,975.9,34.9
2012-07-05 19:00:00,Maitri,-16.61,4.24,979.3,91.9
2012-07-05 20:00:00,Maitri,-18.96,5.29,980.6,62.4
2012-07-05 21:00:00,Maitri,-24.42,3.46,977.4,58.2
2012-07-05 22:00:00,Maitri,-18.4,8.07,975.8,52.8
2012-07-05 23:00:00,Maitri,-21.97,6.58,974.0,68.2
2012-07-06 00:00:00,Maitri,-17.61,10.17,999.6,41.7
2012-07-06 01:00:00,Maitri,-20.61,17.26,990.2,53.6
2012-07-06 02:00:00,Maitri,-19.41,13.76,997.3,44.7
2012-07-06 03:00:00,Maitri,-23.68,15.33,999.4,68.1
2012-07-06 04:00:00,Maitri,-22.32,17.02,955.4,46.4
2012-07-06 05:00:00,Maitri,-21.62,5.58,988.1,73.4
2012-07-06 06:00:00,Maitri,-17.03,7.27,977.2,56.6
2012-07-06 07:00:00,Maitri,-13.97,6.65,996.8,68.8
2012-07-06 08:00:00,Maitri,-21.45,14.17,974.3,63.6
2012-07-06 09:00:00,Maitri,-14.96,4.15,972.3,72.8
2012-07-06 10:00:00,Maitri,-24.92,20.14,965.5,44.9
2012-07-06 11:00:00,Maitri,-21.42,7.1,980.5,70.7
2012-07-06 12:00:00,Maitri,-20.38,4.35,994.9,31.9
2012-07-06 13:00:00,Maitri,-21.46,7.29,986.9,58.6
2012-07-06 14:00:00,Maitri,-22.14,7.6,970.0,50.4
2012-07-06 15:00:00,Maitri,-15.81,8.28,1008.5,38.3
2012-07-06 16:00:00,Maitri,-18.0,8.51,991.2,45.5
2012-07-06 17:00:00,Maitri,-16.39,16.93,991.4,49.0
2012-07-06 18:00:00,Maitri,-15.77,11.25,998.1,55.2
2012-07-06 19:00:00,Maitri,-17.56,4.31,965.5,50.7
2012-07-06 20:00:00,Maitri,-16.77,7.5,973.4,59.1
2012-07-06 21:00:00,Maitri,-19.56,6.52,993.5,46.4
2012-07-06 22:00:00,Maitri,-23.57,9.64,974.2,51.3
2012-07-06 23:00:00,Maitri,-16.76,8.84,980.5,54.0
2012-07-07 00:00:00,Maitri,-22.34,23.63,980.6,60.5
2012-07-07 01:00:00,Maitri,-23.63,15.29,968.0,69.9
2012-07-07 02:00:00,Maitri,-21.27,13.01,978.9,70.0
2012-07-07 03:00:00,Maitri,-23.56,1.96,995.2,61.3
2012-07-07 04:00:00,Maitri,-21.79,14.95,991.1,64.0
2012-07-07 05:00:00,Maitri,-19.07,2.57,997.4,62.4
2012-07-07 06:00:00,Maitri,-18.68,6.91,995.6,53.6
2012-07-07 07:00:00,Maitri,-22.24,7.48,988.5,70.6
2012-07-07 08:00:00,Maitri,-20.46,16.57,986.3,45.2
2012-07-07 09:00:00,Maitri,-15.0,4.83,987.2,29.3
2012-07-07 10:00:00,Maitri,-16.41,8.29,976.5,43.4
2012-07-07 11:00:00,Maitri,-10.99,3.66,972.6,77.6
2012-07-07 12:00:00,Maitri,-13.56,12.44,975.2,53.9
2012-07-07 13:00:00,Maitri,-13.5,6.96,980.2,61.8
2012-07-07 14:00:00,Maitri,-21.54,10.25,975.9,54.2
2012-07-07 15:00:00,Maitri,-14.72,1.06,989.6,65.9
2012-07-07 16:00:00,Maitri,-17.51,4.46,986.7,59.0
2012-07-07 17:00:00,Maitri,-19.39,10.44,987.0,57.0
2012-07-07 18:00:00,Maitri,-17.46,13.46,987.0,66.6
2012-07-07 19:00:00,Maitri,-15.41,20.29,995.7,51.5
2012-07-07 20:00:00,Maitri,-17.3,18.65,982.1,63.2
2012-07-07 21:00:00,Maitri,-22.18,6.33,995.6,55.6
2012-07-07 22:00:00,Maitri,-17.42,10.15,989.4,56.5
2012-07-07 23:00:00,Maitri,-22.21,14.32,995.8,46.5
2012-07-08 00:00:00,Maitri,-19.79,11.12,1001.9,55.0
2012-07-08 01:00:00,Maitri,-21.63,7.52,990.5,50.4
2012-07-08 02:00:00,Maitri,-21.42,10.41,984.6,73.8
2012-07-08 03:00:00,Maitri,-18.21,19.46,983.2,34.4
2012-07-08 04:00:00,Maitri,-23.81,9.08,978.2,70.4
2012-07-08 05:00:00,Maitri,-13.97,12.58,977.3,33.6
2012-07-08 06:00:00,Maitri,-25.65,10.82,993.8,65.5
2012-07-08 07:00:00,Maitri,-21.3,6.11,973.0,46.3
2012-07-08 08:00:00,Maitri,-17.74,16.51,1001.1,65.9
2012-07-08 09:00:00,Maitri,-16.58,9.24,981.9,56.3
2012-07-08 10:00:00,Maitri,-18.34,7.47,1016.8,37.9
2012-07-08 11:00:00,Maitri,-17.83,10.75,975.4,77.0
2012-07-08 12:00:00,Maitri,-16.05,17.58,985.2,68.9
2012-07-08 13:00:00,Maitri,-17.92,10.35,979.4,65.0
2012-07-08 14:00:00,Maitri,-12.66,10.24,974.3,49.0
2012-07-08 15:00:00,Maitri,-14.5,12.36,995.4,69.4
2012-07-08 16:00:00,Maitri,-14.57,14.05,970.2,40.0
2012-07-08 17:00:00,Maitri,-20.74,7.97,976.0,26.8
2012-07-08 18:00:00,Maitri,-18.27,8.6,990.5,36.1
2012-07-08 19:00:00,Maitri,-19.42,7.61,992.4,45.1
2012-07-08 20:00:00,Maitri,-22.14,12.29,967.1,47.4
2012-07-08 21:00:00,Maitri,-18.23,9.23,990.3,51.9
2012-07-08 22:00:00,Maitri,-21.54,9.51,985.1,52.5
2012-07-08 23:00:00,Maitri,-18.1,9.7,973.0,48.9
2012-07-09 00:00:00,Maitri,-23.92,4.03,975.3,28.4
2012-07-09 01:00:00,Maitri,-15.18,13.38,959.6,60.7
2012-07-09 02:00:00,Maitri,-23.61,7.82,1003.6,54.3
2012-07-09 03:00:00,Maitri,-19.98,9.3,995.3,48.3
2012-07-09 04:00:00,Maitri,-17.96,6.99,969.1,77.6
2012-07-09 05:00:00,Maitri,-22.04,4.82,993.5,54.6
2012-07-09 06:00:00,Maitri,-17.11,10.3,976.9,58.8
2012-07-09 07:00:00,Maitri,-23.34,11.88,993.7,69.1
2012-07-09 08:00:00,Maitri,-14.29,31.2,974.6,37.1
2012-07-09 09:00:00,Maitri,-18.43,6.63,979.8,57.7
2012-07-09 10:00:00,Maitri,-19.95,14.62,979.5,69.1
2012-07-09 11:00:00,Maitri,-18.62,7.72,976.3,56.7
2012-07-09 12:00:00,Maitri,-14.79,15.33,998.8,39.8
2012-07-09 13:00:00,Maitri,-19.07,12.96,993.4,51.2
2012-07-09 14:00:00,Maitri,-19.54,6.69,985.3,60.6
2012-07-09 15:00:00,Maitri,-17.91,4.55,996.1,28.5
2012-07-09 16:00:00,Maitri,-21.15,3.64,965.7,39.1
2012-07-09 17:00:00,Maitri,-11.84,16.18,968.4,85.6
2012-07-09 18:00:00,Maitri,-19.85,5.38,989.7,64.8
2012-07-09 19:00:00,Maitri,-15.81,3.22,993.0,78.8
2012-07-09 20:00:00,Maitri,-18.27,15.99,985.8,70.1
2012-07-09 21:00:00,Maitri,-22.56,9.58,961.9,63.5
2012-07-09 22:00:00,Maitri,-19.86,8.04,971.6,53.7
2012-07-09 23:00:00,Maitri,-17.7,14.03,987.7,63.3
2012-07-10 00:00:00,Maitri,-21.12,7.75,1011.7,78.3
2012-07-10 01:00:00,Maitri,-16.88,13.3,997.0,69.6
2012-07-10 02:00:00,Maitri,-17.49,6.7,1002.1,60.3
2012-07-10 03:00:00,Maitri,-17.75,19.3,986.0,55.6
2012-07-10 04:00:00,Maitri,-21.98,6.07,987.9,65.0
2012-07-10 05:00:00,Maitri,-23.68,13.41,971.1,50.6
2012-07-10 06:00:00,Maitri,-21.82,17.38,993.3,65.0
2012-07-10 07:00:00,Maitri,-18.79,0.78,984.0,48.2
2012-07-10 08:00:00,Maitri,-17.21,12.68,991.1,53.0
2012-07-10 09:00:00,Maitri,-25.44,6.14,984.4,43.6
2012-07-10 10:00:00,Maitri,-18.08,13.99,986.1,51.8
2012-07-10 11:00:00,Maitri,-17.18,10.83,982.4,48.4
2012-07-10 12:00:00,Maitri,-18.28,12.45,985.7,81.7
2012-07-10 13:00:00,Maitri,-13.08,9.17,995.1,45.5
2012-07-10 14:00:00,Maitri,-15.81,18.02,967.7,63.4
2012-07-10 15:00:00,Maitri,-13.02,3.75,967.3,44.7
2012-07-10 16:00:00,Maitri,-18.09,16.96,987.4,58.7
2012-07-10 17:00:00,Maitri,-14.68,6.76,1000.6,62.1
2012-07-10 18:00:00,Maitri,-12.82,2.45,1004.1,32.1
2012-07-10 19:00:00,Maitri,-14.29,9.8,969.4,38.4
2012-07-10 20:00:00,Maitri,-22.45,6.29,979.4,44.6
2012-07-10 21:00:00,Maitri,-20.23,12.18,966.2,39.8
2012-07-10 22:00:00,Maitri,-20.96,12.85,976.7,59.2
2012-07-10 23:00:00,Maitri,-18.66,8.67,996.6,61.4
2012-07-11 00:00:00,Maitri,-18.33,12.5,983.0,43.1
2012-07-11 01:00:00,Maitri,-23.39,11.21,979.0,59.7
2012-07-11 02:00:00,Maitri,-20.55,9.69,989.8,52.1
2012-07-11 03:00:00,Maitri,-27.17,8.51,974.6,56.6
2012-07-11 04:00:00,Maitri,-15.91,7.04,1002.3,49.2
2012-07-11 05:00:00,Maitri,-21.88,23.75,981.5,64.8
2012-07-11 06:00:00,Maitri,-19.69,9.43,979.0,80.9
2012-07-11 07:00:00,Maitri,-20.43,11.51,990.0,68.8
2012-07-11 08:00:00,Maitri,-15.3,13.63,993.8,77.5
2012-07-11 09:00:00,Maitri,-27.58,8.09,1002.1,38.4
2012-07-11 10:00:00,Maitri,-18.12,11.98,980.8,48.5
2012-07-11 11:00:00,Maitri,-18.03,22.57,994.1,65.9
2012-07-11 12:00:00,Maitri,-18.86,6.06,985.3,79.1
2012-07-11 13:00:00,Maitri,-11.71,22.57,974.6,67.1
2012-07-11 14:00:00,Maitri,-20.01,14.18,973.9,43.6
2012-07-11 15:00:00,Maitri,-14.76,6.71,971.4,51.9
2012-07-11 16:00:00,Maitri,-16.27,5.83,975.6,62.7
2012-07-11 17:00:00,Maitri,-13.66,22.5,994.5,55.7
2012-07-11 18:00:00,Maitri,-20.2,16.31,990.7,46.8
2012-07-11 19:00:00,Maitri,-20.85,8.83,969.4,53.9
2012-07-11 20:00:00,Maitri,-15.46,7.22,963.8,57.8
2012-07-11 21:00:00,Maitri,-18.07,6.73,971.2,42.8
2012-07-11 22:00:00,Maitri,-24.81,8.58,974.8,71.8
2012-07-11 23:00:00,Maitri,-21.97,9.06,980.2,51.8
2012-07-12 00:00:00,Maitri,-19.3,10.52,996.9,57.0
2012-07-12 01:00:00,Maitri,-18.04,5.29,977.9,72.5
2012-07-12 02:00:00,Maitri,-22.95,6.55,1003.3,56.3
2012-07-12 03:00:00,Maitri,-30.04,8.33,964.4,71.7
2012-07-12 04:00:00,Maitri,-18.86,27.18,976.9,43.6
2012-07-12 05:00:00,Maitri,-24.16,11.17,992.4,64.1
2012-07-12 06:00:00,Maitri,-26.34,4.09,994.1,69.8
2012-07-12 07:00:00,Maitri,-28.51,5.45,980.3,46.4
2012-07-12 08:00:00,Maitri,-16.38,22.34,993.2,55.5
2012-07-12 09:00:00,Maitri,-18.1,18.1,991.6,55.8
2012-07-12 10:00:00,Maitri,-18.8,7.69,976.0,60.9
2012-07-12 11:00:00,Maitri,-13.26,12.64,986.7,64.6
2012-07-12 12:00:00,Maitri,-15.38,11.84,991.3,45.2
2012-07-12 13:00:00,Maitri,-12.07,9.6,976.5,57.2
2012-07-12 14:00:00,Maitri,-21.64,5.88,1003.6,80.3
2012-07-12 15:00:00,Maitri,-17.35,3.0,974.9,72.8
2012-07-12 16:00:00,Maitri,-22.59,15.36,984.4,69.1
2012-07-12 17:00:00,Maitri,-18.44,11.99,968.8,55.3
2012-07-12 18:00:00,Maitri,-18.88,5.94,985.3,87.8
2012-07-12 19:00:00,Maitri,-16.51,17.67,970.1,72.4
2012-07-12 20:00:00,Maitri,-18.83,21.87,978.3,58.5
2012-07-12 21:00:00,Maitri,-17.45,10.96,965.1,61.1
2012-07-12 22:00:00,Maitri,-17.63,9.4,992.8,51.6
2012-07-12 23:00:00,Maitri,-13.36,3.59,988.6,63.5
2012-07-13 00:00:00,Maitri,-21.56,8.64,996.2,66.3
2012-07-13 01:00:00,Maitri,-23.74,4.99,980.3,67.8
2012-07-13 02:00:00,Maitri,-20.0,8.93,996.7,55.5
2012-07-13 03:00:00,Maitri,-23.29,16.64,983.0,37.4
2012-07-13 04:00:00,Maitri,-15.81,13.59,984.3,61.4
2012-07-13 05:00:00,Maitri,-21.17,17.94,1006.6,67.9
2012-07-13 06:00:00,Maitri,-21.7,8.22,978.2,44.3
2012-07-13 07:00:00,Maitri,-20.96,4.26,998.5,56.7
2012-07-13 08:00:00,Maitri,-16.69,8.02,989.3,76.8
2012-07-13 09:00:00,Maitri,-19.03,10.99,976.8,41.2
2012-07-13 10:00:00,Maitri,-20.14,18.37,967.1,54.0
2012-07-13 11:00:00,Maitri,-12.39,15.05,970.9,78.8
2012-07-13 12:00:00,Maitri,-20.17,3.22,997.5,60.2
2012-07-13 13:00:00,Maitri,-17.14,10.8,1003.3,50.6
2012-07-13 14:00:00,Maitri,-15.1,16.55,983.6,57.9
2012-07-13 15:00:00,Maitri,-22.47,19.08,983.8,69.6
2012-07-13 16:00:00,Maitri,-15.89,17.26,991.3,55.2
2012-07-13 17:00:00,Maitri,-21.09,6.34,984.9,66.4
2012-07-13 18:00:00,Maitri,-15.46,6.54,996.7,61.3
2012-07-13 19:00:00,Maitri,-21.6,23.76,984.8,62.4
2012-07-13 20:00:00,Maitri,-16.77,7.38,985.5,67.3
2012-07-13 21:00:00,Maitri,-15.92,21.7,973.7,53.9
2012-07-13 22:00:00,Maitri,-17.13,5.49,973.3,44.8
2012-07-13 23:00:00,Maitri,-19.46,8.92,947.3,64.6
2012-07-14 00:00:00,Maitri,-21.29,2.34,998.8,56.1
2012-07-14 01:00:00,Maitri,-22.58,8.56,982.0,51.7
2012-07-14 02:00:00,Maitri,-16.09,5.8,979.5,65.4
2012-07-14 03:00:00,Maitri,-22.97,13.64,960.5,75.9
2012-07-14 04:00:00,Maitri,-23.87,13.58,975.6,55.8
2012-07-14 05:00:00,Maitri,-18.14,12.24,974.3,58.1
2012-07-14 06:00:00,Maitri,-22.44,5.98,975.0,41.5
2012-07-14 07:00:00,Maitri,-22.5,17.99,986.1,54.9
2012-07-14 08:00:00,Maitri,-23.61,9.84,984.9,61.1
2012-07-14 09:00:00,Maitri,-20.07,14.26,967.2,57.7
2012-07-14 10:00:00,Maitri,-18.36,17.31,967.5,52.9
2012-07-14 11:00:00,Maitri,-16.94,10.48,968.5,68.2
2012-07-14 12:00:00,Maitri,-14.39,3.99,1005.2,58.8
2012-07-14 13:00:00,Maitri,-15.57,11.17,1000.5,94.2
2012-07-14 14:00:00,Maitri,-17.81,8.62,973.9,60.9
2012-07-14 15:00:00,Maitri,-17.89,5.62,961.4,19.5
2012-07-14 16:00:00,Maitri,-15.8,20.4,983.4,42.4
2012-07-14 17:00:00,Maitri,-13.65,8.07,984.3,65.4
2012-07-14 18:00:00,Maitri,-17.69,13.13,986.7,49.0
2012-07-14 19:00:00,Maitri,-20.03,14.88,991.3,49.9
2012-07-14 20:00:00,Maitri,-22.17,11.18,988.5,40.7
2012-07-14 21:00:00,Maitri,-24.09,7.55,971.0,51.3
2012-07-14 22:00:00,Maitri,-17.76,3.7,987.8,60.7
2012-07-14 23:00:00,Maitri,-18.42,12.16,993.0,63.4
2012-07-15 00:00:00,Maitri,-18.71,8.11,975.5,43.7
2012-07-15 01:00:00,Maitri,-21.15,23.42,984.9,69.3
2012-07-15 02:00:00,Maitri,-16.3,6.44,977.7,41.3
2012-07-15 03:00:00,Maitri,-22.29,2.39,1007.6,64.1
2012-07-15 04:00:00,Maitri,-17.5,4.67,969.0,62.7
2012-07-15 05:00:00,Maitri,-20.4,17.24,995.7,44.9
2012-07-15 06:00:00,Maitri,-21.85,15.14,963.5,43.3
2012-07-15 07:00:00,Maitri,-17.57,20.31,1002.6,63.4
2012-07-15 08:00:00,Maitri,-17.69,8.7,970.6,50.2
2012-07-15 09:00:00,Maitri,-17.39,14.09,985.1,55.3
2012-07-15 10:00:00,Maitri,-17.84,10.88,964.6,67.6
2012-07-15 11:00:00,Maitri,-17.85,6.73,968.5,64.7
2012-07-15 12:00:00,Maitri,-9.8,9.8,993.9,45.2
2012-07-15 13:00:00,Maitri,-13.47,7.78,995.7,57.2
2012-07-15 14:00:00,Maitri,-14.89,19.68,984.8,44.9
2012-07-15 15:00:00,Maitri,-16.9,6.7,992.5,70.2
2012-07-15 16:00:00,Maitri,-14.22,21.25,993.8,79.5
2012-07-15 17:00:00,Maitri,-16.07,6.45,976.2,46.2
2012-07-15 18:00:00,Maitri,-18.01,7.79,967.7,57.6
2012-07-15 19:00:00,Maitri,-19.5,10.07,983.3,70.8
2012-07-15 20:00:00,Maitri,-19.26,6.27,977.4,58.3
2012-07-15 21:00:00,Maitri,-29.61,10.02,988.0,65.9
2012-07-15 22:00:00,Maitri,-19.22,10.8,989.7,58.7
2012-07-15 23:00:00,Maitri,-21.83,19.12,974.3,43.2
2012-07-16 00:00:00,Maitri,-15.46,2.36,992.7,59.7
2012-07-16 01:00:00,Maitri,-20.68,6.48,991.6,73.8
2012-07-16 02:00:00,Maitri,-24.6,22.75,989.9,62.4
2012-07-16 03:00:00,Maitri,-20.9,7.69,979.2,80.7
2012-07-16 04:00:00,Maitri,-23.91,7.69,992.8,33.2
2012-07-16 05:00:00,Maitri,-18.76,6.23,990.0,63.3
2012-07-16 06:00:00,Maitri,-18.97,13.92,990.3,48.9
2012-07-16 07:00:00,Maitri,-16.4,3.52,1003.8,45.7
2012-07-16 08:00:00,Maitri,-21.53,11.83,987.0,76.7
2012-07-16 09:00:00,Maitri,-18.43,24.59,974.3,54.4
2012-07-16 10:00:00,Maitri,-22.47,2.94,971.8,53.1
2012-07-16 11:00:00,Maitri,-15.48,14.01,995.9,62.8
2012-07-16 12:00:00,Maitri,-15.78,4.51,988.4,27.9
2012-07-16 13:00:00,Maitri,-15.67,12.23,1002.4,77.0
2012-07-16 14:00:00,Maitri,-17.19,11.66,959.9,84.7
2012-07-16 15:00:00,Maitri,-15.93,14.55,993.3,70.8
2012-07-16 16:00:00,Maitri,-12.31,7.11,980.9,63.8
2012-07-16 17:00:00,Maitri,-18.64,7.33,979.8,55.0
2012-07-16 18:00:00,Maitri,-17.66,14.77,974.0,42.9
2012-07-16 19:00:00,Maitri,-22.01,7.07,994.3,74.7
2012-07-16 20:00:00,Maitri,-21.78,15.73,989.7,70.8
2012-07-16 21:00:00,Maitri,-19.15,1.9,971.6,64.3
2012-07-16 22:00:00,Maitri,-16.37,11.26,985.2,62.7
2012-07-16 23:00:00,Maitri,-21.09,15.18,990.8,62.2
2012-07-17 00:00:00,Maitri,-21.31,8.71,985.7,50.6
2012-07-17 01:00:00,Maitri,-22.04,19.55,994.8,93.0
2012-07-17 02:00:00,Maitri,-22.51,7.26,980.6,54.0
2012-07-17 03:00:00,Maitri,-19.79,11.01,957.4,52.0
2012-07-17 04:00:00,Maitri,-25.35,16.61,984.7,73.7
2012-07-17 05:00:00,Maitri,-16.17,4.83,986.4,57.6
2012-07-17 06:00:00,Maitri,-22.03,17.4,986.0,57.7
2012-07-17 07:00:00,Maitri,-17.15,11.75,996.0,77.8
2012-07-17 08:00:00,Maitri,-23.06,6.07,961.6,67.5
2012-07-17 09:00:00,Maitri,-16.39,9.55,980.8,68.2
2012-07-17 10:00:00,Maitri,-15.95,5.75,973.5,38.2
2012-07-17 11:00:00,Maitri,-16.5,13.41,969.1,63.6
2012-07-17 12:00:00,Maitri,-20.62,8.3,982.9,43.9
2012-07-17 13:00:00,Maitri,-16.46,7.71,991.9,51.6
2012-07-17 14:00:00,Maitri,-20.98,13.64,986.4,60.5
2012-07-17 15:00:00,Maitri,-18.07,8.6,975.8,57.5
2012-07-17 16:00:00,Maitri,-14.15,9.83,981.9,67.2
2012-07-17 17:00:00,Maitri,-15.18,9.43,994.3,68.8
2012-07-17 18:00:00,Maitri,-18.05,2.3,992.5,69.8
2012-07-17 19:00:00,Maitri,-21.65,3.95,978.1,39.2
2012-07-17 20:00:00,Maitri,-16.93,6.53,976.9,91.1
2012-07-17 21:00:00,Maitri,-19.4,6.82,964.2,57.7
2012-07-17 22:00:00,Maitri,-27.32,2.14,979.7,75.0
2012-07-17 23:00:00,Maitri,-17.77,9.82,963.6,22.8
2012-07-18 00:00:00,Maitri,-20.63,8.99,1007.4,54.3
2012-07-18 01:00:00,Maitri,-16.89,10.46,973.6,37.6
2012-07-18 02:00:00,Maitri,-24.3,8.01,996.6,45.9
2012-07-18 03:00:00,Maitri,-30.9,20.88,1002.8,58.7
2012-07-18 04:00:00,Maitri,-19.66,12.75,985.6,53.3
2012-07-18 05:00:00,Maitri,-19.33,22.34,980.5,76.4
2012-07-18 06:00:00,Maitri,-25.31,4.82,969.1,82.8
2012-07-18 07:00:00,Maitri,-22.59,7.87,978.0,44.5
2012-07-18 08:00:00,Maitri,-10.18,6.89,1002.4,51.2
2012-07-18 09:00:00,Maitri,-19.51,3.36,988.5,43.6
2012-07-18 10:00:00,Maitri,-15.76,8.73,984.0,74.2
2012-07-18 11:00:00,Maitri,-19.8,2.04,999.8,60.2
2012-07-18 12:00:00,Maitri,-24.13,13.33,991.0,58.5
2012-07-18 13:00:00,Maitri,-17.8,18.21,980.6,62.4
2012-07-18 14:00:00,Maitri,-18.04,8.43,986.2,53.6
2012-07-18 15:00:00,Maitri,-18.54,10.41,974.6,46.0
2012-07-18 16:00:00,Maitri,-17.8,18.3,975.8,58.7
2012-07-18 17:00:00,Maitri,-16.88,5.41,981.8,54.3
2012-07-18 18:00:00,Maitri,-18.58,3.34,990.9,62.9
2012-07-18 19:00:00,Maitri,-22.57,1.99,970.4,35.2
2012-07-18 20:00:00,Maitri,-17.44,5.78,985.0,60.6
2012-07-18 21:00:00,Maitri,-25.7,6.4,979.6,48.4
2012-07-18 22:00:00,Maitri,-26.46,13.88,972.6,60.1
2012-07-18 23:00:00,Maitri,-17.9,4.08,980.0,70.7
2012-07-19 00:00:00,Maitri,-18.93,3.24,957.8,50.2
2012-07-19 01:00:00,Maitri,-20.91,15.24,974.0,74.8
2012-07-19 02:00:00,Maitri,-25.25,6.67,971.4,33.6
2012-07-19 03:00:00,Maitri,-22.99,10.45,980.2,79.6
2012-07-19 04:00:00,Maitri,-21.39,14.36,956.6,75.3
2012-07-19 05:00:00,Maitri,-25.37,33.31,982.2,45.6
2012-07-19 06:00:00,Maitri,-22.25,11.89,993.7,45.7
2012-07-19 07:00:00,Maitri,-17.37,6.24,982.7,37.1
2012-07-19 08:00:00,Maitri,-14.42,15.08,988.5,70.9
2012-07-19 09:00:00,Maitri,-19.87,5.2,978.3,53.4
2012-07-19 10:00:00,Maitri,-15.67,18.18,964.4,52.3
2012-07-19 11:00:00,Maitri,-23.84,5.98,984.1,42.3
2012-07-19 12:00:00,Maitri,-15.32,4.6,992.1,83.4
2012-07-19 13:00:00,Maitri,-19.82,9.73,968.3,44.4
2012-07-19 14:00:00,Maitri,-16.21,11.69,977.9,58.3
2012-07-19 15:00:00,Maitri,-18.04,4.74,981.4,61.0
2012-07-19 16:00:00,Maitri,-13.2,6.55,1016.8,52.4
2012-07-19 17:00:00,Maitri,-20.51,12.44,985.7,49.6
2012-07-19 18:00:00,Maitri,-16.08,10.62,961.5,52.8
2012-07-19 19:00:00,Maitri,-19.42,12.05,958.4,65.9
2012-07-19 20:00:00,Maitri,-19.5,18.37,990.6,53.1
2012-07-19 21:00:00,Maitri,-20.04,11.28,1011.9,80.8
2012-07-19 22:00:00,Maitri,-22.59,21.18,978.6,47.1
2012-07-19 23:00:00,Maitri,-20.31,15.57,978.7,68.6
2012-07-20 00:00:00,Maitri,-20.74,6.65,989.0,33.4
2012-07-20 01:00:00,Maitri,-19.95,18.85,973.0,47.1
2012-07-20 02:00:00,Maitri,-20.51,11.02,954.1,46.6
2012-07-20 03:00:00,Maitri,-18.17,17.24,994.3,42.5
2012-07-20 04:00:00,Maitri,-17.58,12.18,976.1,62.0
2012-07-20 05:00:00,Maitri,-23.61,24.1,993.5,56.5
2012-07-20 06:00:00,Maitri,-17.1,4.61,975.6,26.1
2012-07-20 07:00:00,Maitri,-23.24,8.34,985.1,85.9
2012-07-20 08:00:00,Maitri,-17.1,13.47,992.8,60.5
2012-07-20 09:00:00,Maitri,-16.53,10.34,995.8,58.0
2012-07-20 10:00:00,Maitri,-24.2,5.24,986.9,76.3
2012-07-20 11:00:00,Maitri,-17.41,22.76,983.7,71.8
2012-07-20 12:00:00,Maitri,-18.92,9.08,990.8,53.8
2012-07-20 13:00:00,Maitri,-19.67,16.32,987.9,30.7
2012-07-20 14:00:00,Maitri,-12.86,12.87,968.2,65.9
2012-07-20 15:00:00,Maitri,-19.33,14.76,968.2,44.5
2012-07-20 16:00:00,Maitri,-20.0,4.41,960.1,75.3
2012-07-20 17:00:00,Maitri,-17.46,9.3,992.4,47.1
2012-07-20 18:00:00,Maitri,-15.89,14.97,978.2,51.7
2012-07-20 19:00:00,Maitri,-18.97,16.25,992.0,39.2
2012-07-20 20:00:00,Maitri,-15.25,15.45,987.3,40.3
2012-07-20 21:00:00,Maitri,-17.75,6.01,972.6,56.5
2012-07-20 22:00:00,Maitri,-26.85,3.01,983.2,55.2
2012-07-20 23:00:00,Maitri,-21.95,4.03,979.2,51.3
2012-07-21 00:00:00,Maitri,-22.33,9.59,976.6,86.7
2012-07-21 01:00:00,Maitri,-19.17,10.16,994.0,66.5
2012-07-21 02:00:00,Maitri,-29.17,9.56,1012.4,58.1
2012-07-21 03:00:00,Maitri,-12.55,4.49,997.2,19.4
2012-07-21 04:00:00,Maitri,-18.83,6.79,983.7,69.6
2012-07-21 05:00:00,Maitri,-19.77,22.65,996.1,95.0
2012-07-21 06:00:00,Maitri,-16.09,11.76,1002.9,55.4
2012-07-21 07:00:00,Maitri,-11.93,9.2,967.6,46.7
2012-07-21 08:00:00,Maitri,-16.18,22.36,995.7,60.3
2012-07-21 09:00:00,Maitri,-15.47,25.22,990.1,38.0
2012-07-21 10:00:00,Maitri,-17.65,7.23,997.6,64.5
2012-07-21 11:00:00,Maitri,-18.15,11.81,992.6,79.0
2012-07-21 12:00:00,Maitri,-18.93,3.45,981.9,48.6
2012-07-21 13:00:00,Maitri,-19.87,2.82,1008.0,49.1
2012-07-21 14:00:00,Maitri,-19.37,8.31,987.7,56.9
2012-07-21 15:00:00,Maitri,-21.55,4.31,979.4,51.0
2012-07-21 16:00:00,Maitri,-17.65,6.8,989.8,36.8
2012-07-21 17:00:00,Maitri,-23.09,11.15,994.5,52.6
2012-07-21 18:00:00,Maitri,-17.46,19.86,983.1,49.8
2012-07-21 19:00:00,Maitri,-18.62,12.0,987.7,77.1
2012-07-21 20:00:00,Maitri,-18.5,7.28,984.9,74.2
2012-07-21 21:00:00,Maitri,-21.11,26.02,973.5,77.6
2012-07-21 22:00:00,Maitri,-10.02,10.01,974.0,69.2
2012-07-21 23:00:00,Maitri,-15.89,16.37,966.4,60.9
2012-07-22 00:00:00,Maitri,-24.5,17.16,999.9,45.8
2012-07-22 01:00:00,Maitri,-19.95,9.15,981.1,76.6
2012-07-22 02:00:00,Maitri,-22.7,1.44,945.4,62.9
2012-07-22 03:00:00,Maitri,-23.94,2.88,989.1,40.5
2012-07-22 04:00:00,Maitri,-24.8,6.28,988.4,45.2
2012-07-22 05:00:00,Maitri,-18.84,6.48,962.6,40.3
2012-07-22 06:00:00,Maitri,-22.04,9.35,974.0,29.3
2012-07-22 07:00:00,Maitri,-16.32,8.16,973.7,63.4
2012-07-22 08:00:00,Maitri,-15.77,8.43,975.2,40.7
2012-07-22 09:00:00,Maitri,-14.09,9.7,997.5,47.4
2012-07-22 10:00:00,Maitri,-20.78,10.79,981.7,58.5
2012-07-22 11:00:00,Maitri,-16.16,2.94,979.6,55.4
2012-07-22 12:00:00,Maitri,-15.37,10.68,996.3,48.0
2012-07-22 13:00:00,Maitri,-18.73,14.07,988.6,79.3
2012-07-22 14:00:00,Maitri,-19.62,26.23,961.0,36.6
2012-07-22 15:00:00,Maitri,-12.07,10.45,976.3,37.2
2012-07-22 16:00:00,Maitri,-16.67,15.79,986.3,64.4
2012-07-22 17:00:00,Maitri,-15.65,13.35,972.3,49.2
2012-07-22 18:00:00,Maitri,-20.69,5.81,1007.5,48.7
2012-07-22 19:00:00,Maitri,-22.39,10.85,984.7,42.9
2012-07-22 20:00:00,Maitri,-20.78,21.28,973.1,62.7
2012-07-22 21:00:00,Maitri,-19.82,20.66,969.0,61.2
2012-07-22 22:00:00,Maitri,-23.26,20.65,992.6,59.7
2012-07-22 23:00:00,Maitri,-20.26,37.52,971.9,49.8
2012-07-23 00:00:00,Maitri,-25.9,13.96,987.3,47.5
2012-07-23 01:00:00,Maitri,-24.26,7.38,970.7,55.7
2012-07-23 02:00:00,Maitri,-18.59,14.15,983.7,71.5
2012-07-23 03:00:00,Maitri,-18.75,5.28,976.9,80.0
2012-07-23 04:00:00,Maitri,-21.75,12.8,979.5,73.6
2012-07-23 05:00:00,Maitri,-23.47,5.08,975.1,65.1
2012-07-23 06:00:00,Maitri,-23.13,6.24,995.9,71.8
2012-07-23 07:00:00,Maitri,-20.6,2.72,978.9,41.5
2012-07-23 08:00:00,Maitri,-16.88,12.26,981.5,48.0
2012-07-23 09:00:00,Maitri,-15.5,20.05,980.9,65.3
2012-07-23 10:00:00,Maitri,-19.63,10.49,1002.0,56.3
2012-07-23 11:00:00,Maitri,-21.36,9.7,993.8,62.7
2012-07-23 12:00:00,Maitri,-16.52,6.55,993.1,71.7
2012-07-23 13:00:00,Maitri,-19.84,16.69,964.4,69.5
2012-07-23 14:00:00,Maitri,-18.8,18.28,974.7,42.7
2012-07-23 15:00:00,Maitri,-12.96,3.58,998.1,58.2
2012-07-23 16:00:00,Maitri,-14.73,11.05,969.9,45.1
2012-07-23 17:00:00,Maitri,-17.16,16.35,983.5,47.1
2012-07-23 18:00:00,Maitri,-22.11,7.34,971.6,34.0
2012-07-23 19:00:00,Maitri,-17.8,3.19,973.4,59.9
2012-07-23 20:00:00,Maitri,-15.54,4.91,1003.6,33.0
2012-07-23 21:00:00,Maitri,-20.61,21.89,990.0,63.5
2012-07-23 22:00:00,Maitri,-15.52,17.91,993.6,77.0
2012-07-23 23:00:00,Maitri,-16.07,19.22,991.1,65.4
2012-07-24 00:00:00,Maitri,-15.15,4.04,982.8,58.7
2012-07-24 01:00:00,Maitri,-19.68,16.26,974.6,79.5
2012-07-24 02:00:00,Maitri,-18.84,22.69,977.0,62.6
2012-07-24 03:00:00,Maitri,-16.13,6.28,981.9,45.9
2012-07-24 04:00:00,Maitri,-19.05,8.63,1004.1,59.8
2012-07-24 05:00:00,Maitri,-21.8,11.33,967.9,85.4
2012-07-24 06:00:00,Maitri,-21.26,12.44,976.8,42.7
2012-07-24 07:00:00,Maitri,-18.62,7.59,973.4,38.7
2012-07-24 08:00:00,Maitri,-23.05,17.33,994.6,66.6
2012-07-24 09:00:00,Maitri,-18.91,13.65,1004.3,54.9
2012-07-24 10:00:00,Maitri,-14.51,5.49,987.7,50.6
2012-07-24 11:00:00,Maitri,-24.66,16.69,987.0,40.4
2012-07-24 12:00:00,Maitri,-12.45,9.02,984.7,30.7
2012-07-24 13:00:00,Maitri,-13.59,13.99,987.9,37.6
2012-07-24 14:00:00,Maitri,-18.59,5.8,993.0,80.6
2012-07-24 15:00:00,Maitri,-15.44,6.03,989.0,57.9
2012-07-24 16:00:00,Maitri,-17.35,3.0,990.3,30.5
2012-07-24 17:00:00,Maitri,-13.71,18.62,991.1,74.6
2012-07-24 18:00:00,Maitri,-14.88,15.78,962.2,75.3
2012-07-24 19:00:00,Maitri,-22.93,11.37,983.3,75.2
2012-07-24 20:00:00,Maitri,-17.04,3.92,987.9,52.1
2012-07-24 21:00:00,Maitri,-20.04,20.39,986.7,54.2
2012-07-24 22:00:00,Maitri,-19.55,13.83,981.0,59.9
2012-07-24 23:00:00,Maitri,-22.52,7.59,985.7,77.6
2012-07-25 00:00:00,Maitri,-14.86,12.01,974.9,50.2
2012-07-25 01:00:00,Maitri,-17.31,8.87,963.3,47.4
2012-07-25 02:00:00,Maitri,-23.07,13.84,994.2,67.7
2012-07-25 03:00:00,Maitri,-24.91,5.16,971.2,74.9
2012-07-25 04:00:00,Maitri,-21.69,2.1,982.8,57.3
2012-07-25 05:00:00,Maitri,-18.78,13.1,974.4,67.4
2012-07-25 06:00:00,Maitri,-19.03,14.32,1001.1,59.6
2012-07-25 07:00:00,Maitri,-15.35,3.0,983.6,54.5
2012-07-25 08:00:00,Maitri,-16.37,1.46,981.2,46.4
2012-07-25 09:00:00,Maitri,-15.33,11.44,991.9,41.8
2012-07-25 10:00:00,Maitri,-16.95,13.37,1007.8,49.4
2012-07-25 11:00:00,Maitri,-22.07,8.65,988.4,44.3
2012-07-25 12:00:00,Maitri,-17.97,5.39,979.9,62.0
2012-07-25 13:00:00,Maitri,-13.77,26.32,989.1,75.0
2012-07-25 14:00:00,Maitri,-17.26,12.68,965.0,60.9
2012-07-25 15:00:00,Maitri,-15.55,18.48,982.8,45.1
2012-07-25 16:00:00,Maitri,-18.36,4.57,1007.2,70.0
2012-07-25 17:00:00,Maitri,-20.92,20.05,983.8,62.2
2012-07-25 18:00:00,Maitri,-18.39,12.4,984.4,64.9
2012-07-25 19:00:00,Maitri,-17.44,24.85,981.5,50.7
2012-07-25 20:00:00,Maitri,-21.0,13.99,978.4,73.9
2012-07-25 21:00:00,Maitri,-20.12,10.38,987.1,73.8
2012-07-25 22:00:00,Maitri,-22.81,9.33,992.5,55.4
2012-07-25 23:00:00,Maitri,-16.59,6.42,980.2,68.1
2012-07-26 00:00:00,Maitri,-21.38,9.39,954.9,73.4
2012-07-26 01:00:00,Maitri,-15.96,14.13,988.2,51.5
2012-07-26 02:00:00,Maitri,-15.78,15.55,1007.2,56.9
2012-07-26 03:00:00,Maitri,-20.87,5.79,979.8,59.1
2012-07-26 04:00:00,Maitri,-23.66,3.6,967.5,42.6
2012-07-26 05:00:00,Maitri,-26.82,11.8,991.0,64.2
2012-07-26 06:00:00,Maitri,-24.49,2.87,1004.6,72.3
2012-07-26 07:00:00,Maitri,-23.74,9.51,989.7,56.0
2012-07-26 08:00:00,Maitri,-14.46,3.97,1004.2,62.8
2012-07-26 09:00:00,Maitri,-18.04,15.19,991.8,77.6
2012-07-26 10:00:00,Maitri,-16.73,7.57,992.0,52.3
2012-07-26 11:00:00,Maitri,-24.71,8.17,977.8,63.0
2012-07-26 12:00:00,Maitri,-21.15,3.44,987.8,50.0
2012-07-26 13:00:00,Maitri,-14.3,17.47,982.0,49.6
2012-07-26 14:00:00,Maitri,-16.16,11.06,982.6,62.8
2012-07-26 15:00:00,Maitri,-17.61,11.3,980.4,61.4
2012-07-26 16:00:00,Maitri,-15.51,4.1,987.0,65.8
2012-07-26 17:00:00,Maitri,-12.37,2.66,969.7,59.1
2012-07-26 18:00:00,Maitri,-18.68,5.76,993.5,64.5
2012-07-26 19:00:00,Maitri,-18.19,7.45,973.8,81.3
2012-07-26 20:00:00,Maitri,-18.26,5.65,981.3,72.8
2012-07-26 21:00:00,Maitri,-11.69,24.91,985.1,62.7
2012-07-26 22:00:00,Maitri,-26.49,17.73,971.7,65.1
2012-07-26 23:00:00,Maitri,-17.96,9.65,960.9,53.8
2012-07-27 00:00:00,Maitri,-20.78,6.05,979.7,55.8
2012-07-27 01:00:00,Maitri,-18.77,4.64,967.8,64.9
2012-07-27 02:00:00,Maitri,-22.75,9.39,991.8,59.2
2012-07-27 03:00:00,Maitri,-20.74,11.51,970.0,69.1
2012-07-27 04:00:00,Maitri,-18.13,7.2,1001.0,75.7
2012-07-27 05:00:00,Maitri,-10.16,12.49,983.1,56.6
2012-07-27 06:00:00,Maitri,-17.16,6.85,984.7,29.9
2012-07-27 07:00:00,Maitri,-22.03,4.6,961.5,86.5
2012-07-27 08:00:00,Maitri,-20.2,12.51,984.8,48.9
2012-07-27 09:00:00,Maitri,-19.83,2.58,983.7,60.7
2012-07-27 10:00:00,Maitri,-23.69,3.59,969.5,68.2
2012-07-27 11:00:00,Maitri,-18.63,5.16,985.2,77.7
2012-07-27 12:00:00,Maitri,-14.94,6.51,979.4,83.3
2012-07-27 13:00:00,Maitri,-21.19,14.15,980.4,52.9
2012-07-27 14:00:00,Maitri,-13.69,3.45,984.8,74.7
2012-07-27 15:00:00,Maitri,-15.55,8.19,978.3,60.8
2012-07-27 16:00:00,Maitri,-19.64,11.59,986.1,95.0
2012-07-27 17:00:00,Maitri,-18.03,11.03,982.4,73.4
2012-07-27 18:00:00,Maitri,-12.83,14.16,988.3,55.5
2012-07-27 19:00:00,Maitri,-16.04,8.35,977.7,46.9
2012-07-27 20:00:00,Maitri,-18.82,6.38,971.8,21.2
2012-07-27 21:00:00,Maitri,-20.08,19.26,974.0,67.4
2012-07-27 22:00:00,Maitri,-19.5,6.22,1000.7,72.1
2012-07-27 23:00:00,Maitri,-21.76,5.67,995.1,68.4
2012-07-28 00:00:00,Maitri,-27.11,5.4,998.1,25.1
2012-07-28 01:00:00,Maitri,-14.02,5.27,999.0,40.4
2012-07-28 02:00:00,Maitri,-20.12,21.8,976.4,64.7
2012-07-28 03:00:00,Maitri,-19.28,23.83,984.8,83.0
2012-07-28 04:00:00,Maitri,-20.56,15.15,983.6,57.2
2012-07-28 05:00:00,Maitri,-22.45,12.79,990.7,73.3
2012-07-28 06:00:00,Maitri,-20.32,5.68,980.8,43.5
2012-07-28 07:00:00,Maitri,-24.4,7.13,985.0,60.9
2012-07-28 08:00:00,Maitri,-11.53,3.11,985.4,54.2
2012-07-28 09:00:00,Maitri,-22.3,8.24,989.9,74.6
2012-07-28 10:00:00,Maitri,-21.22,3.86,992.0,50.4
2012-07-28 11:00:00,Maitri,-18.96,10.57,984.5,81.5
2012-07-28 12:00:00,Maitri,-13.14,5.96,985.5,53.7
2012-07-28 13:00:00,Maitri,-17.04,11.09,985.9,43.0
2012-07-28 14:00:00,Maitri,-20.98,5.33,1003.1,43.5
2012-07-28 15:00:00,Maitri,-13.07,2.72,964.7,49.3
2012-07-28 16:00:00,Maitri,-14.92,4.77,973.1,63.2
2012-07-28 17:00:00,Maitri,-15.82,11.66,991.0,49.5
2012-07-28 18:00:00,Maitri,-15.63,12.11,986.3,46.5
2012-07-28 19:00:00,Maitri,-10.69,11.41,986.3,70.5
2012-07-28 20:00:00,Maitri,-11.83,10.48,991.1,18.0
2012-07-28 21:00:00,Maitri,-21.48,9.66,986.0,52.0
2012-07-28 22:00:00,Maitri,-14.52,13.67,976.5,39.3
2012-07-28 23:00:00,Maitri,-18.87,1.49,992.0,45.8
2012-07-29 00:00:00,Maitri,-18.75,21.23,982.1,61.4
2012-07-29 01:00:00,Maitri,-25.94,8.1,978.6,55.1
2012-07-29 02:00:00,Maitri,-21.13,13.73,990.9,53.9
2012-07-29 03:00:00,Maitri,-23.13,9.17,991.1,74.7
2012-07-29 04:00:00,Maitri,-17.7,5.89,986.6,57.8
2012-07-29 05:00:00,Maitri,-16.63,7.72,1003.6,83.3
2012-07-29 06:00:00,Maitri,-26.33,4.59,999.6,68.0
2012-07-29 07:00:00,Maitri,-19.33,5.12,995.8,44.5
2012-07-29 08:00:00,Maitri,-15.2,12.43,1012.6,85.1
2012-07-29 09:00:00,Maitri,-18.92,10.61,981.7,61.9
2012-07-29 10:00:00,Maitri,-15.56,2.5,979.3,84.2
2012-07-29 11:00:00,Maitri,-16.39,5.25,994.1,54.3
2012-07-29 12:00:00,Maitri,-16.14,8.07,980.9,61.8
2012-07-29 13:00:00,Maitri,-17.92,9.2,983.8,64.0
2012-07-29 14:00:00,Maitri,-20.88,25.84,969.8,55.6
2012-07-29 15:00:00,Maitri,-20.64,10.44,990.4,75.8
2012-07-29 16:00:00,Maitri,-14.96,2.22,967.8,85.1
2012-07-29 17:00:00,Maitri,-17.45,9.5,982.5,25.9
2012-07-29 18:00:00,Maitri,-18.33,3.93,984.2,69.4
2012-07-29 19:00:00,Maitri,-19.68,8.31,978.7,45.5
2012-07-29 20:00:00,Maitri,-19.77,27.17,960.7,21.7
2012-07-29 21:00:00,Maitri,-15.9,6.86,963.7,65.2
2012-07-29 22:00:00,Maitri,-20.76,15.54,974.1,65.3
2012-07-29 23:00:00,Maitri,-24.35,9.43,989.8,67.5
2012-07-30 00:00:00,Maitri,-17.93,20.68,985.2,63.2
2012-07-30 01:00:00,Maitri,-21.15,12.93,982.9,70.3
2012-07-30 02:00:00,Maitri,-20.46,16.69,972.3,49.6
2012-07-30 03:00:00,Maitri,-15.35,11.58,987.2,61.7
2012-07-30 04:00:00,Maitri,-20.38,6.8,963.3,67.8
2012-07-30 05:00:00,Maitri,-19.1,19.34,954.5,76.9
2012-07-30 06:00:00,Maitri,-23.43,10.83,980.6,58.6
2012-07-30 07:00:00,Maitri,-19.92,7.08,977.7,55.0
2012-07-30 08:00:00,Maitri,-16.81,5.89,995.8,57.2
2012-07-30 09:00:00,Maitri,-23.27,11.06,985.2,41.3
2012-07-30 10:00:00,Maitri,-17.21,17.49,1001.4,68.8
2012-07-30 11:00:00,Maitri,-17.16,12.16,976.9,37.6
2012-07-30 12:00:00,Maitri,-17.06,7.42,989.5,63.5
2012-07-30 13:00:00,Maitri,-13.7,11.89,980.3,59.2
2012-07-30 14:00:00,Maitri,-15.89,14.67,998.7,36.3
2012-07-30 15:00:00,Maitri,-12.29,3.01,982.2,37.1
2012-07-30 16:00:00,Maitri,-20.38,3.96,994.2,46.0
2012-07-30 17:00:00,Maitri,-17.05,13.9,970.5,53.2
2012-07-30 18:00:00,Maitri,-17.59,3.85,979.6,78.7
2012-07-30 19:00:00,Maitri,-21.71,8.3,982.8,56.4
2012-07-30 20:00:00,Maitri,-15.7,10.01,998.0,65.7
2012-07-30 21:00:00,Maitri,-11.78,4.83,959.0,75.7
2012-07-30 22:00:00,Maitri,-19.71,8.51,979.9,73.0
2012-07-30 23:00:00,Maitri,-18.41,10.1,979.3,57.9
2012-07-31 00:00:00,Maitri,-20.01,17.93,958.4,48.1
2012-07-31 01:00:00,Maitri,-22.74,16.89,977.1,65.0
2012-07-31 02:00:00,Maitri,-26.35,11.03,965.6,48.4
2012-07-31 03:00:00,Maitri,-22.72,6.38,957.2,83.4
2012-07-31 04:00:00,Maitri,-24.73,17.09,979.4,70.1
2012-07-31 05:00:00,Maitri,-14.54,17.42,979.0,60.9
2012-07-31 06:00:00,Maitri,-19.99,5.81,981.3,65.2
2012-07-31 07:00:00,Maitri,-20.29,10.47,986.3,60.5
2012-07-31 08:00:00,Maitri,-15.87,7.09,973.8,52.8
2012-07-31 09:00:00,Maitri,-21.84,11.25,1003.9,65.0
2012-07-31 10:00:00,Maitri,-20.27,5.53,983.8,54.6
2012-07-31 11:00:00,Maitri,-17.23,14.58,997.6,85.1
2012-07-31 12:00:00,Maitri,-13.87,11.3,964.0,48.3
2012-07-31 13:00:00,Maitri,-15.38,5.54,974.6,65.1
2012-07-31 14:00:00,Maitri,-16.13,13.87,990.8,47.0
2012-07-31 15:00:00,Maitri,-16.73,6.35,981.4,46.9
2012-07-31 16:00:00,Maitri,-15.88,2.55,972.3,33.0
2012-07-31 17:00:00,Maitri,-16.8,4.77,963.1,63.8
2012-07-31 18:00:00,Maitri,-21.12,15.49,991.1,50.5
2012-07-31 19:00:00,Maitri,-18.11,22.03,989.2,73.2
2012-07-31 20:00:00,Maitri,-22.16,22.33,984.4,63.8
2012-07-31 21:00:00,Maitri,-18.93,6.6,978.3,60.1
2012-07-31 22:00:00,Maitri,-21.16,8.3,971.0,38.3
2012-07-31 23:00:00,Maitri,-11.87,7.17,983.3,66.2
2012-08-01 00:00:00,Maitri,-20.37,9.25,968.5,48.7
2012-08-01 01:00:00,Maitri,-24.91,3.75,975.8,37.9
2012-08-01 02:00:00,Maitri,-20.91,6.71,998.5,64.0
2012-08-01 03:00:00,Maitri,-18.76,10.49,962.1,40.4
2012-08-01 04:00:00,Maitri,-14.89,15.53,990.5,28.7
2012-08-01 05:00:00,Maitri,-21.84,11.03,1000.5,76.2
2012-08-01 06:00:00,Maitri,-24.65,8.07,993.2,50.1
2012-08-01 07:00:00,Maitri,-16.53,4.85,988.9,33.6
2012-08-01 08:00:00,Maitri,-23.1,16.06,977.3,44.5
2012-08-01 09:00:00,Maitri,-19.61,3.39,977.1,47.9
2012-08-01 10:00:00,Maitri,-18.61,3.91,958.6,74.0
2012-08-01 11:00:00,Maitri,-17.63,13.05,983.5,34.7
2012-08-01 12:00:00,Maitri,-14.92,14.09,978.3,39.3
2012-08-01 13:00:00,Maitri,-19.13,1.42,976.8,71.7
2012-08-01 14:00:00,Maitri,-17.76,8.11,983.6,51.7
2012-08-01 15:00:00,Maitri,-16.99,2.22,985.4,61.2
2012-08-01 16:00:00,Maitri,-16.64,8.42,976.4,51.1
2012-08-01 17:00:00,Maitri,-17.1,7.37,1002.4,86.3
2012-08-01 18:00:00,Maitri,-16.39,19.46,990.5,39.9
2012-08-01 19:00:00,Maitri,-15.52,11.98,993.5,61.9
2012-08-01 20:00:00,Maitri,-17.42,12.2,982.0,79.0
2012-08-01 21:00:00,Maitri,-17.7,17.7,988.2,52.8
2012-08-01 22:00:00,Maitri,-24.64,18.07,972.0,47.4
2012-08-01 23:00:00,Maitri,-19.79,10.13,991.1,68.7
2012-08-02 00:00:00,Maitri,-18.67,6.23,981.7,72.1
2012-08-02 01:00:00,Maitri,-18.05,15.06,971.0,46.8
2012-08-02 02:00:00,Maitri,-22.66,14.64,982.5,78.5
2012-08-02 03:00:00,Maitri,-22.49,12.98,979.7,58.7
2012-08-02 04:00:00,Maitri,-22.04,10.11,1010.2,65.1
2012-08-02 05:00:00,Maitri,-18.2,8.37,988.8,78.8
2012-08-02 06:00:00,Maitri,-16.23,18.1,1000.5,68.8
2012-08-02 07:00:00,Maitri,-20.41,7.36,996.9,58.0
2012-08-02 08:00:00,Maitri,-15.74,6.05,984.5,48.6
2012-08-02 09:00:00,Maitri,-17.78,8.05,978.7,95.0
2012-08-02 10:00:00,Maitri,-18.14,5.45,964.2,47.0
2012-08-02 11:00:00,Maitri,-18.04,14.68,972.8,62.5
2012-08-02 12:00:00,Maitri,-14.69,10.11,991.1,65.1
2012-08-02 13:00:00,Maitri,-15.86,2.34,981.2,65.8
2012-08-02 14:00:00,Maitri,-9.56,12.0,987.5,87.8
2012-08-02 15:00:00,Maitri,-19.63,8.21,960.4,58.7
2012-08-02 16:00:00,Maitri,-15.42,9.41,988.8,56.7
2012-08-02 17:00:00,Maitri,-19.06,10.85,996.0,79.7
2012-08-02 18:00:00,Maitri,-20.52,6.82,963.6,56.1
2012-08-02 19:00:00,Maitri,-18.21,6.01,988.4,70.3
2012-08-02 20:00:00,Maitri,-18.2,13.0,998.5,60.7
2012-08-02 21:00:00,Maitri,-9.77,4.25,1003.7,70.9
2012-08-02 22:00:00,Maitri,-20.13,5.05,978.5,68.2
2012-08-02 23:00:00,Maitri,-23.53,5.77,993.1,52.4
2012-08-03 00:00:00,Maitri,-19.28,15.92,999.1,32.2
2012-08-03 01:00:00,Maitri,-26.97,18.5,986.8,34.6
2012-08-03 02:00:00,Maitri,-20.69,5.74,998.9,32.2
2012-08-03 03:00:00,Maitri,-20.28,5.11,983.8,56.7
2012-08-03 04:00:00,Maitri,-17.61,10.04,988.0,25.1
2012-08-03 05:00:00,Maitri,-16.75,8.21,976.6,55.8
2012-08-03 06:00:00,Maitri,-21.11,14.83,980.9,59.9
2012-08-03 07:00:00,Maitri,-19.55,12.42,988.1,70.0
2012-08-03 08:00:00,Maitri,-21.05,23.05,973.5,65.1
2012-08-03 09:00:00,Maitri,-21.74,5.27,981.6,70.6
2012-08-03 10:00:00,Maitri,-16.71,14.7,991.5,63.8
2012-08-03 11:00:00,Maitri,-21.4,7.37,1007.5,53.5
2012-08-03 12:00:00,Maitri,-18.37,4.91,960.7,56.5
2012-08-03 13:00:00,Maitri,-20.04,7.29,1006.6,46.1
2012-08-03 14:00:00,Maitri,-15.04,7.77,980.8,61.2
2012-08-03 15:00:00,Maitri,-11.09,17.57,993.5,35.8
2012-08-03 16:00:00,Maitri,-21.2,3.23,997.9,72.9
2012-08-03 17:00:00,Maitri,-23.25,5.85,1002.1,44.6
2012-08-03 18:00:00,Maitri,-18.1,9.77,975.2,60.2
2012-08-03 19:00:00,Maitri,-18.08,4.7,981.7,62.5
2012-08-03 20:00:00,Maitri,-17.9,21.79,981.1,74.3
2012-08-03 21:00:00,Maitri,-20.49,23.69,977.3,34.5
2012-08-03 22:00:00,Maitri,-20.14,9.31,998.8,53.4
2012-08-03 23:00:00,Maitri,-18.69,13.03,982.2,65.7
2012-08-04 00:00:00,Maitri,-16.78,19.84,963.4,82.5
2012-08-04 01:00:00,Maitri,-26.55,8.55,976.4,57.5
2012-08-04 02:00:00,Maitri,-21.53,12.59,965.0,49.7
2012-08-04 03:00:00,Maitri,-19.61,4.32,981.7,86.4
2012-08-04 04:00:00,Maitri,-23.05,2.41,992.4,69.2
2012-08-04 05:00:00,Maitri,-14.28,15.69,975.1,77.2
2012-08-04 06:00:00,Maitri,-21.49,8.87,979.0,41.1
2012-08-04 07:00:00,Maitri,-19.15,23.3,978.3,65.3
2012-08-04 08:00:00,Maitri,-16.77,6.44,985.7,42.8
2012-08-04 09:00:00,Maitri,-19.98,4.08,990.3,39.7
2012-08-04 10:00:00,Maitri,-23.56,14.82,992.1,66.1
2012-08-04 11:00:00,Maitri,-18.65,22.26,1007.6,67.1
2012-08-04 12:00:00,Maitri,-13.7,4.35,985.8,51.3
2012-08-04 13:00:00,Maitri,-17.89,5.23,992.7,78.0
2012-08-04 14:00:00,Maitri,-19.46,19.41,963.8,52.8
2012-08-04 15:00:00,Maitri,-13.85,27.35,976.5,54.2
2012-08-04 16:00:00,Maitri,-18.05,12.65,980.0,57.5
2012-08-04 17:00:00,Maitri,-18.91,6.09,972.4,54.6
2012-08-04 18:00:00,Maitri,-17.17,18.45,976.1,75.9
2012-08-04 19:00:00,Maitri,-15.62,7.86,982.6,43.4
2012-08-04 20:00:00,Maitri,-10.93,6.21,978.3,47.4
2012-08-04 21:00:00,Maitri,-16.37,6.8,1013.9,41.3
2012-08-04 22:00:00,Maitri,-15.74,13.74,988.8,84.4
2012-08-04 23:00:00,Maitri,-21.44,9.61,1006.6,53.5
2012-08-05 00:00:00,Maitri,-23.35,12.24,1000.3,47.2
2012-08-05 01:00:00,Maitri,-20.04,15.06,975.4,54.0
2012-08-05 02:00:00,Maitri,-19.96,8.12,984.2,69.9
2012-08-05 03:00:00,Maitri,-23.69,16.16,977.6,67.3
2012-08-05 04:00:00,Maitri,-20.62,9.4,981.7,49.9
2012-08-05 05:00:00,Maitri,-18.5,6.86,972.7,52.4
2012-08-05 06:00:00,Maitri,-18.25,3.48,979.4,37.6
2012-08-05 07:00:00,Maitri,-17.36,7.91,987.9,59.9
2012-08-05 08:00:00,Maitri,-17.57,20.54,985.7,76.0
2012-08-05 09:00:00,Maitri,-19.66,14.62,985.7,49.9
2012-08-05 10:00:00,Maitri,-19.25,12.19,982.5,66.9
2012-08-05 11:00:00,Maitri,-21.07,4.61,994.2,49.9
2012-08-05 12:00:00,Maitri,-11.23,6.72,981.0,42.7
2012-08-05 13:00:00,Maitri,-16.72,13.49,999.0,67.5
2012-08-05 14:00:00,Maitri,-17.42,15.42,961.4,90.9
2012-08-05 15:00:00,Maitri,-19.74,14.82,990.3,65.6
2012-08-05 16:00:00,Maitri,-7.55,10.85,989.0,52.2
2012-08-05 17:00:00,Maitri,-20.67,5.67,976.4,53.1
2012-08-05 18:00:00,Maitri,-18.98,15.44,978.6,84.7
2012-08-05 19:00:00,Maitri,-16.71,6.69,989.3,62.3
2012-08-05 20:00:00,Maitri,-16.58,15.56,993.2,47.3
2012-08-05 21:00:00,Maitri,-15.9,7.92,963.7,57.1
2012-08-05 22:00:00,Maitri,-13.62,22.65,988.8,61.0
2012-08-05 23:00:00,Maitri,-18.16,7.42,978.6,64.6
2012-08-06 00:00:00,Maitri,-23.39,7.33,996.8,79.2
2012-08-06 01:00:00,Maitri,-21.01,8.93,962.5,75.9
2012-08-06 02:00:00,Maitri,-19.27,5.72,1012.3,60.8
2012-08-06 03:00:00,Maitri,-13.57,5.07,974.0,57.4
2012-08-06 04:00:00,Maitri,-24.49,5.6,1000.6,63.5
2012-08-06 05:00:00,Maitri,-15.88,19.02,981.4,49.5
2012-08-06 06:00:00,Maitri,-18.78,5.29,974.8,71.7
2012-08-06 07:00:00,Maitri,-16.24,7.37,986.9,55.2
2012-08-06 08:00:00,Maitri,-18.78,28.74,992.5,64.9
2012-08-06 09:00:00,Maitri,-20.68,15.83,964.8,82.0
2012-08-06 10:00:00,Maitri,-15.15,15.68,990.7,65.7
2012-08-06 11:00:00,Maitri,-15.09,26.34,980.9,61.2
2012-08-06 12:00:00,Maitri,-13.78,8.77,990.3,50.8
2012-08-06 13:00:00,Maitri,-16.76,2.53,984.7,56.9
2012-08-06 14:00:00,Maitri,-18.57,14.86,976.2,42.1
2012-08-06 15:00:00,Maitri,-21.7,8.21,971.0,65.5
2012-08-06 16:00:00,Maitri,-14.27,28.88,988.4,28.1
2012-08-06 17:00:00,Maitri,-15.82,2.29,992.3,71.6
2012-08-06 18:00:00,Maitri,-20.64,5.07,991.9,68.2
2012-08-06 19:00:00,Maitri,-19.71,6.53,988.9,59.4
2012-08-06 20:00:00,Maitri,-19.95,8.88,994.5,50.5
2012-08-06 21:00:00,Maitri,-23.67,3.83,1000.6,57.8
2012-08-06 22:00:00,Maitri,-21.97,11.53,961.7,33.2
2012-08-06 23:00:00,Maitri,-23.35,6.31,957.1,69.5
2012-08-07 00:00:00,Maitri,-21.28,16.43,1002.3,55.7
2012-08-07 01:00:00,Maitri,-22.5,19.75,966.6,79.2
2012-08-07 02:00:00,Maitri,-25.41,7.64,971.4,63.5
2012-08-07 03:00:00,Maitri,-13.67,12.64,979.8,61.2
2012-08-07 04:00:00,Maitri,-15.95,9.36,964.6,63.6
2012-08-07 05:00:00,Maitri,-22.17,8.94,979.3,44.3
2012-08-07 06:00:00,Maitri,-18.43,3.62,973.6,51.7
2012-08-07 07:00:00,Maitri,-17.53,8.65,981.0,59.9
2012-08-07 08:00:00,Maitri,-14.59,15.5,985.9,53.8
2012-08-07 09:00:00,Maitri,-20.55,11.7,979.3,49.9
2012-08-07 10:00:00,Maitri,-14.01,5.16,979.7,54.0
2012-08-07 11:00:00,Maitri,-18.88,3.64,987.4,58.6
2012-08-07 12:00:00,Maitri,-21.12,8.46,995.7,90.5
2012-08-07 13:00:00,Maitri,-14.35,5.8,1002.6,53.4
2012-08-07 14:00:00,Maitri,-12.47,6.24,981.6,48.5
2012-08-07 15:00:00,Maitri,-8.38,5.87,1005.1,55.9
2012-08-07 16:00:00,Maitri,-20.68,9.43,993.7,79.0
2012-08-07 17:00:00,Maitri,-14.89,13.15,968.9,80.0
2012-08-07 18:00:00,Maitri,-18.81,5.66,969.6,85.3
2012-08-07 19:00:00,Maitri,-15.43,5.5,977.5,58.9
2012-08-07 20:00:00,Maitri,-23.11,4.08,1001.0,67.0
2012-08-07 21:00:00,Maitri,-22.91,10.37,977.7,43.3
2012-08-07 22:00:00,Maitri,-21.78,15.28,960.9,53.1
2012-08-07 23:00:00,Maitri,-19.42,8.73,981.1,42.4
2012-08-08 00:00:00,Maitri,-21.96,13.19,960.2,64.6
2012-08-08 01:00:00,Maitri,-17.98,17.7,970.2,58.5
2012-08-08 02:00:00,Maitri,-16.86,10.77,976.6,61.2
2012-08-08 03:00:00,Maitri,-18.17,5.25,985.9,46.2
2012-08-08 04:00:00,Maitri,-14.72,4.87,996.0,69.9
2012-08-08 05:00:00,Maitri,-18.29,5.45,992.2,24.3
2012-08-08 06:00:00,Maitri,-23.14,24.19,967.8,54.5
2012-08-08 07:00:00,Maitri,-14.45,28.06,976.5,56.5
2012-08-08 08:00:00,Maitri,-20.28,7.45,984.8,29.7
2012-08-08 09:00:00,Maitri,-14.97,17.2,979.4,63.4
2012-08-08 10:00:00,Maitri,-12.41,18.96,979.1,55.6
2012-08-08 11:00:00,Maitri,-15.61,3.68,964.6,65.9
2012-08-08 12:00:00,Maitri,-21.57,23.42,968.2,86.0
2012-08-08 13:00:00,Maitri,-19.55,8.02,979.2,62.5
2012-08-08 14:00:00,Maitri,-12.31,7.78,948.3,71.6
2012-08-08 15:00:00,Maitri,-17.15,4.19,991.7,77.3
2012-08-08 16:00:00,Maitri,-16.53,24.28,965.6,64.9
2012-08-08 17:00:00,Maitri,-14.64,9.76,991.4,45.9
2012-08-08 18:00:00,Maitri,-15.22,22.92,988.4,35.0
2012-08-08 19:00:00,Maitri,-16.99,18.3,976.0,63.2
2012-08-08 20:00:00,Maitri,-19.01,7.54,995.4,52.4
2012-08-08 21:00:00,Maitri,-19.81,9.95,992.1,76.0
2012-08-08 22:00:00,Maitri,-16.5,6.16,980.5,51.3
2012-08-08 23:00:00,Maitri,-17.85,6.64,979.2,57.8
2012-08-09 00:00:00,Maitri,-20.67,12.09,995.8,41.8
2012-08-09 01:00:00,Maitri,-16.56,14.37,985.5,53.2
2012-08-09 02:00:00,Maitri,-20.5,2.47,996.6,44.8
2012-08-09 03:00:00,Maitri,-22.75,2.52,957.1,46.1
2012-08-09 04:00:00,Maitri,-22.28,6.76,985.1,57.3
2012-08-09 05:00:00,Maitri,-22.69,11.07,965.2,49.5
2012-08-09 06:00:00,Maitri,-20.06,19.14,981.8,94.8
2012-08-09 07:00:00,Maitri,-14.81,9.67,991.8,69.7
2012-08-09 08:00:00,Maitri,-20.86,7.99,1003.8,73.2
2012-08-09 09:00:00,Maitri,-17.22,13.05,972.3,56.4
2012-08-09 10:00:00,Maitri,-19.49,5.19,978.2,59.5
2012-08-09 11:00:00,Maitri,-17.85,9.81,982.4,52.0
2012-08-09 12:00:00,Maitri,-21.56,8.61,972.5,94.7
2012-08-09 13:00:00,Maitri,-17.26,10.27,994.7,56.5
2012-08-09 14:00:00,Maitri,-17.11,17.79,981.5,49.5
2012-08-09 15:00:00,Maitri,-14.82,2.84,986.0,47.4
2012-08-09 16:00:00,Maitri,-16.02,8.91,990.8,62.7
2012-08-09 17:00:00,Maitri,-20.85,14.34,982.0,77.9
2012-08-09 18:00:00,Maitri,-13.92,12.55,973.7,73.2
2012-08-09 19:00:00,Maitri,-17.15,3.04,983.8,47.4
2012-08-09 20:00:00,Maitri,-17.65,2.51,974.8,47.1
2012-08-09 21:00:00,Maitri,-18.78,13.75,984.2,75.4
2012-08-09 22:00:00,Maitri,-20.85,2.93,996.0,87.4
2012-08-09 23:00:00,Maitri,-18.86,9.92,970.0,56.0
2012-08-10 00:00:00,Maitri,-18.27,17.13,964.8,74.9
2012-08-10 01:00:00,Maitri,-25.56,3.5,985.0,37.5
2012-08-10 02:00:00,Maitri,-21.75,22.99,972.7,46.2
2012-08-10 03:00:00,Maitri,-20.78,13.49,983.3,43.9
2012-08-10 04:00:00,Maitri,-18.97,36.89,983.2,63.8
2012-08-10 05:00:00,Maitri,-15.68,6.91,959.3,55.5
2012-08-10 06:00:00,Maitri,-21.6,19.64,990.0,61.3
2012-08-10 07:00:00,Maitri,-20.29,7.39,970.4,75.1
2012-08-10 08:00:00,Maitri,-19.87,9.56,983.3,48.9
2012-08-10 09:00:00,Maitri,-20.33,6.08,976.5,59.3
2012-08-10 10:00:00,Maitri,-18.44,9.29,977.3,39.3
2012-08-10 11:00:00,Maitri,-14.49,15.83,1002.1,74.3
2012-08-10 12:00:00,Maitri,-20.04,23.45,985.2,73.3
2012-08-10 13:00:00,Maitri,-15.12,5.31,994.6,63.1
2012-08-10 14:00:00,Maitri,-21.88,10.44,985.2,59.7
2012-08-10 15:00:00,Maitri,-18.29,6.58,991.1,50.9
2012-08-10 16:00:00,Maitri,-17.72,10.77,988.2,38.5
2012-08-10 17:00:00,Maitri,-11.6,17.17,985.4,62.3
2012-08-10 18:00:00,Maitri,-18.21,6.94,996.7,68.6
2012-08-10 19:00:00,Maitri,-24.81,12.22,985.0,86.3
2012-08-10 20:00:00,Maitri,-24.63,5.09,1010.5,52.5
2012-08-10 21:00:00,Maitri,-18.59,17.98,993.3,61.8
2012-08-10 22:00:00,Maitri,-17.17,14.64,969.7,73.6
2012-08-10 23:00:00,Maitri,-18.3,5.69,982.1,74.0
2012-08-11 00:00:00,Maitri,-19.19,5.6,988.7,49.3
2012-08-11 01:00:00,Maitri,-16.19,20.27,982.5,54.1
2012-08-11 02:00:00,Maitri,-21.69,27.21,988.8,50.6
2012-08-11 03:00:00,Maitri,-17.04,5.85,993.3,45.4
2012-08-11 04:00:00,Maitri,-24.95,15.89,967.0,78.6
2012-08-11 05:00:00,Maitri,-22.34,7.58,998.6,58.9
2012-08-11 06:00:00,Maitri,-24.85,20.3,976.2,57.0
2012-08-11 07:00:00,Maitri,-19.51,7.83,977.0,61.5
2012-08-11 08:00:00,Maitri,-18.32,13.97,976.0,58.8
2012-08-11 09:00:00,Maitri,-17.34,10.25,992.8,54.9
2012-08-11 10:00:00,Maitri,-17.07,1.94,981.6,47.3
2012-08-11 11:00:00,Maitri,-19.86,5.34,976.6,79.9
2012-08-11 12:00:00,Maitri,-17.22,13.83,978.0,50.0
2012-08-11 13:00:00,Maitri,-21.22,12.88,962.4,45.0
2012-08-11 14:00:00,Maitri,-12.0,11.07,973.7,56.9
2012-08-11 15:00:00,Maitri,-17.4,23.91,967.2,88.2
2012-08-11 16:00:00,Maitri,-18.17,15.27,979.6,46.5
2012-08-11 17:00:00,Maitri,-11.81,14.2,990.5,67.9
2012-08-11 18:00:00,Maitri,-21.24,1.91,991.1,54.6
2012-08-11 19:00:00,Maitri,-21.3,15.72,997.1,61.4
2012-08-11 20:00:00,Maitri,-21.68,3.16,996.4,70.9
2012-08-11 21:00:00,Maitri,-18.85,9.3,977.5,33.9
2012-08-11 22:00:00,Maitri,-17.69,3.19,984.7,45.5
2012-08-11 23:00:00,Maitri,-17.07,12.4,982.8,70.7
2012-08-12 00:00:00,Maitri,-11.43,17.58,957.6,59.4
2012-08-12 01:00:00,Maitri,-27.04,8.85,969.7,61.0
2012-08-12 02:00:00,Maitri,-17.96,9.03,981.7,68.0
2012-08-12 03:00:00,Maitri,-21.62,5.01,982.3,45.5
2012-08-12 04:00:00,Maitri,-21.54,17.41,988.3,72.8
2012-08-12 05:00:00,Maitri,-21.36,3.42,989.8,69.5
2012-08-12 06:00:00,Maitri,-21.91,10.25,963.1,61.3
2012-08-12 07:00:00,Maitri,-13.18,8.77,989.6,64.6
2012-08-12 08:00:00,Maitri,-15.41,11.69,985.3,74.3
2012-08-12 09:00:00,Maitri,-17.56,14.83,989.9,49.7
2012-08-12 10:00:00,Maitri,-12.88,8.46,996.0,67.3
2012-08-12 11:00:00,Maitri,-21.67,15.78,981.0,82.4
2012-08-12 12:00:00,Maitri,-20.8,9.13,998.0,67.0
2012-08-12 13:00:00,Maitri,-23.33,11.45,973.1,54.9
2012-08-12 14:00:00,Maitri,-18.54,4.44,973.5,90.5
2012-08-12 15:00:00,Maitri,-15.85,7.17,988.9,61.2
2012-08-12 16:00:00,Maitri,-16.22,2.92,980.3,77.6
2012-08-12 17:00:00,Maitri,-16.35,9.7,986.6,52.1
2012-08-12 18:00:00,Maitri,-21.72,14.36,1005.8,72.9
2012-08-12 19:00:00,Maitri,-15.07,8.21,988.3,50.4
2012-08-12 20:00:00,Maitri,-17.34,8.81,986.1,62.5
2012-08-12 21:00:00,Maitri,-16.22,11.81,973.2,49.5
2012-08-12 22:00:00,Maitri,-25.06,12.57,963.6,84.6
2012-08-12 23:00:00,Maitri,-18.38,2.83,983.7,54.9
2012-08-13 00:00:00,Maitri,-23.4,6.35,996.3,42.5
2012-08-13 01:00:00,Maitri,-21.05,3.17,980.8,59.3
2012-08-13 02:00:00,Maitri,-18.13,7.29,988.5,65.5
2012-08-13 03:00:00,Maitri,-19.48,21.48,998.2,57.6
2012-08-13 04:00:00,Maitri,-22.32,14.47,998.9,46.6
2012-08-13 05:00:00,Maitri,-19.29,9.29,988.5,72.5
2012-08-13 06:00:00,Maitri,-23.84,24.85,983.2,75.6
2012-08-13 07:00:00,Maitri,-14.82,11.16,965.9,34.9
2012-08-13 08:00:00,Maitri,-18.69,32.41,972.9,45.7
2012-08-13 09:00:00,Maitri,-13.99,10.13,980.3,55.8
2012-08-13 10:00:00,Maitri,-18.82,6.33,974.2,50.6
2012-08-13 11:00:00,Maitri,-18.44,4.2,987.2,65.4
2012-08-13 12:00:00,Maitri,-18.92,13.6,1004.9,83.8
2012-08-13 13:00:00,Maitri,-13.49,7.24,1001.4,52.7
2012-08-13 14:00:00,Maitri,-18.51,10.11,986.3,80.1
2012-08-13 15:00:00,Maitri,-14.24,12.36,992.1,37.4
2012-08-13 16:00:00,Maitri,-17.7,5.32,975.8,64.4
2012-08-13 17:00:00,Maitri,-23.09,11.05,1000.2,49.7
2012-08-13 18:00:00,Maitri,-18.96,8.3,965.8,64.7
2012-08-13 19:00:00,Maitri,-21.34,3.32,995.0,33.4
2012-08-13 20:00:00,Maitri,-17.93,12.75,988.8,40.0
2012-08-13 21:00:00,Maitri,-22.31,13.73,974.2,64.7
2012-08-13 22:00:00,Maitri,-15.97,19.23,979.7,49.2
2012-08-13 23:00:00,Maitri,-19.6,4.29,971.3,53.5
2012-08-14 00:00:00,Maitri,-20.1,27.54,968.3,83.7
2012-08-14 01:00:00,Maitri,-17.61,5.69,965.8,59.9
2012-08-14 02:00:00,Maitri,-16.68,2.12,993.5,70.6
2012-08-14 03:00:00,Maitri,-19.77,9.53,997.4,47.4
2012-08-14 04:00:00,Maitri,-21.99,11.69,958.4,39.2
2012-08-14 05:00:00,Maitri,-24.92,8.51,1004.9,56.9
2012-08-14 06:00:00,Maitri,-21.06,4.25,984.2,37.1
2012-08-14 07:00:00,Maitri,-20.41,6.9,987.3,48.2
2012-08-14 08:00:00,Maitri,-17.63,11.29,966.4,61.3
2012-08-14 09:00:00,Maitri,-18.61,29.83,995.7,56.4
2012-08-14 10:00:00,Maitri,-14.87,4.4,986.6,62.7
2012-08-14 11:00:00,Maitri,-18.66,6.29,997.2,66.4
2012-08-14 12:00:00,Maitri,-16.59,3.64,998.5,41.3
2012-08-14 13:00:00,Maitri,-12.44,7.28,999.3,44.8
2012-08-14 14:00:00,Maitri,-15.07,8.88,976.2,27.5
2012-08-14 15:00:00,Maitri,-16.42,16.38,980.2,52.8
2012-08-14 16:00:00,Maitri,-18.34,11.42,976.3,68.3
2012-08-14 17:00:00,Maitri,-18.72,20.92,992.2,78.9
2012-08-14 18:00:00,Maitri,-19.79,9.12,987.5,60.7
2012-08-14 19:00:00,Maitri,-19.23,0.8,997.2,77.2
2012-08-14 20:00:00,Maitri,-15.55,11.73,996.0,63.4
2012-08-14 21:00:00,Maitri,-19.14,2.65,964.7,59.5
2012-08-14 22:00:00,Maitri,-23.19,16.09,998.1,49.4
2012-08-14 23:00:00,Maitri,-13.58,9.13,994.6,24.6
2012-08-15 00:00:00,Maitri,-18.43,6.11,979.8,75.1
2012-08-15 01:00:00,Maitri,-24.14,4.02,988.4,57.3
2012-08-15 02:00:00,Maitri,-21.11,6.71,982.6,77.4
2012-08-15 03:00:00,Maitri,-19.28,8.87,990.8,44.7
2012-08-15 04:00:00,Maitri,-14.0,25.36,976.9,92.0
2012-08-15 05:00:00,Maitri,-22.72,8.42,989.2,54.5
2012-08-15 06:00:00,Maitri,-15.67,10.65,984.2,48.3
2012-08-15 07:00:00,Maitri,-13.88,8.72,978.7,55.0
2012-08-15 08:00:00,Maitri,-19.91,10.66,985.6,60.4
2012-08-15 09:00:00,Maitri,-18.32,10.28,1014.6,57.0
2012-08-15 10:00:00,Maitri,-20.31,9.23,975.7,50.8
2012-08-15 11:00:00,Maitri,-17.28,5.98,981.2,32.8
2012-08-15 12:00:00,Maitri,-16.46,13.89,975.2,46.7
2012-08-15 13:00:00,Maitri,-14.05,4.4,977.9,73.0
2012-08-15 14:00:00,Maitri,-12.61,12.43,992.5,45.7
2012-08-15 15:00:00,Maitri,-18.55,14.04,991.1,34.0
2012-08-15 16:00:00,Maitri,-22.63,2.23,984.6,43.2
2012-08-15 17:00:00,Maitri,-16.69,4.11,996.2,56.8
2012-08-15 18:00:00,Maitri,-16.06,2.48,993.8,47.4
2012-08-15 19:00:00,Maitri,-16.63,18.75,980.3,54.1
2012-08-15 20:00:00,Maitri,-18.94,6.54,966.4,46.8
2012-08-15 21:00:00,Maitri,-17.96,18.17,991.8,72.1
2012-08-15 22:00:00,Maitri,-13.95,7.47,985.8,64.9
2012-08-15 23:00:00,Maitri,-17.95,4.66,984.6,89.1
2012-08-16 00:00:00,Maitri,-20.58,5.78,978.8,52.7
2012-08-16 01:00:00,Maitri,-21.16,10.17,992.0,54.0
2012-08-16 02:00:00,Maitri,-20.17,13.96,986.9,74.6
2012-08-16 03:00:00,Maitri,-14.33,9.42,980.9,63.5
2012-08-16 04:00:00,Maitri,-19.97,15.77,968.5,44.8
2012-08-16 05:00:00,Maitri,-19.16,8.3,996.0,65.8
2012-08-16 06:00:00,Maitri,-20.27,8.89,990.6,63.6
2012-08-16 07:00:00,Maitri,-14.77,5.53,987.1,32.9
2012-08-16 08:00:00,Maitri,-11.55,5.14,953.7,48.9
2012-08-16 09:00:00,Maitri,-15.92,14.51,982.4,60.7
2012-08-16 10:00:00,Maitri,-16.66,4.41,981.6,78.2
2012-08-16 11:00:00,Maitri,-16.43,7.46,976.8,67.8
2012-08-16 12:00:00,Maitri,-23.9,14.92,991.4,50.1
2012-08-16 13:00:00,Maitri,-13.7,2.86,992.8,48.1
2012-08-16 14:00:00,Maitri,-15.6,19.03,987.2,69.2
2012-08-16 15:00:00,Maitri,-14.72,4.71,996.2,24.0
2012-08-16 16:00:00,Maitri,-18.54,19.07,970.4,46.7
2012-08-16 17:00:00,Maitri,-17.78,4.4,979.1,77.7
2012-08-16 18:00:00,Maitri,-18.24,14.49,983.7,62.2
2012-08-16 19:00:00,Maitri,-14.09,6.42,976.9,47.4
2012-08-16 20:00:00,Maitri,-19.04,25.92,989.5,41.2
2012-08-16 21:00:00,Maitri,-11.63,7.96,977.8,69.8
2012-08-16 22:00:00,Maitri,-17.35,4.01,999.3,59.1
2012-08-16 23:00:00,Maitri,-23.18,12.44,972.4,54.9
2012-08-17 00:00:00,Maitri,-19.72,6.89,1008.5,63.2
2012-08-17 01:00:00,Maitri,-21.57,13.19,1006.4,60.3
2012-08-17 02:00:00,Maitri,-26.57,18.9,981.1,59.2
2012-08-17 03:00:00,Maitri,-14.37,14.72,996.0,39.5
2012-08-17 04:00:00,Maitri,-17.06,2.73,980.0,43.6
2012-08-17 05:00:00,Maitri,-17.32,4.34,996.0,68.5
2012-08-17 06:00:00,Maitri,-18.12,10.83,981.4,65.8
2012-08-17 07:00:00,Maitri,-22.64,11.51,968.5,63.3
2012-08-17 08:00:00,Maitri,-19.3,1.2,944.2,49.8
2012-08-17 09:00:00,Maitri,-14.59,3.72,981.4,68.7
2012-08-17 10:00:00,Maitri,-20.21,4.64,987.5,52.8
2012-08-17 11:00:00,Maitri,-24.58,19.71,997.3,76.2
2012-08-17 12:00:00,Maitri,-16.92,5.95,984.5,47.5
2012-08-17 13:00:00,Maitri,-16.46,13.9,994.4,50.6
2012-08-17 14:00:00,Maitri,-15.52,17.37,977.2,55.9
2012-08-17 15:00:00,Maitri,-13.68,5.8,980.3,69.9
2012-08-17 16:00:00,Maitri,-14.15,8.7,995.8,57.5
2012-08-17 17:00:00,Maitri,-15.65,13.92,954.6,58.5
2012-08-17 18:00:00,Maitri,-13.02,2.71,984.7,52.5
2012-08-17 19:00:00,Maitri,-22.14,7.68,979.2,61.8
2012-08-17 20:00:00,Maitri,-16.13,18.4,997.9,57.0
2012-08-17 21:00:00,Maitri,-16.21,11.34,977.2,47.0
2012-08-17 22:00:00,Maitri,-22.62,11.41,989.2,59.8
2012-08-17 23:00:00,Maitri,-23.83,15.81,993.2,60.1
2012-08-18 00:00:00,Maitri,-21.62,6.35,966.9,90.9
2012-08-18 01:00:00,Maitri,-21.53,4.53,982.7,49.4
2012-08-18 02:00:00,Maitri,-17.06,10.96,978.4,46.2
2012-08-18 03:00:00,Maitri,-21.38,6.67,994.9,61.9
2012-08-18 04:00:00,Maitri,-21.97,6.4,991.8,44.1
2012-08-18 05:00:00,Maitri,-20.9,4.43,981.7,43.0
2012-08-18 06:00:00,Maitri,-14.99,12.37,971.1,37.9
2012-08-18 07:00:00,Maitri,-18.1,8.11,995.7,47.2
2012-08-18 08:00:00,Maitri,-18.25,4.5,983.5,47.5
2012-08-18 09:00:00,Maitri,-17.56,16.37,963.9,40.0
2012-08-18 10:00:00,Maitri,-12.64,7.38,966.3,54.5
2012-08-18 11:00:00,Maitri,-18.8,12.55,988.2,24.9
2012-08-18 12:00:00,Maitri,-11.9,22.43,967.0,64.9
2012-08-18 13:00:00,Maitri,-15.26,16.21,1004.0,50.2
2012-08-18 14:00:00,Maitri,-16.39,21.05,971.1,52.3
2012-08-18 15:00:00,Maitri,-7.93,16.03,982.6,66.2
2012-08-18 16:00:00,Maitri,-19.49,7.71,985.7,63.2
2012-08-18 17:00:00,Maitri,-17.53,5.32,975.8,49.2
2012-08-18 18:00:00,Maitri,-20.72,7.46,958.1,64.3
2012-08-18 19:00:00,Maitri,-14.16,7.81,986.0,79.7
2012-08-18 20:00:00,Maitri,-12.27,18.83,973.5,43.8
2012-08-18 21:00:00,Maitri,-12.79,6.78,985.3,68.6
2012-08-18 22:00:00,Maitri,-14.66,3.75,983.0,42.4
2012-08-18 23:00:00,Maitri,-19.58,10.6,986.4,74.5
2012-08-19 00:00:00,Maitri,-20.32,9.53,1001.5,48.0
2012-08-19 01:00:00,Maitri,-24.68,5.5,977.9,47.5
2012-08-19 02:00:00,Maitri,-12.88,7.17,978.5,74.1
2012-08-19 03:00:00,Maitri,-17.83,21.42,962.6,68.1
2012-08-19 04:00:00,Maitri,-20.73,12.34,980.9,48.5
2012-08-19 05:00:00,Maitri,-14.62,7.53,988.6,59.8
2012-08-19 06:00:00,Maitri,-21.61,5.47,978.6,48.1
2012-08-19 07:00:00,Maitri,-16.76,27.82,985.6,35.7
2012-08-19 08:00:00,Maitri,-18.15,23.93,979.4,60.6
2012-08-19 09:00:00,Maitri,-15.08,15.42,967.7,53.0
2012-08-19 10:00:00,Maitri,-16.9,8.03,987.4,44.8
2012-08-19 11:00:00,Maitri,-20.96,5.3,981.8,76.3
2012-08-19 12:00:00,Maitri,-15.79,5.43,985.6,45.2
2012-08-19 13:00:00,Maitri,-12.5,7.97,977.3,60.0
2012-08-19 14:00:00,Maitri,-15.89,6.77,976.4,73.1
2012-08-19 15:00:00,Maitri,-13.37,9.14,985.4,54.4
2012-08-19 16:00:00,Maitri,-19.38,8.87,981.0,47.7
2012-08-19 17:00:00,Maitri,-16.4,4.77,1004.1,62.2
2012-08-19 18:00:00,Maitri,-18.69,4.88,993.5,64.4
2012-08-19 19:00:00,Maitri,-14.74,7.58,990.1,70.3
2012-08-19 20:00:00,Maitri,-17.49,8.73,981.6,84.2
2012-08-19 21:00:00,Maitri,-15.85,20.4,958.6,51.6
2012-08-19 22:00:00,Maitri,-15.01,10.96,974.1,60.7
2012-08-19 23:00:00,Maitri,-16.65,10.72,975.9,40.2
2012-08-20 00:00:00,Maitri,-18.2,11.22,980.2,67.3
2012-08-20 01:00:00,Maitri,-22.44,17.68,982.0,60.6
2012-08-20 02:00:00,Maitri,-19.32,52.0,984.7,55.5
2012-08-20 03:00:00,Maitri,-20.96,6.44,987.2,49.3
2012-08-20 04:00:00,Maitri,-20.17,26.61,994.3,53.1
2012-08-20 05:00:00,Maitri,-19.98,3.38,980.9,61.3
2012-08-20 06:00:00,Maitri,-21.55,7.63,986.8,44.5
2012-08-20 07:00:00,Maitri,-24.24,4.43,988.3,53.7
2012-08-20 08:00:00,Maitri,-19.65,13.66,985.8,58.2
2012-08-20 09:00:00,Maitri,-16.43,15.95,997.3,36.4
2012-08-20 10:00:00,Maitri,-20.93,3.75,993.7,43.3
2012-08-20 11:00:00,Maitri,-16.19,17.1,967.3,48.8
2012-08-20 12:00:00,Maitri,-9.87,11.38,982.0,80.0
2012-08-20 13:00:00,Maitri,-12.5,14.87,982.6,46.4
2012-08-20 14:00:00,Maitri,-10.45,18.55,1007.0,57.2
2012-08-20 15:00:00,Maitri,-14.52,13.89,979.1,43.4
2012-08-20 16:00:00,Maitri,-12.22,3.26,973.2,47.1
2012-08-20 17:00:00,Maitri,-18.56,7.15,989.0,37.8
2012-08-20 18:00:00,Maitri,-18.67,3.59,990.2,67.4
2012-08-20 19:00:00,Maitri,-25.81,2.06,983.8,39.4
2012-08-20 20:00:00,Maitri,-13.72,4.23,981.8,70.7
2012-08-20 21:00:00,Maitri,-13.05,7.52,994.8,64.6
2012-08-20 22:00:00,Maitri,-20.18,25.47,971.4,56.9
2012-08-20 23:00:00,Maitri,-19.6,9.06,979.7,71.2
2012-08-21 00:00:00,Maitri,-21.4,11.43,977.3,95.0
2012-08-21 01:00:00,Maitri,-17.94,6.57,996.6,64.7
2012-08-21 02:00:00,Maitri,-15.63,8.09,987.1,42.3
2012-08-21 03:00:00,Maitri,-24.74,9.61,971.3,78.8
2012-08-21 04:00:00,Maitri,-17.68,7.81,972.7,60.6
2012-08-21 05:00:00,Maitri,-19.59,12.86,1004.6,87.6
2012-08-21 06:00:00,Maitri,-17.96,6.12,996.5,50.9
2012-08-21 07:00:00,Maitri,-16.42,3.4,994.2,75.9
2012-08-21 08:00:00,Maitri,-18.03,2.87,984.7,58.0
2012-08-21 09:00:00,Maitri,-17.29,15.25,1000.1,95.0
2012-08-21 10:00:00,Maitri,-17.21,1.27,972.1,54.1
2012-08-21 11:00:00,Maitri,-13.05,8.0,992.5,95.0
2012-08-21 12:00:00,Maitri,-14.53,4.35,979.2,64.2
2012-08-21 13:00:00,Maitri,-14.98,13.14,980.2,69.9
2012-08-21 14:00:00,Maitri,-19.69,9.22,992.0,81.8
2012-08-21 15:00:00,Maitri,-16.9,9.37,981.9,47.0
2012-08-21 16:00:00,Maitri,-12.99,9.86,978.5,71.6
2012-08-21 17:00:00,Maitri,-16.03,9.66,977.9,53.9
2012-08-21 18:00:00,Maitri,-14.42,3.39,961.6,60.1
2012-08-21 19:00:00,Maitri,-11.31,6.81,992.8,59.2
2012-08-21 20:00:00,Maitri,-14.1,5.16,972.6,66.0
2012-08-21 21:00:00,Maitri,-17.6,5.79,1005.5,65.4
2012-08-21 22:00:00,Maitri,-19.96,9.74,980.2,49.9
2012-08-21 23:00:00,Maitri,-26.87,15.31,997.8,59.7
2012-08-22 00:00:00,Maitri,-19.44,15.0,961.9,25.3
2012-08-22 01:00:00,Maitri,-20.12,10.76,991.8,71.9
2012-08-22 02:00:00,Maitri,-17.89,7.07,995.3,81.7
2012-08-22 03:00:00,Maitri,-19.57,9.36,998.6,60.7
2012-08-22 04:00:00,Maitri,-19.93,13.91,965.3,35.5
2012-08-22 05:00:00,Maitri,-24.31,5.77,976.1,68.4
2012-08-22 06:00:00,Maitri,-21.25,9.12,990.3,47.3
2012-08-22 07:00:00,Maitri,-16.28,6.53,985.7,60.6
2012-08-22 08:00:00,Maitri,-11.85,5.71,987.5,67.6
2012-08-22 09:00:00,Maitri,-17.19,8.79,979.5,65.7
2012-08-22 10:00:00,Maitri,-15.39,7.09,1001.8,73.1
2012-08-22 11:00:00,Maitri,-13.02,10.91,1013.4,60.0
2012-08-22 12:00:00,Maitri,-18.38,7.16,985.1,60.4
2012-08-22 13:00:00,Maitri,-14.43,8.3,989.0,68.3
2012-08-22 14:00:00,Maitri,-17.91,3.39,985.1,57.0
2012-08-22 15:00:00,Maitri,-12.84,14.28,997.6,48.4
2012-08-22 16:00:00,Maitri,-15.3,14.44,992.4,64.3
2012-08-22 17:00:00,Maitri,-15.11,5.15,972.0,42.2
2012-08-22 18:00:00,Maitri,-18.95,5.47,977.1,56.9
2012-08-22 19:00:00,Maitri,-14.61,10.05,971.9,38.7
2012-08-22 20:00:00,Maitri,-10.67,6.69,1015.0,50.2
2012-08-22 21:00:00,Maitri,-21.03,10.7,990.7,50.8
2012-08-22 22:00:00,Maitri,-19.33,19.39,975.2,44.2
2012-08-22 23:00:00,Maitri,-17.87,5.32,976.4,73.4
2012-08-23 00:00:00,Maitri,-16.3,14.92,992.0,72.3
2012-08-23 01:00:00,Maitri,-20.78,4.73,994.7,76.4
2012-08-23 02:00:00,Maitri,-28.12,5.77,993.3,55.4
2012-08-23 03:00:00,Maitri,-14.64,10.1,978.6,51.9
2012-08-23 04:00:00,Maitri,-16.38,12.78,986.6,69.3
2012-08-23 05:00:00,Maitri,-24.1,19.06,983.4,59.8
2012-08-23 06:00:00,Maitri,-20.1,22.76,970.8,59.7
2012-08-23 07:00:00,Maitri,-12.7,7.58,973.2,22.4
2012-08-23 08:00:00,Maitri,-12.62,9.06,988.4,68.6
2012-08-23 09:00:00,Maitri,-13.79,11.03,985.6,66.7
2012-08-23 10:00:00,Maitri,-16.92,8.82,990.0,57.9
2012-08-23 11:00:00,Maitri,-15.72,7.53,993.0,69.4
2012-08-23 12:00:00,Maitri,-16.11,6.41,1001.3,66.4
2012-08-23 13:00:00,Maitri,-11.91,12.88,974.1,48.2
2012-08-23 14:00:00,Maitri,-18.26,19.14,989.4,54.9
2012-08-23 15:00:00,Maitri,-18.09,3.1,993.2,43.9
2012-08-23 16:00:00,Maitri,-12.46,7.91,980.2,78.5
2012-08-23 17:00:00,Maitri,-16.12,3.16,985.9,71.7
2012-08-23 18:00:00,Maitri,-11.94,12.44,979.8,46.6
2012-08-23 19:00:00,Maitri,-18.94,5.69,1008.4,66.7
2012-08-23 20:00:00,Maitri,-17.43,17.67,983.6,61.9
2012-08-23 21:00:00,Maitri,-20.67,8.29,988.9,48.4
2012-08-23 22:00:00,Maitri,-18.13,12.54,980.1,59.7
2012-08-23 23:00:00,Maitri,-23.26,5.25,978.7,70.0
2012-08-24 00:00:00,Maitri,-20.28,9.86,968.5,71.2
2012-08-24 01:00:00,Maitri,-23.5,9.79,996.2,90.6
2012-08-24 02:00:00,Maitri,-16.74,11.44,992.1,59.3
2012-08-24 03:00:00,Maitri,-16.61,6.14,980.6,54.7
2012-08-24 04:00:00,Maitri,-24.26,16.81,972.1,65.9
2012-08-24 05:00:00,Maitri,-14.17,11.06,985.4,55.4
2012-08-24 06:00:00,Maitri,-10.07,18.63,976.5,49.8
2012-08-24 07:00:00,Maitri,-17.48,3.44,981.9,45.0
2012-08-24 08:00:00,Maitri,-19.22,9.91,969.0,18.0
2012-08-24 09:00:00,Maitri,-7.66,8.1,986.3,68.3
2012-08-24 10:00:00,Maitri,-20.49,23.05,984.3,35.1
2012-08-24 11:00:00,Maitri,-15.83,13.05,995.6,45.7
2012-08-24 12:00:00,Maitri,-15.03,8.91,981.9,62.1
2012-08-24 13:00:00,Maitri,-11.12,12.59,979.3,53.5
2012-08-24 14:00:00,Maitri,-14.21,6.94,966.1,88.1
2012-08-24 15:00:00,Maitri,-17.02,11.71,995.9,36.9
2012-08-24 16:00:00,Maitri,-18.65,30.3,990.7,89.3
2012-08-24 17:00:00,Maitri,-16.99,6.37,984.4,77.3
2012-08-24 18:00:00,Maitri,-19.49,9.81,968.2,70.7
2012-08-24 19:00:00,Maitri,-16.55,5.55,970.2,78.2
2012-08-24 20:00:00,Maitri,-18.97,4.94,978.0,63.7
2012-08-24 21:00:00,Maitri,-22.41,15.01,993.8,34.2
2012-08-24 22:00:00,Maitri,-14.05,4.19,987.7,65.2
2012-08-24 23:00:00,Maitri,-20.03,11.6,966.1,37.3
2012-08-25 00:00:00,Maitri,-22.69,14.49,987.5,50.6
2012-08-25 01:00:00,Maitri,-19.35,7.12,974.3,56.9
2012-08-25 02:00:00,Maitri,-18.65,18.26,976.3,45.2
2012-08-25 03:00:00,Maitri,-24.4,17.36,993.6,71.2
2012-08-25 04:00:00,Maitri,-17.57,7.09,992.7,55.0
2012-08-25 05:00:00,Maitri,-21.7,3.75,997.0,63.7
2012-08-25 06:00:00,Maitri,-12.5,12.12,982.9,57.9
2012-08-25 07:00:00,Maitri,-15.86,8.75,993.8,59.8
2012-08-25 08:00:00,Maitri,-18.35,10.16,976.7,45.6
2012-08-25 09:00:00,Maitri,-18.99,12.05,980.2,41.6
2012-08-25 10:00:00,Maitri,-16.51,3.29,980.8,55.8
2012-08-25 11:00:00,Maitri,-13.84,6.85,984.2,44.5
2012-08-25 12:00:00,Maitri,-15.6,21.72,966.9,77.5
2012-08-25 13:00:00,Maitri,-16.03,10.34,980.9,38.7
2012-08-25 14:00:00,Maitri,-15.09,12.52,999.8,90.7
2012-08-25 15:00:00,Maitri,-17.27,9.83,971.0,62.2
2012-08-25 16:00:00,Maitri,-16.61,12.31,967.9,59.0
2012-08-25 17:00:00,Maitri,-22.48,17.16,968.1,50.4
2012-08-25 18:00:00,Maitri,-13.06,2.17,1015.3,67.2
2012-08-25 19:00:00,Maitri,-15.65,13.95,988.3,55.1
2012-08-25 20:00:00,Maitri,-19.55,8.82,980.6,62.2
2012-08-25 21:00:00,Maitri,-11.46,15.32,983.5,69.8
2012-08-25 22:00:00,Maitri,-17.7,7.27,986.5,67.4
2012-08-25 23:00:00,Maitri,-21.66,7.09,976.6,75.4
2012-08-26 00:00:00,Maitri,-15.8,4.08,978.4,65.5
2012-08-26 01:00:00,Maitri,-17.44,8.96,981.8,44.7
2012-08-26 02:00:00,Maitri,-17.52,3.9,976.1,28.9
2012-08-26 03:00:00,Maitri,-20.08,8.49,979.2,61.0
2012-08-26 04:00:00,Maitri,-17.1,10.15,987.5,61.2
2012-08-26 05:00:00,Maitri,-19.09,5.83,972.7,85.0
2012-08-26 06:00:00,Maitri,-16.1,3.03,1014.6,56.4
2012-08-26 07:00:00,Maitri,-23.54,2.5,993.3,63.2
2012-08-26 08:00:00,Maitri,-18.37,4.79,969.7,68.9
2012-08-26 09:00:00,Maitri,-11.0,2.36,956.2,65.2
2012-08-26 10:00:00,Maitri,-18.53,9.99,975.6,69.8
2012-08-26 11:00:00,Maitri,-17.64,30.76,988.3,46.5
2012-08-26 12:00:00,Maitri,-16.85,4.03,990.0,44.3
2012-08-26 13:00:00,Maitri,-19.13,34.92,978.5,54.1
2012-08-26 14:00:00,Maitri,-22.25,9.77,976.6,27.6
2012-08-26 15:00:00,Maitri,-15.98,10.99,973.0,57.4
2012-08-26 16:00:00,Maitri,-14.99,3.17,979.9,48.8
2012-08-26 17:00:00,Maitri,-15.88,10.26,971.8,62.5
2012-08-26 18:00:00,Maitri,-16.54,6.58,979.4,54.3
2012-08-26 19:00:00,Maitri,-16.38,20.95,997.2,43.8
2012-08-26 20:00:00,Maitri,-13.71,2.5,975.8,76.4
2012-08-26 21:00:00,Maitri,-18.06,6.66,991.0,59.2
2012-08-26 22:00:00,Maitri,-19.72,5.35,993.0,70.1
2012-08-26 23:00:00,Maitri,-19.15,11.25,970.9,60.6
2012-08-27 00:00:00,Maitri,-16.59,1.51,975.1,64.5
2012-08-27 01:00:00,Maitri,-14.1,20.58,994.2,38.9
2012-08-27 02:00:00,Maitri,-20.69,10.99,972.7,75.9
2012-08-27 03:00:00,Maitri,-18.31,10.55,982.8,70.3
2012-08-27 04:00:00,Maitri,-17.36,4.17,1007.8,57.7
2012-08-27 05:00:00,Maitri,-21.33,14.39,994.1,62.0
2012-08-27 06:00:00,Maitri,-17.72,13.55,983.9,72.0
2012-08-27 07:00:00,Maitri,-22.04,18.04,992.0,52.8
2012-08-27 08:00:00,Maitri,-22.55,7.6,983.2,35.8
2012-08-27 09:00:00,Maitri,-15.25,3.01,996.3,53.1
2012-08-27 10:00:00,Maitri,-17.21,6.0,960.6,60.1
2012-08-27 11:00:00,Maitri,-14.96,15.65,981.1,57.5
2012-08-27 12:00:00,Maitri,-15.38,6.69,960.0,76.4
2012-08-27 13:00:00,Maitri,-18.27,25.82,983.0,44.6
2012-08-27 14:00:00,Maitri,-15.23,14.59,980.1,46.3
2012-08-27 15:00:00,Maitri,-19.09,23.84,997.1,43.2
2012-08-27 16:00:00,Maitri,-10.87,6.93,992.1,64.0
2012-08-27 17:00:00,Maitri,-19.95,11.84,977.2,36.6
2012-08-27 18:00:00,Maitri,-16.61,4.82,979.6,68.4
2012-08-27 19:00:00,Maitri,-19.75,15.04,987.1,44.9
2012-08-27 20:00:00,Maitri,-15.06,12.37,976.6,47.2
2012-08-27 21:00:00,Maitri,-18.41,14.11,982.5,82.8
2012-08-27 22:00:00,Maitri,-19.44,7.33,999.0,75.3
2012-08-27 23:00:00,Maitri,-15.43,10.01,974.0,59.7
2012-08-28 00:00:00,Maitri,-18.25,9.7,978.4,39.6
2012-08-28 01:00:00,Maitri,-16.87,7.35,980.4,86.2
2012-08-28 02:00:00,Maitri,-21.73,10.37,1019.8,55.3
2012-08-28 03:00:00,Maitri,-23.02,11.46,990.3,61.5
2012-08-28 04:00:00,Maitri,-18.0,12.71,996.1,70.8
2012-08-28 05:00:00,Maitri,-19.08,7.24,992.7,30.5
2012-08-28 06:00:00,Maitri,-15.68,14.57,992.4,49.0
2012-08-28 07:00:00,Maitri,-17.51,14.03,988.3,57.0
2012-08-28 08:00:00,Maitri,-16.13,12.85,987.3,59.8
2012-08-28 09:00:00,Maitri,-21.52,15.23,966.0,39.7
2012-08-28 10:00:00,Maitri,-9.84,8.32,987.9,62.6
2012-08-28 11:00:00,Maitri,-16.04,4.37,983.1,58.5
2012-08-28 12:00:00,Maitri,-13.0,14.06,989.2,81.3
2012-08-28 13:00:00,Maitri,-17.72,6.47,983.2,72.0
2012-08-28 14:00:00,Maitri,-14.0,3.12,993.3,54.2
2012-08-28 15:00:00,Maitri,-19.22,6.58,994.8,55.3
2012-08-28 16:00:00,Maitri,-13.78,10.24,950.0,72.2
2012-08-28 17:00:00,Maitri,-16.65,19.67,977.1,62.0
2012-08-28 18:00:00,Maitri,-15.79,11.52,961.9,38.8
2012-08-28 19:00:00,Maitri,-14.09,15.18,985.5,87.3
2012-08-28 20:00:00,Maitri,-20.73,13.88,979.5,44.1
2012-08-28 21:00:00,Maitri,-19.44,11.2,998.9,92.7
2012-08-28 22:00:00,Maitri,-16.22,7.93,986.2,64.0
2012-08-28 23:00:00,Maitri,-11.35,4.81,978.7,49.1
2012-08-29 00:00:00,Maitri,-18.69,27.61,991.7,24.9
2012-08-29 01:00:00,Maitri,-16.54,6.69,980.3,68.9
2012-08-29 02:00:00,Maitri,-18.83,7.83,978.1,36.3
2012-08-29 03:00:00,Maitri,-12.21,8.68,988.2,63.0
2012-08-29 04:00:00,Maitri,-23.84,6.58,1002.6,85.1
2012-08-29 05:00:00,Maitri,-17.66,12.49,992.9,42.1
2012-08-29 06:00:00,Maitri,-22.79,6.66,990.5,68.3
2012-08-29 07:00:00,Maitri,-25.18,7.72,1015.5,46.6
2012-08-29 08:00:00,Maitri,-15.74,6.34,975.6,73.9
2012-08-29 09:00:00,Maitri,-15.78,7.62,975.2,58.9
2012-08-29 10:00:00,Maitri,-16.7,4.24,986.0,57.7
2012-08-29 11:00:00,Maitri,-15.76,3.59,1001.9,74.9
2012-08-29 12:00:00,Maitri,-5.21,22.05,970.9,66.8
2012-08-29 13:00:00,Maitri,-15.78,15.22,1002.9,46.7
2012-08-29 14:00:00,Maitri,-13.26,20.13,965.4,83.0
2012-08-29 15:00:00,Maitri,-17.03,21.15,980.4,36.5
2012-08-29 16:00:00,Maitri,-14.18,5.22,986.2,61.9
2012-08-29 17:00:00,Maitri,-16.18,19.63,971.9,46.5
2012-08-29 18:00:00,Maitri,-17.1,16.74,975.3,37.2
2012-08-29 19:00:00,Maitri,-10.4,7.58,993.0,42.1
2012-08-29 20:00:00,Maitri,-12.92,11.45,999.9,57.3
2012-08-29 21:00:00,Maitri,-16.72,14.93,958.4,62.9
2012-08-29 22:00:00,Maitri,-24.96,13.14,985.1,72.8
2012-08-29 23:00:00,Maitri,-19.12,8.72,982.4,78.7
2012-08-30 00:00:00,Maitri,-9.5,10.33,984.7,61.9
2012-08-30 01:00:00,Maitri,-19.06,12.24,979.5,51.8
2012-08-30 02:00:00,Maitri,-14.86,7.44,969.0,72.5
2012-08-30 03:00:00,Maitri,-13.71,13.02,1000.8,49.4
2012-08-30 04:00:00,Maitri,-17.45,6.0,997.4,35.7
2012-08-30 05:00:00,Maitri,-20.55,19.99,980.8,71.1
2012-08-30 06:00:00,Maitri,-25.28,16.3,976.9,76.5
2012-08-30 07:00:00,Maitri,-14.86,15.1,975.7,46.5
2012-08-30 08:00:00,Maitri,-19.19,11.76,953.5,85.5
2012-08-30 09:00:00,Maitri,-15.56,10.76,987.5,66.2
2012-08-30 10:00:00,Maitri,-19.69,16.65,991.5,64.1
2012-08-30 11:00:00,Maitri,-16.16,4.53,985.9,50.8
2012-08-30 12:00:00,Maitri,-14.92,5.55,983.2,72.2
2012-08-30 13:00:00,Maitri,-13.99,13.2,984.6,36.7
2012-08-30 14:00:00,Maitri,-18.35,9.21,973.8,53.2
2012-08-30 15:00:00,Maitri,-11.02,6.6,978.3,47.7
2012-08-30 16:00:00,Maitri,-16.94,17.37,980.5,39.7
2012-08-30 17:00:00,Maitri,-20.67,10.16,991.5,70.1
2012-08-30 18:00:00,Maitri,-16.04,11.43,999.1,62.8
2012-08-30 19:00:00,Maitri,-16.01,17.61,979.7,69.3
2012-08-30 20:00:00,Maitri,-16.07,8.65,971.7,54.1
2012-08-30 21:00:00,Maitri,-12.69,26.04,981.5,71.8
2012-08-30 22:00:00,Maitri,-18.24,4.8,1007.4,59.1
2012-08-30 23:00:00,Maitri,-18.24,17.31,971.4,51.4
2012-08-31 00:00:00,Maitri,-21.57,6.86,994.2,49.1
2012-08-31 01:00:00,Maitri,-15.6,15.78,998.0,30.2
2012-08-31 02:00:00,Maitri,-17.69,6.06,980.0,74.3
2012-08-31 03:00:00,Maitri,-19.57,3.56,976.4,72.7
2012-08-31 04:00:00,Maitri,-24.14,15.9,989.2,95.0
2012-08-31 05:00:00,Maitri,-13.14,7.61,987.9,53.3
2012-08-31 06:00:00,Maitri,-21.31,3.66,992.4,48.7
2012-08-31 07:00:00,Maitri,-18.84,16.32,1006.4,34.2
2012-08-31 08:00:00,Maitri,-15.34,10.72,985.3,71.4
2012-08-31 09:00:00,Maitri,-19.85,7.59,970.2,68.2
2012-08-31 10:00:00,Maitri,-20.36,11.78,984.0,79.7
2012-08-31 11:00:00,Maitri,-22.01,8.61,986.5,45.2
2012-08-31 12:00:00,Maitri,-12.62,7.99,998.4,68.0
2012-08-31 13:00:00,Maitri,-16.49,14.83,980.5,50.7
2012-08-31 14:00:00,Maitri,-5.32,10.79,978.7,76.8
2012-08-31 15:00:00,Maitri,-17.93,5.82,968.4,65.5
2012-08-31 16:00:00,Maitri,-17.87,9.37,989.9,36.2
2012-08-31 17:00:00,Maitri,-17.02,14.71,1021.3,56.2
2012-08-31 18:00:00,Maitri,-14.81,4.68,981.7,30.7
2012-08-31 19:00:00,Maitri,-17.52,18.24,987.5,41.7
2012-08-31 20:00:00,Maitri,-14.53,10.57,977.1,42.6
2012-08-31 21:00:00,Maitri,-20.08,10.1,968.8,49.0
2012-08-31 22:00:00,Maitri,-21.81,10.4,988.4,54.3
2012-08-31 23:00:00,Maitri,-23.51,22.65,981.9,60.3
2012-09-01 00:00:00,Maitri,-25.05,9.41,956.2,59.6
2012-09-01 01:00:00,Maitri,-19.78,7.66,1002.4,57.7
2012-09-01 02:00:00,Maitri,-19.14,8.71,988.5,62.7
2012-09-01 03:00:00,Maitri,-20.14,15.89,983.5,40.5
2012-09-01 04:00:00,Maitri,-13.96,13.51,978.1,59.0
2012-09-01 05:00:00,Maitri,-13.72,9.49,988.2,78.1
2012-09-01 06:00:00,Maitri,-18.35,28.96,985.8,55.7
2012-09-01 07:00:00,Maitri,-22.59,12.89,987.7,64.9
2012-09-01 08:00:00,Maitri,-18.19,5.35,996.5,63.6
2012-09-01 09:00:00,Maitri,-17.83,2.23,999.6,70.1
2012-09-01 10:00:00,Maitri,-17.58,13.61,1006.0,62.0
2012-09-01 11:00:00,Maitri,-17.34,7.99,974.2,69.8
2012-09-01 12:00:00,Maitri,-16.91,3.48,977.9,65.1
2012-09-01 13:00:00,Maitri,-15.88,8.89,987.8,67.2
2012-09-01 14:00:00,Maitri,-16.61,14.14,973.9,64.2
2012-09-01 15:00:00,Maitri,-13.97,8.51,976.6,43.9
2012-09-01 16:00:00,Maitri,-13.67,9.22,989.1,41.6
2012-09-01 17:00:00,Maitri,-18.02,2.08,995.0,53.1
2012-09-01 18:00:00,Maitri,-11.41,13.63,997.6,79.7
2012-09-01 19:00:00,Maitri,-19.05,2.95,982.3,55.6
2012-09-01 20:00:00,Maitri,-21.56,6.56,989.3,62.3
2012-09-01 21:00:00,Maitri,-15.63,11.12,986.1,30.5
2012-09-01 22:00:00,Maitri,-19.9,5.74,984.3,60.7
2012-09-01 23:00:00,Maitri,-16.62,6.5,974.6,59.2
2012-09-02 00:00:00,Maitri,-25.52,10.83,972.5,20.6
2012-09-02 01:00:00,Maitri,-13.56,11.33,991.0,62.1
2012-09-02 02:00:00,Maitri,-15.92,9.67,974.0,34.9
2012-09-02 03:00:00,Maitri,-22.81,1.92,964.3,47.8
2012-09-02 04:00:00,Maitri,-22.56,2.48,984.3,71.9
2012-09-02 05:00:00,Maitri,-12.2,15.89,999.4,60.2
2012-09-02 06:00:00,Maitri,-19.53,7.49,951.7,51.7
2012-09-02 07:00:00,Maitri,-19.41,31.71,976.9,50.5
2012-09-02 08:00:00,Maitri,-23.53,10.86,991.1,52.1
2012-09-02 09:00:00,Maitri,-16.93,25.77,960.2,60.3
2012-09-02 10:00:00,Maitri,-16.1,8.43,981.3,41.2
2012-09-02 11:00:00,Maitri,-12.71,6.93,970.9,73.7
2012-09-02 12:00:00,Maitri,-19.19,13.73,971.4,41.9
2012-09-02 13:00:00,Maitri,-19.4,17.7,977.7,33.8
2012-09-02 14:00:00,Maitri,-13.03,8.46,970.8,71.9
2012-09-02 15:00:00,Maitri,-11.31,13.47,969.1,51.9
2012-09-02 16:00:00,Maitri,-19.74,2.96,983.9,59.0
2012-09-02 17:00:00,Maitri,-11.54,5.34,1009.8,67.2
2012-09-02 18:00:00,Maitri,-15.25,12.01,991.9,47.9
2012-09-02 19:00:00,Maitri,-12.31,7.53,995.5,59.9
2012-09-02 20:00:00,Maitri,-16.5,11.1,992.5,67.1
2012-09-02 21:00:00,Maitri,-24.81,12.12,975.2,81.0
2012-09-02 22:00:00,Maitri,-17.66,13.35,986.6,50.8
2012-09-02 23:00:00,Maitri,-14.15,15.69,995.3,51.5
2012-09-03 00:00:00,Maitri,-20.58,15.91,992.1,65.9
2012-09-03 01:00:00,Maitri,-19.15,4.61,986.5,60.9
2012-09-03 02:00:00,Maitri,-18.53,8.56,989.7,56.1
2012-09-03 03:00:00,Maitri,-27.18,8.4,1012.1,80.3
2012-09-03 04:00:00,Maitri,-12.38,9.1,993.3,34.4
2012-09-03 05:00:00,Maitri,-20.32,7.97,980.2,38.1
2012-09-03 06:00:00,Maitri,-15.45,9.46,982.7,34.6
2012-09-03 07:00:00,Maitri,-16.91,6.37,971.9,74.8
2012-09-03 08:00:00,Maitri,-12.14,15.12,1009.7,65.2
2012-09-03 09:00:00,Maitri,-14.4,12.13,1001.6,38.8
2012-09-03 10:00:00,Maitri,-16.02,6.33,985.0,56.3
2012-09-03 11:00:00,Maitri,-17.75,9.57,1008.6,57.6
2012-09-03 12:00:00,Maitri,-12.05,24.36,988.6,27.1
2012-09-03 13:00:00,Maitri,-20.42,4.78,979.3,60.6
2012-09-03 14:00:00,Maitri,-12.3,5.46,994.6,41.5
2012-09-03 15:00:00,Maitri,-17.94,15.51,987.3,67.9
2012-09-03 16:00:00,Maitri,-10.6,21.49,991.4,41.9
2012-09-03 17:00:00,Maitri,-14.38,11.37,967.5,61.1
2012-09-03 18:00:00,Maitri,-13.2,9.93,974.2,76.1
2012-09-03 19:00:00,Maitri,-15.44,4.2,1001.5,71.6
2012-09-03 20:00:00,Maitri,-21.77,7.14,1003.4,65.1
2012-09-03 21:00:00,Maitri,-19.39,6.91,1000.2,56.9
2012-09-03 22:00:00,Maitri,-14.91,7.19,1009.4,37.0
2012-09-03 23:00:00,Maitri,-16.91,5.88,990.8,51.9
2012-09-04 00:00:00,Maitri,-13.84,4.02,990.2,54.8
2012-09-04 01:00:00,Maitri,-16.5,13.81,972.4,53.8
2012-09-04 02:00:00,Maitri,-20.95,11.77,976.6,36.5
2012-09-04 03:00:00,Maitri,-20.34,4.03,961.5,64.1
2012-09-04 04:00:00,Maitri,-17.29,9.64,979.9,41.5
2012-09-04 05:00:00,Maitri,-24.73,7.77,960.2,79.6
2012-09-04 06:00:00,Maitri,-11.6,22.92,994.0,60.1
2012-09-04 07:00:00,Maitri,-15.11,18.63,986.7,71.7
2012-09-04 08:00:00,Maitri,-12.13,22.85,958.3,71.4
2012-09-04 09:00:00,Maitri,-20.65,7.08,981.8,87.1
2012-09-04 10:00:00,Maitri,-11.17,2.69,1007.2,60.5
2012-09-04 11:00:00,Maitri,-7.64,4.51,982.9,52.5
2012-09-04 12:00:00,Maitri,-18.72,7.16,972.4,52.8
2012-09-04 13:00:00,Maitri,-11.85,8.12,963.2,78.9
2012-09-04 14:00:00,Maitri,-14.25,23.13,961.3,39.5
2012-09-04 15:00:00,Maitri,-19.26,15.07,988.9,45.7
2012-09-04 16:00:00,Maitri,-12.92,11.79,978.2,61.3
2012-09-04 17:00:00,Maitri,-12.12,18.78,978.1,55.9
2012-09-04 18:00:00,Maitri,-17.08,12.96,978.1,71.5
2012-09-04 19:00:00,Maitri,-11.86,14.57,981.2,39.3
2012-09-04 20:00:00,Maitri,-21.39,7.78,969.7,57.1
2012-09-04 21:00:00,Maitri,-21.31,3.47,988.1,55.4
2012-09-04 22:00:00,Maitri,-16.52,2.98,968.2,43.0
2012-09-04 23:00:00,Maitri,-17.25,3.02,975.9,70.3
2012-09-05 00:00:00,Maitri,-19.8,13.7,994.6,56.7
2012-09-05 01:00:00,Maitri,-15.09,5.61,988.5,56.1
2012-09-05 02:00:00,Maitri,-16.05,7.81,991.7,46.5
2012-09-05 03:00:00,Maitri,-14.94,3.78,1009.2,52.8
2012-09-05 04:00:00,Maitri,-17.9,17.42,981.7,43.7
2012-09-05 05:00:00,Maitri,-15.29,9.35,983.8,70.1
2012-09-05 06:00:00,Maitri,-18.27,10.8,980.3,72.5
2012-09-05 07:00:00,Maitri,-9.84,11.43,978.2,81.5
2012-09-05 08:00:00,Maitri,-18.55,12.26,971.5,64.1
2012-09-05 09:00:00,Maitri,-8.74,17.94,983.3,53.3
2012-09-05 10:00:00,Maitri,-14.93,13.98,987.0,51.4
2012-09-05 11:00:00,Maitri,-19.07,4.94,989.0,64.9
2012-09-05 12:00:00,Maitri,-10.01,5.43,984.9,60.8
2012-09-05 13:00:00,Maitri,-13.8,36.03,990.2,55.6
2012-09-05 14:00:00,Maitri,-11.42,16.14,982.9,54.3
2012-09-05 15:00:00,Maitri,-10.29,29.35,975.9,74.4
2012-09-05 16:00:00,Maitri,-13.3,8.16,973.1,52.0
2012-09-05 17:00:00,Maitri,-16.57,21.44,964.0,76.9
2012-09-05 18:00:00,Maitri,-11.92,12.49,999.9,60.5
2012-09-05 19:00:00,Maitri,-15.48,11.2,975.3,52.8
2012-09-05 20:00:00,Maitri,-13.75,9.59,972.9,47.0
2012-09-05 21:00:00,Maitri,-23.3,14.94,978.0,55.8
2012-09-05 22:00:00,Maitri,-15.41,12.82,979.9,65.0
2012-09-05 23:00:00,Maitri,-19.26,8.45,1002.6,52.7
2012-09-06 00:00:00,Maitri,-12.1,6.53,980.2,69.9
2012-09-06 01:00:00,Maitri,-15.58,8.61,1014.0,52.0
2012-09-06 02:00:00,Maitri,-16.86,9.43,984.3,56.3
2012-09-06 03:00:00,Maitri,-16.01,7.37,1007.6,40.0
2012-09-06 04:00:00,Maitri,-20.59,5.3,994.5,65.8
2012-09-06 05:00:00,Maitri,-11.91,9.82,987.7,54.3
2012-09-06 06:00:00,Maitri,-10.36,11.96,1001.4,80.1
2012-09-06 07:00:00,Maitri,-15.04,11.06,996.2,67.9
2012-09-06 08:00:00,Maitri,-10.74,4.46,991.6,59.2
2012-09-06 09:00:00,Maitri,-17.19,22.78,1008.2,75.2
2012-09-06 10:00:00,Maitri,-17.48,25.92,975.4,63.7
2012-09-06 11:00:00,Maitri,-14.43,13.57,971.5,72.1
2012-09-06 12:00:00,Maitri,-12.88,15.15,975.0,45.9
2012-09-06 13:00:00,Maitri,-15.35,10.84,1003.5,64.5
2012-09-06 14:00:00,Maitri,-12.31,11.59,999.9,65.0
2012-09-06 15:00:00,Maitri,-13.11,2.86,978.5,36.4
2012-09-06 16:00:00,Maitri,-17.47,8.92,956.6,79.1
2012-09-06 17:00:00,Maitri,-12.9,9.0,981.3,41.8
2012-09-06 18:00:00,Maitri,-12.17,25.47,969.5,39.8
2012-09-06 19:00:00,Maitri,-14.82,7.89,978.1,18.1
2012-09-06 20:00:00,Maitri,-12.14,22.56,969.5,64.6
2012-09-06 21:00:00,Maitri,-20.19,9.58,965.1,35.0
2012-09-06 22:00:00,Maitri,-15.23,7.21,1005.6,50.8
2012-09-06 23:00:00,Maitri,-20.85,2.99,976.7,69.7
2012-09-07 00:00:00,Maitri,-20.84,11.48,999.5,60.7
2012-09-07 01:00:00,Maitri,-19.48,5.79,981.6,49.3
2012-09-07 02:00:00,Maitri,-20.53,3.28,971.5,35.7
2012-09-07 03:00:00,Maitri,-19.21,13.51,988.8,56.5
2012-09-07 04:00:00,Maitri,-17.96,11.74,978.7,70.0
2012-09-07 05:00:00,Maitri,-14.31,12.34,980.8,67.8
2012-09-07 06:00:00,Maitri,-17.65,9.53,985.2,83.0
2012-09-07 07:00:00,Maitri,-21.26,6.15,974.7,48.9
2012-09-07 08:00:00,Maitri,-12.07,4.84,965.6,39.6
2012-09-07 09:00:00,Maitri,-17.93,20.99,981.3,62.3
2012-09-07 10:00:00,Maitri,-15.01,14.16,994.0,61.0
2012-09-07 11:00:00,Maitri,-13.02,16.27,972.2,57.9
2012-09-07 12:00:00,Maitri,-13.52,8.67,985.5,47.6
2012-09-07 13:00:00,Maitri,-10.48,5.67,1001.5,20.9
2012-09-07 14:00:00,Maitri,-12.38,5.28,983.2,43.9
2012-09-07 15:00:00,Maitri,-16.74,9.94,984.5,65.8
2012-09-07 16:00:00,Maitri,-7.19,5.83,984.8,62.0
2012-09-07 17:00:00,Maitri,-13.82,2.64,976.8,71.5
2012-09-07 18:00:00,Maitri,-15.29,13.12,971.6,62.8
2012-09-07 19:00:00,Maitri,-12.17,16.27,971.2,68.3
2012-09-07 20:00:00,Maitri,-14.92,6.74,988.2,68.7
2012-09-07 21:00:00,Maitri,-14.91,3.18,993.2,58.3
2012-09-07 22:00:00,Maitri,-8.64,10.47,992.7,58.4
2012-09-07 23:00:00,Maitri,-17.87,8.6,979.4,18.0
2012-09-08 00:00:00,Maitri,-18.18,7.51,996.4,48.8
2012-09-08 01:00:00,Maitri,-16.97,12.2,986.7,49.4
2012-09-08 02:00:00,Maitri,-13.97,10.15,984.3,56.5
2012-09-08 03:00:00,Maitri,-22.16,11.93,944.8,45.0
2012-09-08 04:00:00,Maitri,-23.45,9.88,974.1,71.1
2012-09-08 05:00:00,Maitri,-18.75,5.82,966.6,45.7
2012-09-08 06:00:00,Maitri,-21.73,5.55,991.4,73.4
2012-09-08 07:00:00,Maitri,-17.43,9.54,984.7,44.5
2012-09-08 08:00:00,Maitri,-13.99,15.61,970.3,49.5
2012-09-08 09:00:00,Maitri,-17.99,10.02,987.0,48.5
2012-09-08 10:00:00,Maitri,-19.27,6.27,967.7,51.1
2012-09-08 11:00:00,Maitri,-14.11,10.44,971.4,74.5
2012-09-08 12:00:00,Maitri,-11.28,10.69,975.2,53.4
2012-09-08 13:00:00,Maitri,-19.29,5.85,990.3,53.8
2012-09-08 14:00:00,Maitri,-11.18,25.71,997.2,47.6
2012-09-08 15:00:00,Maitri,-11.25,15.16,976.0,54.4
2012-09-08 16:00:00,Maitri,-10.99,8.69,998.9,61.0
2012-09-08 17:00:00,Maitri,-10.43,24.64,981.8,55.0
2012-09-08 18:00:00,Maitri,-7.66,11.51,986.0,55.9
2012-09-08 19:00:00,Maitri,-16.28,10.96,982.6,72.2
2012-09-08 20:00:00,Maitri,-15.25,19.83,979.8,61.8
2012-09-08 21:00:00,Maitri,-17.4,15.23,987.8,41.9
2012-09-08 22:00:00,Maitri,-16.5,12.47,991.6,56.8
2012-09-08 23:00:00,Maitri,-11.97,7.37,973.7,50.5
2012-09-09 00:00:00,Maitri,-21.35,9.45,981.4,65.3
2012-09-09 01:00:00,Maitri,-19.98,8.6,1002.9,59.4
2012-09-09 02:00:00,Maitri,-12.88,6.34,986.1,73.8
2012-09-09 03:00:00,Maitri,-13.96,30.37,983.7,47.6
2012-09-09 04:00:00,Maitri,-18.21,15.3,996.1,55.3
2012-09-09 05:00:00,Maitri,-14.02,8.4,978.0,43.1
2012-09-09 06:00:00,Maitri,-15.29,11.76,982.8,57.4
2012-09-09 07:00:00,Maitri,-11.15,8.66,993.1,36.5
2012-09-09 08:00:00,Maitri,-15.25,5.72,998.4,62.5
2012-09-09 09:00:00,Maitri,-11.74,2.61,957.4,57.2
2012-09-09 10:00:00,Maitri,-6.13,12.34,974.7,60.2
2012-09-09 11:00:00,Maitri,-12.3,9.64,972.1,69.0
2012-09-09 12:00:00,Maitri,-13.77,17.69,980.9,61.1
2012-09-09 13:00:00,Maitri,-11.43,6.78,973.4,40.1
2012-09-09 14:00:00,Maitri,-14.85,17.7,990.0,50.2
2012-09-09 15:00:00,Maitri,-6.1,18.84,984.2,56.9
2012-09-09 16:00:00,Maitri,-13.35,3.41,994.7,53.4
2012-09-09 17:00:00,Maitri,-15.08,16.35,993.5,55.1
2012-09-09 18:00:00,Maitri,-17.26,14.84,990.6,80.7
2012-09-09 19:00:00,Maitri,-11.51,9.08,979.8,59.4
2012-09-09 20:00:00,Maitri,-12.71,17.53,983.6,63.4
2012-09-09 21:00:00,Maitri,-17.54,15.96,977.3,29.9
2012-09-09 22:00:00,Maitri,-14.54,10.24,967.8,68.4
2012-09-09 23:00:00,Maitri,-21.58,3.3,995.5,95.0
2012-09-10 00:00:00,Maitri,-16.33,8.16,982.8,76.8
2012-09-10 01:00:00,Maitri,-15.66,16.48,965.2,51.8
2012-09-10 02:00:00,Maitri,-11.7,11.4,989.5,89.9
2012-09-10 03:00:00,Maitri,-19.57,7.21,981.3,58.4
2012-09-10 04:00:00,Maitri,-21.02,9.84,959.8,62.3
2012-09-10 05:00:00,Maitri,-19.5,10.22,967.7,54.3
2012-09-10 06:00:00,Maitri,-20.54,5.59,976.1,53.9
2012-09-10 07:00:00,Maitri,-11.55,7.07,986.4,26.5
2012-09-10 08:00:00,Maitri,-10.41,29.11,989.7,69.0
2012-09-10 09:00:00,Maitri,-13.87,1.29,993.5,53.8
2012-09-10 10:00:00,Maitri,-10.56,9.78,990.5,55.4
2012-09-10 11:00:00,Maitri,-13.66,16.48,982.1,61.8
2012-09-10 12:00:00,Maitri,-14.11,9.68,1003.4,52.2
2012-09-10 13:00:00,Maitri,-14.69,6.61,992.1,61.7
2012-09-10 14:00:00,Maitri,-14.56,7.79,986.4,74.8
2012-09-10 15:00:00,Maitri,-18.58,25.05,987.8,63.7
2012-09-10 16:00:00,Maitri,-12.96,13.89,978.3,55.9
2012-09-10 17:00:00,Maitri,-14.22,13.41,982.3,56.3
2012-09-10 18:00:00,Maitri,-12.08,9.05,959.7,60.8
2012-09-10 19:00:00,Maitri,-14.6,11.04,978.9,46.3
2012-09-10 20:00:00,Maitri,-15.89,5.01,1004.5,60.9
2012-09-10 21:00:00,Maitri,-18.62,25.87,982.8,67.6
2012-09-10 22:00:00,Maitri,-16.03,14.41,984.1,59.2
2012-09-10 23:00:00,Maitri,-14.28,9.73,995.0,52.1
2012-09-11 00:00:00,Maitri,-20.46,10.59,987.5,54.0
2012-09-11 01:00:00,Maitri,-16.7,12.76,974.0,67.1
2012-09-11 02:00:00,Maitri,-16.3,4.98,984.5,42.6
2012-09-11 03:00:00,Maitri,-19.28,8.05,970.7,46.6
2012-09-11 04:00:00,Maitri,-18.69,5.09,986.3,35.5
2012-09-11 05:00:00,Maitri,-15.78,14.36,973.2,58.5
2012-09-11 06:00:00,Maitri,-19.77,4.01,995.1,70.1
2012-09-11 07:00:00,Maitri,-14.59,5.32,978.3,76.6
2012-09-11 08:00:00,Maitri,-18.11,15.4,973.2,79.7
2012-09-11 09:00:00,Maitri,-11.38,11.07,982.0,48.3
2012-09-11 10:00:00,Maitri,-6.86,23.5,985.7,61.5
2012-09-11 11:00:00,Maitri,-16.73,7.99,969.9,52.4
2012-09-11 12:00:00,Maitri,-11.98,8.82,977.7,81.1
2012-09-11 13:00:00,Maitri,-15.83,20.74,983.1,76.2
2012-09-11 14:00:00,Maitri,-10.11,17.81,997.7,60.4
2012-09-11 15:00:00,Maitri,-17.56,15.58,953.6,49.3
2012-09-11 16:00:00,Maitri,-12.15,6.03,991.2,18.0
2012-09-11 17:00:00,Maitri,-16.77,6.36,979.6,37.9
2012-09-11 18:00:00,Maitri,-15.01,9.27,977.9,32.1
2012-09-11 19:00:00,Maitri,-18.08,9.13,975.8,37.8
2012-09-11 20:00:00,Maitri,-12.61,6.11,979.9,84.3
2012-09-11 21:00:00,Maitri,-18.39,7.78,991.0,39.9
2012-09-11 22:00:00,Maitri,-14.38,9.42,977.4,43.1
2012-09-11 23:00:00,Maitri,-17.62,17.27,1001.5,45.1
2012-09-12 00:00:00,Maitri,-17.05,19.93,989.2,94.4
2012-09-12 01:00:00,Maitri,-16.39,14.07,985.2,57.1
2012-09-12 02:00:00,Maitri,-19.36,3.59,982.6,71.9
2012-09-12 03:00:00,Maitri,-16.19,18.54,995.9,60.5
2012-09-12 04:00:00,Maitri,-11.79,14.11,998.2,30.2
2012-09-12 05:00:00,Maitri,-18.89,15.91,969.3,79.5
2012-09-12 06:00:00,Maitri,-12.27,6.34,976.0,63.6
2012-09-12 07:00:00,Maitri,-10.8,21.18,989.1,56.3
2012-09-12 08:00:00,Maitri,-17.74,8.63,994.5,82.6
2012-09-12 09:00:00,Maitri,-19.31,6.05,980.6,53.1
2012-09-12 10:00:00,Maitri,-13.26,14.8,974.2,56.0
2012-09-12 11:00:00,Maitri,-15.6,9.34,984.5,53.2
2012-09-12 12:00:00,Maitri,-7.58,13.87,999.9,73.1
2012-09-12 13:00:00,Maitri,-13.27,7.75,984.3,69.4
2012-09-12 14:00:00,Maitri,-15.89,4.75,969.8,61.9
2012-09-12 15:00:00,Maitri,-17.06,7.63,985.1,43.3
2012-09-12 16:00:00,Maitri,-10.08,4.08,993.4,52.8
2012-09-12 17:00:00,Maitri,-15.68,14.14,981.7,43.3
2012-09-12 18:00:00,Maitri,-14.08,1.55,999.2,74.2
2012-09-12 19:00:00,Maitri,-11.6,17.9,992.3,36.0
2012-09-12 20:00:00,Maitri,-16.67,4.3,983.6,80.3
2012-09-12 21:00:00,Maitri,-15.74,16.65,983.0,76.0
2012-09-12 22:00:00,Maitri,-16.08,13.17,961.8,45.1
2012-09-12 23:00:00,Maitri,-14.21,2.24,998.6,52.2
2012-09-13 00:00:00,Maitri,-14.67,10.82,979.6,48.0
2012-09-13 01:00:00,Maitri,-17.44,3.91,979.8,64.0
2012-09-13 02:00:00,Maitri,-16.6,10.85,977.0,77.8
2012-09-13 03:00:00,Maitri,-17.93,6.42,989.3,74.6
2012-09-13 04:00:00,Maitri,-21.29,2.28,971.7,51.9
2012-09-13 05:00:00,Maitri,-15.45,12.79,971.8,75.6
2012-09-13 06:00:00,Maitri,-9.85,9.13,983.0,74.4
2012-09-13 07:00:00,Maitri,-18.29,9.69,976.3,55.4
2012-09-13 08:00:00,Maitri,-17.47,2.6,988.5,57.9
2012-09-13 09:00:00,Maitri,-17.32,2.4,977.9,79.6
2012-09-13 10:00:00,Maitri,-11.78,8.09,1002.1,72.8
2012-09-13 11:00:00,Maitri,-12.29,16.39,990.5,75.1
2012-09-13 12:00:00,Maitri,-13.95,14.28,990.7,94.2
2012-09-13 13:00:00,Maitri,-16.2,12.56,976.2,65.7
2012-09-13 14:00:00,Maitri,-12.9,19.3,1009.8,62.6
2012-09-13 15:00:00,Maitri,-18.27,6.64,979.0,77.0
2012-09-13 16:00:00,Maitri,-12.98,13.0,974.8,85.8
2012-09-13 17:00:00,Maitri,-10.94,3.12,992.7,49.4
2012-09-13 18:00:00,Maitri,-18.1,30.11,982.7,55.2
2012-09-13 19:00:00,Maitri,-19.44,5.91,974.7,43.7
2012-09-13 20:00:00,Maitri,-9.95,12.42,1008.4,62.8
2012-09-13 21:00:00,Maitri,-17.42,23.24,992.7,70.4
2012-09-13 22:00:00,Maitri,-12.27,7.59,983.9,44.7
2012-09-13 23:00:00,Maitri,-16.77,12.25,1010.8,73.9
2012-09-14 00:00:00,Maitri,-16.95,10.7,992.7,51.7
2012-09-14 01:00:00,Maitri,-15.21,7.35,983.8,50.5
2012-09-14 02:00:00,Maitri,-19.5,6.39,1010.3,73.8
2012-09-14 03:00:00,Maitri,-16.19,4.23,991.9,49.2
2012-09-14 04:00:00,Maitri,-17.66,0.95,991.9,38.4
2012-09-14 05:00:00,Maitri,-20.37,8.68,979.3,68.4
2012-09-14 06:00:00,Maitri,-14.7,6.02,984.7,56.2
2012-09-14 07:00:00,Maitri,-16.18,5.76,979.4,74.8
2012-09-14 08:00:00,Maitri,-15.38,13.51,999.5,69.7
2012-09-14 09:00:00,Maitri,-18.28,10.27,965.0,33.5
2012-09-14 10:00:00,Maitri,-8.88,17.01,998.2,76.4
2012-09-14 11:00:00,Maitri,-10.8,7.3,973.8,84.6
2012-09-14 12:00:00,Maitri,-10.23,4.48,983.7,72.5
2012-09-14 13:00:00,Maitri,-14.11,13.63,979.6,73.0
2012-09-14 14:00:00,Maitri,-18.61,14.04,976.9,54.5
2012-09-14 15:00:00,Maitri,-6.89,11.34,991.2,51.3
2012-09-14 16:00:00,Maitri,-13.51,5.66,984.1,61.0
2012-09-14 17:00:00,Maitri,-16.0,9.78,975.9,70.9
2012-09-14 18:00:00,Maitri,-12.64,4.34,986.1,70.5
2012-09-14 19:00:00,Maitri,-10.68,5.96,976.1,51.9
2012-09-14 20:00:00,Maitri,-14.95,18.3,976.1,50.5
2012-09-14 21:00:00,Maitri,-11.25,6.9,966.7,37.1
2012-09-14 22:00:00,Maitri,-12.31,15.91,977.4,67.1
2012-09-14 23:00:00,Maitri,-19.59,11.73,988.9,52.5
2012-09-15 00:00:00,Maitri,-18.46,22.95,982.0,53.8
2012-09-15 01:00:00,Maitri,-13.42,11.47,1004.2,82.2
2012-09-15 02:00:00,Maitri,-25.23,11.05,1013.4,66.4
2012-09-15 03:00:00,Maitri,-16.97,3.14,979.2,62.5
2012-09-15 04:00:00,Maitri,-20.89,6.07,974.5,69.6
2012-09-15 05:00:00,Maitri,-17.55,8.07,996.8,77.9
2012-09-15 06:00:00,Maitri,-16.61,28.0,984.7,35.4
2012-09-15 07:00:00,Maitri,-16.36,6.37,997.1,50.1
2012-09-15 08:00:00,Maitri,-16.52,4.54,988.9,54.8
2012-09-15 09:00:00,Maitri,-17.79,3.58,982.2,44.3
2012-09-15 10:00:00,Maitri,-6.52,3.07,982.4,54.3
2012-09-15 11:00:00,Maitri,-7.5,28.56,985.7,36.3
2012-09-15 12:00:00,Maitri,-16.91,10.55,981.0,70.9
2012-09-15 13:00:00,Maitri,-7.95,4.95,998.3,50.8
2012-09-15 14:00:00,Maitri,-14.23,19.61,967.1,60.8
2012-09-15 15:00:00,Maitri,-12.6,24.66,995.3,58.7
2012-09-15 16:00:00,Maitri,-13.39,5.1,962.7,65.8
2012-09-15 17:00:00,Maitri,-15.59,7.13,985.6,23.5
2012-09-15 18:00:00,Maitri,-10.7,17.88,978.5,64.3
2012-09-15 19:00:00,Maitri,-13.88,14.14,965.4,54.1
2012-09-15 20:00:00,Maitri,-16.27,8.54,960.0,63.7
2012-09-15 21:00:00,Maitri,-19.39,18.16,969.7,41.5
2012-09-15 22:00:00,Maitri,-18.51,3.06,985.1,63.8
2012-09-15 23:00:00,Maitri,-21.28,4.4,977.4,76.2
2012-09-16 00:00:00,Maitri,-16.14,5.85,972.2,60.7
2012-09-16 01:00:00,Maitri,-20.19,5.39,999.7,48.0
2012-09-16 02:00:00,Maitri,-17.27,1.79,970.6,48.6
2012-09-16 03:00:00,Maitri,-11.98,7.42,991.7,66.1
2012-09-16 04:00:00,Maitri,-12.34,13.01,972.8,66.0
2012-09-16 05:00:00,Maitri,-16.0,15.29,969.8,63.0
2012-09-16 06:00:00,Maitri,-15.8,14.61,975.9,57.5
2012-09-16 07:00:00,Maitri,-9.07,17.21,989.5,60.8
2012-09-16 08:00:00,Maitri,-12.96,12.15,967.4,57.1
2012-09-16 09:00:00,Maitri,-15.21,6.62,987.3,52.7
2012-09-16 10:00:00,Maitri,-18.29,2.53,973.6,68.6
2012-09-16 11:00:00,Maitri,-12.09,2.48,975.6,62.3
2012-09-16 12:00:00,Maitri,-10.41,10.14,988.1,76.1
2012-09-16 13:00:00,Maitri,-14.91,5.15,1009.2,73.6
2012-09-16 14:00:00,Maitri,-11.89,9.83,973.0,61.9
2012-09-16 15:00:00,Maitri,-14.05,4.09,992.7,66.3
2012-09-16 16:00:00,Maitri,-13.65,19.16,978.5,44.6
2012-09-16 17:00:00,Maitri,-21.31,7.59,978.4,56.9
2012-09-16 18:00:00,Maitri,-14.43,7.98,996.1,62.8
2012-09-16 19:00:00,Maitri,-11.06,8.44,974.0,35.8
2012-09-16 20:00:00,Maitri,-16.64,0.64,971.6,64.0
2012-09-16 21:00:00,Maitri,-14.92,17.95,987.6,44.6
2012-09-16 22:00:00,Maitri,-17.94,4.47,1002.7,46.1
2012-09-16 23:00:00,Maitri,-14.74,8.57,992.3,50.6
2012-09-17 00:00:00,Maitri,-16.75,9.65,967.4,57.6
2012-09-17 01:00:00,Maitri,-19.24,5.5,977.1,39.4
2012-09-17 02:00:00,Maitri,-12.03,13.2,994.3,70.0
2012-09-17 03:00:00,Maitri,-13.26,16.8,1000.7,60.5
2012-09-17 04:00:00,Maitri,-17.99,2.49,987.3,84.9
2012-09-17 05:00:00,Maitri,-14.17,14.0,976.2,62.2
2012-09-17 06:00:00,Maitri,-13.68,2.12,1003.6,66.0
2012-09-17 07:00:00,Maitri,-12.91,5.51,983.3,46.0
2012-09-17 08:00:00,Maitri,-19.92,6.55,977.1,41.5
2012-09-17 09:00:00,Maitri,-10.81,6.67,975.1,66.7
2012-09-17 10:00:00,Maitri,-15.42,18.47,968.5,42.7
2012-09-17 11:00:00,Maitri,-14.37,6.96,1016.5,67.0
2012-09-17 12:00:00,Maitri,-4.49,6.96,1000.3,81.9
2012-09-17 13:00:00,Maitri,-11.79,3.7,976.9,71.2
2012-09-17 14:00:00,Maitri,-13.93,11.14,1003.2,66.0
2012-09-17 15:00:00,Maitri,-19.81,8.17,989.9,61.8
2012-09-17 16:00:00,Maitri,-8.49,12.4,988.6,52.6
2012-09-17 17:00:00,Maitri,-17.53,3.65,976.2,56.4
2012-09-17 18:00:00,Maitri,-16.81,23.25,975.6,50.1
2012-09-17 19:00:00,Maitri,-15.09,14.58,982.3,39.6
2012-09-17 20:00:00,Maitri,-9.96,48.78,955.1,58.5
2012-09-17 21:00:00,Maitri,-12.49,9.57,978.0,73.5
2012-09-17 22:00:00,Maitri,-15.9,16.26,982.6,40.0
2012-09-17 23:00:00,Maitri,-14.78,23.59,996.5,77.6
2012-09-18 00:00:00,Maitri,-17.85,11.28,976.2,75.0
2012-09-18 01:00:00,Maitri,-15.66,8.33,993.1,63.6
2012-09-18 02:00:00,Maitri,-15.93,6.86,960.3,63.7
2012-09-18 03:00:00,Maitri,-13.0,7.7,997.3,55.4
2012-09-18 04:00:00,Maitri,-12.83,10.37,973.1,58.6
2012-09-18 05:00:00,Maitri,-14.06,8.09,985.3,51.5
2012-09-18 06:00:00,Maitri,-16.42,13.84,987.6,58.4
2012-09-18 07:00:00,Maitri,-12.46,20.2,984.4,60.0
2012-09-18 08:00:00,Maitri,-14.66,4.17,983.1,84.3
2012-09-18 09:00:00,Maitri,-17.36,4.15,970.1,65.9
2012-09-18 10:00:00,Maitri,-14.76,7.01,973.7,55.1
2012-09-18 11:00:00,Maitri,-12.82,2.51,996.1,56.6
2012-09-18 12:00:00,Maitri,-9.89,22.33,974.8,48.0
2012-09-18 13:00:00,Maitri,-13.21,17.25,981.2,50.3
2012-09-18 14:00:00,Maitri,-16.43,8.27,966.6,70.7
2012-09-18 15:00:00,Maitri,-12.45,8.75,993.6,51.1
2012-09-18 16:00:00,Maitri,-12.44,11.45,968.1,49.4
2012-09-18 17:00:00,Maitri,-12.5,5.56,994.7,49.7
2012-09-18 18:00:00,Maitri,-10.52,7.52,971.7,47.8
2012-09-18 19:00:00,Maitri,-10.64,5.83,995.8,73.8
2012-09-18 20:00:00,Maitri,-16.27,9.67,983.7,60.0
2012-09-18 21:00:00,Maitri,-16.8,9.83,977.1,54.0
2012-09-18 22:00:00,Maitri,-18.59,8.6,1002.1,58.4
2012-09-18 23:00:00,Maitri,-13.4,16.33,981.8,61.0
2012-09-19 00:00:00,Maitri,-11.16,8.67,979.5,47.5
2012-09-19 01:00:00,Maitri,-16.98,9.0,994.1,38.5
2012-09-19 02:00:00,Maitri,-16.81,3.21,967.5,76.7
2012-09-19 03:00:00,Maitri,-11.28,13.59,953.9,71.8
2012-09-19 04:00:00,Maitri,-14.18,10.25,996.8,63.3
2012-09-19 05:00:00,Maitri,-14.11,14.44,973.2,70.9
2012-09-19 06:00:00,Maitri,-18.95,5.23,994.2,84.8
2012-09-19 07:00:00,Maitri,-12.53,4.36,984.9,50.5
2012-09-19 08:00:00,Maitri,-17.21,8.02,970.4,42.3
2012-09-19 09:00:00,Maitri,-17.4,2.19,991.7,67.3
2012-09-19 10:00:00,Maitri,-14.44,23.04,976.8,37.5
2012-09-19 11:00:00,Maitri,-14.84,7.85,971.4,58.5
2012-09-19 12:00:00,Maitri,-13.39,1.32,972.7,53.8
2012-09-19 13:00:00,Maitri,-17.11,6.7,964.1,67.4
2012-09-19 14:00:00,Maitri,-9.37,8.38,988.4,51.2
2012-09-19 15:00:00,Maitri,-8.89,20.29,971.2,74.8
2012-09-19 16:00:00,Maitri,-18.91,9.61,983.2,47.5
2012-09-19 17:00:00,Maitri,-9.83,3.4,982.4,67.9
2012-09-19 18:00:00,Maitri,-15.93,11.54,972.4,48.7
2012-09-19 19:00:00,Maitri,-11.03,9.52,966.1,65.7
2012-09-19 20:00:00,Maitri,-14.45,8.18,1012.9,43.8
2012-09-19 21:00:00,Maitri,-14.61,7.38,983.3,57.7
2012-09-19 22:00:00,Maitri,-15.73,15.7,1003.6,76.5
2012-09-19 23:00:00,Maitri,-11.63,9.34,997.0,59.6
2012-09-20 00:00:00,Maitri,-19.63,8.99,980.0,74.6
2012-09-20 01:00:00,Maitri,-13.9,17.8,984.4,57.6
2012-09-20 02:00:00,Maitri,-12.38,14.69,984.5,50.9
2012-09-20 03:00:00,Maitri,-13.55,11.57,1004.5,60.4
2012-09-20 04:00:00,Maitri,-8.22,5.93,993.7,66.7
2012-09-20 05:00:00,Maitri,-17.07,7.69,974.6,31.3
2012-09-20 06:00:00,Maitri,-11.94,8.8,987.7,65.3
2012-09-20 07:00:00,Maitri,-14.91,3.71,993.7,44.8
2012-09-20 08:00:00,Maitri,-10.16,6.78,970.5,41.4
2012-09-20 09:00:00,Maitri,-13.66,9.55,989.3,65.5
2012-09-20 10:00:00,Maitri,-14.44,13.02,998.5,76.7
2012-09-20 11:00:00,Maitri,-8.65,12.71,973.2,61.0
2012-09-20 12:00:00,Maitri,-14.12,2.74,976.3,39.0
2012-09-20 13:00:00,Maitri,-16.89,7.4,997.2,48.6
2012-09-20 14:00:00,Maitri,-13.96,5.47,980.1,52.1
2012-09-20 15:00:00,Maitri,-10.38,2.34,973.4,60.7
2012-09-20 16:00:00,Maitri,-8.09,8.54,993.9,57.0
2012-09-20 17:00:00,Maitri,-12.47,6.73,990.6,64.9
2012-09-20 18:00:00,Maitri,-8.99,9.36,984.7,72.0
2012-09-20 19:00:00,Maitri,-17.98,12.78,996.0,62.8
2012-09-20 20:00:00,Maitri,-15.52,11.51,997.0,70.6
2012-09-20 21:00:00,Maitri,-15.49,24.87,980.3,54.2
2012-09-20 22:00:00,Maitri,-15.37,10.23,1006.2,95.0
2012-09-20 23:00:00,Maitri,-15.11,19.85,1000.2,65.7
2012-09-21 00:00:00,Maitri,-13.32,4.51,961.5,67.6
2012-09-21 01:00:00,Maitri,-17.13,11.4,971.4,82.6
2012-09-21 02:00:00,Maitri,-15.33,5.88,958.2,59.2
2012-09-21 03:00:00,Maitri,-15.85,7.94,980.1,49.0
2012-09-21 04:00:00,Maitri,-18.49,14.89,968.8,76.3
2012-09-21 05:00:00,Maitri,-15.61,7.9,974.5,77.1
2012-09-21 06:00:00,Maitri,-15.33,16.5,995.1,60.1
2012-09-21 07:00:00,Maitri,-14.96,6.0,963.9,82.6
2012-09-21 08:00:00,Maitri,-13.87,4.4,985.8,56.8
2012-09-21 09:00:00,Maitri,-13.26,10.6,984.8,71.1
2012-09-21 10:00:00,Maitri,-14.45,10.89,982.4,79.2
2012-09-21 11:00:00,Maitri,-8.63,7.59,985.4,59.4
2012-09-21 12:00:00,Maitri,-16.15,13.33,957.3,64.4
2012-09-21 13:00:00,Maitri,-14.54,2.05,975.4,72.4
2012-09-21 14:00:00,Maitri,-3.27,4.87,1002.0,52.9
2012-09-21 15:00:00,Maitri,-15.55,11.92,969.4,46.6
2012-09-21 16:00:00,Maitri,-16.74,8.1,1003.0,76.7
2012-09-21 17:00:00,Maitri,-10.35,6.17,967.9,62.3
2012-09-21 18:00:00,Maitri,-19.72,10.13,965.9,50.9
2012-09-21 19:00:00,Maitri,-14.26,15.8,971.7,59.3
2012-09-21 20:00:00,Maitri,-7.1,11.44,996.3,65.1
2012-09-21 21:00:00,Maitri,-19.38,14.35,976.6,36.0
2012-09-21 22:00:00,Maitri,-21.21,11.78,987.2,68.0
2012-09-21 23:00:00,Maitri,-20.04,18.12,983.1,63.7
2012-09-22 00:00:00,Maitri,-12.52,6.77,983.4,81.2
2012-09-22 01:00:00,Maitri,-11.98,16.38,997.2,54.9
2012-09-22 02:00:00,Maitri,-17.28,2.89,993.4,77.3
2012-09-22 03:00:00,Maitri,-13.39,4.09,971.2,57.4
2012-09-22 04:00:00,Maitri,-10.95,13.16,979.9,59.9
2012-09-22 05:00:00,Maitri,-9.39,3.92,1004.5,61.9
2012-09-22 06:00:00,Maitri,-15.53,7.6,987.5,87.3
2012-09-22 07:00:00,Maitri,-21.67,17.97,965.0,40.6
2012-09-22 08:00:00,Maitri,-16.46,4.47,967.8,64.9
2012-09-22 09:00:00,Maitri,-14.74,15.08,993.0,58.6
2012-09-22 10:00:00,Maitri,-13.77,7.36,992.0,57.6
2012-09-22 11:00:00,Maitri,-13.17,4.2,973.8,66.2
2012-09-22 12:00:00,Maitri,-8.7,9.29,992.2,73.5
2012-09-22 13:00:00,Maitri,-8.02,17.3,1000.8,65.4
2012-09-22 14:00:00,Maitri,-12.59,3.84,1001.2,75.3
2012-09-22 15:00:00,Maitri,-8.58,3.69,1002.9,54.5
2012-09-22 16:00:00,Maitri,-11.13,12.92,989.5,57.3
2012-09-22 17:00:00,Maitri,-12.36,6.55,982.0,44.0
2012-09-22 18:00:00,Maitri,-10.04,25.04,976.6,85.8
2012-09-22 19:00:00,Maitri,-13.14,10.9,983.2,55.4
2012-09-22 20:00:00,Maitri,-7.25,15.76,972.6,53.8
2012-09-22 21:00:00,Maitri,-18.91,10.68,979.3,66.5
2012-09-22 22:00:00,Maitri,-16.39,3.91,999.1,73.5
2012-09-22 23:00:00,Maitri,-15.51,5.13,965.7,48.3
2012-09-23 00:00:00,Maitri,-13.85,5.6,966.4,74.6
2012-09-23 01:00:00,Maitri,-11.38,12.19,992.7,53.8
2012-09-23 02:00:00,Maitri,-15.58,9.1,979.6,78.0
2012-09-23 03:00:00,Maitri,-19.99,2.47,962.5,50.4
2012-09-23 04:00:00,Maitri,-12.56,13.54,982.3,68.3
2012-09-23 05:00:00,Maitri,-12.56,27.66,978.5,58.6
2012-09-23 06:00:00,Maitri,-20.82,4.41,979.4,42.2
2012-09-23 07:00:00,Maitri,-14.18,4.88,992.2,38.2
2012-09-23 08:00:00,Maitri,-18.79,6.04,968.8,47.6
2012-09-23 09:00:00,Maitri,-15.36,8.46,983.9,71.9
2012-09-23 10:00:00,Maitri,-15.69,4.65,981.9,30.8
2012-09-23 11:00:00,Maitri,-9.84,17.84,982.8,62.7
2012-09-23 12:00:00,Maitri,-11.77,21.62,961.8,61.5
2012-09-23 13:00:00,Maitri,-16.08,9.83,977.5,34.4
2012-09-23 14:00:00,Maitri,-9.09,8.8,983.9,46.8
2012-09-23 15:00:00,Maitri,-16.55,2.7,990.8,46.8
2012-09-23 16:00:00,Maitri,-11.09,4.14,1005.6,58.7
2012-09-23 17:00:00,Maitri,-15.03,1.8,994.0,78.5
2012-09-23 18:00:00,Maitri,-13.97,6.22,989.4,73.0
2012-09-23 19:00:00,Maitri,-11.62,6.97,998.6,53.0
2012-09-23 20:00:00,Maitri,-12.03,12.82,979.6,46.4
2012-09-23 21:00:00,Maitri,-9.89,9.89,1001.4,36.2
2012-09-23 22:00:00,Maitri,-14.87,5.39,997.1,52.7
2012-09-23 23:00:00,Maitri,-13.99,13.22,977.9,45.4
2012-09-24 00:00:00,Maitri,-16.53,30.19,1002.6,57.5
2012-09-24 01:00:00,Maitri,-14.72,13.61,988.1,58.0
2012-09-24 02:00:00,Maitri,-13.96,6.6,1009.2,51.3
2012-09-24 03:00:00,Maitri,-15.62,10.52,986.9,51.6
2012-09-24 04:00:00,Maitri,-20.9,4.56,977.9,48.3
2012-09-24 05:00:00,Maitri,-13.78,4.24,975.5,50.8
2012-09-24 06:00:00,Maitri,-13.3,22.54,977.5,78.1
2012-09-24 07:00:00,Maitri,-16.21,10.63,976.8,65.2
2012-09-24 08:00:00,Maitri,-17.68,16.06,997.2,65.4
2012-09-24 09:00:00,Maitri,-8.38,7.73,983.5,72.2
2012-09-24 10:00:00,Maitri,-11.09,4.22,965.8,70.9
2012-09-24 11:00:00,Maitri,-13.03,3.67,986.9,77.9
2012-09-24 12:00:00,Maitri,-15.65,5.05,985.7,66.2
2012-09-24 13:00:00,Maitri,-14.46,11.46,977.9,60.9
2012-09-24 14:00:00,Maitri,-7.6,3.15,987.6,49.7
2012-09-24 15:00:00,Maitri,-11.39,9.33,983.1,46.5
2012-09-24 16:00:00,Maitri,-13.77,12.35,990.4,70.4
2012-09-24 17:00:00,Maitri,-10.66,4.11,991.0,56.4
2012-09-24 18:00:00,Maitri,-15.27,30.1,984.7,39.0
2012-09-24 19:00:00,Maitri,-8.3,14.96,967.8,28.7
2012-09-24 20:00:00,Maitri,-9.24,8.43,1008.1,88.1
2012-09-24 21:00:00,Maitri,-15.53,5.63,966.3,44.2
2012-09-24 22:00:00,Maitri,-16.48,10.85,981.9,48.4
2012-09-24 23:00:00,Maitri,-23.22,10.65,970.8,75.2
2012-09-25 00:00:00,Maitri,-19.73,9.46,988.1,41.1
2012-09-25 01:00:00,Maitri,-19.45,11.09,984.9,65.4
2012-09-25 02:00:00,Maitri,-14.8,4.74,982.3,83.5
2012-09-25 03:00:00,Maitri,-16.21,13.57,1000.4,87.6
2012-09-25 04:00:00,Maitri,-19.29,3.49,997.2,51.7
2012-09-25 05:00:00,Maitri,-15.6,3.47,980.7,57.8
2012-09-25 06:00:00,Maitri,-12.71,1.93,994.0,52.5
2012-09-25 07:00:00,Maitri,-12.21,12.72,1001.1,57.7
2012-09-25 08:00:00,Maitri,-19.51,11.29,996.0,76.2
2012-09-25 09:00:00,Maitri,-13.37,8.97,982.1,38.4
2012-09-25 10:00:00,Maitri,-16.96,6.04,965.8,67.1
2012-09-25 11:00:00,Maitri,-9.27,6.75,987.7,55.3
2012-09-25 12:00:00,Maitri,-9.36,4.63,992.0,77.2
2012-09-25 13:00:00,Maitri,-14.57,10.54,974.6,76.4
2012-09-25 14:00:00,Maitri,-14.08,1.67,985.0,52.3
2012-09-25 15:00:00,Maitri,-13.17,2.37,983.7,56.4
2012-09-25 16:00:00,Maitri,-19.08,4.78,1000.2,70.5
2012-09-25 17:00:00,Maitri,-11.08,9.8,1004.8,71.8
2012-09-25 18:00:00,Maitri,-13.4,8.54,997.2,23.4
2012-09-25 19:00:00,Maitri,-9.86,18.59,981.2,70.5
2012-09-25 20:00:00,Maitri,-16.94,7.62,997.1,81.1
2012-09-25 21:00:00,Maitri,-15.88,14.2,990.3,61.6
2012-09-25 22:00:00,Maitri,-19.15,9.5,982.7,71.3
2012-09-25 23:00:00,Maitri,-17.92,1.89,1008.8,75.9
2012-09-26 00:00:00,Maitri,-18.63,4.22,975.9,61.1
2012-09-26 01:00:00,Maitri,-11.84,4.63,991.3,69.4
2012-09-26 02:00:00,Maitri,-17.33,5.4,993.8,58.2
2012-09-26 03:00:00,Maitri,-14.63,7.13,980.6,57.3
2012-09-26 04:00:00,Maitri,-16.07,16.29,989.0,48.7
2012-09-26 05:00:00,Maitri,-18.63,7.97,994.7,60.4
2012-09-26 06:00:00,Maitri,-14.73,5.85,986.9,84.4
2012-09-26 07:00:00,Maitri,-11.84,14.74,988.2,45.4
2012-09-26 08:00:00,Maitri,-17.16,14.68,984.0,66.6
2012-09-26 09:00:00,Maitri,-10.24,1.39,994.0,62.5
2012-09-26 10:00:00,Maitri,-15.11,8.49,981.1,78.6
2012-09-26 11:00:00,Maitri,-13.57,17.48,978.8,81.3
2012-09-26 12:00:00,Maitri,-10.04,7.69,984.1,45.1
2012-09-26 13:00:00,Maitri,-13.68,4.35,998.0,50.0
2012-09-26 14:00:00,Maitri,-11.37,14.12,962.8,50.7
2012-09-26 15:00:00,Maitri,-12.56,3.93,974.0,51.2
2012-09-26 16:00:00,Maitri,-11.32,9.59,1009.7,52.4
2012-09-26 17:00:00,Maitri,-19.64,7.64,987.0,62.9
2012-09-26 18:00:00,Maitri,-18.25,2.7,979.9,46.1
2012-09-26 19:00:00,Maitri,-10.86,15.83,991.8,48.0
2012-09-26 20:00:00,Maitri,-9.97,11.03,974.3,46.9
2012-09-26 21:00:00,Maitri,-16.67,18.99,958.0,64.9
2012-09-26 22:00:00,Maitri,-14.97,8.51,987.8,57.1
2012-09-26 23:00:00,Maitri,-13.62,4.58,975.9,54.6
2012-09-27 00:00:00,Maitri,-12.49,2.88,985.7,46.2
2012-09-27 01:00:00,Maitri,-21.38,14.85,986.6,35.5
2012-09-27 02:00:00,Maitri,-17.79,4.28,986.0,80.8
2012-09-27 03:00:00,Maitri,-15.96,30.01,960.8,54.0
2012-09-27 04:00:00,Maitri,-12.46,23.08,981.8,95.0
2012-09-27 05:00:00,Maitri,-6.43,9.02,988.8,68.8
2012-09-27 06:00:00,Maitri,-14.78,7.29,967.8,83.6
2012-09-27 07:00:00,Maitri,-18.12,5.37,966.7,71.9
2012-09-27 08:00:00,Maitri,-11.87,5.81,971.8,60.2
2012-09-27 09:00:00,Maitri,-8.46,26.96,989.5,49.6
2012-09-27 10:00:00,Maitri,-11.91,6.59,961.0,44.3
2012-09-27 11:00:00,Maitri,-14.78,11.5,992.8,73.7
2012-09-27 12:00:00,Maitri,-8.53,12.01,987.7,61.7
2012-09-27 13:00:00,Maitri,-9.29,15.33,979.7,66.6
2012-09-27 14:00:00,Maitri,-14.64,10.94,966.3,69.4
2012-09-27 15:00:00,Maitri,-10.2,8.56,974.6,63.0
2012-09-27 16:00:00,Maitri,-8.4,5.03,993.2,51.4
2012-09-27 17:00:00,Maitri,-8.1,11.83,997.7,72.2
2012-09-27 18:00:00,Maitri,-12.47,10.4,971.6,55.2
2012-09-27 19:00:00,Maitri,-13.83,6.51,997.2,59.3
2012-09-27 20:00:00,Maitri,-9.23,11.24,991.2,68.0
2012-09-27 21:00:00,Maitri,-17.49,8.13,983.7,57.2
2012-09-27 22:00:00,Maitri,-12.65,10.4,975.0,32.6
2012-09-27 23:00:00,Maitri,-18.81,13.18,976.3,72.6
2012-09-28 00:00:00,Maitri,-11.17,9.52,1004.5,75.6
2012-09-28 01:00:00,Maitri,-15.58,13.9,985.0,32.4
2012-09-28 02:00:00,Maitri,-10.76,9.42,998.9,43.4
2012-09-28 03:00:00,Maitri,-13.18,15.32,985.5,86.3
2012-09-28 04:00:00,Maitri,-18.49,7.07,978.7,61.2
2012-09-28 05:00:00,Maitri,-9.73,4.38,991.1,58.0
2012-09-28 06:00:00,Maitri,-8.95,10.11,1008.3,52.0
2012-09-28 07:00:00,Maitri,-10.66,21.3,974.4,43.6
2012-09-28 08:00:00,Maitri,-15.45,14.46,993.3,55.3
2012-09-28 09:00:00,Maitri,-13.53,21.16,984.0,71.6
2012-09-28 10:00:00,Maitri,-11.65,6.48,967.4,57.8
2012-09-28 11:00:00,Maitri,-13.99,8.54,966.8,66.5
2012-09-28 12:00:00,Maitri,-6.04,4.55,979.1,82.7
2012-09-28 13:00:00,Maitri,-10.81,3.68,988.4,49.9
2012-09-28 14:00:00,Maitri,-19.87,19.52,992.2,62.2
2012-09-28 15:00:00,Maitri,-10.19,18.42,964.2,72.1
2012-09-28 16:00:00,Maitri,-12.57,12.49,990.6,44.9
2012-09-28 17:00:00,Maitri,-11.98,6.54,982.7,60.5
2012-09-28 18:00:00,Maitri,-13.29,13.38,983.0,84.2
2012-09-28 19:00:00,Maitri,-9.97,17.55,989.1,53.2
2012-09-28 20:00:00,Maitri,-9.43,22.65,1001.7,73.0
2012-09-28 21:00:00,Maitri,-12.58,3.09,988.0,56.0
2012-09-28 22:00:00,Maitri,-15.0,7.16,968.3,83.2
2012-09-28 23:00:00,Maitri,-14.42,6.72,981.8,35.0
2012-09-29 00:00:00,Maitri,-14.37,7.85,993.6,58.9
2012-09-29 01:00:00,Maitri,-17.18,11.97,993.4,37.3
2012-09-29 02:00:00,Maitri,-12.82,2.0,992.4,48.2
2012-09-29 03:00:00,Maitri,-13.14,6.44,978.2,48.1
2012-09-29 04:00:00,Maitri,-9.51,6.85,968.2,54.3
2012-09-29 05:00:00,Maitri,-10.13,9.37,990.4,41.4
2012-09-29 06:00:00,Maitri,-15.97,10.09,969.5,57.0
2012-09-29 07:00:00,Maitri,-10.72,7.77,991.8,64.4
2012-09-29 08:00:00,Maitri,-15.92,25.31,989.2,36.6
2012-09-29 09:00:00,Maitri,-10.18,8.22,978.4,49.1
2012-09-29 10:00:00,Maitri,-13.63,11.9,981.9,93.6
2012-09-29 11:00:00,Maitri,-14.88,13.14,985.3,62.6
2012-09-29 12:00:00,Maitri,-10.42,4.9,977.2,32.6
2012-09-29 13:00:00,Maitri,-19.7,5.08,968.3,38.4
2012-09-29 14:00:00,Maitri,-16.68,13.27,982.6,61.2
2012-09-29 15:00:00,Maitri,-11.7,18.55,983.0,59.4
2012-09-29 16:00:00,Maitri,-11.05,22.57,997.3,49.8
2012-09-29 17:00:00,Maitri,-12.78,4.99,975.3,88.7
2012-09-29 18:00:00,Maitri,-17.03,15.79,994.9,94.7
2012-09-29 19:00:00,Maitri,-15.03,8.93,970.5,54.3
2012-09-29 20:00:00,Maitri,-11.62,18.39,966.8,70.2
2012-09-29 21:00:00,Maitri,-11.48,11.15,979.9,70.9
2012-09-29 22:00:00,Maitri,-13.83,12.55,972.3,72.8
2012-09-29 23:00:00,Maitri,-10.45,20.24,966.3,49.0
2012-09-30 00:00:00,Maitri,-13.02,21.42,1004.1,85.2
2012-09-30 01:00:00,Maitri,-16.87,9.81,978.3,57.0
2012-09-30 02:00:00,Maitri,-15.43,2.82,1011.2,63.9
2012-09-30 03:00:00,Maitri,-18.96,5.67,972.7,58.0
2012-09-30 04:00:00,Maitri,-14.64,27.39,961.2,56.0
2012-09-30 05:00:00,Maitri,-10.45,12.92,997.9,61.9
2012-09-30 06:00:00,Maitri,-11.44,5.01,975.9,41.4
2012-09-30 07:00:00,Maitri,-8.71,6.24,985.7,30.4
2012-09-30 08:00:00,Maitri,-13.7,16.81,966.9,55.0
2012-09-30 09:00:00,Maitri,-7.96,24.96,980.8,45.7
2012-09-30 10:00:00,Maitri,-12.45,9.27,967.8,65.7
2012-09-30 11:00:00,Maitri,-6.75,18.42,981.4,64.1
2012-09-30 12:00:00,Maitri,-11.25,15.65,977.2,58.2
2012-09-30 13:00:00,Maitri,-8.73,11.23,986.0,78.7
2012-09-30 14:00:00,Maitri,-6.21,13.89,990.1,57.9
2012-09-30 15:00:00,Maitri,-11.62,10.95,986.1,37.6
2012-09-30 16:00:00,Maitri,-10.48,18.79,987.4,54.9
2012-09-30 17:00:00,Maitri,-7.34,14.34,981.6,74.4
2012-09-30 18:00:00,Maitri,-12.26,3.1,979.5,31.6
2012-09-30 19:00:00,Maitri,-16.5,8.16,989.2,56.7
2012-09-30 20:00:00,Maitri,-5.88,4.97,983.0,66.1
2012-09-30 21:00:00,Maitri,-14.7,9.93,982.7,95.0
2012-09-30 22:00:00,Maitri,-13.13,7.88,988.4,74.9
2012-09-30 23:00:00,Maitri,-10.31,6.13,972.2,59.9
2012-10-01 00:00:00,Maitri,-16.1,3.96,1000.8,65.3
2012-10-01 01:00:00,Maitri,-17.56,1.84,981.9,31.4
2012-10-01 02:00:00,Maitri,-13.58,18.61,983.6,43.3
2012-10-01 03:00:00,Maitri,-20.07,18.59,981.7,67.1
2012-10-01 04:00:00,Maitri,-15.07,3.84,991.9,60.3
2012-10-01 05:00:00,Maitri,-13.08,11.11,987.2,62.0
2012-10-01 06:00:00,Maitri,-14.36,2.52,984.0,58.5
2012-10-01 07:00:00,Maitri,-18.0,5.44,1000.8,57.9
2012-10-01 08:00:00,Maitri,-7.49,7.55,947.0,59.4
2012-10-01 09:00:00,Maitri,-11.8,5.86,998.4,43.2
2012-10-01 10:00:00,Maitri,-7.11,12.89,993.6,54.8
2012-10-01 11:00:00,Maitri,-12.15,1.03,963.7,40.6
2012-10-01 12:00:00,Maitri,-13.85,5.31,994.9,49.3
2012-10-01 13:00:00,Maitri,-9.99,15.05,994.9,74.7
2012-10-01 14:00:00,Maitri,-11.48,2.35,991.1,55.5
2012-10-01 15:00:00,Maitri,-14.62,5.73,966.2,66.3
2012-10-01 16:00:00,Maitri,-6.33,16.22,990.4,59.6
2012-10-01 17:00:00,Maitri,-13.31,26.51,992.6,52.6
2012-10-01 18:00:00,Maitri,-17.58,18.61,975.6,43.9
2012-10-01 19:00:00,Maitri,-7.88,7.42,989.0,52.4
2012-10-01 20:00:00,Maitri,-14.21,26.4,977.0,60.6
2012-10-01 21:00:00,Maitri,-15.0,15.3,992.9,66.1
2012-10-01 22:00:00,Maitri,-19.14,3.91,980.8,59.7
2012-10-01 23:00:00,Maitri,-8.3,2.63,977.9,67.1
2012-10-02 00:00:00,Maitri,-18.14,14.57,982.4,36.7
2012-10-02 01:00:00,Maitri,-14.0,8.33,968.3,70.1
2012-10-02 02:00:00,Maitri,-11.33,3.81,982.8,42.2
2012-10-02 03:00:00,Maitri,-12.84,8.06,988.0,71.8
2012-10-02 04:00:00,Maitri,-14.2,16.93,992.5,65.0
2012-10-02 05:00:00,Maitri,-19.17,5.91,987.0,31.8
2012-10-02 06:00:00,Maitri,-15.94,5.79,967.7,68.3
2012-10-02 07:00:00,Maitri,-12.32,8.0,999.4,71.9
2012-10-02 08:00:00,Maitri,-14.97,8.7,1000.2,75.6
2012-10-02 09:00:00,Maitri,-11.34,7.08,985.2,47.2
2012-10-02 10:00:00,Maitri,-9.37,13.0,974.4,60.5
2012-10-02 11:00:00,Maitri,-8.1,13.85,976.8,67.7
2012-10-02 12:00:00,Maitri,-14.82,8.53,981.4,68.3
2012-10-02 13:00:00,Maitri,-3.68,5.66,987.4,63.7
2012-10-02 14:00:00,Maitri,-8.2,6.45,980.5,52.0
2012-10-02 15:00:00,Maitri,-10.72,19.63,972.2,71.8
2012-10-02 16:00:00,Maitri,-7.41,26.16,992.8,71.9
2012-10-02 17:00:00,Maitri,-3.61,3.34,987.5,55.8
2012-10-02 18:00:00,Maitri,-16.16,4.05,972.3,47.0
2012-10-02 19:00:00,Maitri,-12.71,6.36,987.4,47.8
2012-10-02 20:00:00,Maitri,-20.06,19.91,983.9,77.1
2012-10-02 21:00:00,Maitri,-12.3,7.07,975.7,71.3
2012-10-02 22:00:00,Maitri,-12.18,12.97,996.8,57.7
2012-10-02 23:00:00,Maitri,-13.85,8.06,985.3,55.2
2012-10-03 00:00:00,Maitri,-15.96,6.46,981.5,33.2
2012-10-03 01:00:00,Maitri,-20.61,7.74,982.9,56.8
2012-10-03 02:00:00,Maitri,-12.91,3.82,989.5,41.3
2012-10-03 03:00:00,Maitri,-9.39,13.9,982.1,60.2
2012-10-03 04:00:00,Maitri,-15.76,5.6,983.2,74.6
2012-10-03 05:00:00,Maitri,-12.17,6.03,996.4,44.3
2012-10-03 06:00:00,Maitri,-18.23,5.11,967.9,61.3
2012-10-03 07:00:00,Maitri,-11.31,21.56,967.4,72.0
2012-10-03 08:00:00,Maitri,-13.57,6.73,992.9,61.1
2012-10-03 09:00:00,Maitri,-14.28,10.36,1011.2,50.7
2012-10-03 10:00:00,Maitri,-13.84,1.7,994.8,58.1
2012-10-03 11:00:00,Maitri,-12.3,0.96,1006.3,71.4
2012-10-03 12:00:00,Maitri,-9.53,3.9,979.4,61.7
2012-10-03 13:00:00,Maitri,-14.77,16.22,975.2,58.0
2012-10-03 14:00:00,Maitri,-11.78,9.95,988.8,74.2
2012-10-03 15:00:00,Maitri,-10.7,22.83,992.5,65.2
2012-10-03 16:00:00,Maitri,-14.27,17.66,967.3,41.2
2012-10-03 17:00:00,Maitri,-5.29,5.2,981.8,66.8
2012-10-03 18:00:00,Maitri,-14.14,8.08,983.5,71.3
2012-10-03 19:00:00,Maitri,-13.99,19.3,974.3,40.7
2012-10-03 20:00:00,Maitri,-15.44,7.57,977.4,26.2
2012-10-03 21:00:00,Maitri,-7.02,13.6,992.7,43.4
2012-10-03 22:00:00,Maitri,-11.44,3.39,989.9,56.6
2012-10-03 23:00:00,Maitri,-16.58,11.11,992.5,72.1
2012-10-04 00:00:00,Maitri,-10.19,8.91,987.5,45.5
2012-10-04 01:00:00,Maitri,-13.26,5.24,974.2,65.8
2012-10-04 02:00:00,Maitri,-13.14,8.26,988.6,18.0
2012-10-04 03:00:00,Maitri,-15.01,10.97,972.4,60.5
2012-10-04 04:00:00,Maitri,-16.12,15.87,979.0,52.3
2012-10-04 05:00:00,Maitri,-12.36,21.84,969.8,87.4
2012-10-04 06:00:00,Maitri,-14.81,14.66,975.8,31.5
2012-10-04 07:00:00,Maitri,-6.82,18.23,983.3,57.8
2012-10-04 08:00:00,Maitri,-16.23,4.74,979.0,31.4
2012-10-04 09:00:00,Maitri,-6.79,4.19,974.2,50.3
2012-10-04 10:00:00,Maitri,-11.62,12.62,996.2,34.2
2012-10-04 11:00:00,Maitri,-9.94,3.57,983.1,90.2
2012-10-04 12:00:00,Maitri,-7.94,7.77,977.8,53.0
2012-10-04 13:00:00,Maitri,-12.45,14.47,970.4,55.0
2012-10-04 14:00:00,Maitri,-7.6,19.97,960.5,57.4
2012-10-04 15:00:00,Maitri,-19.09,11.29,980.8,42.1
2012-10-04 16:00:00,Maitri,-12.91,4.44,968.5,72.8
2012-10-04 17:00:00,Maitri,-13.85,9.17,991.8,67.0
2012-10-04 18:00:00,Maitri,-15.28,9.85,983.9,70.9
2012-10-04 19:00:00,Maitri,-12.39,5.68,1002.1,40.9
2012-10-04 20:00:00,Maitri,-10.93,2.8,987.1,73.9
2012-10-04 21:00:00,Maitri,-10.38,14.66,974.4,72.3
2012-10-04 22:00:00,Maitri,-12.3,7.91,962.2,54.7
2012-10-04 23:00:00,Maitri,-15.57,13.48,992.3,70.5
2012-10-05 00:00:00,Maitri,-12.4,10.63,968.5,61.8
2012-10-05 01:00:00,Maitri,-13.36,7.94,979.1,35.7
2012-10-05 02:00:00,Maitri,-10.83,7.23,1003.2,55.4
2012-10-05 03:00:00,Maitri,-11.28,8.74,990.7,51.3
2012-10-05 04:00:00,Maitri,-13.49,12.56,987.6,59.2
2012-10-05 05:00:00,Maitri,-16.17,1.33,995.7,72.3
2012-10-05 06:00:00,Maitri,-15.01,12.36,993.6,35.0
2012-10-05 07:00:00,Maitri,-14.25,11.79,1001.4,51.8
2012-10-05 08:00:00,Maitri,-13.03,14.59,975.9,46.5
2012-10-05 09:00:00,Maitri,-10.7,20.57,977.6,47.1
2012-10-05 10:00:00,Maitri,-8.84,5.79,973.5,46.5
2012-10-05 11:00:00,Maitri,-10.91,3.17,984.1,59.0
2012-10-05 12:00:00,Maitri,-10.41,10.26,981.9,65.3
2012-10-05 13:00:00,Maitri,-9.83,9.77,963.4,62.9
2012-10-05 14:00:00,Maitri,-11.87,7.35,976.4,60.6
2012-10-05 15:00:00,Maitri,-13.25,12.01,999.7,66.7
2012-10-05 16:00:00,Maitri,-16.08,6.07,986.9,91.3
2012-10-05 17:00:00,Maitri,-12.98,7.97,992.0,59.9
2012-10-05 18:00:00,Maitri,-9.61,12.34,981.8,72.3
2012-10-05 19:00:00,Maitri,-13.81,7.44,962.2,71.5
2012-10-05 20:00:00,Maitri,-12.78,9.78,982.1,82.9
2012-10-05 21:00:00,Maitri,-11.0,7.48,995.9,65.8
2012-10-05 22:00:00,Maitri,-11.26,4.51,970.7,46.2
2012-10-05 23:00:00,Maitri,-16.75,14.47,991.4,62.3
2012-10-06 00:00:00,Maitri,-10.25,13.73,963.4,61.5
2012-10-06 01:00:00,Maitri,-10.01,13.48,983.2,69.4
2012-10-06 02:00:00,Maitri,-17.3,8.37,990.0,45.8
2012-10-06 03:00:00,Maitri,-16.26,15.12,979.1,75.7
2012-10-06 04:00:00,Maitri,-9.63,15.5,1011.1,58.1
2012-10-06 05:00:00,Maitri,-13.62,19.16,976.5,69.8
2012-10-06 06:00:00,Maitri,-19.88,8.46,977.1,62.3
2012-10-06 07:00:00,Maitri,-16.82,10.17,985.8,59.7
2012-10-06 08:00:00,Maitri,-12.68,4.49,975.6,61.3
2012-10-06 09:00:00,Maitri,-15.14,20.55,965.3,67.4
2012-10-06 10:00:00,Maitri,-12.3,7.58,971.2,85.4
2012-10-06 11:00:00,Maitri,-10.5,3.68,993.2,29.8
2012-10-06 12:00:00,Maitri,-5.64,19.48,978.6,65.6
2012-10-06 13:00:00,Maitri,-11.07,8.27,1003.3,58.6
2012-10-06 14:00:00,Maitri,-6.65,25.08,976.2,55.5
2012-10-06 15:00:00,Maitri,-5.57,9.39,991.8,24.9
2012-10-06 16:00:00,Maitri,-5.73,5.66,990.0,66.1
2012-10-06 17:00:00,Maitri,-9.7,14.77,977.5,56.3
2012-10-06 18:00:00,Maitri,-17.26,7.96,973.7,46.3
2012-10-06 19:00:00,Maitri,-9.94,13.19,963.1,58.6
2012-10-06 20:00:00,Maitri,-8.53,5.88,990.5,53.9
2012-10-06 21:00:00,Maitri,-12.61,12.36,996.9,33.6
2012-10-06 22:00:00,Maitri,-7.2,7.17,965.6,59.2
2012-10-06 23:00:00,Maitri,-10.4,14.22,978.6,66.1
2012-10-07 00:00:00,Maitri,-11.48,8.73,976.0,50.3
2012-10-07 01:00:00,Maitri,-10.0,10.16,989.8,61.7
2012-10-07 02:00:00,Maitri,-12.47,7.86,980.0,59.5
2012-10-07 03:00:00,Maitri,-21.45,8.96,998.9,72.6
2012-10-07 04:00:00,Maitri,-14.89,14.08,978.5,56.5
2012-10-07 05:00:00,Maitri,-9.18,4.43,970.1,69.2
2012-10-07 06:00:00,Maitri,-15.22,10.9,978.0,53.6
2012-10-07 07:00:00,Maitri,-12.92,32.33,976.0,85.5
2012-10-07 08:00:00,Maitri,-15.08,17.93,988.4,51.9
2012-10-07 09:00:00,Maitri,-5.56,8.37,979.4,48.4
2012-10-07 10:00:00,Maitri,-5.46,9.82,988.6,56.6
2012-10-07 11:00:00,Maitri,-13.29,6.87,974.9,47.8
2012-10-07 12:00:00,Maitri,-9.71,12.93,979.7,40.5
2012-10-07 13:00:00,Maitri,-12.17,3.72,975.4,68.2
2012-10-07 14:00:00,Maitri,-7.97,7.16,974.2,18.0
2012-10-07 15:00:00,Maitri,-8.37,5.66,998.8,48.0
2012-10-07 16:00:00,Maitri,-7.58,7.03,975.7,39.2
2012-10-07 17:00:00,Maitri,-9.4,10.58,979.4,60.0
2012-10-07 18:00:00,Maitri,-1.44,1.5,996.8,27.4
2012-10-07 19:00:00,Maitri,-14.56,7.66,992.5,65.7
2012-10-07 20:00:00,Maitri,-17.21,6.65,1002.9,67.2
2012-10-07 21:00:00,Maitri,-13.46,15.89,988.2,35.1
2012-10-07 22:00:00,Maitri,-17.65,4.98,977.3,60.7
2012-10-07 23:00:00,Maitri,-17.78,10.68,1007.1,65.2
2012-10-08 00:00:00,Maitri,-16.35,8.38,990.4,71.2
2012-10-08 01:00:00,Maitri,-16.28,16.55,980.7,37.4
2012-10-08 02:00:00,Maitri,-16.45,15.28,983.4,35.5
2012-10-08 03:00:00,Maitri,-11.67,22.52,983.7,79.0
2012-10-08 04:00:00,Maitri,-14.77,16.89,979.7,46.5
2012-10-08 05:00:00,Maitri,-13.44,11.13,967.5,50.6
2012-10-08 06:00:00,Maitri,-9.63,14.68,1001.5,66.9
2012-10-08 07:00:00,Maitri,-14.51,7.91,983.6,41.6
2012-10-08 08:00:00,Maitri,-12.44,9.94,985.6,54.3
2012-10-08 09:00:00,Maitri,-9.96,10.2,1007.4,70.5
2012-10-08 10:00:00,Maitri,-16.9,5.16,976.4,38.1
2012-10-08 11:00:00,Maitri,-17.95,16.22,990.1,51.0
2012-10-08 12:00:00,Maitri,-8.92,19.74,972.9,42.2
2012-10-08 13:00:00,Maitri,-8.28,8.46,987.4,47.2
2012-10-08 14:00:00,Maitri,-3.19,8.86,986.0,74.6
2012-10-08 15:00:00,Maitri,-9.35,6.08,993.2,77.7
2012-10-08 16:00:00,Maitri,-7.41,4.12,998.3,61.6
2012-10-08 17:00:00,Maitri,-10.94,13.77,976.3,65.5
2012-10-08 18:00:00,Maitri,-9.74,4.32,1000.6,65.1
2012-10-08 19:00:00,Maitri,-5.79,4.15,1001.5,48.6
2012-10-08 20:00:00,Maitri,-18.39,13.28,980.1,61.3
2012-10-08 21:00:00,Maitri,-10.73,10.29,983.4,39.9
2012-10-08 22:00:00,Maitri,-5.66,13.81,977.2,44.6
2012-10-08 23:00:00,Maitri,-11.96,5.6,980.6,56.8
2012-10-09 00:00:00,Maitri,-7.72,24.15,967.5,43.1
2012-10-09 01:00:00,Maitri,-15.2,5.05,993.2,40.2
2012-10-09 02:00:00,Maitri,-13.35,6.65,960.4,48.0
2012-10-09 03:00:00,Maitri,-13.08,5.75,976.1,74.0
2012-10-09 04:00:00,Maitri,-20.1,23.75,980.9,79.8
2012-10-09 05:00:00,Maitri,-16.46,7.23,998.9,57.5
2012-10-09 06:00:00,Maitri,-15.86,4.77,978.0,66.2
2012-10-09 07:00:00,Maitri,-9.28,31.15,985.2,50.1
2012-10-09 08:00:00,Maitri,-8.66,21.61,980.8,29.1
2012-10-09 09:00:00,Maitri,-9.94,18.12,993.2,45.5
2012-10-09 10:00:00,Maitri,-7.91,20.92,986.2,53.7
2012-10-09 11:00:00,Maitri,-10.7,4.9,993.8,60.0
2012-10-09 12:00:00,Maitri,-6.04,22.54,975.3,56.6
2012-10-09 13:00:00,Maitri,-9.68,8.1,972.1,54.1
2012-10-09 14:00:00,Maitri,-9.46,11.4,987.5,50.0
2012-10-09 15:00:00,Maitri,-10.56,9.14,978.0,62.8
2012-10-09 16:00:00,Maitri,-7.7,19.64,982.4,38.9
2012-10-09 17:00:00,Maitri,-11.52,1.37,988.4,69.2
2012-10-09 18:00:00,Maitri,-7.42,4.43,998.6,49.8
2012-10-09 19:00:00,Maitri,-14.6,20.9,990.9,86.9
2012-10-09 20:00:00,Maitri,-14.96,6.14,976.2,53.6
2012-10-09 21:00:00,Maitri,-9.71,19.23,968.9,51.3
2012-10-09 22:00:00,Maitri,-12.63,5.94,1003.7,50.1
2012-10-09 23:00:00,Maitri,-14.17,7.91,965.6,51.4
2012-10-10 00:00:00,Maitri,-10.01,25.23,976.0,66.5
2012-10-10 01:00:00,Maitri,-14.98,14.61,990.2,57.4
2012-10-10 02:00:00,Maitri,-13.74,10.41,1002.3,71.8
2012-10-10 03:00:00,Maitri,-8.56,12.64,980.9,64.5
2012-10-10 04:00:00,Maitri,-7.93,16.93,982.8,58.4
2012-10-10 05:00:00,Maitri,-7.54,10.05,973.4,63.2
2012-10-10 06:00:00,Maitri,-13.1,13.25,984.5,74.7
2012-10-10 07:00:00,Maitri,-7.83,31.51,967.0,67.2
2012-10-10 08:00:00,Maitri,-14.34,4.65,975.7,61.9
2012-10-10 09:00:00,Maitri,-13.74,10.34,992.2,63.9
2012-10-10 10:00:00,Maitri,-17.92,6.85,979.0,41.9
2012-10-10 11:00:00,Maitri,-4.68,5.23,994.8,94.0
2012-10-10 12:00:00,Maitri,-12.51,10.27,981.7,65.4
2012-10-10 13:00:00,Maitri,-9.97,5.3,968.5,66.8
2012-10-10 14:00:00,Maitri,-12.41,4.79,997.7,57.6
2012-10-10 15:00:00,Maitri,-7.34,8.76,968.6,25.8
2012-10-10 16:00:00,Maitri,-10.94,13.02,976.1,54.3
2012-10-10 17:00:00,Maitri,-14.2,12.43,980.8,59.1
2012-10-10 18:00:00,Maitri,-8.99,8.87,995.2,46.5
2012-10-10 19:00:00,Maitri,-15.42,3.71,978.4,46.4
2012-10-10 20:00:00,Maitri,-13.98,3.56,973.8,53.3
2012-10-10 21:00:00,Maitri,-18.51,11.62,985.1,68.8
2012-10-10 22:00:00,Maitri,-16.76,6.26,981.6,75.6
2012-10-10 23:00:00,Maitri,-12.0,10.7,978.0,60.4
2012-10-11 00:00:00,Maitri,-19.0,9.87,986.0,50.1
2012-10-11 01:00:00,Maitri,-17.63,2.34,970.8,52.9
2012-10-11 02:00:00,Maitri,-12.96,21.12,962.0,59.4
2012-10-11 03:00:00,Maitri,-14.63,3.52,1009.1,61.1
2012-10-11 04:00:00,Maitri,-6.34,8.06,985.0,64.1
2012-10-11 05:00:00,Maitri,-6.56,4.03,986.4,51.8
2012-10-11 06:00:00,Maitri,-14.83,6.16,975.1,65.4
2012-10-11 07:00:00,Maitri,-9.84,6.64,994.3,64.3
2012-10-11 08:00:00,Maitri,-8.76,7.06,977.8,52.5
2012-10-11 09:00:00,Maitri,-12.6,8.2,951.7,33.9
2012-10-11 10:00:00,Maitri,-15.04,23.69,974.9,45.6
2012-10-11 11:00:00,Maitri,-9.92,5.09,981.0,79.9
2012-10-11 12:00:00,Maitri,-10.15,13.29,981.1,34.3
2012-10-11 13:00:00,Maitri,-10.81,18.04,980.0,76.4
2012-10-11 14:00:00,Maitri,-7.94,12.49,975.7,33.8
2012-10-11 15:00:00,Maitri,-11.82,20.16,973.4,47.2
2012-10-11 16:00:00,Maitri,-13.28,12.56,979.7,52.8
2012-10-11 17:00:00,Maitri,-9.53,12.34,964.2,83.0
2012-10-11 18:00:00,Maitri,-9.02,18.33,959.7,58.4
2012-10-11 19:00:00,Maitri,-14.46,11.34,984.4,55.0
2012-10-11 20:00:00,Maitri,-8.19,18.09,983.6,44.9
2012-10-11 21:00:00,Maitri,-17.29,11.32,993.4,65.3
2012-10-11 22:00:00,Maitri,-13.91,17.91,979.4,50.8
2012-10-11 23:00:00,Maitri,-13.25,22.42,967.9,54.8
2012-10-12 00:00:00,Maitri,-14.61,7.43,961.6,53.0
2012-10-12 01:00:00,Maitri,-14.56,6.76,973.7,68.1
2012-10-12 02:00:00,Maitri,-6.82,20.13,986.8,68.7
2012-10-12 03:00:00,Maitri,-15.47,17.71,998.9,45.5
2012-10-12 04:00:00,Maitri,-4.76,2.63,985.2,49.2
2012-10-12 05:00:00,Maitri,-10.88,10.78,969.4,47.8
2012-10-12 06:00:00,Maitri,-11.62,25.11,971.1,60.6
2012-10-12 07:00:00,Maitri,-9.95,4.41,974.6,70.7
2012-10-12 08:00:00,Maitri,-2.91,3.99,979.7,60.8
2012-10-12 09:00:00,Maitri,-13.72,6.03,997.0,27.3
2012-10-12 10:00:00,Maitri,-13.7,7.12,997.7,68.6
2012-10-12 11:00:00,Maitri,-12.15,2.99,982.6,39.1
2012-10-12 12:00:00,Maitri,-9.35,4.45,986.4,48.0
2012-10-12 13:00:00,Maitri,-14.79,2.79,975.4,60.8
2012-10-12 14:00:00,Maitri,-9.14,10.57,963.8,56.8
2012-10-12 15:00:00,Maitri,-3.85,10.44,1004.0,70.2
2012-10-12 16:00:00,Maitri,-8.97,20.24,955.3,49.4
2012-10-12 17:00:00,Maitri,-10.67,11.08,962.2,44.5
2012-10-12 18:00:00,Maitri,-12.09,13.15,1003.7,53.6
2012-10-12 19:00:00,Maitri,-7.67,13.96,983.1,71.7
2012-10-12 20:00:00,Maitri,-13.65,4.95,971.3,66.8
2012-10-12 21:00:00,Maitri,-5.57,4.55,992.2,59.2
2012-10-12 22:00:00,Maitri,-5.72,4.09,993.3,76.6
2012-10-12 23:00:00,Maitri,-11.46,7.11,968.6,74.0
2012-10-13 00:00:00,Maitri,-12.46,6.74,977.9,69.0
2012-10-13 01:00:00,Maitri,-9.31,9.75,993.6,41.5
2012-10-13 02:00:00,Maitri,-9.16,14.59,973.4,69.0
2012-10-13 03:00:00,Maitri,-15.18,13.13,986.3,55.2
2012-10-13 04:00:00,Maitri,-14.11,6.7,1000.4,52.5
2012-10-13 05:00:00,Maitri,-16.37,5.95,956.6,48.4
2012-10-13 06:00:00,Maitri,-10.46,6.44,980.1,55.6
2012-10-13 07:00:00,Maitri,-9.2,7.0,987.0,49.2
2012-10-13 08:00:00,Maitri,-15.18,3.36,963.9,60.4
2012-10-13 09:00:00,Maitri,-11.86,11.17,977.2,55.6
2012-10-13 10:00:00,Maitri,-14.28,25.19,993.2,61.1
2012-10-13 11:00:00,Maitri,-12.47,9.43,975.5,65.7
2012-10-13 12:00:00,Maitri,-7.54,9.7,966.5,53.9
2012-10-13 13:00:00,Maitri,-11.47,12.14,996.2,47.7
2012-10-13 14:00:00,Maitri,-10.03,4.37,989.5,29.9
2012-10-13 15:00:00,Maitri,-14.33,6.07,983.3,68.8
2012-10-13 16:00:00,Maitri,-8.71,6.49,982.9,59.1
2012-10-13 17:00:00,Maitri,-9.73,4.23,996.2,55.5
2012-10-13 18:00:00,Maitri,-12.3,22.28,985.0,74.4
2012-10-13 19:00:00,Maitri,-11.0,14.35,990.3,40.0
2012-10-13 20:00:00,Maitri,-10.29,14.95,974.8,58.8
2012-10-13 21:00:00,Maitri,-13.94,7.53,961.8,44.5
2012-10-13 22:00:00,Maitri,-16.49,10.16,990.6,67.2
2012-10-13 23:00:00,Maitri,-6.36,7.13,996.6,26.8
2012-10-14 00:00:00,Maitri,-14.3,8.14,981.2,69.3
2012-10-14 01:00:00,Maitri,-12.77,9.73,993.7,68.7
2012-10-14 02:00:00,Maitri,-9.28,8.44,979.9,45.1
2012-10-14 03:00:00,Maitri,-1.16,9.65,982.5,58.9
2012-10-14 04:00:00,Maitri,-16.26,3.07,1004.7,45.4
2012-10-14 05:00:00,Maitri,-10.55,4.43,981.0,64.0
2012-10-14 06:00:00,Maitri,-13.88,7.11,979.9,69.5
2012-10-14 07:00:00,Maitri,-12.91,7.91,962.3,43.9
2012-10-14 08:00:00,Maitri,-13.02,7.91,991.7,39.8
2012-10-14 09:00:00,Maitri,-13.86,12.9,974.9,73.4
2012-10-14 10:00:00,Maitri,-9.95,10.81,985.1,85.2
2012-10-14 11:00:00,Maitri,-14.16,11.79,979.6,64.9
2012-10-14 12:00:00,Maitri,-6.13,6.43,978.9,66.0
2012-10-14 13:00:00,Maitri,-8.8,4.92,982.9,53.4
2012-10-14 14:00:00,Maitri,-7.57,8.32,983.3,60.5
2012-10-14 15:00:00,Maitri,-10.47,13.77,996.5,62.9
2012-10-14 16:00:00,Maitri,-10.34,21.75,999.2,55.4
2012-10-14 17:00:00,Maitri,-8.53,6.55,991.5,76.9
2012-10-14 18:00:00,Maitri,-13.54,21.72,996.4,60.5
2012-10-14 19:00:00,Maitri,-11.4,4.57,994.1,62.3
2012-10-14 20:00:00,Maitri,-13.47,3.26,990.2,55.7
2012-10-14 21:00:00,Maitri,-14.03,7.76,1000.6,57.2
2012-10-14 22:00:00,Maitri,-18.37,4.93,969.2,75.1
2012-10-14 23:00:00,Maitri,-7.71,5.91,976.2,60.0
2012-10-15 00:00:00,Maitri,-14.33,15.73,973.2,60.4
2012-10-15 01:00:00,Maitri,-8.59,14.88,979.3,60.6
2012-10-15 02:00:00,Maitri,-8.95,10.83,991.3,52.9
2012-10-15 03:00:00,Maitri,-16.43,10.33,970.6,38.3
2012-10-15 04:00:00,Maitri,-15.61,5.85,989.9,80.0
2012-10-15 05:00:00,Maitri,-3.65,8.39,977.0,73.0
2012-10-15 06:00:00,Maitri,-5.87,7.55,979.9,75.5
2012-10-15 07:00:00,Maitri,-11.14,3.8,986.7,43.0
2012-10-15 08:00:00,Maitri,-9.75,23.91,1000.7,78.2
2012-10-15 09:00:00,Maitri,-12.13,7.67,975.7,85.5
2012-10-15 10:00:00,Maitri,-8.29,4.68,983.4,72.6
2012-10-15 11:00:00,Maitri,-11.6,3.53,972.1,81.1
2012-10-15 12:00:00,Maitri,-15.52,12.22,974.9,69.2
2012-10-15 13:00:00,Maitri,-13.06,22.77,969.1,46.1
2012-10-15 14:00:00,Maitri,-8.71,26.91,983.8,65.1
2012-10-15 15:00:00,Maitri,-12.45,8.72,988.6,43.7
2012-10-15 16:00:00,Maitri,-9.23,7.68,991.7,49.6
2012-10-15 17:00:00,Maitri,-12.74,9.81,974.9,62.4
2012-10-15 18:00:00,Maitri,-12.18,9.68,989.4,60.5
2012-10-15 19:00:00,Maitri,-7.38,2.33,986.0,64.5
2012-10-15 20:00:00,Maitri,-9.78,7.1,983.3,32.9
2012-10-15 21:00:00,Maitri,-11.07,11.23,969.0,55.8
2012-10-15 22:00:00,Maitri,-8.66,12.58,984.9,65.7
2012-10-15 23:00:00,Maitri,-10.31,13.12,985.2,68.5
2012-10-16 00:00:00,Maitri,-7.36,9.6,984.7,69.4
2012-10-16 01:00:00,Maitri,-13.64,4.53,988.9,61.5
2012-10-16 02:00:00,Maitri,-13.6,8.58,991.7,52.7
2012-10-16 03:00:00,Maitri,-16.33,18.49,969.6,65.0
2012-10-16 04:00:00,Maitri,-13.36,11.71,980.8,53.8
2012-10-16 05:00:00,Maitri,-8.61,7.87,989.8,70.6
2012-10-16 06:00:00,Maitri,-7.17,28.29,977.7,64.0
2012-10-16 07:00:00,Maitri,-7.82,9.9,994.5,57.1
2012-10-16 08:00:00,Maitri,-16.17,8.5,984.8,47.2
2012-10-16 09:00:00,Maitri,-6.5,13.78,960.5,73.7
2012-10-16 10:00:00,Maitri,-15.41,4.23,994.0,65.8
2012-10-16 11:00:00,Maitri,-6.28,7.67,982.5,87.4
2012-10-16 12:00:00,Maitri,-10.05,8.62,963.4,65.4
2012-10-16 13:00:00,Maitri,-6.44,2.92,981.7,66.5
2012-10-16 14:00:00,Maitri,-12.89,10.45,968.8,37.5
2012-10-16 15:00:00,Maitri,-4.94,12.54,991.8,62.3
2012-10-16 16:00:00,Maitri,-13.56,6.67,983.6,53.6
2012-10-16 17:00:00,Maitri,-11.29,14.18,972.2,69.6
2012-10-16 18:00:00,Maitri,-12.72,16.94,991.8,62.7
2012-10-16 19:00:00,Maitri,-15.57,18.15,987.6,71.8
2012-10-16 20:00:00,Maitri,-10.12,4.64,981.6,87.9
2012-10-16 21:00:00,Maitri,-5.11,10.21,969.1,46.8
2012-10-16 22:00:00,Maitri,-2.79,13.33,973.3,71.3
2012-10-16 23:00:00,Maitri,-11.39,10.19,973.6,67.6
2012-10-17 00:00:00,Maitri,-8.27,16.27,991.1,85.7
2012-10-17 01:00:00,Maitri,-11.28,10.69,964.1,67.9
2012-10-17 02:00:00,Maitri,-10.48,4.54,983.8,66.4
2012-10-17 03:00:00,Maitri,-13.11,16.44,979.7,69.9
2012-10-17 04:00:00,Maitri,-11.22,10.01,995.4,70.9
2012-10-17 05:00:00,Maitri,-9.83,22.13,984.4,78.4
2012-10-17 06:00:00,Maitri,-13.03,4.56,990.5,46.5
2012-10-17 07:00:00,Maitri,-10.99,10.12,977.4,52.5
2012-10-17 08:00:00,Maitri,-10.47,21.21,967.7,82.3
2012-10-17 09:00:00,Maitri,-7.17,10.83,979.6,30.6
2012-10-17 10:00:00,Maitri,-12.79,14.65,991.7,56.8
2012-10-17 11:00:00,Maitri,-9.17,17.29,991.3,60.1
2012-10-17 12:00:00,Maitri,-2.6,9.76,978.6,55.5
2012-10-17 13:00:00,Maitri,-4.82,5.53,974.3,80.1
2012-10-17 14:00:00,Maitri,-4.16,15.72,970.5,64.7
2012-10-17 15:00:00,Maitri,-8.46,8.7,982.1,52.6
2012-10-17 16:00:00,Maitri,-7.7,2.22,986.2,49.1
2012-10-17 17:00:00,Maitri,-5.8,19.02,999.1,61.9
2012-10-17 18:00:00,Maitri,-4.39,23.69,982.9,74.3
2012-10-17 19:00:00,Maitri,-16.06,6.47,991.1,59.9
2012-10-17 20:00:00,Maitri,-14.49,9.5,974.6,56.1
2012-10-17 21:00:00,Maitri,-6.56,24.81,981.8,48.3
2012-10-17 22:00:00,Maitri,-12.07,21.45,983.4,63.2
2012-10-17 23:00:00,Maitri,-13.7,13.35,981.4,62.5
2012-10-18 00:00:00,Maitri,-15.71,20.31,981.7,47.9
2012-10-18 01:00:00,Maitri,-13.65,8.35,985.2,72.4
2012-10-18 02:00:00,Maitri,-16.42,3.73,990.0,81.9
2012-10-18 03:00:00,Maitri,-5.18,18.04,995.7,58.7
2012-10-18 04:00:00,Maitri,-11.77,9.32,957.5,62.2
2012-10-18 05:00:00,Maitri,-11.59,3.1,997.3,42.5
2012-10-18 06:00:00,Maitri,-9.15,6.62,964.3,68.3
2012-10-18 07:00:00,Maitri,-7.52,8.14,987.3,64.5
2012-10-18 08:00:00,Maitri,-7.11,8.75,1010.8,53.4
2012-10-18 09:00:00,Maitri,-6.23,5.95,983.6,47.6
2012-10-18 10:00:00,Maitri,-11.25,4.82,986.3,83.9
2012-10-18 11:00:00,Maitri,-9.82,2.82,981.0,63.4
2012-10-18 12:00:00,Maitri,-6.12,2.74,992.3,45.2
2012-10-18 13:00:00,Maitri,-10.08,9.2,987.8,70.0
2012-10-18 14:00:00,Maitri,-8.35,11.03,975.6,61.2
2012-10-18 15:00:00,Maitri,-7.12,4.74,983.0,58.8
2012-10-18 16:00:00,Maitri,-6.06,20.05,969.1,71.7
2012-10-18 17:00:00,Maitri,-14.55,7.3,982.5,21.4
2012-10-18 18:00:00,Maitri,-6.95,8.77,978.9,32.7
2012-10-18 19:00:00,Maitri,-10.42,8.44,985.3,77.3
2012-10-18 20:00:00,Maitri,-7.87,2.43,976.5,56.2
2012-10-18 21:00:00,Maitri,-8.12,16.37,980.1,52.0
2012-10-18 22:00:00,Maitri,-5.89,13.18,983.1,39.3
2012-10-18 23:00:00,Maitri,-7.08,20.42,982.8,60.7
2012-10-19 00:00:00,Maitri,-7.24,19.67,985.2,62.4
2012-10-19 01:00:00,Maitri,-7.11,12.24,981.2,78.2
2012-10-19 02:00:00,Maitri,-10.86,13.72,973.9,63.2
2012-10-19 03:00:00,Maitri,-11.63,4.52,985.3,53.8
2012-10-19 04:00:00,Maitri,-8.76,7.33,981.8,63.7
2012-10-19 05:00:00,Maitri,-8.92,8.41,995.5,73.5
2012-10-19 06:00:00,Maitri,-11.88,6.71,997.2,70.5
2012-10-19 07:00:00,Maitri,-9.16,19.41,966.3,66.7
2012-10-19 08:00:00,Maitri,-10.1,10.39,990.5,61.8
2012-10-19 09:00:00,Maitri,-12.26,5.61,993.6,49.9
2012-10-19 10:00:00,Maitri,-4.96,18.71,966.7,43.5
2012-10-19 11:00:00,Maitri,-8.54,10.6,990.1,41.3
2012-10-19 12:00:00,Maitri,-1.87,15.98,992.9,63.5
2012-10-19 13:00:00,Maitri,-13.45,4.46,973.4,65.0
2012-10-19 14:00:00,Maitri,-9.97,11.09,980.6,73.3
2012-10-19 15:00:00,Maitri,-8.15,5.44,986.3,65.9
2012-10-19 16:00:00,Maitri,-4.79,10.74,989.9,72.7
2012-10-19 17:00:00,Maitri,-7.44,13.21,971.7,56.2
2012-10-19 18:00:00,Maitri,-8.1,4.17,997.7,68.8
2012-10-19 19:00:00,Maitri,-13.13,9.12,960.3,44.0
2012-10-19 20:00:00,Maitri,-13.69,4.44,999.6,57.2
2012-10-19 21:00:00,Maitri,-9.42,16.46,988.9,32.4
2012-10-19 22:00:00,Maitri,-15.25,9.68,976.4,58.4
2012-10-19 23:00:00,Maitri,-12.96,5.6,994.1,75.1
2012-10-20 00:00:00,Maitri,-9.8,6.56,972.0,59.0
2012-10-20 01:00:00,Maitri,-14.73,7.19,985.2,68.1
2012-10-20 02:00:00,Maitri,-6.51,20.25,984.7,61.8
2012-10-20 03:00:00,Maitri,-7.67,8.93,986.4,50.0
2012-10-20 04:00:00,Maitri,-16.43,14.9,973.1,55.4
2012-10-20 05:00:00,Maitri,-14.1,9.19,977.9,74.5
2012-10-20 06:00:00,Maitri,-18.06,4.53,985.8,68.0
2012-10-20 07:00:00,Maitri,-12.81,6.52,975.7,49.4
2012-10-20 08:00:00,Maitri,-7.39,11.39,986.4,38.6
2012-10-20 09:00:00,Maitri,-10.7,2.45,977.6,60.9
2012-10-20 10:00:00,Maitri,-7.47,12.53,994.6,49.9
2012-10-20 11:00:00,Maitri,-13.44,5.98,1002.1,55.5
2012-10-20 12:00:00,Maitri,-5.73,10.34,980.0,37.6
2012-10-20 13:00:00,Maitri,-9.88,6.7,994.6,72.6
2012-10-20 14:00:00,Maitri,-8.01,13.92,980.5,56.6
2012-10-20 15:00:00,Maitri,-8.4,9.59,972.8,58.8
2012-10-20 16:00:00,Maitri,-12.35,13.63,978.1,46.3
2012-10-20 17:00:00,Maitri,-12.26,2.83,985.6,54.1
2012-10-20 18:00:00,Maitri,-5.85,8.33,963.2,59.7
2012-10-20 19:00:00,Maitri,-8.1,5.91,991.3,49.4
2012-10-20 20:00:00,Maitri,-6.48,12.32,984.1,55.0
2012-10-20 21:00:00,Maitri,-9.27,16.35,994.1,77.4
2012-10-20 22:00:00,Maitri,-10.29,16.02,989.6,33.5
2012-10-20 23:00:00,Maitri,-16.64,20.86,983.3,60.6
2012-10-21 00:00:00,Maitri,-12.12,16.58,978.4,47.0
2012-10-21 01:00:00,Maitri,-11.52,8.28,1001.3,76.7
2012-10-21 02:00:00,Maitri,-5.25,5.04,1009.2,55.5
2012-10-21 03:00:00,Maitri,-9.24,2.98,980.7,43.3
2012-10-21 04:00:00,Maitri,-6.34,4.89,996.3,55.0
2012-10-21 05:00:00,Maitri,-9.06,2.63,976.5,62.9
2012-10-21 06:00:00,Maitri,-12.87,3.82,977.7,95.0
2012-10-21 07:00:00,Maitri,-9.79,10.89,978.9,28.5
2012-10-21 08:00:00,Maitri,-8.94,2.82,992.5,41.2
2012-10-21 09:00:00,Maitri,-12.24,11.72,970.9,76.3
2012-10-21 10:00:00,Maitri,-10.03,6.54,1001.8,36.9
2012-10-21 11:00:00,Maitri,-9.08,9.84,994.3,58.1
2012-10-21 12:00:00,Maitri,-3.0,9.99,991.1,51.2
2012-10-21 13:00:00,Maitri,-14.62,20.91,978.5,49.0
2012-10-21 14:00:00,Maitri,-4.04,10.21,993.0,55.6
2012-10-21 15:00:00,Maitri,-10.96,3.95,950.9,53.3
2012-10-21 16:00:00,Maitri,-12.53,5.22,989.3,72.8
2012-10-21 17:00:00,Maitri,-4.65,9.98,985.3,76.6
2012-10-21 18:00:00,Maitri,-6.46,8.05,962.1,64.0
2012-10-21 19:00:00,Maitri,-5.22,10.25,988.1,54.7
2012-10-21 20:00:00,Maitri,-7.14,11.84,990.0,61.6
2012-10-21 21:00:00,Maitri,-3.57,5.36,962.9,69.3
2012-10-21 22:00:00,Maitri,-8.81,12.05,969.5,72.0
2012-10-21 23:00:00,Maitri,-11.47,12.85,1006.8,63.2
2012-10-22 00:00:00,Maitri,-10.01,10.35,981.3,79.4
2012-10-22 01:00:00,Maitri,-7.31,24.45,992.6,49.4
2012-10-22 02:00:00,Maitri,-13.85,3.05,997.5,74.0
2012-10-22 03:00:00,Maitri,-13.38,22.77,986.1,67.9
2012-10-22 04:00:00,Maitri,-12.1,7.59,995.6,49.5
2012-10-22 05:00:00,Maitri,-17.56,5.87,959.8,61.3
2012-10-22 06:00:00,Maitri,-10.01,12.31,980.5,62.2
2012-10-22 07:00:00,Maitri,-16.05,6.57,948.6,56.0
2012-10-22 08:00:00,Maitri,-9.38,15.75,962.6,55.9
2012-10-22 09:00:00,Maitri,-6.32,7.46,977.6,36.7
2012-10-22 10:00:00,Maitri,-10.18,16.98,974.8,48.4
2012-10-22 11:00:00,Maitri,-2.91,4.74,984.8,54.7
2012-10-22 12:00:00,Maitri,-12.67,11.28,983.1,50.0
2012-10-22 13:00:00,Maitri,-4.0,5.59,985.7,46.0
2012-10-22 14:00:00,Maitri,-5.59,11.53,985.3,72.9
2012-10-22 15:00:00,Maitri,-13.31,3.51,988.3,56.5
2012-10-22 16:00:00,Maitri,0.68,3.72,973.4,88.3
2012-10-22 17:00:00,Maitri,-8.48,7.42,975.6,61.1
2012-10-22 18:00:00,Maitri,-11.46,17.41,982.0,72.6
2012-10-22 19:00:00,Maitri,-13.59,3.14,984.3,55.1
2012-10-22 20:00:00,Maitri,-10.26,19.21,969.7,48.7
2012-10-22 21:00:00,Maitri,-10.43,11.54,995.7,61.7
2012-10-22 22:00:00,Maitri,-10.13,16.65,990.8,76.1
2012-10-22 23:00:00,Maitri,-11.78,9.59,973.7,56.8
2012-10-23 00:00:00,Maitri,-8.94,10.41,981.0,64.3
2012-10-23 01:00:00,Maitri,-12.39,8.18,1006.9,61.6
2012-10-23 02:00:00,Maitri,-17.4,7.63,985.7,56.6
2012-10-23 03:00:00,Maitri,-11.63,14.14,987.4,57.3
2012-10-23 04:00:00,Maitri,-18.54,4.75,977.3,44.0
2012-10-23 05:00:00,Maitri,-9.55,9.47,980.0,57.8
2012-10-23 06:00:00,Maitri,-13.44,3.1,1001.9,67.1
2012-10-23 07:00:00,Maitri,-9.35,3.85,985.7,62.1
2012-10-23 08:00:00,Maitri,-5.2,8.91,982.8,60.6
2012-10-23 09:00:00,Maitri,-11.98,6.25,984.2,68.2
2012-10-23 10:00:00,Maitri,-5.11,8.31,1013.0,60.7
2012-10-23 11:00:00,Maitri,-9.52,5.26,984.7,58.2
2012-10-23 12:00:00,Maitri,-2.24,13.26,973.5,68.3
2012-10-23 13:00:00,Maitri,-8.84,4.04,976.9,59.9
2012-10-23 14:00:00,Maitri,-10.3,23.16,990.5,54.7
2012-10-23 15:00:00,Maitri,-5.47,18.7,965.8,64.6
2012-10-23 16:00:00,Maitri,-9.24,12.34,988.3,57.5
2012-10-23 17:00:00,Maitri,-10.83,3.64,976.1,54.1
2012-10-23 18:00:00,Maitri,-10.04,8.32,962.4,60.2
2012-10-23 19:00:00,Maitri,-9.09,12.76,971.8,60.3
2012-10-23 20:00:00,Maitri,-5.11,16.15,982.9,42.5
2012-10-23 21:00:00,Maitri,-16.06,16.1,998.6,62.7
2012-10-23 22:00:00,Maitri,-10.23,14.32,993.4,83.9
2012-10-23 23:00:00,Maitri,-8.68,2.0,981.3,44.3
2012-10-24 00:00:00,Maitri,-10.2,4.88,995.4,51.0
2012-10-24 01:00:00,Maitri,-6.81,14.54,978.7,95.0
2012-10-24 02:00:00,Maitri,-11.3,6.52,967.2,46.5
2012-10-24 03:00:00,Maitri,-11.59,11.16,983.6,76.0
2012-10-24 04:00:00,Maitri,-8.93,24.02,964.1,54.8
2012-10-24 05:00:00,Maitri,-10.22,6.32,993.2,58.8
2012-10-24 06:00:00,Maitri,-11.41,16.78,991.8,56.2
2012-10-24 07:00:00,Maitri,-8.08,11.51,973.2,64.0
2012-10-24 08:00:00,Maitri,-11.35,30.06,982.2,35.9
2012-10-24 09:00:00,Maitri,-10.75,11.53,984.8,60.6
2012-10-24 10:00:00,Maitri,-10.05,6.57,994.0,52.4
2012-10-24 11:00:00,Maitri,-3.66,9.49,969.3,31.9
2012-10-24 12:00:00,Maitri,-18.01,4.69,991.2,73.7
2012-10-24 13:00:00,Maitri,-6.26,13.99,967.8,28.5
2012-10-24 14:00:00,Maitri,-7.35,7.32,992.8,88.1
2012-10-24 15:00:00,Maitri,-12.9,9.48,995.8,66.6
2012-10-24 16:00:00,Maitri,-6.71,17.54,974.7,38.9
2012-10-24 17:00:00,Maitri,-6.47,4.36,998.4,76.7
2012-10-24 18:00:00,Maitri,-6.48,16.18,964.5,47.5
2012-10-24 19:00:00,Maitri,-17.28,3.36,997.1,48.1
2012-10-24 20:00:00,Maitri,-4.89,8.78,1000.2,32.8
2012-10-24 21:00:00,Maitri,-12.09,12.38,987.1,45.9
2012-10-24 22:00:00,Maitri,-7.97,14.54,980.6,47.6
2012-10-24 23:00:00,Maitri,-8.17,4.61,987.9,69.5
2012-10-25 00:00:00,Maitri,-13.48,24.23,974.4,74.3
2012-10-25 01:00:00,Maitri,-8.75,12.49,1013.3,40.6
2012-10-25 02:00:00,Maitri,-12.15,14.65,976.1,61.8
2012-10-25 03:00:00,Maitri,-17.49,12.54,998.3,32.2
2012-10-25 04:00:00,Maitri,-6.94,4.75,975.8,61.8
2012-10-25 05:00:00,Maitri,-12.87,5.95,1002.5,88.3
2012-10-25 06:00:00,Maitri,-12.75,18.82,1005.3,33.1
2012-10-25 07:00:00,Maitri,-10.88,19.16,986.6,43.8
2012-10-25 08:00:00,Maitri,-8.25,2.33,987.9,68.2
2012-10-25 09:00:00,Maitri,-8.84,13.9,971.9,69.8
2012-10-25 10:00:00,Maitri,-6.47,8.68,971.3,44.8
2012-10-25 11:00:00,Maitri,-12.13,12.04,986.6,78.6
2012-10-25 12:00:00,Maitri,-9.94,10.5,1000.2,46.6
2012-10-25 13:00:00,Maitri,-7.75,10.4,977.1,81.4
2012-10-25 14:00:00,Maitri,-1.25,5.44,1009.6,64.6
2012-10-25 15:00:00,Maitri,-7.75,16.4,975.5,75.8
2012-10-25 16:00:00,Maitri,-4.09,6.54,986.7,63.2
2012-10-25 17:00:00,Maitri,-7.72,8.57,986.4,67.2
2012-10-25 18:00:00,Maitri,-9.77,5.52,983.0,67.9
2012-10-25 19:00:00,Maitri,-9.44,9.48,960.1,74.0
2012-10-25 20:00:00,Maitri,-9.66,4.08,977.3,57.5
2012-10-25 21:00:00,Maitri,-7.65,6.75,986.3,45.4
2012-10-25 22:00:00,Maitri,-5.62,16.35,981.4,56.9
2012-10-25 23:00:00,Maitri,-9.24,4.54,991.6,48.7
2012-10-26 00:00:00,Maitri,-6.74,13.82,991.6,49.6
2012-10-26 01:00:00,Maitri,-13.8,3.83,981.7,81.2
2012-10-26 02:00:00,Maitri,-12.1,6.27,973.0,66.7
2012-10-26 03:00:00,Maitri,-13.03,6.34,1001.9,66.1
2012-10-26 04:00:00,Maitri,-9.53,15.51,967.1,73.0
2012-10-26 05:00:00,Maitri,-11.4,19.27,975.3,66.6
2012-10-26 06:00:00,Maitri,-7.54,7.69,974.1,84.1
2012-10-26 07:00:00,Maitri,-12.42,4.06,993.0,28.7
2012-10-26 08:00:00,Maitri,-8.84,6.95,999.1,44.0
2012-10-26 09:00:00,Maitri,-6.31,7.31,981.9,48.2
2012-10-26 10:00:00,Maitri,-14.69,6.8,986.6,38.7
2012-10-26 11:00:00,Maitri,-0.91,8.69,988.6,59.6
2012-10-26 12:00:00,Maitri,-8.32,5.52,1004.9,60.2
2012-10-26 13:00:00,Maitri,-13.72,4.22,964.0,85.7
2012-10-26 14:00:00,Maitri,-6.67,2.54,993.2,70.7
2012-10-26 15:00:00,Maitri,-7.13,15.12,987.1,50.9
2012-10-26 16:00:00,Maitri,-7.68,10.44,979.2,64.9
2012-10-26 17:00:00,Maitri,-4.53,13.1,986.8,32.4
2012-10-26 18:00:00,Maitri,-5.68,12.12,991.7,60.0
2012-10-26 19:00:00,Maitri,-7.56,9.05,990.3,59.2
2012-10-26 20:00:00,Maitri,-7.54,8.67,1008.5,45.4
2012-10-26 21:00:00,Maitri,-9.78,23.92,982.9,55.2
2012-10-26 22:00:00,Maitri,-4.19,6.86,984.3,48.3
2012-10-26 23:00:00,Maitri,-14.98,9.61,981.5,44.9
2012-10-27 00:00:00,Maitri,-9.94,7.25,990.3,67.4
2012-10-27 01:00:00,Maitri,-10.36,4.95,983.9,72.5
2012-10-27 02:00:00,Maitri,-8.03,29.66,980.7,65.1
2012-10-27 03:00:00,Maitri,-13.27,12.77,983.3,51.9
2012-10-27 04:00:00,Maitri,-15.97,6.2,982.5,48.7
2012-10-27 05:00:00,Maitri,-9.6,5.38,977.2,52.3
2012-10-27 06:00:00,Maitri,-8.83,13.8,987.7,54.9
2012-10-27 07:00:00,Maitri,-4.53,17.07,979.2,45.8
2012-10-27 08:00:00,Maitri,-12.9,4.5,991.4,72.8
2012-10-27 09:00:00,Maitri,-4.67,8.46,985.0,55.2
2012-10-27 10:00:00,Maitri,-0.36,9.58,979.1,68.7
2012-10-27 11:00:00,Maitri,-8.77,9.63,1001.6,38.4
2012-10-27 12:00:00,Maitri,-11.4,10.76,982.2,48.4
2012-10-27 13:00:00,Maitri,-8.4,7.95,991.0,70.0
2012-10-27 14:00:00,Maitri,-6.99,8.86,975.6,70.2
2012-10-27 15:00:00,Maitri,-5.29,9.16,960.3,41.2
2012-10-27 16:00:00,Maitri,-9.17,4.32,977.8,62.2
2012-10-27 17:00:00,Maitri,-2.58,23.61,956.9,62.6
2012-10-27 18:00:00,Maitri,-11.5,14.27,980.1,48.1
2012-10-27 19:00:00,Maitri,-13.93,16.55,999.4,63.0
2012-10-27 20:00:00,Maitri,-5.29,11.01,972.9,35.9
2012-10-27 21:00:00,Maitri,-16.58,30.17,956.3,45.0
2012-10-27 22:00:00,Maitri,-10.39,1.21,1002.1,66.4
2012-10-27 23:00:00,Maitri,-0.13,9.81,978.1,58.4
2012-10-28 00:00:00,Maitri,-10.29,5.27,984.0,59.1
2012-10-28 01:00:00,Maitri,-14.02,10.27,992.5,55.5
2012-10-28 02:00:00,Maitri,-10.67,20.96,987.9,65.5
2012-10-28 03:00:00,Maitri,-10.59,13.62,991.6,66.2
2012-10-28 04:00:00,Maitri,-9.73,9.22,994.0,69.1
2012-10-28 05:00:00,Maitri,-7.84,22.19,961.6,59.8
2012-10-28 06:00:00,Maitri,-12.92,15.67,966.4,52.6
2012-10-28 07:00:00,Maitri,-3.76,12.81,996.5,50.2
2012-10-28 08:00:00,Maitri,-7.91,12.61,974.1,43.2
2012-10-28 09:00:00,Maitri,-5.9,15.15,975.0,52.4
2012-10-28 10:00:00,Maitri,-9.8,6.54,969.5,49.5
2012-10-28 11:00:00,Maitri,-3.3,6.02,979.4,80.4
2012-10-28 12:00:00,Maitri,-7.95,4.92,980.2,43.3
2012-10-28 13:00:00,Maitri,-6.06,6.72,973.2,72.5
2012-10-28 14:00:00,Maitri,-9.88,21.41,969.7,54.3
2012-10-28 15:00:00,Maitri,-10.14,8.46,987.4,55.1
2012-10-28 16:00:00,Maitri,-4.93,21.67,972.5,63.6
2012-10-28 17:00:00,Maitri,-8.84,6.41,977.1,38.1
2012-10-28 18:00:00,Maitri,-10.52,17.45,957.2,46.8
2012-10-28 19:00:00,Maitri,-10.28,19.32,1004.4,40.6
2012-10-28 20:00:00,Maitri,-6.45,10.39,994.3,52.7
2012-10-28 21:00:00,Maitri,-11.17,8.38,978.1,45.3
2012-10-28 22:00:00,Maitri,-9.97,5.73,973.8,76.4
2012-10-28 23:00:00,Maitri,-9.91,16.27,982.7,49.8
2012-10-29 00:00:00,Maitri,-16.24,8.19,983.6,24.7
2012-10-29 01:00:00,Maitri,-14.99,7.57,969.2,53.3
2012-10-29 02:00:00,Maitri,-9.27,11.74,953.9,69.3
2012-10-29 03:00:00,Maitri,-12.64,13.65,976.9,80.8
2012-10-29 04:00:00,Maitri,-6.72,5.54,966.2,54.8
2012-10-29 05:00:00,Maitri,-6.73,11.71,985.2,50.8
2012-10-29 06:00:00,Maitri,-7.15,19.37,984.1,57.8
2012-10-29 07:00:00,Maitri,-3.19,4.86,973.1,63.8
2012-10-29 08:00:00,Maitri,-8.81,16.47,976.4,42.2
2012-10-29 09:00:00,Maitri,-6.01,16.39,1002.8,54.6
2012-10-29 10:00:00,Maitri,-9.52,17.19,991.3,57.3
2012-10-29 11:00:00,Maitri,0.57,13.98,977.7,58.6
2012-10-29 12:00:00,Maitri,-0.64,13.57,1009.3,56.0
2012-10-29 13:00:00,Maitri,-6.77,16.16,968.8,44.9
2012-10-29 14:00:00,Maitri,-5.51,11.7,973.9,62.7
2012-10-29 15:00:00,Maitri,-2.46,7.23,982.6,57.4
2012-10-29 16:00:00,Maitri,-7.46,7.12,966.3,57.3
2012-10-29 17:00:00,Maitri,-9.38,9.03,1004.2,42.8
2012-10-29 18:00:00,Maitri,-4.85,14.53,984.9,67.0
2012-10-29 19:00:00,Maitri,-7.83,9.19,974.5,44.7
2012-10-29 20:00:00,Maitri,-7.96,8.31,988.9,80.6
2012-10-29 21:00:00,Maitri,-11.68,17.11,984.1,41.5
2012-10-29 22:00:00,Maitri,-14.94,10.57,979.9,68.7
2012-10-29 23:00:00,Maitri,-9.06,3.9,970.5,31.3
2012-10-30 00:00:00,Maitri,-7.07,4.93,967.7,26.4
2012-10-30 01:00:00,Maitri,-10.87,4.53,1009.5,50.2
2012-10-30 02:00:00,Maitri,-5.61,9.33,968.0,26.4
2012-10-30 03:00:00,Maitri,-12.4,5.06,1003.8,68.2
2012-10-30 04:00:00,Maitri,-13.34,8.37,974.0,57.7
2012-10-30 05:00:00,Maitri,-9.89,6.86,993.1,77.6
2012-10-30 06:00:00,Maitri,-9.57,3.4,989.8,55.7
2012-10-30 07:00:00,Maitri,-6.41,4.85,991.9,61.4
2012-10-30 08:00:00,Maitri,-10.89,22.14,990.1,54.2
2012-10-30 09:00:00,Maitri,-3.56,7.73,965.3,45.8
2012-10-30 10:00:00,Maitri,-1.21,7.42,976.1,52.3
2012-10-30 11:00:00,Maitri,-7.26,7.19,968.2,41.1
2012-10-30 12:00:00,Maitri,-2.85,10.97,985.5,63.4
2012-10-30 13:00:00,Maitri,-10.05,9.5,968.4,53.7
2012-10-30 14:00:00,Maitri,-3.17,24.91,958.5,56.6
2012-10-30 15:00:00,Maitri,-3.32,17.71,979.6,95.0
2012-10-30 16:00:00,Maitri,-4.08,24.47,955.9,52.4
2012-10-30 17:00:00,Maitri,-7.18,14.39,985.8,62.4
2012-10-30 18:00:00,Maitri,-16.96,13.39,968.5,57.2
2012-10-30 19:00:00,Maitri,-9.99,4.72,974.6,74.2
2012-10-30 20:00:00,Maitri,-10.41,2.31,958.4,61.3
2012-10-30 21:00:00,Maitri,-12.0,3.86,1003.4,54.2
2012-10-30 22:00:00,Maitri,-8.91,3.53,967.6,90.1
2012-10-30 23:00:00,Maitri,-11.02,8.63,979.5,46.0
2012-10-31 00:00:00,Maitri,-12.46,15.8,962.0,55.3
2012-10-31 01:00:00,Maitri,-13.39,6.34,974.4,70.8
2012-10-31 02:00:00,Maitri,-12.35,5.43,1004.3,46.5
2012-10-31 03:00:00,Maitri,-6.41,15.07,986.2,68.7
2012-10-31 04:00:00,Maitri,-11.94,5.46,975.9,51.3
2012-10-31 05:00:00,Maitri,-11.19,21.44,981.4,72.0
2012-10-31 06:00:00,Maitri,-10.63,4.98,977.8,71.7
2012-10-31 07:00:00,Maitri,-7.65,15.76,981.6,56.7
2012-10-31 08:00:00,Maitri,-6.8,11.12,991.9,44.0
2012-10-31 09:00:00,Maitri,-17.54,1.74,980.9,52.5
2012-10-31 10:00:00,Maitri,-4.1,5.78,986.7,57.8
2012-10-31 11:00:00,Maitri,-2.4,16.27,985.3,70.4
2012-10-31 12:00:00,Maitri,-10.07,3.47,980.7,62.5
2012-10-31 13:00:00,Maitri,-9.64,7.46,975.4,65.5
2012-10-31 14:00:00,Maitri,-7.91,3.58,978.4,62.9
2012-10-31 15:00:00,Maitri,-8.95,8.65,991.7,69.8
2012-10-31 16:00:00,Maitri,-5.99,11.82,992.2,55.2
2012-10-31 17:00:00,Maitri,-13.22,10.14,970.4,60.3
2012-10-31 18:00:00,Maitri,-10.94,10.65,980.4,58.4
2012-10-31 19:00:00,Maitri,-2.87,10.11,974.8,51.9
2012-10-31 20:00:00,Maitri,-11.24,8.16,993.0,72.2
2012-10-31 21:00:00,Maitri,-4.75,14.77,977.4,71.9
2012-10-31 22:00:00,Maitri,-8.03,3.4,1009.8,74.9
2012-10-31 23:00:00,Maitri,-15.33,20.78,984.4,47.3
2012-11-01 00:00:00,Maitri,-7.65,10.37,997.0,62.9
2012-11-01 01:00:00,Maitri,-10.24,3.72,972.8,73.3
2012-11-01 02:00:00,Maitri,-11.38,19.23,982.3,79.0
2012-11-01 03:00:00,Maitri,-9.08,8.33,990.8,36.9
2012-11-01 04:00:00,Maitri,-8.16,6.76,972.1,58.0
2012-11-01 05:00:00,Maitri,-7.13,3.78,984.7,55.4
2012-11-01 06:00:00,Maitri,-5.25,6.29,996.2,80.3
2012-11-01 07:00:00,Maitri,-7.28,15.19,979.0,27.1
2012-11-01 08:00:00,Maitri,-12.53,5.24,974.4,43.3
2012-11-01 09:00:00,Maitri,-9.17,15.36,1003.4,78.1
2012-11-01 10:00:00,Maitri,2.19,7.5,970.4,51.4
2012-11-01 11:00:00,Maitri,-4.53,4.78,986.1,39.8
2012-11-01 12:00:00,Maitri,1.02,6.5,975.9,79.2
2012-11-01 13:00:00,Maitri,-1.92,12.27,972.4,38.0
2012-11-01 14:00:00,Maitri,-5.55,10.64,991.9,72.3
2012-11-01 15:00:00,Maitri,-5.42,22.12,979.3,36.2
2012-11-01 16:00:00,Maitri,-6.68,7.74,988.5,37.8
2012-11-01 17:00:00,Maitri,-12.41,15.63,956.7,60.8
2012-11-01 18:00:00,Maitri,-7.17,8.62,989.5,46.1
2012-11-01 19:00:00,Maitri,-3.78,5.56,975.9,61.8
2012-11-01 20:00:00,Maitri,-10.04,4.22,962.8,83.2
2012-11-01 21:00:00,Maitri,-7.27,7.81,1005.5,55.8
2012-11-01 22:00:00,Maitri,-6.3,9.28,990.5,80.8
2012-11-01 23:00:00,Maitri,-12.31,18.89,984.8,62.5
2012-11-02 00:00:00,Maitri,-10.99,21.97,996.1,71.4
2012-11-02 01:00:00,Maitri,-12.98,21.94,984.6,25.1
2012-11-02 02:00:00,Maitri,-12.42,5.96,974.9,66.9
2012-11-02 03:00:00,Maitri,-13.84,5.19,982.2,64.8
2012-11-02 04:00:00,Maitri,-12.42,6.3,976.3,53.0
2012-11-02 05:00:00,Maitri,-4.72,8.47,978.0,84.5
2012-11-02 06:00:00,Maitri,-11.81,2.85,970.1,51.1
2012-11-02 07:00:00,Maitri,-8.05,4.96,973.1,35.5
2012-11-02 08:00:00,Maitri,-9.59,18.16,992.6,68.9
2012-11-02 09:00:00,Maitri,-3.75,11.0,987.2,38.1
2012-11-02 10:00:00,Maitri,-2.89,6.62,978.2,59.1
2012-11-02 11:00:00,Maitri,-3.95,3.08,972.7,76.8
2012-11-02 12:00:00,Maitri,-5.45,10.85,978.7,65.0
2012-11-02 13:00:00,Maitri,-6.99,9.62,964.2,54.5
2012-11-02 14:00:00,Maitri,-10.0,4.95,985.7,53.1
2012-11-02 15:00:00,Maitri,-0.03,13.87,993.8,75.7
2012-11-02 16:00:00,Maitri,-8.86,6.82,1011.2,40.9
2012-11-02 17:00:00,Maitri,-4.59,10.23,970.8,68.9
2012-11-02 18:00:00,Maitri,-3.69,21.81,992.1,88.7
2012-11-02 19:00:00,Maitri,-9.3,13.45,974.8,65.6
2012-11-02 20:00:00,Maitri,-4.66,3.81,971.5,54.7
2012-11-02 21:00:00,Maitri,-6.01,13.48,970.0,55.8
2012-11-02 22:00:00,Maitri,-3.36,6.1,985.7,51.3
2012-11-02 23:00:00,Maitri,-10.76,12.33,972.4,48.9
2012-11-03 00:00:00,Maitri,-13.52,15.54,975.7,59.6
2012-11-03 01:00:00,Maitri,-11.2,10.24,978.4,67.5
2012-11-03 02:00:00,Maitri,-8.98,4.02,975.9,80.6
2012-11-03 03:00:00,Maitri,-9.4,2.15,975.3,30.6
2012-11-03 04:00:00,Maitri,-10.66,17.37,954.5,23.9
2012-11-03 05:00:00,Maitri,-15.23,20.37,982.9,80.8
2012-11-03 06:00:00,Maitri,-7.24,5.87,984.9,58.8
2012-11-03 07:00:00,Maitri,-2.0,1.9,975.5,59.5
2012-11-03 08:00:00,Maitri,-6.36,3.51,988.6,65.0
2012-11-03 09:00:00,Maitri,-5.43,7.0,1000.0,55.4
2012-11-03 10:00:00,Maitri,-5.11,15.47,983.0,85.7
2012-11-03 11:00:00,Maitri,-5.3,1.91,1000.0,64.9
2012-11-03 12:00:00,Maitri,-3.31,18.64,1007.9,51.7
2012-11-03 13:00:00,Maitri,-4.84,17.42,1011.5,53.0
2012-11-03 14:00:00,Maitri,-7.05,18.43,968.6,56.0
2012-11-03 15:00:00,Maitri,-8.65,4.69,970.7,47.1
2012-11-03 16:00:00,Maitri,-7.08,16.2,977.5,81.7
2012-11-03 17:00:00,Maitri,-5.57,9.49,985.1,59.7
2012-11-03 18:00:00,Maitri,-7.96,4.49,1002.6,41.6
2012-11-03 19:00:00,Maitri,-6.37,10.16,990.7,63.7
2012-11-03 20:00:00,Maitri,-6.44,9.3,969.8,78.1
2012-11-03 21:00:00,Maitri,-5.65,3.49,977.4,72.9
2012-11-03 22:00:00,Maitri,-4.64,13.12,982.5,47.4
2012-11-03 23:00:00,Maitri,-8.87,9.02,966.5,42.5
2012-11-04 00:00:00,Maitri,-13.45,7.33,984.1,78.0
2012-11-04 01:00:00,Maitri,-10.55,7.16,970.3,35.3
2012-11-04 02:00:00,Maitri,-9.37,11.27,964.3,63.2
2012-11-04 03:00:00,Maitri,-15.32,6.83,973.1,50.0
2012-11-04 04:00:00,Maitri,-4.82,2.23,989.4,76.4
2012-11-04 05:00:00,Maitri,-8.52,4.33,989.0,43.2
2012-11-04 06:00:00,Maitri,-7.39,9.09,984.7,46.8
2012-11-04 07:00:00,Maitri,-3.8,6.58,995.4,66.6
2012-11-04 08:00:00,Maitri,-9.72,7.27,994.1,69.1
2012-11-04 09:00:00,Maitri,-5.4,4.82,986.6,77.0
2012-11-04 10:00:00,Maitri,-7.16,4.86,985.0,64.6
2012-11-04 11:00:00,Maitri,-7.02,12.38,984.6,62.9
2012-11-04 12:00:00,Maitri,-8.62,10.06,981.8,72.7
2012-11-04 13:00:00,Maitri,-0.64,5.3,959.2,38.8
2012-11-04 14:00:00,Maitri,-7.11,7.11,997.0,45.7
2012-11-04 15:00:00,Maitri,-3.73,14.19,987.4,40.0
2012-11-04 16:00:00,Maitri,-12.15,4.2,970.4,20.4
2012-11-04 17:00:00,Maitri,-2.66,15.28,999.1,69.8
2012-11-04 18:00:00,Maitri,-3.44,8.27,977.0,78.0
2012-11-04 19:00:00,Maitri,-6.93,7.17,982.7,65.8
2012-11-04 20:00:00,Maitri,-8.43,3.63,996.2,63.3
2012-11-04 21:00:00,Maitri,-6.89,33.01,982.6,59.2
2012-11-04 22:00:00,Maitri,-1.28,11.72,998.6,58.8
2012-11-04 23:00:00,Maitri,-14.62,2.19,980.6,81.7
2012-11-05 00:00:00,Maitri,-6.63,10.38,1002.9,79.7
2012-11-05 01:00:00,Maitri,-12.23,17.28,973.5,49.8
2012-11-05 02:00:00,Maitri,-9.43,10.81,998.5,73.5
2012-11-05 03:00:00,Maitri,-10.1,14.4,956.8,75.2
2012-11-05 04:00:00,Maitri,-10.5,6.4,971.4,67.1
2012-11-05 05:00:00,Maitri,-8.88,5.87,987.5,63.4
2012-11-05 06:00:00,Maitri,-12.1,7.6,979.3,62.9
2012-11-05 07:00:00,Maitri,-4.74,9.41,982.7,37.3
2012-11-05 08:00:00,Maitri,-13.31,6.49,984.5,36.0
2012-11-05 09:00:00,Maitri,-5.38,8.16,970.1,69.0
2012-11-05 10:00:00,Maitri,-7.71,4.37,971.5,42.6
2012-11-05 11:00:00,Maitri,-10.04,2.84,987.2,38.6
2012-11-05 12:00:00,Maitri,-5.36,5.38,976.5,28.9
2012-11-05 13:00:00,Maitri,-10.81,23.63,996.9,51.3
2012-11-05 14:00:00,Maitri,-5.64,18.05,980.1,63.2
2012-11-05 15:00:00,Maitri,-10.38,10.54,991.7,64.4
2012-11-05 16:00:00,Maitri,-4.54,3.26,989.6,69.9
2012-11-05 17:00:00,Maitri,-9.26,8.59,976.8,52.5
2012-11-05 18:00:00,Maitri,-8.11,9.88,960.7,59.5
2012-11-05 19:00:00,Maitri,-6.16,6.24,997.7,69.8
2012-11-05 20:00:00,Maitri,-10.04,18.67,970.9,64.5
2012-11-05 21:00:00,Maitri,-8.22,4.22,979.7,49.8
2012-11-05 22:00:00,Maitri,-13.31,12.4,981.4,62.2
2012-11-05 23:00:00,Maitri,-6.82,4.14,983.8,30.2
2012-11-06 00:00:00,Maitri,-3.34,4.51,995.4,58.0
2012-11-06 01:00:00,Maitri,-0.24,8.59,983.8,49.3
2012-11-06 02:00:00,Maitri,-8.94,1.74,983.3,79.3
2012-11-06 03:00:00,Maitri,-6.65,10.15,995.2,44.3
2012-11-06 04:00:00,Maitri,-14.69,6.7,990.9,59.6
2012-11-06 05:00:00,Maitri,-3.9,8.2,975.3,52.0
2012-11-06 06:00:00,Maitri,-5.85,5.76,970.9,50.2
2012-11-06 07:00:00,Maitri,-9.45,18.39,972.8,63.3
2012-11-06 08:00:00,Maitri,-3.47,14.98,982.2,52.1
2012-11-06 09:00:00,Maitri,-7.78,12.33,968.8,83.9
2012-11-06 10:00:00,Maitri,-8.0,4.68,985.3,30.4
2012-11-06 11:00:00,Maitri,-4.64,13.19,981.5,66.8
2012-11-06 12:00:00,Maitri,-9.28,10.93,954.1,56.8
2012-11-06 13:00:00,Maitri,-2.43,30.47,964.3,57.3
2012-11-06 14:00:00,Maitri,-9.01,3.23,951.3,62.2
2012-11-06 15:00:00,Maitri,-9.05,7.84,979.9,72.0
2012-11-06 16:00:00,Maitri,-8.79,5.82,996.5,61.7
2012-11-06 17:00:00,Maitri,-3.73,11.14,961.6,72.0
2012-11-06 18:00:00,Maitri,-8.51,2.96,969.3,58.6
2012-11-06 19:00:00,Maitri,-11.28,13.76,981.1,43.5
2012-11-06 20:00:00,Maitri,-9.37,2.94,972.3,56.8
2012-11-06 21:00:00,Maitri,-8.0,11.25,971.0,74.1
2012-11-06 22:00:00,Maitri,-12.11,7.16,990.2,52.3
2012-11-06 23:00:00,Maitri,-12.39,5.06,978.5,42.8
2012-11-07 00:00:00,Maitri,-2.1,4.17,967.3,66.7
2012-11-07 01:00:00,Maitri,-11.79,5.78,960.1,62.7
2012-11-07 02:00:00,Maitri,-10.13,7.32,1009.3,47.2
2012-11-07 03:00:00,Maitri,-10.21,8.93,996.6,54.7
2012-11-07 04:00:00,Maitri,-10.21,9.63,978.4,55.5
2012-11-07 05:00:00,Maitri,-6.58,7.92,984.8,58.1
2012-11-07 06:00:00,Maitri,-5.16,7.0,978.3,67.1
2012-11-07 07:00:00,Maitri,-8.74,21.34,987.7,52.3
2012-11-07 08:00:00,Maitri,-11.25,13.25,973.2,67.8
2012-11-07 09:00:00,Maitri,-2.75,3.31,978.3,50.5
2012-11-07 10:00:00,Maitri,-6.7,6.24,989.3,81.3
2012-11-07 11:00:00,Maitri,-0.49,8.4,1000.5,81.6
2012-11-07 12:00:00,Maitri,-12.92,5.18,992.7,46.0
2012-11-07 13:00:00,Maitri,-4.93,7.34,998.1,40.8
2012-11-07 14:00:00,Maitri,0.64,3.5,980.9,71.7
2012-11-07 15:00:00,Maitri,-6.69,9.37,976.4,61.6
2012-11-07 16:00:00,Maitri,-6.46,25.39,958.9,65.7
2012-11-07 17:00:00,Maitri,-5.08,9.7,984.4,48.8
2012-11-07 18:00:00,Maitri,-8.19,9.68,987.9,56.1
2012-11-07 19:00:00,Maitri,-7.83,7.92,980.4,53.2
2012-11-07 20:00:00,Maitri,-8.38,4.04,975.5,62.3
2012-11-07 21:00:00,Maitri,-9.77,22.51,995.9,40.6
2012-11-07 22:00:00,Maitri,-4.27,10.31,990.7,56.6
2012-11-07 23:00:00,Maitri,-7.1,12.31,998.3,40.4
2012-11-08 00:00:00,Maitri,-7.92,6.99,973.0,50.8
2012-11-08 01:00:00,Maitri,-6.31,12.54,975.0,56.6
2012-11-08 02:00:00,Maitri,-9.81,22.43,995.5,65.1
2012-11-08 03:00:00,Maitri,-11.38,18.28,981.7,66.3
2012-11-08 04:00:00,Maitri,-10.65,0.33,978.4,68.7
2012-11-08 05:00:00,Maitri,-8.43,17.63,976.6,37.2
2012-11-08 06:00:00,Maitri,-11.45,4.68,984.2,75.7
2012-11-08 07:00:00,Maitri,-9.23,4.89,995.8,49.0
2012-11-08 08:00:00,Maitri,-8.81,3.53,982.6,50.0
2012-11-08 09:00:00,Maitri,0.1,4.56,993.4,61.8
2012-11-08 10:00:00,Maitri,-15.14,11.31,988.7,53.3
2012-11-08 11:00:00,Maitri,-6.47,9.62,973.5,63.1
2012-11-08 12:00:00,Maitri,-0.08,12.88,973.0,65.7
2012-11-08 13:00:00,Maitri,-5.03,8.96,978.5,47.3
2012-11-08 14:00:00,Maitri,-2.95,4.69,968.9,55.4
2012-11-08 15:00:00,Maitri,-5.11,13.54,977.1,55.8
2012-11-08 16:00:00,Maitri,-7.74,7.42,1001.3,71.4
2012-11-08 17:00:00,Maitri,-13.06,13.74,982.6,51.5
2012-11-08 18:00:00,Maitri,-5.61,10.38,974.6,50.9
2012-11-08 19:00:00,Maitri,-9.18,9.45,1005.6,43.7
2012-11-08 20:00:00,Maitri,-9.72,24.79,970.6,45.3
2012-11-08 21:00:00,Maitri,-9.23,2.28,973.6,39.1
2012-11-08 22:00:00,Maitri,-2.48,2.43,998.8,48.2
2012-11-08 23:00:00,Maitri,-0.74,5.8,991.7,80.3
2012-11-09 00:00:00,Maitri,-7.89,13.84,981.4,67.7
2012-11-09 01:00:00,Maitri,-10.26,6.34,993.6,75.9
2012-11-09 02:00:00,Maitri,-12.6,7.56,987.3,44.7
2012-11-09 03:00:00,Maitri,-7.27,2.54,971.0,30.7
2012-11-09 04:00:00,Maitri,-2.88,13.51,955.4,62.4
2012-11-09 05:00:00,Maitri,-9.09,2.66,978.1,84.0
2012-11-09 06:00:00,Maitri,-15.54,7.01,996.4,51.2
2012-11-09 07:00:00,Maitri,-5.35,1.71,979.8,59.4
2012-11-09 08:00:00,Maitri,-3.88,15.24,988.0,36.0
2012-11-09 09:00:00,Maitri,-11.64,2.49,986.7,58.4
2012-11-09 10:00:00,Maitri,-5.56,6.71,964.5,56.3
2012-11-09 11:00:00,Maitri,-4.31,5.87,979.4,28.7
2012-11-09 12:00:00,Maitri,-5.7,12.37,987.3,43.5
2012-11-09 13:00:00,Maitri,-7.82,9.77,974.5,42.4
2012-11-09 14:00:00,Maitri,-1.98,23.99,977.2,35.9
2012-11-09 15:00:00,Maitri,-6.58,3.22,989.0,47.9
2012-11-09 16:00:00,Maitri,-10.22,17.61,983.2,65.1
2012-11-09 17:00:00,Maitri,-12.31,19.73,994.1,49.1
2012-11-09 18:00:00,Maitri,-2.09,23.49,985.9,74.1
2012-11-09 19:00:00,Maitri,-4.59,8.97,972.7,52.9
2012-11-09 20:00:00,Maitri,-6.75,3.69,979.0,62.6
2012-11-09 21:00:00,Maitri,-8.9,11.62,983.5,65.0
2012-11-09 22:00:00,Maitri,-9.62,2.8,1000.0,79.5
2012-11-09 23:00:00,Maitri,-11.74,16.47,977.1,48.0
2012-11-10 00:00:00,Maitri,-9.84,8.35,963.8,64.2
2012-11-10 01:00:00,Maitri,-15.42,10.85,988.4,44.7
2012-11-10 02:00:00,Maitri,-11.05,23.44,972.8,82.1
2012-11-10 03:00:00,Maitri,-9.63,9.71,968.8,43.4
2012-11-10 04:00:00,Maitri,-6.5,3.72,984.7,63.4
2012-11-10 05:00:00,Maitri,-8.3,8.4,994.9,79.8
2012-11-10 06:00:00,Maitri,-5.25,5.98,977.5,41.2
2012-11-10 07:00:00,Maitri,-3.05,10.34,989.2,66.3
2012-11-10 08:00:00,Maitri,-3.51,6.9,991.8,44.1
2012-11-10 09:00:00,Maitri,-4.93,5.49,993.3,90.6
2012-11-10 10:00:00,Maitri,-5.96,8.57,975.3,31.5
2012-11-10 11:00:00,Maitri,-8.76,3.61,971.6,36.8
2012-11-10 12:00:00,Maitri,-2.97,8.11,972.5,42.3
2012-11-10 13:00:00,Maitri,0.22,12.04,992.3,42.7
2012-11-10 14:00:00,Maitri,-4.0,20.41,989.6,65.3
2012-11-10 15:00:00,Maitri,0.98,6.08,973.1,83.2
2012-11-10 16:00:00,Maitri,-10.22,26.33,1005.6,74.2
2012-11-10 17:00:00,Maitri,-9.32,10.95,971.0,61.3
2012-11-10 18:00:00,Maitri,-3.26,7.17,995.4,58.1
2012-11-10 19:00:00,Maitri,-5.59,7.73,1001.3,49.5
2012-11-10 20:00:00,Maitri,-2.69,8.78,984.9,63.5
2012-11-10 21:00:00,Maitri,-7.41,6.65,975.2,55.1
2012-11-10 22:00:00,Maitri,-10.57,5.58,975.6,60.7
2012-11-10 23:00:00,Maitri,-8.85,10.18,980.5,47.6
2012-11-11 00:00:00,Maitri,-13.23,2.22,997.1,41.2
2012-11-11 01:00:00,Maitri,-12.12,4.98,970.5,58.4
2012-11-11 02:00:00,Maitri,-5.45,13.64,961.8,58.0
2012-11-11 03:00:00,Maitri,-5.71,1.89,988.9,49.7
2012-11-11 04:00:00,Maitri,-7.16,11.26,990.0,47.3
2012-11-11 05:00:00,Maitri,-13.55,9.41,1006.2,65.8
2012-11-11 06:00:00,Maitri,-8.81,5.88,968.2,64.4
2012-11-11 07:00:00,Maitri,-11.15,6.82,982.4,84.3
2012-11-11 08:00:00,Maitri,-3.0,8.53,997.1,77.3
2012-11-11 09:00:00,Maitri,-8.17,11.51,984.7,41.3
2012-11-11 10:00:00,Maitri,-9.34,10.91,981.1,55.3
2012-11-11 11:00:00,Maitri,-5.4,16.95,991.5,38.9
2012-11-11 12:00:00,Maitri,-7.25,10.53,976.5,32.3
2012-11-11 13:00:00,Maitri,-0.28,18.79,992.0,88.7
2012-11-11 14:00:00,Maitri,-7.32,2.13,970.3,78.7
2012-11-11 15:00:00,Maitri,-9.5,16.76,965.0,49.2
2012-11-11 16:00:00,Maitri,-12.1,7.2,980.8,75.4
2012-11-11 17:00:00,Maitri,-5.59,9.85,954.0,77.5
2012-11-11 18:00:00,Maitri,-7.66,12.82,984.1,31.1
2012-11-11 19:00:00,Maitri,-10.87,4.35,964.4,69.9
2012-11-11 20:00:00,Maitri,-2.96,7.7,987.1,51.1
2012-11-11 21:00:00,Maitri,-5.1,17.77,984.5,63.4
2012-11-11 22:00:00,Maitri,-7.76,20.36,981.2,95.0
2012-11-11 23:00:00,Maitri,-3.67,5.85,989.1,80.2
2012-11-12 00:00:00,Maitri,-6.07,12.32,985.5,56.2
2012-11-12 01:00:00,Maitri,-11.01,6.73,980.6,77.9
2012-11-12 02:00:00,Maitri,-11.76,2.94,1005.6,31.1
2012-11-12 03:00:00,Maitri,-5.76,19.58,986.6,65.1
2012-11-12 04:00:00,Maitri,-6.93,4.34,993.2,65.4
2012-11-12 05:00:00,Maitri,-7.36,31.53,992.6,67.9
2012-11-12 06:00:00,Maitri,-10.24,3.49,992.2,50.9
2012-11-12 07:00:00,Maitri,-5.16,16.51,1006.2,63.3
2012-11-12 08:00:00,Maitri,-9.05,16.03,984.5,70.0
2012-11-12 09:00:00,Maitri,-6.5,6.77,983.9,25.5
2012-11-12 10:00:00,Maitri,-1.1,10.67,975.9,53.6
2012-11-12 11:00:00,Maitri,-7.48,6.89,981.0,45.4
2012-11-12 12:00:00,Maitri,-10.11,5.04,975.8,67.3
2012-11-12 13:00:00,Maitri,-8.26,11.78,991.0,77.3
2012-11-12 14:00:00,Maitri,-1.65,14.6,972.3,49.4
2012-11-12 15:00:00,Maitri,-4.08,5.56,985.0,42.8
2012-11-12 16:00:00,Maitri,-5.49,19.6,988.5,59.6
2012-11-12 17:00:00,Maitri,-6.99,10.48,985.2,41.9
2012-11-12 18:00:00,Maitri,-4.18,8.89,973.4,54.8
2012-11-12 19:00:00,Maitri,-8.89,9.06,991.7,53.4
2012-11-12 20:00:00,Maitri,-5.66,19.28,981.1,66.1
2012-11-12 21:00:00,Maitri,-9.44,7.36,950.9,62.4
2012-11-12 22:00:00,Maitri,-10.41,7.58,972.6,60.3
2012-11-12 23:00:00,Maitri,-9.95,19.03,998.3,80.9
2012-11-13 00:00:00,Maitri,-9.27,19.88,999.1,61.8
2012-11-13 01:00:00,Maitri,-8.4,15.85,988.7,52.2
2012-11-13 02:00:00,Maitri,-7.55,3.78,993.4,53.9
2012-11-13 03:00:00,Maitri,-20.05,25.95,972.2,47.3
2012-11-13 04:00:00,Maitri,-10.65,9.91,980.5,43.7
2012-11-13 05:00:00,Maitri,-9.03,8.73,997.9,38.5
2012-11-13 06:00:00,Maitri,-2.59,15.89,987.5,73.9
2012-11-13 07:00:00,Maitri,-10.43,11.3,984.1,47.9
2012-11-13 08:00:00,Maitri,-5.98,6.92,981.8,62.4
2012-11-13 09:00:00,Maitri,-1.26,21.49,995.3,53.8
2012-11-13 10:00:00,Maitri,-9.81,8.7,996.6,57.6
2012-11-13 11:00:00,Maitri,-3.97,9.75,991.0,74.2
2012-11-13 12:00:00,Maitri,-7.51,21.39,982.6,60.5
2012-11-13 13:00:00,Maitri,-6.38,15.3,978.6,45.1
2012-11-13 14:00:00,Maitri,-7.28,13.12,991.0,50.1
2012-11-13 15:00:00,Maitri,-7.11,6.73,971.3,70.0
2012-11-13 16:00:00,Maitri,3.76,11.65,973.0,64.8
2012-11-13 17:00:00,Maitri,-2.53,12.08,966.5,70.9
2012-11-13 18:00:00,Maitri,-2.08,11.91,997.4,54.7
2012-11-13 19:00:00,Maitri,-4.46,8.86,975.4,38.5
2012-11-13 20:00:00,Maitri,-11.65,5.56,988.8,65.1
2012-11-13 21:00:00,Maitri,-5.71,16.59,981.1,61.5
2012-11-13 22:00:00,Maitri,-3.97,6.55,1017.3,61.9
2012-11-13 23:00:00,Maitri,-10.51,9.45,988.7,38.7
2012-11-14 00:00:00,Maitri,-4.85,1.39,963.4,49.0
2012-11-14 01:00:00,Maitri,-5.86,15.05,996.3,44.9
2012-11-14 02:00:00,Maitri,-2.25,4.92,979.8,63.6
2012-11-14 03:00:00,Maitri,-9.45,12.09,980.9,64.1
2012-11-14 04:00:00,Maitri,-11.45,3.92,976.7,57.4
2012-11-14 05:00:00,Maitri,-8.81,8.19,986.0,71.5
2012-11-14 06:00:00,Maitri,-2.68,7.7,985.9,78.9
2012-11-14 07:00:00,Maitri,-12.69,4.97,976.8,62.9
2012-11-14 08:00:00,Maitri,-13.0,10.62,977.6,67.4
2012-11-14 09:00:00,Maitri,-5.63,3.33,985.7,50.4
2012-11-14 10:00:00,Maitri,-6.89,14.08,955.9,47.8
2012-11-14 11:00:00,Maitri,-5.08,14.54,966.2,72.1
2012-11-14 12:00:00,Maitri,-1.79,5.32,1003.4,45.8
2012-11-14 13:00:00,Maitri,-6.41,19.13,985.9,67.8
2012-11-14 14:00:00,Maitri,-10.57,8.3,977.7,82.1
2012-11-14 15:00:00,Maitri,1.9,4.64,964.8,67.1
2012-11-14 16:00:00,Maitri,-8.01,2.6,984.0,56.9
2012-11-14 17:00:00,Maitri,-8.49,0.65,996.2,39.2
2012-11-14 18:00:00,Maitri,-1.95,18.53,1012.6,60.3
2012-11-14 19:00:00,Maitri,-7.14,5.8,1005.9,72.1
2012-11-14 20:00:00,Maitri,-6.58,7.35,973.7,55.5
2012-11-14 21:00:00,Maitri,-5.3,6.92,978.3,72.3
2012-11-14 22:00:00,Maitri,-3.81,16.14,965.7,63.1
2012-11-14 23:00:00,Maitri,-8.72,12.52,973.4,62.1
2012-11-15 00:00:00,Maitri,-2.94,9.92,981.1,53.6
2012-11-15 01:00:00,Maitri,-14.82,3.56,980.2,37.6
2012-11-15 02:00:00,Maitri,-5.62,21.96,1005.3,52.0
2012-11-15 03:00:00,Maitri,-10.68,12.7,968.0,51.9
2012-11-15 04:00:00,Maitri,-3.42,12.88,982.5,66.1
2012-11-15 05:00:00,Maitri,-7.07,3.89,960.7,57.8
2012-11-15 06:00:00,Maitri,-9.3,4.46,988.1,73.2
2012-11-15 07:00:00,Maitri,-4.59,9.72,968.1,61.9
2012-11-15 08:00:00,Maitri,-3.39,9.88,996.2,50.9
2012-11-15 09:00:00,Maitri,-3.73,4.96,980.9,46.6
2012-11-15 10:00:00,Maitri,-8.65,3.94,968.3,49.6
2012-11-15 11:00:00,Maitri,-6.53,6.43,959.9,60.3
2012-11-15 12:00:00,Maitri,-4.7,7.6,972.6,52.8
2012-11-15 13:00:00,Maitri,-4.64,3.6,987.2,42.9
2012-11-15 14:00:00,Maitri,-2.05,12.94,987.9,72.1
2012-11-15 15:00:00,Maitri,-10.96,13.39,977.3,60.1
2012-11-15 16:00:00,Maitri,-3.62,12.19,993.8,61.8
2012-11-15 17:00:00,Maitri,-5.91,3.75,971.4,46.5
2012-11-15 18:00:00,Maitri,-8.03,6.37,950.4,43.4
2012-11-15 19:00:00,Maitri,-8.16,14.37,986.1,55.7
2012-11-15 20:00:00,Maitri,-6.94,10.34,998.3,29.6
2012-11-15 21:00:00,Maitri,-18.24,19.3,997.0,68.9
2012-11-15 22:00:00,Maitri,-9.39,17.75,967.4,48.1
2012-11-15 23:00:00,Maitri,-10.33,9.09,977.4,54.3
2012-11-16 00:00:00,Maitri,-5.98,6.28,992.4,64.0
2012-11-16 01:00:00,Maitri,-10.44,13.99,975.7,54.9
2012-11-16 02:00:00,Maitri,-8.61,14.8,984.0,41.6
2012-11-16 03:00:00,Maitri,-2.93,15.85,974.4,79.1
2012-11-16 04:00:00,Maitri,-4.5,10.25,970.9,36.5
2012-11-16 05:00:00,Maitri,-4.51,5.78,973.8,26.7
2012-11-16 06:00:00,Maitri,-8.62,12.09,994.2,70.2
2012-11-16 07:00:00,Maitri,-4.85,12.4,983.3,37.6
2012-11-16 08:00:00,Maitri,-6.87,13.74,997.6,75.5
2012-11-16 09:00:00,Maitri,-6.29,6.71,990.0,63.3
2012-11-16 10:00:00,Maitri,-3.91,2.14,1003.2,62.0
2012-11-16 11:00:00,Maitri,-6.76,12.02,992.6,50.0
2012-11-16 12:00:00,Maitri,0.21,3.18,993.3,46.4
2012-11-16 13:00:00,Maitri,-4.9,14.5,981.4,52.7
2012-11-16 14:00:00,Maitri,-2.35,10.02,1018.1,45.7
2012-11-16 15:00:00,Maitri,0.27,6.14,985.4,74.9
2012-11-16 16:00:00,Maitri,-1.26,18.87,959.5,47.6
2012-11-16 17:00:00,Maitri,-9.36,7.31,987.0,65.1
2012-11-16 18:00:00,Maitri,-3.8,10.09,972.2,72.1
2012-11-16 19:00:00,Maitri,-2.94,6.58,995.7,45.7
2012-11-16 20:00:00,Maitri,-3.27,9.47,991.9,63.3
2012-11-16 21:00:00,Maitri,-10.15,12.53,980.9,45.5
2012-11-16 22:00:00,Maitri,-9.13,6.92,973.8,55.6
2012-11-16 23:00:00,Maitri,-4.21,8.25,985.4,51.6
2012-11-17 00:00:00,Maitri,-10.0,14.35,975.5,48.3
2012-11-17 01:00:00,Maitri,-8.7,2.26,993.7,60.2
2012-11-17 02:00:00,Maitri,-2.76,14.86,989.2,41.0
2012-11-17 03:00:00,Maitri,-7.89,16.51,1016.3,71.0
2012-11-17 04:00:00,Maitri,-9.88,4.64,979.2,42.9
2012-11-17 05:00:00,Maitri,-10.08,2.7,981.1,40.3
2012-11-17 06:00:00,Maitri,-5.84,3.84,982.6,54.5
2012-11-17 07:00:00,Maitri,-10.73,5.1,983.0,52.8
2012-11-17 08:00:00,Maitri,-6.79,4.15,996.2,63.0
2012-11-17 09:00:00,Maitri,-4.47,13.09,979.9,59.2
2012-11-17 10:00:00,Maitri,-0.94,8.57,1006.4,35.2
2012-11-17 11:00:00,Maitri,-2.59,11.09,990.0,71.8
2012-11-17 12:00:00,Maitri,-6.73,15.75,977.1,54.1
2012-11-17 13:00:00,Maitri,-0.49,13.9,974.4,61.4
2012-11-17 14:00:00,Maitri,-5.16,21.24,993.8,88.8
2012-11-17 15:00:00,Maitri,-8.22,17.47,982.7,76.0
2012-11-17 16:00:00,Maitri,-4.99,0.88,985.0,60.9
2012-11-17 17:00:00,Maitri,-0.12,8.02,976.9,38.8
2012-11-17 18:00:00,Maitri,-4.57,12.09,982.5,39.0
2012-11-17 19:00:00,Maitri,-5.49,21.67,974.4,74.3
2012-11-17 20:00:00,Maitri,-0.76,7.31,999.6,52.4
2012-11-17 21:00:00,Maitri,-11.05,12.68,991.3,55.6
2012-11-17 22:00:00,Maitri,-11.01,25.19,979.2,42.0
2012-11-17 23:00:00,Maitri,-12.44,13.53,980.8,64.2
2012-11-18 00:00:00,Maitri,-6.24,4.76,985.3,74.0
2012-11-18 01:00:00,Maitri,-7.08,2.8,984.5,79.3
2012-11-18 02:00:00,Maitri,-2.74,5.42,973.2,51.7
2012-11-18 03:00:00,Maitri,-6.84,8.37,961.9,67.0
2012-11-18 04:00:00,Maitri,-8.73,24.0,972.2,56.7
2012-11-18 05:00:00,Maitri,-7.14,16.22,981.1,70.3
2012-11-18 06:00:00,Maitri,-6.4,7.23,975.4,57.9
2012-11-18 07:00:00,Maitri,-11.69,4.94,993.7,46.5
2012-11-18 08:00:00,Maitri,2.8,4.9,981.6,76.5
2012-11-18 09:00:00,Maitri,-3.75,27.9,1002.4,59.4
2012-11-18 10:00:00,Maitri,-4.3,4.5,977.9,53.1
2012-11-18 11:00:00,Maitri,-2.64,14.75,984.4,60.5
2012-11-18 12:00:00,Maitri,-2.05,14.28,979.5,47.7
2012-11-18 13:00:00,Maitri,-4.59,7.91,988.9,63.8
2012-11-18 14:00:00,Maitri,-6.1,4.24,996.6,55.3
2012-11-18 15:00:00,Maitri,-2.22,12.21,990.2,46.9
2012-11-18 16:00:00,Maitri,-3.08,22.98,958.2,91.3
2012-11-18 17:00:00,Maitri,-7.2,3.87,990.2,43.9
2012-11-18 18:00:00,Maitri,-0.44,9.75,971.9,62.9
2012-11-18 19:00:00,Maitri,-4.47,13.85,979.4,58.8
2012-11-18 20:00:00,Maitri,-3.54,22.16,989.6,43.6
2012-11-18 21:00:00,Maitri,-1.89,2.32,971.8,53.3
2012-11-18 22:00:00,Maitri,-6.71,12.91,996.4,39.2
2012-11-18 23:00:00,Maitri,-6.14,21.9,977.7,86.9
2012-11-19 00:00:00,Maitri,-4.72,14.8,1007.7,54.2
2012-11-19 01:00:00,Maitri,-9.81,6.26,984.9,55.4
2012-11-19 02:00:00,Maitri,-7.38,10.01,1003.1,85.2
2012-11-19 03:00:00,Maitri,-7.09,16.05,996.4,46.5
2012-11-19 04:00:00,Maitri,-10.37,16.7,975.5,76.1
2012-11-19 05:00:00,Maitri,0.39,14.65,967.8,66.3
2012-11-19 06:00:00,Maitri,-11.16,10.6,984.7,30.3
2012-11-19 07:00:00,Maitri,-10.37,8.84,977.0,52.8
2012-11-19 08:00:00,Maitri,-1.55,17.39,1000.6,64.1
2012-11-19 09:00:00,Maitri,-3.01,12.31,980.3,58.5
2012-11-19 10:00:00,Maitri,-8.14,10.22,980.0,58.5
2012-11-19 11:00:00,Maitri,-2.54,5.89,968.1,49.5
2012-11-19 12:00:00,Maitri,0.5,5.65,989.0,48.0
2012-11-19 13:00:00,Maitri,-4.11,9.01,970.1,53.7
2012-11-19 14:00:00,Maitri,4.36,13.41,988.1,85.5
2012-11-19 15:00:00,Maitri,-9.53,12.85,989.7,45.3
2012-11-19 16:00:00,Maitri,-1.98,12.4,974.5,51.2
2012-11-19 17:00:00,Maitri,-0.75,9.87,994.5,58.4
2012-11-19 18:00:00,Maitri,-2.0,16.51,979.4,37.5
2012-11-19 19:00:00,Maitri,-5.94,18.35,965.3,64.0
2012-11-19 20:00:00,Maitri,-6.68,4.5,1002.1,40.0
2012-11-19 21:00:00,Maitri,-4.8,6.56,973.4,42.8
2012-11-19 22:00:00,Maitri,-4.04,27.53,986.7,42.1
2012-11-19 23:00:00,Maitri,-5.1,8.66,988.6,35.0
2012-11-20 00:00:00,Maitri,-3.87,8.82,988.2,75.8
2012-11-20 01:00:00,Maitri,-10.63,5.57,988.4,65.3
2012-11-20 02:00:00,Maitri,-8.16,16.75,971.3,70.9
2012-11-20 03:00:00,Maitri,-10.38,31.44,999.7,69.6
2012-11-20 04:00:00,Maitri,-8.43,5.58,995.2,55.6
2012-11-20 05:00:00,Maitri,-3.66,17.36,987.9,57.6
2012-11-20 06:00:00,Maitri,-6.19,5.07,968.9,72.2
2012-11-20 07:00:00,Maitri,2.24,15.9,971.4,80.9
2012-11-20 08:00:00,Maitri,-5.02,5.14,991.8,40.4
2012-11-20 09:00:00,Maitri,-4.98,2.19,961.6,93.3
2012-11-20 10:00:00,Maitri,-4.39,27.35,984.8,39.6
2012-11-20 11:00:00,Maitri,-6.4,7.09,968.6,51.5
2012-11-20 12:00:00,Maitri,-4.26,3.42,974.5,59.0
2012-11-20 13:00:00,Maitri,-0.29,10.61,967.2,60.3
2012-11-20 14:00:00,Maitri,-3.47,13.52,985.8,85.5
2012-11-20 15:00:00,Maitri,-6.43,17.77,995.2,72.2
2012-11-20 16:00:00,Maitri,-7.04,8.38,987.7,63.8
2012-11-20 17:00:00,Maitri,-5.8,8.07,989.1,72.5
2012-11-20 18:00:00,Maitri,-4.5,7.15,985.9,62.8
2012-11-20 19:00:00,Maitri,-1.35,10.0,991.4,48.5
2012-11-20 20:00:00,Maitri,-9.92,14.38,988.2,64.8
2012-11-20 21:00:00,Maitri,-7.12,11.62,952.0,58.9
2012-11-20 22:00:00,Maitri,-6.07,6.98,994.4,46.2
2012-11-20 23:00:00,Maitri,-12.78,9.7,992.8,75.7
2012-11-21 00:00:00,Maitri,-9.74,4.11,980.2,57.2
2012-11-21 01:00:00,Maitri,-9.43,8.53,961.0,42.3
2012-11-21 02:00:00,Maitri,-9.86,7.82,986.6,44.5
2012-11-21 03:00:00,Maitri,-6.64,17.85,986.1,65.5
2012-11-21 04:00:00,Maitri,-7.59,10.62,978.3,72.7
2012-11-21 05:00:00,Maitri,-8.57,8.6,985.9,64.7
2012-11-21 06:00:00,Maitri,-5.05,9.33,995.9,64.8
2012-11-21 07:00:00,Maitri,-0.47,8.53,1011.3,46.7
2012-11-21 08:00:00,Maitri,-0.27,4.68,986.0,59.3
2012-11-21 09:00:00,Maitri,-11.2,14.23,986.7,53.4
2012-11-21 10:00:00,Maitri,-2.77,1.6,975.3,55.3
2012-11-21 11:00:00,Maitri,-4.81,7.05,978.2,56.4
2012-11-21 12:00:00,Maitri,-3.46,5.8,982.6,48.8
2012-11-21 13:00:00,Maitri,-5.05,7.15,997.5,68.5
2012-11-21 14:00:00,Maitri,-3.34,14.05,992.3,43.9
2012-11-21 15:00:00,Maitri,-3.29,8.65,1005.9,39.8
2012-11-21 16:00:00,Maitri,-5.81,9.41,966.5,47.0
2012-11-21 17:00:00,Maitri,-7.11,13.59,967.7,70.4
2012-11-21 18:00:00,Maitri,-6.05,13.02,995.7,62.7
2012-11-21 19:00:00,Maitri,-4.3,12.48,999.8,33.0
2012-11-21 20:00:00,Maitri,-3.6,9.51,984.0,66.4
2012-11-21 21:00:00,Maitri,-3.25,17.24,931.1,57.3
2012-11-21 22:00:00,Maitri,-8.0,5.68,975.6,52.2
2012-11-21 23:00:00,Maitri,-5.88,8.61,987.6,54.6
2012-11-22 00:00:00,Maitri,-3.88,7.27,973.6,39.3
2012-11-22 01:00:00,Maitri,-3.41,7.51,986.0,60.4
2012-11-22 02:00:00,Maitri,-7.39,5.21,1006.1,40.3
2012-11-22 03:00:00,Maitri,-7.84,15.26,999.1,53.1
2012-11-22 04:00:00,Maitri,-6.35,13.24,992.3,53.1
2012-11-22 05:00:00,Maitri,-10.35,8.46,983.0,68.8
2012-11-22 06:00:00,Maitri,-6.92,12.05,977.5,58.6
2012-11-22 07:00:00,Maitri,-3.48,15.79,991.3,67.9
2012-11-22 08:00:00,Maitri,-3.34,21.61,982.1,41.3
2012-11-22 09:00:00,Maitri,-5.8,3.83,985.1,56.5
2012-11-22 10:00:00,Maitri,-3.8,8.8,965.8,65.4
2012-11-22 11:00:00,Maitri,-6.76,18.35,974.0,75.4
2012-11-22 12:00:00,Maitri,-1.59,28.39,989.4,42.1
2012-11-22 13:00:00,Maitri,-3.91,11.44,970.6,46.2
2012-11-22 14:00:00,Maitri,-4.48,15.02,985.8,65.1
2012-11-22 15:00:00,Maitri,-4.82,1.07,989.6,80.6
2012-11-22 16:00:00,Maitri,-4.04,11.79,988.6,62.0
2012-11-22 17:00:00,Maitri,-5.56,8.27,990.2,42.5
2012-11-22 18:00:00,Maitri,-2.39,14.19,990.1,42.7
2012-11-22 19:00:00,Maitri,-6.2,22.35,974.5,59.9
2012-11-22 20:00:00,Maitri,-0.3,9.45,966.7,63.0
2012-11-22 21:00:00,Maitri,-1.18,9.17,973.6,54.9
2012-11-22 22:00:00,Maitri,-9.15,6.58,992.4,42.9
2012-11-22 23:00:00,Maitri,-6.45,1.65,970.9,73.4
2012-11-23 00:00:00,Maitri,-8.92,6.93,972.0,53.1
2012-11-23 01:00:00,Maitri,-8.07,3.63,972.4,65.4
2012-11-23 02:00:00,Maitri,-0.67,3.92,963.2,33.2
2012-11-23 03:00:00,Maitri,-8.01,11.91,970.0,74.8
2012-11-23 04:00:00,Maitri,-5.69,4.33,995.9,48.4
2012-11-23 05:00:00,Maitri,-4.82,9.94,975.3,76.8
2012-11-23 06:00:00,Maitri,-9.38,26.56,960.9,66.6
2012-11-23 07:00:00,Maitri,-8.48,7.48,978.0,38.0
2012-11-23 08:00:00,Maitri,-9.14,3.93,990.3,61.4
2012-11-23 09:00:00,Maitri,-7.65,23.02,960.5,81.2
2012-11-23 10:00:00,Maitri,-13.5,5.09,995.2,49.6
2012-11-23 11:00:00,Maitri,-2.27,7.11,967.4,81.2
2012-11-23 12:00:00,Maitri,2.85,16.63,978.0,63.4
2012-11-23 13:00:00,Maitri,-3.07,4.57,979.6,76.8
2012-11-23 14:00:00,Maitri,-8.01,6.72,977.5,60.2
2012-11-23 15:00:00,Maitri,-5.6,4.4,983.6,56.3
2012-11-23 16:00:00,Maitri,-5.19,16.49,991.5,83.7
2012-11-23 17:00:00,Maitri,-7.27,4.27,983.9,68.1
2012-11-23 18:00:00,Maitri,-1.63,12.83,976.1,54.7
2012-11-23 19:00:00,Maitri,-2.22,8.88,988.9,63.9
2012-11-23 20:00:00,Maitri,-8.98,6.48,986.4,50.1
2012-11-23 21:00:00,Maitri,-3.43,8.76,976.0,59.5
2012-11-23 22:00:00,Maitri,-1.3,7.17,984.4,74.7
2012-11-23 23:00:00,Maitri,-0.47,5.66,975.5,55.7
2012-11-24 00:00:00,Maitri,2.44,2.44,974.7,45.8
2012-11-24 01:00:00,Maitri,-9.79,4.51,993.6,44.5
2012-11-24 02:00:00,Maitri,2.07,10.6,988.6,59.0
2012-11-24 03:00:00,Maitri,-8.04,7.81,992.7,46.7
2012-11-24 04:00:00,Maitri,-8.62,12.68,990.4,37.9
2012-11-24 05:00:00,Maitri,-5.39,9.92,973.3,41.2
2012-11-24 06:00:00,Maitri,-7.93,1.15,996.3,74.5
2012-11-24 07:00:00,Maitri,-4.36,11.9,979.8,56.0
2012-11-24 08:00:00,Maitri,-9.39,4.04,995.1,58.8
2012-11-24 09:00:00,Maitri,-5.47,9.35,982.2,44.5
2012-11-24 10:00:00,Maitri,-0.15,3.0,988.2,49.9
2012-11-24 11:00:00,Maitri,-4.08,16.09,986.5,49.4
2012-11-24 12:00:00,Maitri,-3.16,14.38,992.2,54.1
2012-11-24 13:00:00,Maitri,-1.91,8.05,965.0,34.8
2012-11-24 14:00:00,Maitri,0.38,14.06,964.8,73.3
2012-11-24 15:00:00,Maitri,-8.73,4.73,992.0,57.8
2012-11-24 16:00:00,Maitri,-1.74,6.16,988.2,60.8
2012-11-24 17:00:00,Maitri,-4.75,15.83,973.7,70.8
2012-11-24 18:00:00,Maitri,-3.73,0.75,989.1,69.7
2012-11-24 19:00:00,Maitri,-1.31,8.24,967.6,49.9
2012-11-24 20:00:00,Maitri,-8.99,11.39,1020.8,66.5
2012-11-24 21:00:00,Maitri,-8.87,6.86,999.1,66.3
2012-11-24 22:00:00,Maitri,-12.26,18.34,989.4,62.4
2012-11-24 23:00:00,Maitri,-8.2,21.29,982.7,72.9
2012-11-25 00:00:00,Maitri,-2.36,11.88,976.1,69.2
2012-11-25 01:00:00,Maitri,-7.18,4.06,969.3,68.2
2012-11-25 02:00:00,Maitri,-11.14,14.22,981.6,77.1
2012-11-25 03:00:00,Maitri,-8.35,25.84,971.2,58.4
2012-11-25 04:00:00,Maitri,-11.37,9.63,974.3,58.8
2012-11-25 05:00:00,Maitri,-9.93,8.5,967.4,69.5
2012-11-25 06:00:00,Maitri,-4.71,4.96,987.1,55.5
2012-11-25 07:00:00,Maitri,-9.28,11.04,979.0,64.7
2012-11-25 08:00:00,Maitri,-1.49,8.67,989.9,50.2
2012-11-25 09:00:00,Maitri,-4.82,1.46,990.0,26.1
2012-11-25 10:00:00,Maitri,-3.88,13.71,985.6,66.4
2012-11-25 11:00:00,Maitri,-4.67,3.72,1015.0,36.3
2012-11-25 12:00:00,Maitri,-1.02,28.38,990.2,48.2
2012-11-25 13:00:00,Maitri,-0.81,10.01,969.0,69.5
2012-11-25 14:00:00,Maitri,-2.18,8.07,989.1,69.6
2012-11-25 15:00:00,Maitri,-1.51,9.74,982.9,74.5
2012-11-25 16:00:00,Maitri,-4.17,9.37,968.2,29.7
2012-11-25 17:00:00,Maitri,-2.05,7.18,967.6,62.1
2012-11-25 18:00:00,Maitri,-5.24,2.78,989.8,54.4
2012-11-25 19:00:00,Maitri,-4.58,18.57,990.2,71.8
2012-11-25 20:00:00,Maitri,-5.93,9.66,971.5,78.7
2012-11-25 21:00:00,Maitri,-6.98,16.59,993.7,39.7
2012-11-25 22:00:00,Maitri,-8.16,3.08,987.8,58.2
2012-11-25 23:00:00,Maitri,-4.83,5.5,997.9,69.7
2012-11-26 00:00:00,Maitri,-2.31,6.8,996.5,53.3
2012-11-26 01:00:00,Maitri,-2.93,4.14,982.6,82.4
2012-11-26 02:00:00,Maitri,-10.76,13.69,1001.8,52.4
2012-11-26 03:00:00,Maitri,-2.56,7.87,970.9,53.8
2012-11-26 04:00:00,Maitri,-7.52,10.87,1010.9,43.0
2012-11-26 05:00:00,Maitri,-4.29,6.09,974.0,60.2
2012-11-26 06:00:00,Maitri,-8.74,16.99,981.9,18.0
2012-11-26 07:00:00,Maitri,-4.96,14.65,976.3,54.5
2012-11-26 08:00:00,Maitri,-3.94,13.44,978.7,75.8
2012-11-26 09:00:00,Maitri,-9.23,10.0,1017.1,38.4
2012-11-26 10:00:00,Maitri,-2.1,18.58,976.9,35.3
2012-11-26 11:00:00,Maitri,0.64,14.75,992.6,73.6
2012-11-26 12:00:00,Maitri,-3.94,8.83,981.0,75.5
2012-11-26 13:00:00,Maitri,1.15,6.49,994.8,39.0
2012-11-26 14:00:00,Maitri,-3.75,7.84,977.6,82.3
2012-11-26 15:00:00,Maitri,-0.49,12.21,986.1,64.1
2012-11-26 16:00:00,Maitri,-10.48,3.06,991.8,72.7
2012-11-26 17:00:00,Maitri,4.07,5.34,975.9,46.9
2012-11-26 18:00:00,Maitri,0.74,18.42,1014.0,78.8
2012-11-26 19:00:00,Maitri,-5.39,16.08,990.4,54.2
2012-11-26 20:00:00,Maitri,-11.25,7.88,981.2,53.6
2012-11-26 21:00:00,Maitri,-4.49,39.1,971.1,64.8
2012-11-26 22:00:00,Maitri,-10.46,14.28,983.9,52.5
2012-11-26 23:00:00,Maitri,-4.79,9.71,969.6,36.7
2012-11-27 00:00:00,Maitri,-5.08,16.25,1003.1,59.8
2012-11-27 01:00:00,Maitri,-9.59,6.32,989.0,53.5
2012-11-27 02:00:00,Maitri,-3.05,5.68,983.1,47.2
2012-11-27 03:00:00,Maitri,-3.99,8.63,995.7,75.4
2012-11-27 04:00:00,Maitri,-3.27,9.43,975.3,91.5
2012-11-27 05:00:00,Maitri,-6.08,5.69,970.9,45.1
2012-11-27 06:00:00,Maitri,-10.26,19.86,980.5,60.8
2012-11-27 07:00:00,Maitri,-2.17,7.43,985.4,52.4
2012-11-27 08:00:00,Maitri,-5.7,2.54,990.7,90.0
2012-11-27 09:00:00,Maitri,-8.82,10.02,966.5,64.9
2012-11-27 10:00:00,Maitri,0.39,8.21,978.5,71.0
2012-11-27 11:00:00,Maitri,3.16,15.2,947.3,74.5
2012-11-27 12:00:00,Maitri,-3.41,6.37,970.4,59.8
2012-11-27 13:00:00,Maitri,3.81,13.77,991.2,55.4
2012-11-27 14:00:00,Maitri,-2.74,10.93,994.4,79.3
2012-11-27 15:00:00,Maitri,-4.31,16.81,969.3,68.9
2012-11-27 16:00:00,Maitri,-5.29,9.96,979.8,46.2
2012-11-27 17:00:00,Maitri,1.68,5.49,984.5,47.9
2012-11-27 18:00:00,Maitri,-6.43,11.27,995.7,52.5
2012-11-27 19:00:00,Maitri,-2.02,4.51,1001.9,74.2
2012-11-27 20:00:00,Maitri,-6.62,1.82,986.5,78.6
2012-11-27 21:00:00,Maitri,-6.77,5.78,981.1,88.1
2012-11-27 22:00:00,Maitri,-2.44,17.44,965.8,48.1
2012-11-27 23:00:00,Maitri,-7.32,24.45,982.6,60.0
2012-11-28 00:00:00,Maitri,-7.58,3.03,1008.4,52.4
2012-11-28 01:00:00,Maitri,-2.84,15.76,997.5,55.4
2012-11-28 02:00:00,Maitri,-1.41,22.19,983.7,71.0
2012-11-28 03:00:00,Maitri,-4.4,4.42,987.8,57.4
2012-11-28 04:00:00,Maitri,-8.38,19.98,974.1,76.4
2012-11-28 05:00:00,Maitri,-7.63,3.79,980.3,50.8
2012-11-28 06:00:00,Maitri,-5.37,8.65,985.4,68.4
2012-11-28 07:00:00,Maitri,-4.17,11.71,985.0,51.8
2012-11-28 08:00:00,Maitri,-7.89,4.68,995.9,32.3
2012-11-28 09:00:00,Maitri,-1.95,19.3,993.2,43.7
2012-11-28 10:00:00,Maitri,-3.55,9.2,989.6,59.7
2012-11-28 11:00:00,Maitri,-8.94,14.93,971.3,84.9
2012-11-28 12:00:00,Maitri,-6.14,4.88,973.2,51.6
2012-11-28 13:00:00,Maitri,-4.6,25.27,971.0,55.6
2012-11-28 14:00:00,Maitri,-3.16,12.55,985.8,64.9
2012-11-28 15:00:00,Maitri,3.06,12.24,959.9,49.6
2012-11-28 16:00:00,Maitri,-2.41,11.59,983.2,51.2
2012-11-28 17:00:00,Maitri,-6.14,12.35,999.3,59.0
2012-11-28 18:00:00,Maitri,-3.12,14.11,990.6,51.9
2012-11-28 19:00:00,Maitri,-5.39,7.44,979.9,33.0
2012-11-28 20:00:00,Maitri,-3.69,3.63,976.4,48.9
2012-11-28 21:00:00,Maitri,-3.33,3.76,993.7,66.6
2012-11-28 22:00:00,Maitri,-1.76,9.68,987.1,67.0
2012-11-28 23:00:00,Maitri,-6.08,22.56,978.8,76.7
2012-11-29 00:00:00,Maitri,-0.93,8.61,976.9,75.6
2012-11-29 01:00:00,Maitri,-3.45,17.95,983.2,45.4
2012-11-29 02:00:00,Maitri,-8.68,8.85,980.2,47.6
2012-11-29 03:00:00,Maitri,0.71,21.09,990.9,48.2
2012-11-29 04:00:00,Maitri,-5.13,12.17,997.4,55.9
2012-11-29 05:00:00,Maitri,-8.57,11.14,967.6,49.3
2012-11-29 06:00:00,Maitri,-0.23,16.97,968.4,55.6
2012-11-29 07:00:00,Maitri,1.56,12.08,998.7,45.8
2012-11-29 08:00:00,Maitri,-4.73,13.76,984.8,69.0
2012-11-29 09:00:00,Maitri,-5.77,9.57,970.6,44.7
2012-11-29 10:00:00,Maitri,-4.27,11.58,994.6,44.0
2012-11-29 11:00:00,Maitri,-1.06,4.01,988.3,65.3
2012-11-29 12:00:00,Maitri,1.03,19.15,1007.5,68.1
2012-11-29 13:00:00,Maitri,-1.06,19.52,979.4,54.8
2012-11-29 14:00:00,Maitri,-2.49,7.68,996.6,70.2
2012-11-29 15:00:00,Maitri,1.91,9.04,967.0,69.2
2012-11-29 16:00:00,Maitri,-4.06,24.94,997.3,84.6
2012-11-29 17:00:00,Maitri,-0.05,7.82,994.7,68.3
2012-11-29 18:00:00,Maitri,-4.64,14.61,1001.3,81.9
2012-11-29 19:00:00,Maitri,-2.77,10.7,996.2,58.9
2012-11-29 20:00:00,Maitri,-4.98,3.22,983.4,77.6
2012-11-29 21:00:00,Maitri,-5.26,12.45,969.7,77.9
2012-11-29 22:00:00,Maitri,-6.73,3.45,977.6,56.0
2012-11-29 23:00:00,Maitri,-1.59,18.89,961.9,48.4
2012-11-30 00:00:00,Maitri,-8.42,8.33,973.2,50.8
2012-11-30 01:00:00,Maitri,-8.62,4.16,989.3,63.8
2012-11-30 02:00:00,Maitri,0.47,15.34,982.1,41.9
2012-11-30 03:00:00,Maitri,-3.12,3.33,981.9,51.6
2012-11-30 04:00:00,Maitri,-13.71,3.49,975.4,74.8
2012-11-30 05:00:00,Maitri,-7.6,25.66,960.8,67.3
2012-11-30 06:00:00,Maitri,-11.21,17.24,984.5,25.1
2012-11-30 07:00:00,Maitri,-8.02,9.93,987.9,39.3
2012-11-30 08:00:00,Maitri,-14.56,12.68,971.7,88.2
2012-11-30 09:00:00,Maitri,-4.49,5.09,978.1,74.5
2012-11-30 10:00:00,Maitri,-7.27,10.61,1001.1,49.8
2012-11-30 11:00:00,Maitri,-3.05,4.47,997.7,37.2
2012-11-30 12:00:00,Maitri,-8.16,4.37,967.3,40.5
2012-11-30 13:00:00,Maitri,-2.51,15.78,981.7,65.1
2012-11-30 14:00:00,Maitri,-4.04,7.11,1000.7,85.7
2012-11-30 15:00:00,Maitri,2.03,6.39,981.6,84.8
2012-11-30 16:00:00,Maitri,1.56,11.97,980.1,35.9
2012-11-30 17:00:00,Maitri,-0.73,6.23,996.6,53.9
2012-11-30 18:00:00,Maitri,-4.66,8.19,995.1,46.0
2012-11-30 19:00:00,Maitri,2.3,23.57,992.2,59.9
2012-11-30 20:00:00,Maitri,-9.49,3.47,981.5,39.4
2012-11-30 21:00:00,Maitri,-9.47,21.46,989.4,50.4
2012-11-30 22:00:00,Maitri,-5.68,41.19,996.0,45.9
2012-11-30 23:00:00,Maitri,1.42,3.66,983.9,65.3
2012-12-01 00:00:00,Maitri,-6.62,4.06,979.8,50.8
2012-12-01 01:00:00,Maitri,-6.74,13.31,997.1,52.8
2012-12-01 02:00:00,Maitri,-10.83,1.68,1008.3,65.2
2012-12-01 03:00:00,Maitri,-3.12,10.08,1007.8,81.0
2012-12-01 04:00:00,Maitri,-2.92,5.68,979.8,87.6
2012-12-01 05:00:00,Maitri,-3.16,19.24,979.0,64.4
2012-12-01 06:00:00,Maitri,-7.33,7.47,972.0,56.8
2012-12-01 07:00:00,Maitri,-7.14,11.08,984.7,76.4
2012-12-01 08:00:00,Maitri,-8.55,14.38,970.5,74.3
2012-12-01 09:00:00,Maitri,-3.68,12.62,977.1,70.3
2012-12-01 10:00:00,Maitri,-6.97,9.49,991.6,35.9
2012-12-01 11:00:00,Maitri,-6.91,14.77,987.3,74.9
2012-12-01 12:00:00,Maitri,-4.21,3.11,963.7,63.0
2012-12-01 13:00:00,Maitri,-4.24,17.19,1000.5,45.5
2012-12-01 14:00:00,Maitri,-4.33,7.82,971.3,48.6
2012-12-01 15:00:00,Maitri,-1.18,13.74,971.9,66.1
2012-12-01 16:00:00,Maitri,-2.6,9.25,969.4,22.8
2012-12-01 17:00:00,Maitri,-4.06,6.4,976.4,56.2
2012-12-01 18:00:00,Maitri,-2.93,8.82,973.4,48.8
2012-12-01 19:00:00,Maitri,-7.12,11.28,973.3,47.4
2012-12-01 20:00:00,Maitri,-4.08,12.39,954.8,51.6
2012-12-01 21:00:00,Maitri,-4.4,11.4,984.8,37.3
2012-12-01 22:00:00,Maitri,-10.12,6.1,986.8,72.7
2012-12-01 23:00:00,Maitri,-2.5,4.75,1010.1,28.2
2012-12-02 00:00:00,Maitri,-8.69,5.07,989.8,60.4
2012-12-02 01:00:00,Maitri,-5.76,8.13,978.1,46.1
2012-12-02 02:00:00,Maitri,-2.39,13.62,969.1,85.8
2012-12-02 03:00:00,Maitri,-3.09,14.17,981.8,58.3
2012-12-02 04:00:00,Maitri,-5.76,6.62,989.2,28.3
2012-12-02 05:00:00,Maitri,-6.74,9.53,977.8,65.7
2012-12-02 06:00:00,Maitri,-2.18,3.33,985.2,42.7
2012-12-02 07:00:00,Maitri,-2.62,7.46,1005.7,71.8
2012-12-02 08:00:00,Maitri,-6.29,6.59,979.6,66.6
2012-12-02 09:00:00,Maitri,-6.39,5.61,962.5,78.6
2012-12-02 10:00:00,Maitri,-10.04,10.15,993.5,60.6
2012-12-02 11:00:00,Maitri,-2.55,24.02,985.0,69.5
2012-12-02 12:00:00,Maitri,-3.02,9.84,963.9,58.6
2012-12-02 13:00:00,Maitri,1.06,17.92,987.2,49.7
2012-12-02 14:00:00,Maitri,-1.36,15.78,971.2,72.9
2012-12-02 15:00:00,Maitri,1.7,6.81,989.1,40.8
2012-12-02 16:00:00,Maitri,-4.98,14.84,1004.7,57.5
2012-12-02 17:00:00,Maitri,0.6,24.81,979.2,50.0
2012-12-02 18:00:00,Maitri,-5.1,4.09,996.8,69.8
2012-12-02 19:00:00,Maitri,-1.36,15.76,968.5,44.7
2012-12-02 20:00:00,Maitri,-8.98,9.1,966.2,52.3
2012-12-02 21:00:00,Maitri,-4.03,6.13,1007.3,58.6
2012-12-02 22:00:00,Maitri,-11.56,11.94,986.7,78.8
2012-12-02 23:00:00,Maitri,-6.44,12.14,990.5,50.5
2012-12-03 00:00:00,Maitri,-4.36,31.83,993.5,52.4
2012-12-03 01:00:00,Maitri,-7.62,6.29,978.0,39.1
2012-12-03 02:00:00,Maitri,-9.37,9.83,993.0,44.2
2012-12-03 03:00:00,Maitri,-3.24,9.72,991.3,63.8
2012-12-03 04:00:00,Maitri,-6.1,6.26,969.2,58.4
2012-12-03 05:00:00,Maitri,-7.05,5.15,1001.6,58.7
2012-12-03 06:00:00,Maitri,-4.98,7.35,998.9,82.4
2012-12-03 07:00:00,Maitri,3.76,8.9,968.9,34.6
2012-12-03 08:00:00,Maitri,-0.52,4.92,986.6,90.4
2012-12-03 09:00:00,Maitri,-0.03,16.29,979.9,74.5
2012-12-03 10:00:00,Maitri,-1.92,12.85,999.4,53.4
2012-12-03 11:00:00,Maitri,-2.41,4.17,968.2,63.5
2012-12-03 12:00:00,Maitri,-10.32,7.27,1025.3,48.4
2012-12-03 13:00:00,Maitri,-4.65,10.28,981.5,62.5
2012-12-03 14:00:00,Maitri,-3.95,14.36,991.3,88.1
2012-12-03 15:00:00,Maitri,-8.47,8.94,999.6,49.0
2012-12-03 16:00:00,Maitri,-6.36,13.89,980.7,54.8
2012-12-03 17:00:00,Maitri,-9.28,11.55,981.9,47.4
2012-12-03 18:00:00,Maitri,-3.44,14.84,977.0,49.7
2012-12-03 19:00:00,Maitri,-1.13,5.75,974.0,52.4
2012-12-03 20:00:00,Maitri,-0.67,13.08,986.2,42.7
2012-12-03 21:00:00,Maitri,-3.35,9.12,982.1,54.3
2012-12-03 22:00:00,Maitri,-8.2,17.63,976.5,58.8
2012-12-03 23:00:00,Maitri,-11.67,5.67,979.0,52.4
2012-12-04 00:00:00,Maitri,-11.3,11.68,989.9,25.8
2012-12-04 01:00:00,Maitri,-9.91,9.88,974.3,55.8
2012-12-04 02:00:00,Maitri,-8.76,8.56,980.9,57.3
2012-12-04 03:00:00,Maitri,-6.37,7.48,994.2,84.6
2012-12-04 04:00:00,Maitri,-8.92,7.83,986.7,58.4
2012-12-04 05:00:00,Maitri,-4.3,23.06,969.5,71.1
2012-12-04 06:00:00,Maitri,-5.76,8.41,983.5,52.0
2012-12-04 07:00:00,Maitri,-4.55,22.1,986.7,76.2
2012-12-04 08:00:00,Maitri,-0.47,8.56,995.1,44.8
2012-12-04 09:00:00,Maitri,-7.43,10.5,974.7,65.1
2012-12-04 10:00:00,Maitri,-1.88,9.49,977.2,69.8
2012-12-04 11:00:00,Maitri,-2.89,22.83,973.6,67.7
2012-12-04 12:00:00,Maitri,-3.62,15.26,975.3,88.3
2012-12-04 13:00:00,Maitri,0.46,7.05,988.6,49.8
2012-12-04 14:00:00,Maitri,0.5,3.46,991.3,77.8
2012-12-04 15:00:00,Maitri,-5.41,7.16,996.0,74.2
2012-12-04 16:00:00,Maitri,-3.14,19.46,981.0,58.7
2012-12-04 17:00:00,Maitri,-1.94,4.37,968.2,83.7
2012-12-04 18:00:00,Maitri,-4.09,3.58,992.2,55.9
2012-12-04 19:00:00,Maitri,-1.78,6.19,985.9,58.3
2012-12-04 20:00:00,Maitri,-3.22,4.89,985.0,57.9
2012-12-04 21:00:00,Maitri,1.28,5.43,969.4,40.2
2012-12-04 22:00:00,Maitri,-9.91,2.41,982.4,68.7
2012-12-04 23:00:00,Maitri,-5.78,10.61,969.7,66.5
2012-12-05 00:00:00,Maitri,-8.49,11.88,988.8,56.5
2012-12-05 01:00:00,Maitri,-3.83,8.39,978.8,82.7
2012-12-05 02:00:00,Maitri,-10.99,3.5,978.5,51.9
2012-12-05 03:00:00,Maitri,-4.65,6.21,966.4,33.8
2012-12-05 04:00:00,Maitri,-7.59,11.66,995.1,84.6
2012-12-05 05:00:00,Maitri,-7.64,12.59,980.1,72.2
2012-12-05 06:00:00,Maitri,-9.55,2.49,985.6,66.8
2012-12-05 07:00:00,Maitri,-5.97,9.67,975.1,53.2
2012-12-05 08:00:00,Maitri,-0.55,5.89,965.1,62.8
2012-12-05 09:00:00,Maitri,-3.63,9.29,977.5,40.4
2012-12-05 10:00:00,Maitri,-1.11,3.7,980.2,54.8
2012-12-05 11:00:00,Maitri,2.58,2.8,987.9,45.3
2012-12-05 12:00:00,Maitri,-1.62,8.25,979.7,61.7
2012-12-05 13:00:00,Maitri,-4.07,8.73,975.4,70.9
2012-12-05 14:00:00,Maitri,-0.72,5.26,966.9,43.3
2012-12-05 15:00:00,Maitri,-4.02,21.03,982.4,68.1
2012-12-05 16:00:00,Maitri,-4.08,5.78,975.0,60.8
2012-12-05 17:00:00,Maitri,-7.61,5.71,999.3,67.6
2012-12-05 18:00:00,Maitri,-0.16,9.47,985.3,54.6
2012-12-05 19:00:00,Maitri,-4.79,8.76,990.2,67.9
2012-12-05 20:00:00,Maitri,-3.44,5.79,981.3,48.3
2012-12-05 21:00:00,Maitri,-7.8,11.82,985.5,34.4
2012-12-05 22:00:00,Maitri,-3.52,11.77,973.0,37.6
2012-12-05 23:00:00,Maitri,-7.73,9.59,970.0,51.0
2012-12-06 00:00:00,Maitri,-5.94,10.56,983.6,35.4
2012-12-06 01:00:00,Maitri,-2.86,9.11,990.2,79.7
2012-12-06 02:00:00,Maitri,-3.2,8.79,961.3,56.8
2012-12-06 03:00:00,Maitri,-5.74,3.75,978.7,70.9
2012-12-06 04:00:00,Maitri,-11.14,9.91,1004.7,69.0
2012-12-06 05:00:00,Maitri,4.38,15.42,988.2,58.1
2012-12-06 06:00:00,Maitri,0.76,10.57,1001.1,95.0
2012-12-06 07:00:00,Maitri,-2.08,7.71,976.6,95.0
2012-12-06 08:00:00,Maitri,-6.34,15.03,977.5,77.5
2012-12-06 09:00:00,Maitri,-3.82,10.58,994.5,45.3
2012-12-06 10:00:00,Maitri,-4.77,5.75,991.3,78.1
2012-12-06 11:00:00,Maitri,1.39,15.01,981.7,33.5
2012-12-06 12:00:00,Maitri,-1.53,6.82,969.5,77.6
2012-12-06 13:00:00,Maitri,-4.7,4.52,997.6,22.2
2012-12-06 14:00:00,Maitri,-3.63,5.31,1013.1,53.5
2012-12-06 15:00:00,Maitri,1.4,6.43,966.0,74.9
2012-12-06 16:00:00,Maitri,2.75,3.61,1000.6,63.4
2012-12-06 17:00:00,Maitri,2.24,18.58,976.8,37.3
2012-12-06 18:00:00,Maitri,-0.6,2.71,980.8,60.4
2012-12-06 19:00:00,Maitri,-4.27,12.66,986.2,63.4
2012-12-06 20:00:00,Maitri,-14.3,10.88,969.5,60.9
2012-12-06 21:00:00,Maitri,-3.44,10.47,983.0,52.3
2012-12-06 22:00:00,Maitri,-4.83,11.75,964.7,70.0
2012-12-06 23:00:00,Maitri,-4.75,8.18,989.2,74.0
2012-12-07 00:00:00,Maitri,-5.22,12.69,1008.8,55.8
2012-12-07 01:00:00,Maitri,-9.82,8.63,976.4,79.3
2012-12-07 02:00:00,Maitri,-3.85,7.24,982.0,55.8
2012-12-07 03:00:00,Maitri,-3.55,3.91,983.0,51.1
2012-12-07 04:00:00,Maitri,-3.21,11.15,994.7,77.0
2012-12-07 05:00:00,Maitri,-2.08,11.27,988.0,76.5
2012-12-07 06:00:00,Maitri,-2.8,9.09,994.2,49.3
2012-12-07 07:00:00,Maitri,-5.61,14.23,977.0,47.3
2012-12-07 08:00:00,Maitri,-4.06,17.18,987.4,82.7
2012-12-07 09:00:00,Maitri,-3.08,6.62,945.3,56.6
2012-12-07 10:00:00,Maitri,-2.59,12.96,990.7,58.0
2012-12-07 11:00:00,Maitri,0.63,3.86,970.4,54.5
2012-12-07 12:00:00,Maitri,-0.22,9.49,979.8,76.5
2012-12-07 13:00:00,Maitri,4.55,8.23,992.3,88.0
2012-12-07 14:00:00,Maitri,5.03,14.46,965.2,59.0
2012-12-07 15:00:00,Maitri,-1.84,6.95,996.5,91.8
2012-12-07 16:00:00,Maitri,-14.55,17.69,980.9,50.2
2012-12-07 17:00:00,Maitri,1.4,7.94,1000.5,54.0
2012-12-07 18:00:00,Maitri,-4.66,3.91,974.0,67.4
2012-12-07 19:00:00,Maitri,-5.93,2.92,963.7,46.6
2012-12-07 20:00:00,Maitri,-5.11,13.7,982.6,67.2
2012-12-07 21:00:00,Maitri,-5.73,3.61,991.2,50.7
2012-12-07 22:00:00,Maitri,-2.78,12.04,990.9,36.4
2012-12-07 23:00:00,Maitri,-10.1,13.55,969.9,33.6
2012-12-08 00:00:00,Maitri,-8.75,5.69,965.5,53.5
2012-12-08 01:00:00,Maitri,-4.39,10.74,979.8,63.8
2012-12-08 02:00:00,Maitri,-3.55,20.96,987.8,38.9
2012-12-08 03:00:00,Maitri,-3.43,8.34,989.1,60.5
2012-12-08 04:00:00,Maitri,-7.82,3.15,1002.6,60.5
2012-12-08 05:00:00,Maitri,-8.15,6.27,979.8,55.7
2012-12-08 06:00:00,Maitri,-6.27,22.46,960.4,45.0
2012-12-08 07:00:00,Maitri,-3.44,14.17,996.6,61.4
2012-12-08 08:00:00,Maitri,1.01,4.24,986.6,56.0
2012-12-08 09:00:00,Maitri,-9.83,16.94,985.7,71.7
2012-12-08 10:00:00,Maitri,-3.55,17.48,991.2,39.9
2012-12-08 11:00:00,Maitri,-6.74,7.0,998.5,59.6
2012-12-08 12:00:00,Maitri,-7.47,3.81,984.2,40.2
2012-12-08 13:00:00,Maitri,1.09,16.11,996.1,54.7
2012-12-08 14:00:00,Maitri,-0.2,24.09,987.7,42.7
2012-12-08 15:00:00,Maitri,-0.57,5.78,976.6,45.2
2012-12-08 16:00:00,Maitri,0.76,13.7,980.3,57.9
2012-12-08 17:00:00,Maitri,-4.01,5.88,991.2,50.1
2012-12-08 18:00:00,Maitri,-4.23,5.72,976.0,78.5
2012-12-08 19:00:00,Maitri,3.71,10.76,993.6,74.5
2012-12-08 20:00:00,Maitri,-4.53,5.31,986.0,69.3
2012-12-08 21:00:00,Maitri,-1.86,8.93,988.0,69.0
2012-12-08 22:00:00,Maitri,-4.62,17.79,998.9,59.8
2012-12-08 23:00:00,Maitri,-10.93,3.33,988.6,76.3
2012-12-09 00:00:00,Maitri,-11.76,14.71,983.6,53.9
2012-12-09 01:00:00,Maitri,-7.25,10.27,982.5,87.7
2012-12-09 02:00:00,Maitri,-2.08,11.84,981.7,44.8
2012-12-09 03:00:00,Maitri,-2.87,9.71,987.1,42.2
2012-12-09 04:00:00,Maitri,-2.29,19.17,997.8,38.5
2012-12-09 05:00:00,Maitri,-8.09,11.46,976.2,40.9
2012-12-09 06:00:00,Maitri,0.61,7.38,976.0,35.2
2012-12-09 07:00:00,Maitri,-7.21,10.29,998.2,61.0
2012-12-09 08:00:00,Maitri,-2.98,7.13,977.4,70.0
2012-12-09 09:00:00,Maitri,-3.23,5.97,986.6,58.5
2012-12-09 10:00:00,Maitri,-3.31,16.83,975.7,38.6
2012-12-09 11:00:00,Maitri,1.9,7.16,964.6,51.4
2012-12-09 12:00:00,Maitri,-4.36,2.78,986.9,69.8
2012-12-09 13:00:00,Maitri,-6.24,11.92,996.0,53.2
2012-12-09 14:00:00,Maitri,-1.79,7.41,983.2,46.8
2012-12-09 15:00:00,Maitri,-3.2,21.23,964.8,36.8
2012-12-09 16:00:00,Maitri,8.71,13.06,984.3,52.1
2012-12-09 17:00:00,Maitri,-0.22,20.64,973.2,48.2
2012-12-09 18:00:00,Maitri,-4.07,14.52,952.7,56.8
2012-12-09 19:00:00,Maitri,-6.57,17.09,981.5,64.7
2012-12-09 20:00:00,Maitri,-9.67,11.54,989.2,54.0
2012-12-09 21:00:00,Maitri,-7.4,15.07,996.3,60.6
2012-12-09 22:00:00,Maitri,-4.19,5.45,1004.4,64.6
2012-12-09 23:00:00,Maitri,-0.36,14.48,990.3,40.8
2012-12-10 00:00:00,Maitri,-1.54,3.76,995.2,84.4
2012-12-10 01:00:00,Maitri,-4.58,8.95,968.9,47.6
2012-12-10 02:00:00,Maitri,-6.41,6.45,1002.7,65.2
2012-12-10 03:00:00,Maitri,-4.45,10.79,998.0,42.1
2012-12-10 04:00:00,Maitri,-6.79,7.04,979.7,59.5
2012-12-10 05:00:00,Maitri,0.65,3.86,992.3,60.1
2012-12-10 06:00:00,Maitri,-5.08,3.62,991.1,81.2
2012-12-10 07:00:00,Maitri,-4.31,4.09,1001.3,54.7
2012-12-10 08:00:00,Maitri,-10.66,10.96,981.6,76.2
2012-12-10 09:00:00,Maitri,-3.73,11.2,974.7,62.1
2012-12-10 10:00:00,Maitri,0.0,7.03,978.3,83.9
2012-12-10 11:00:00,Maitri,-5.72,12.15,993.5,33.1
2012-12-10 12:00:00,Maitri,-4.42,8.43,961.7,64.8
2012-12-10 13:00:00,Maitri,0.7,11.65,948.8,20.6
2012-12-10 14:00:00,Maitri,-6.5,9.29,993.9,57.2
2012-12-10 15:00:00,Maitri,1.55,14.8,985.9,72.3
2012-12-10 16:00:00,Maitri,-3.72,5.39,984.4,78.2
2012-12-10 17:00:00,Maitri,-3.54,2.43,969.6,68.3
2012-12-10 18:00:00,Maitri,-6.27,8.48,964.1,53.9
2012-12-10 19:00:00,Maitri,-1.9,9.87,976.2,65.6
2012-12-10 20:00:00,Maitri,4.3,4.62,988.5,93.2
2012-12-10 21:00:00,Maitri,-1.54,5.17,977.5,59.1
2012-12-10 22:00:00,Maitri,-7.24,12.86,993.4,71.5
2012-12-10 23:00:00,Maitri,-1.21,13.05,972.1,52.0
2012-12-11 00:00:00,Maitri,-6.06,8.25,977.8,73.0
2012-12-11 01:00:00,Maitri,-0.83,3.03,992.6,70.7
2012-12-11 02:00:00,Maitri,-2.71,12.57,978.8,49.5
2012-12-11 03:00:00,Maitri,-14.65,9.81,979.8,68.9
2012-12-11 04:00:00,Maitri,-8.26,6.53,976.6,69.5
2012-12-11 05:00:00,Maitri,-1.74,15.69,973.1,68.4
2012-12-11 06:00:00,Maitri,-3.9,1.52,988.8,57.4
2012-12-11 07:00:00,Maitri,-7.23,8.97,989.2,75.2
2012-12-11 08:00:00,Maitri,-5.52,12.67,985.7,44.9
2012-12-11 09:00:00,Maitri,-9.12,3.78,977.3,58.1
2012-12-11 10:00:00,Maitri,-2.87,3.52,982.2,59.6
2012-12-11 11:00:00,Maitri,4.86,22.3,1000.0,74.4
2012-12-11 12:00:00,Maitri,0.65,12.96,966.7,44.5
2012-12-11 13:00:00,Maitri,5.26,19.25,1003.8,61.4
2012-12-11 14:00:00,Maitri,1.13,15.06,983.9,51.1
2012-12-11 15:00:00,Maitri,1.54,11.08,981.3,59.5
2012-12-11 16:00:00,Maitri,4.39,23.95,992.4,63.5
2012-12-11 17:00:00,Maitri,-1.01,10.39,959.7,40.1
2012-12-11 18:00:00,Maitri,-3.19,8.54,999.6,75.7
2012-12-11 19:00:00,Maitri,0.28,15.07,1004.1,64.0
2012-12-11 20:00:00,Maitri,1.16,15.84,995.1,46.0
2012-12-11 21:00:00,Maitri,-5.49,12.0,959.0,53.2
2012-12-11 22:00:00,Maitri,-6.7,6.53,992.8,78.9
2012-12-11 23:00:00,Maitri,-4.32,15.03,1001.7,63.8
2012-12-12 00:00:00,Maitri,-2.31,6.45,1001.8,44.5
2012-12-12 01:00:00,Maitri,-2.59,9.47,967.4,47.0
2012-12-12 02:00:00,Maitri,-9.76,5.16,995.9,66.7
2012-12-12 03:00:00,Maitri,0.97,5.38,1004.8,68.4
2012-12-12 04:00:00,Maitri,-7.02,1.87,985.1,63.1
2012-12-12 05:00:00,Maitri,-5.53,8.39,967.0,53.9
2012-12-12 06:00:00,Maitri,-7.2,11.28,992.8,69.3
2012-12-12 07:00:00,Maitri,4.76,23.45,993.6,53.6
2012-12-12 08:00:00,Maitri,-2.63,6.11,982.5,46.0
2012-12-12 09:00:00,Maitri,-5.66,9.67,969.9,80.2
2012-12-12 10:00:00,Maitri,0.26,8.66,995.0,64.8
2012-12-12 11:00:00,Maitri,0.33,11.53,974.4,47.0
2012-12-12 12:00:00,Maitri,-2.45,7.65,988.4,59.9
2012-12-12 13:00:00,Maitri,1.02,13.1,1001.0,58.4
2012-12-12 14:00:00,Maitri,-4.25,4.94,965.2,53.1
2012-12-12 15:00:00,Maitri,-3.25,9.18,994.1,61.3
2012-12-12 16:00:00,Maitri,-8.28,11.17,980.9,45.0
2012-12-12 17:00:00,Maitri,-6.37,16.36,980.5,70.2
2012-12-12 18:00:00,Maitri,3.28,13.24,988.9,57.9
2012-12-12 19:00:00,Maitri,2.31,9.05,974.8,35.5
2012-12-12 20:00:00,Maitri,-3.2,5.38,970.7,54.8
2012-12-12 21:00:00,Maitri,1.45,25.06,960.7,49.4
2012-12-12 22:00:00,Maitri,-4.82,5.87,998.3,18.0
2012-12-12 23:00:00,Maitri,-5.46,4.02,980.1,55.8
2012-12-13 00:00:00,Maitri,-4.71,6.26,990.6,72.5
2012-12-13 01:00:00,Maitri,-5.47,3.48,978.9,56.5
2012-12-13 02:00:00,Maitri,-5.82,11.1,970.0,67.9
2012-12-13 03:00:00,Maitri,-1.41,9.02,991.1,58.1
2012-12-13 04:00:00,Maitri,-4.41,7.92,987.6,51.6
2012-12-13 05:00:00,Maitri,-2.32,8.5,981.0,47.8
2012-12-13 06:00:00,Maitri,-0.93,6.51,987.5,40.0
2012-12-13 07:00:00,Maitri,-2.55,2.25,973.6,71.0
2012-12-13 08:00:00,Maitri,-6.43,15.09,994.9,68.2
2012-12-13 09:00:00,Maitri,-7.19,6.89,998.8,54.1
2012-12-13 10:00:00,Maitri,-1.95,3.58,993.2,29.7
2012-12-13 11:00:00,Maitri,-2.6,2.72,980.3,64.6
2012-12-13 12:00:00,Maitri,-1.49,18.17,983.0,45.3
2012-12-13 13:00:00,Maitri,-1.64,7.36,1001.9,60.0
2012-12-13 14:00:00,Maitri,6.74,7.25,998.6,36.4
2012-12-13 15:00:00,Maitri,-5.85,11.84,1006.2,59.3
2012-12-13 16:00:00,Maitri,-8.14,6.53,975.0,56.2
2012-12-13 17:00:00,Maitri,-0.99,3.42,974.5,24.3
2012-12-13 18:00:00,Maitri,-3.63,6.13,985.6,80.7
2012-12-13 19:00:00,Maitri,-1.85,10.4,988.1,53.4
2012-12-13 20:00:00,Maitri,-1.46,6.1,982.4,54.4
2012-12-13 21:00:00,Maitri,0.32,5.23,979.7,65.5
2012-12-13 22:00:00,Maitri,-9.05,4.42,998.9,57.3
2012-12-13 23:00:00,Maitri,-6.38,11.25,982.3,63.1
2012-12-14 00:00:00,Maitri,-3.44,10.23,969.5,42.0
2012-12-14 01:00:00,Maitri,-2.52,12.09,970.5,56.0
2012-12-14 02:00:00,Maitri,1.97,7.95,986.6,31.3
2012-12-14 03:00:00,Maitri,-1.93,6.84,1018.5,54.7
2012-12-14 04:00:00,Maitri,-4.99,5.41,973.0,78.2
2012-12-14 05:00:00,Maitri,-7.37,7.4,980.3,36.9
2012-12-14 06:00:00,Maitri,-5.96,2.84,1012.2,53.1
2012-12-14 07:00:00,Maitri,-5.61,10.67,977.8,28.3
2012-12-14 08:00:00,Maitri,-1.15,6.98,989.2,58.1
2012-12-14 09:00:00,Maitri,-1.96,16.09,1004.2,64.5
2012-12-14 10:00:00,Maitri,-6.59,8.71,972.8,63.4
2012-12-14 11:00:00,Maitri,-3.37,2.2,981.1,49.6
2012-12-14 12:00:00,Maitri,1.12,9.89,977.9,28.0
2012-12-14 13:00:00,Maitri,-0.39,25.44,963.7,40.6
2012-12-14 14:00:00,Maitri,0.37,11.23,1001.4,75.6
2012-12-14 15:00:00,Maitri,-0.29,13.86,976.2,70.3
2012-12-14 16:00:00,Maitri,3.51,17.05,972.4,56.7
2012-12-14 17:00:00,Maitri,-1.22,5.1,979.1,60.3
2012-12-14 18:00:00,Maitri,-3.59,8.15,994.5,43.6
2012-12-14 19:00:00,Maitri,-5.72,5.27,985.5,76.1
2012-12-14 20:00:00,Maitri,-2.45,12.95,974.0,47.9
2012-12-14 21:00:00,Maitri,-11.53,5.31,988.9,64.1
2012-12-14 22:00:00,Maitri,-4.74,7.91,993.2,39.4
2012-12-14 23:00:00,Maitri,-5.18,13.57,982.7,55.5
2012-12-15 00:00:00,Maitri,-9.1,12.86,980.4,75.5
2012-12-15 01:00:00,Maitri,-7.88,9.79,995.2,44.7
2012-12-15 02:00:00,Maitri,-2.38,17.16,980.4,68.5
2012-12-15 03:00:00,Maitri,-4.18,13.53,1001.5,42.9
2012-12-15 04:00:00,Maitri,-4.41,6.14,975.4,45.4
2012-12-15 05:00:00,Maitri,-3.47,3.51,975.5,57.9
2012-12-15 06:00:00,Maitri,-3.78,4.93,973.9,71.6
2012-12-15 07:00:00,Maitri,0.34,14.01,980.2,53.8
2012-12-15 08:00:00,Maitri,-2.78,11.15,983.4,66.7
2012-12-15 09:00:00,Maitri,-7.38,17.26,967.2,74.0
2012-12-15 10:00:00,Maitri,2.94,11.82,984.3,47.2
2012-12-15 11:00:00,Maitri,-0.72,13.7,989.4,36.6
2012-12-15 12:00:00,Maitri,-3.5,10.59,966.6,53.0
2012-12-15 13:00:00,Maitri,-5.45,6.0,978.1,75.8
2012-12-15 14:00:00,Maitri,-0.11,5.82,990.7,46.6
2012-12-15 15:00:00,Maitri,-1.81,4.97,971.7,72.2
2012-12-15 16:00:00,Maitri,3.42,6.01,980.5,54.3
2012-12-15 17:00:00,Maitri,-3.01,17.5,994.9,82.6
2012-12-15 18:00:00,Maitri,-4.96,12.73,1003.7,89.4
2012-12-15 19:00:00,Maitri,0.16,8.02,988.9,72.4
2012-12-15 20:00:00,Maitri,-0.21,11.35,981.4,34.9
2012-12-15 21:00:00,Maitri,-3.1,11.25,977.5,24.4
2012-12-15 22:00:00,Maitri,-1.91,18.35,992.7,58.9
2012-12-15 23:00:00,Maitri,-4.57,7.55,996.9,70.7
2012-12-16 00:00:00,Maitri,-3.91,10.23,970.2,65.0
2012-12-16 01:00:00,Maitri,-1.11,13.76,993.4,47.9
2012-12-16 02:00:00,Maitri,-2.9,5.96,977.1,37.2
2012-12-16 03:00:00,Maitri,-5.38,19.21,972.2,71.0
2012-12-16 04:00:00,Maitri,-0.33,13.39,981.2,84.0
2012-12-16 05:00:00,Maitri,-11.94,4.94,995.7,48.6
2012-12-16 06:00:00,Maitri,2.56,22.79,985.1,69.6
2012-12-16 07:00:00,Maitri,-9.03,17.18,985.7,94.4
2012-12-16 08:00:00,Maitri,-5.11,12.46,987.2,55.3
2012-12-16 09:00:00,Maitri,-2.77,2.43,990.0,55.6
2012-12-16 10:00:00,Maitri,-2.67,6.64,982.7,65.8
2012-12-16 11:00:00,Maitri,1.39,9.83,990.8,54.0
2012-12-16 12:00:00,Maitri,-4.93,10.27,975.9,76.7
2012-12-16 13:00:00,Maitri,-0.53,9.38,991.1,52.3
2012-12-16 14:00:00,Maitri,-3.15,4.05,994.2,57.6
2012-12-16 15:00:00,Maitri,-0.42,7.77,991.9,37.8
2012-12-16 16:00:00,Maitri,-1.75,8.24,992.4,54.7
2012-12-16 17:00:00,Maitri,-1.53,2.08,990.0,43.9
2012-12-16 18:00:00,Maitri,-3.96,12.4,996.6,62.8
2012-12-16 19:00:00,Maitri,-4.27,20.39,955.8,34.7
2012-12-16 20:00:00,Maitri,-2.18,8.59,993.5,71.7
2012-12-16 21:00:00,Maitri,-0.55,12.53,1005.8,45.8
2012-12-16 22:00:00,Maitri,-5.92,5.0,977.1,83.0
2012-12-16 23:00:00,Maitri,-7.16,10.98,974.9,77.2
2012-12-17 00:00:00,Maitri,-2.63,11.09,998.1,65.5
2012-12-17 01:00:00,Maitri,-4.87,16.13,971.9,36.5
2012-12-17 02:00:00,Maitri,-2.17,17.86,974.7,49.2
2012-12-17 03:00:00,Maitri,-7.67,12.44,985.1,45.5
2012-12-17 04:00:00,Maitri,-10.28,6.09,974.9,47.2
2012-12-17 05:00:00,Maitri,-6.01,5.95,994.2,80.1
2012-12-17 06:00:00,Maitri,-6.38,17.76,973.2,55.9
2012-12-17 07:00:00,Maitri,-3.75,3.08,988.7,48.8
2012-12-17 08:00:00,Maitri,-5.07,4.31,987.6,47.5
2012-12-17 09:00:00,Maitri,-0.19,6.61,1003.1,50.6
2012-12-17 10:00:00,Maitri,-3.05,11.93,996.6,65.5
2012-12-17 11:00:00,Maitri,-1.28,20.03,975.9,35.2
2012-12-17 12:00:00,Maitri,-0.97,20.93,967.3,59.4
2012-12-17 13:00:00,Maitri,-0.67,1.64,994.4,63.9
2012-12-17 14:00:00,Maitri,-1.31,10.77,975.9,33.7
2012-12-17 15:00:00,Maitri,0.34,8.93,979.8,38.2
2012-12-17 16:00:00,Maitri,-4.02,5.45,972.0,57.3
2012-12-17 17:00:00,Maitri,2.72,1.53,992.6,78.2
2012-12-17 18:00:00,Maitri,-2.89,8.9,976.2,74.8
2012-12-17 19:00:00,Maitri,-6.76,4.25,984.0,49.5
2012-12-17 20:00:00,Maitri,-2.43,11.68,983.0,77.7
2012-12-17 21:00:00,Maitri,-6.22,9.38,985.7,53.5
2012-12-17 22:00:00,Maitri,-1.8,2.46,992.2,53.4
2012-12-17 23:00:00,Maitri,2.77,8.04,981.0,59.3
2012-12-18 00:00:00,Maitri,-7.04,3.44,976.0,69.8
2012-12-18 01:00:00,Maitri,-3.64,10.49,962.0,49.5
2012-12-18 02:00:00,Maitri,-10.38,13.11,984.2,52.4
2012-12-18 03:00:00,Maitri,-3.25,7.16,982.1,40.5
2012-12-18 04:00:00,Maitri,-7.36,17.28,974.2,62.9
2012-12-18 05:00:00,Maitri,-6.24,10.6,984.1,71.1
2012-12-18 06:00:00,Maitri,-7.39,9.23,993.5,71.9
2012-12-18 07:00:00,Maitri,-1.09,9.32,996.4,38.9
2012-12-18 08:00:00,Maitri,0.26,8.04,966.1,52.6
2012-12-18 09:00:00,Maitri,-2.42,7.85,979.7,75.4
2012-12-18 10:00:00,Maitri,-4.83,4.16,995.4,61.3
2012-12-18 11:00:00,Maitri,3.4,19.36,1000.5,58.5
2012-12-18 12:00:00,Maitri,-3.81,7.98,974.4,58.1
2012-12-18 13:00:00,Maitri,-8.14,20.93,997.7,65.6
2012-12-18 14:00:00,Maitri,0.3,12.98,967.5,62.0
2012-12-18 15:00:00,Maitri,-4.76,8.42,996.9,49.9
2012-12-18 16:00:00,Maitri,1.76,9.83,980.3,70.3
2012-12-18 17:00:00,Maitri,-2.91,13.11,1001.0,41.2
2012-12-18 18:00:00,Maitri,-0.13,15.25,977.4,76.5
2012-12-18 19:00:00,Maitri,1.99,9.14,980.1,45.5
2012-12-18 20:00:00,Maitri,-6.83,14.52,981.3,65.7
2012-12-18 21:00:00,Maitri,-5.24,12.85,965.4,55.7
2012-12-18 22:00:00,Maitri,-4.11,13.18,962.8,51.3
2012-12-18 23:00:00,Maitri,0.68,14.54,988.7,77.0
2012-12-19 00:00:00,Maitri,-6.56,6.42,995.4,68.4
2012-12-19 01:00:00,Maitri,-6.54,18.19,989.3,57.2
2012-12-19 02:00:00,Maitri,-3.17,11.17,968.9,82.4
2012-12-19 03:00:00,Maitri,-6.48,15.22,988.2,71.7
2012-12-19 04:00:00,Maitri,-3.97,9.13,972.2,46.7
2012-12-19 05:00:00,Maitri,-9.13,10.41,988.1,26.4
2012-12-19 06:00:00,Maitri,3.29,6.41,997.0,59.5
2012-12-19 07:00:00,Maitri,-7.68,4.68,988.5,77.4
2012-12-19 08:00:00,Maitri,-3.93,8.23,1000.7,66.5
2012-12-19 09:00:00,Maitri,-2.53,13.43,981.3,80.0
2012-12-19 10:00:00,Maitri,4.12,6.52,981.5,49.6
2012-12-19 11:00:00,Maitri,-5.86,3.14,985.3,56.4
2012-12-19 12:00:00,Maitri,5.01,16.56,967.1,56.7
2012-12-19 13:00:00,Maitri,1.26,4.28,979.7,61.4
2012-12-19 14:00:00,Maitri,0.24,10.97,979.7,68.7
2012-12-19 15:00:00,Maitri,-4.31,22.31,978.4,80.9
2012-12-19 16:00:00,Maitri,0.49,39.69,982.1,83.8
2012-12-19 17:00:00,Maitri,-3.94,8.47,966.7,81.3
2012-12-19 18:00:00,Maitri,2.06,16.69,969.3,67.4
2012-12-19 19:00:00,Maitri,-5.54,11.06,996.4,53.2
2012-12-19 20:00:00,Maitri,-3.26,5.12,961.1,61.2
2012-12-19 21:00:00,Maitri,-5.14,8.06,990.9,67.2
2012-12-19 22:00:00,Maitri,-6.96,6.87,979.7,59.9
2012-12-19 23:00:00,Maitri,-1.8,16.35,984.4,45.2
2012-12-20 00:00:00,Maitri,-2.68,21.82,999.6,51.5
2012-12-20 01:00:00,Maitri,-0.7,7.36,982.4,70.2
2012-12-20 02:00:00,Maitri,-10.33,3.21,991.7,54.5
2012-12-20 03:00:00,Maitri,-1.17,10.2,984.1,58.3
2012-12-20 04:00:00,Maitri,3.63,5.34,982.9,56.9
2012-12-20 05:00:00,Maitri,-5.55,4.61,981.6,45.5
2012-12-20 06:00:00,Maitri,2.33,6.1,992.1,55.6
2012-12-20 07:00:00,Maitri,-4.14,5.82,975.7,51.6
2012-12-20 08:00:00,Maitri,-7.22,11.65,970.2,48.3
2012-12-20 09:00:00,Maitri,-3.34,13.15,983.9,43.2
2012-12-20 10:00:00,Maitri,1.42,10.9,985.6,56.6
2012-12-20 11:00:00,Maitri,-4.24,5.32,963.2,66.7
2012-12-20 12:00:00,Maitri,-3.19,5.42,984.1,73.7
2012-12-20 13:00:00,Maitri,0.81,8.88,969.6,38.5
2012-12-20 14:00:00,Maitri,-1.02,7.6,991.1,80.5
2012-12-20 15:00:00,Maitri,0.78,9.4,962.8,62.1
2012-12-20 16:00:00,Maitri,-0.51,11.43,1005.4,42.2
2012-12-20 17:00:00,Maitri,-0.03,8.82,979.8,52.3
2012-12-20 18:00:00,Maitri,-3.32,12.59,973.2,31.7
2012-12-20 19:00:00,Maitri,-1.63,10.42,980.2,35.3
2012-12-20 20:00:00,Maitri,-5.8,12.92,989.5,82.1
2012-12-20 21:00:00,Maitri,0.82,4.42,994.6,48.2
2012-12-20 22:00:00,Maitri,-5.76,2.88,981.4,65.5
2012-12-20 23:00:00,Maitri,-0.49,5.21,967.7,56.4
2012-12-21 00:00:00,Maitri,-5.08,15.74,968.7,58.2
2012-12-21 01:00:00,Maitri,-3.86,10.46,986.7,63.2
2012-12-21 02:00:00,Maitri,-6.15,6.45,995.4,28.8
2012-12-21 03:00:00,Maitri,-7.76,5.89,997.0,76.5
2012-12-21 04:00:00,Maitri,-9.91,13.35,984.9,56.6
2012-12-21 05:00:00,Maitri,-7.42,10.6,994.5,50.9
2012-12-21 06:00:00,Maitri,-4.71,3.97,1006.4,64.6
2012-12-21 07:00:00,Maitri,-2.56,3.94,998.1,47.9
2012-12-21 08:00:00,Maitri,0.46,12.69,993.7,60.9
2012-12-21 09:00:00,Maitri,-3.73,6.3,974.8,55.7
2012-12-21 10:00:00,Maitri,-4.69,3.33,995.6,68.0
2012-12-21 11:00:00,Maitri,-6.11,3.29,989.8,55.0
2012-12-21 12:00:00,Maitri,0.32,11.66,990.7,43.6
2012-12-21 13:00:00,Maitri,3.39,6.5,998.5,63.1
2012-12-21 14:00:00,Maitri,3.08,13.91,987.0,54.2
2012-12-21 15:00:00,Maitri,1.24,9.57,982.4,32.5
2012-12-21 16:00:00,Maitri,0.83,7.18,971.6,60.8
2012-12-21 17:00:00,Maitri,3.93,9.24,980.2,50.5
2012-12-21 18:00:00,Maitri,-0.81,23.47,983.9,62.8
2012-12-21 19:00:00,Maitri,-0.24,5.01,987.4,46.0
2012-12-21 20:00:00,Maitri,-3.8,17.1,985.2,41.1
2012-12-21 21:00:00,Maitri,-7.6,12.77,994.1,74.5
2012-12-21 22:00:00,Maitri,-5.86,6.7,993.9,69.8
2012-12-21 23:00:00,Maitri,-4.07,12.77,982.4,57.9
2012-12-22 00:00:00,Maitri,-4.08,10.23,973.7,64.1
2012-12-22 01:00:00,Maitri,1.71,8.72,988.1,69.3
2012-12-22 02:00:00,Maitri,-4.25,7.57,1009.7,57.9
2012-12-22 03:00:00,Maitri,-0.68,15.26,986.4,41.1
2012-12-22 04:00:00,Maitri,-5.66,9.42,980.2,62.2
2012-12-22 05:00:00,Maitri,-4.98,5.25,990.4,72.0
2012-12-22 06:00:00,Maitri,-7.86,9.06,990.5,66.3
2012-12-22 07:00:00,Maitri,-5.55,3.42,991.2,58.8
2012-12-22 08:00:00,Maitri,-1.02,6.33,999.8,65.9
2012-12-22 09:00:00,Maitri,-2.22,12.54,987.6,54.9
2012-12-22 10:00:00,Maitri,1.21,4.84,999.5,72.6
2012-12-22 11:00:00,Maitri,-0.86,28.11,983.4,76.9
2012-12-22 12:00:00,Maitri,-2.28,1.98,1002.1,39.9
2012-12-22 13:00:00,Maitri,5.9,7.47,997.8,73.6
2012-12-22 14:00:00,Maitri,-1.21,13.23,993.6,89.3
2012-12-22 15:00:00,Maitri,2.75,3.52,993.5,65.4
2012-12-22 16:00:00,Maitri,-2.44,13.36,1009.5,71.8
2012-12-22 17:00:00,Maitri,0.83,12.86,995.5,48.9
2012-12-22 18:00:00,Maitri,1.16,7.8,974.1,50.9
2012-12-22 19:00:00,Maitri,-1.58,5.36,987.0,55.1
2012-12-22 20:00:00,Maitri,-10.25,9.36,980.6,52.4
2012-12-22 21:00:00,Maitri,-3.12,12.56,1006.9,39.6
2012-12-22 22:00:00,Maitri,0.33,5.63,998.5,55.6
2012-12-22 23:00:00,Maitri,-2.3,8.67,1007.1,69.7
2012-12-23 00:00:00,Maitri,-2.79,3.64,975.7,39.8
2012-12-23 01:00:00,Maitri,-9.9,14.4,995.5,60.5
2012-12-23 02:00:00,Maitri,-6.76,21.41,966.1,60.1
2012-12-23 03:00:00,Maitri,-3.08,7.01,965.6,53.8
2012-12-23 04:00:00,Maitri,-2.9,6.04,979.5,65.0
2012-12-23 05:00:00,Maitri,-0.04,16.05,1000.0,63.6
2012-12-23 06:00:00,Maitri,-4.02,15.89,971.2,52.8
2012-12-23 07:00:00,Maitri,-1.82,13.57,982.8,72.9
2012-12-23 08:00:00,Maitri,-2.6,4.31,998.0,65.8
2012-12-23 09:00:00,Maitri,-5.35,1.2,994.6,80.0
2012-12-23 10:00:00,Maitri,-8.97,8.45,1009.2,57.1
2012-12-23 11:00:00,Maitri,-0.0,11.67,983.3,53.5
2012-12-23 12:00:00,Maitri,-0.54,7.03,978.9,55.1
2012-12-23 13:00:00,Maitri,-2.89,15.72,970.1,74.5
2012-12-23 14:00:00,Maitri,-6.04,6.2,979.8,55.9
2012-12-23 15:00:00,Maitri,1.1,2.94,971.9,56.8
2012-12-23 16:00:00,Maitri,-1.95,7.02,963.3,85.5
2012-12-23 17:00:00,Maitri,0.4,11.1,1005.9,39.2
2012-12-23 18:00:00,Maitri,4.21,4.79,984.8,63.0
2012-12-23 19:00:00,Maitri,-9.04,10.48,1013.2,57.1
2012-12-23 20:00:00,Maitri,-4.89,8.42,974.1,54.5
2012-12-23 21:00:00,Maitri,-3.79,21.16,976.9,44.7
2012-12-23 22:00:00,Maitri,1.1,14.67,973.9,48.7
2012-12-23 23:00:00,Maitri,-9.16,29.62,973.2,52.3
2012-12-24 00:00:00,Maitri,2.04,4.13,994.4,64.9
2012-12-24 01:00:00,Maitri,-3.9,17.49,988.9,69.9
2012-12-24 02:00:00,Maitri,-4.71,2.25,994.7,33.1
2012-12-24 03:00:00,Maitri,-4.97,15.35,998.1,41.2
2012-12-24 04:00:00,Maitri,-5.55,2.84,997.3,65.7
2012-12-24 05:00:00,Maitri,-0.52,13.25,971.4,66.9
2012-12-24 06:00:00,Maitri,-6.92,10.56,977.4,37.5
2012-12-24 07:00:00,Maitri,-1.96,11.22,984.7,70.2
2012-12-24 08:00:00,Maitri,-3.83,2.01,1027.6,57.8
2012-12-24 09:00:00,Maitri,-4.57,12.74,992.0,68.5
2012-12-24 10:00:00,Maitri,6.58,2.93,985.8,46.1
2012-12-24 11:00:00,Maitri,0.01,21.19,989.6,38.5
2012-12-24 12:00:00,Maitri,0.92,5.98,977.2,53.7
2012-12-24 13:00:00,Maitri,2.78,7.35,986.9,54.3
2012-12-24 14:00:00,Maitri,-5.35,17.35,993.4,53.5
2012-12-24 15:00:00,Maitri,4.75,9.54,983.2,52.5
2012-12-24 16:00:00,Maitri,-9.07,9.63,974.9,81.7
2012-12-24 17:00:00,Maitri,-3.79,11.99,982.3,34.2
2012-12-24 18:00:00,Maitri,-3.17,5.0,980.6,46.2
2012-12-24 19:00:00,Maitri,-0.27,5.93,968.5,52.1
2012-12-24 20:00:00,Maitri,-1.9,9.8,977.0,58.3
2012-12-24 21:00:00,Maitri,-3.6,22.02,965.7,68.0
2012-12-24 22:00:00,Maitri,-3.54,13.9,968.7,70.1
2012-12-24 23:00:00,Maitri,-7.0,14.41,969.7,73.1
2012-12-25 00:00:00,Maitri,-8.9,18.23,993.2,64.7
2012-12-25 01:00:00,Maitri,-1.96,15.75,999.8,33.8
2012-12-25 02:00:00,Maitri,-2.13,13.54,965.3,34.7
2012-12-25 03:00:00,Maitri,0.79,8.37,1001.9,74.1
2012-12-25 04:00:00,Maitri,-6.63,1.75,971.8,73.2
2012-12-25 05:00:00,Maitri,-1.6,4.74,992.9,66.9
2012-12-25 06:00:00,Maitri,-4.35,5.18,987.2,46.5
2012-12-25 07:00:00,Maitri,0.8,16.61,989.8,53.5
2012-12-25 08:00:00,Maitri,0.72,12.55,969.7,52.4
2012-12-25 09:00:00,Maitri,-1.4,1.1,964.0,43.7
2012-12-25 10:00:00,Maitri,-2.73,9.39,974.4,61.6
2012-12-25 11:00:00,Maitri,1.8,1.75,989.6,88.2
2012-12-25 12:00:00,Maitri,1.08,8.34,1006.3,51.1
2012-12-25 13:00:00,Maitri,-3.0,15.98,970.8,76.2
2012-12-25 14:00:00,Maitri,-5.0,12.54,982.0,45.6
2012-12-25 15:00:00,Maitri,-1.73,7.43,975.3,36.5
2012-12-25 16:00:00,Maitri,3.86,10.23,983.3,71.8
2012-12-25 17:00:00,Maitri,2.4,6.0,961.9,54.9
2012-12-25 18:00:00,Maitri,-5.21,3.88,1001.6,75.8
2012-12-25 19:00:00,Maitri,-5.82,5.72,984.4,78.6
2012-12-25 20:00:00,Maitri,1.53,15.1,993.3,54.1
2012-12-25 21:00:00,Maitri,-6.65,17.71,979.7,76.8
2012-12-25 22:00:00,Maitri,-1.82,15.55,984.9,45.7
2012-12-25 23:00:00,Maitri,-5.79,14.57,995.8,45.5
2012-12-26 00:00:00,Maitri,1.12,4.48,985.8,73.0
2012-12-26 01:00:00,Maitri,-6.7,7.84,985.8,36.3
2012-12-26 02:00:00,Maitri,-0.64,8.33,974.6,58.0
2012-12-26 03:00:00,Maitri,-3.64,6.79,977.8,75.5
2012-12-26 04:00:00,Maitri,-3.25,4.77,972.6,76.4
2012-12-26 05:00:00,Maitri,-10.07,10.53,974.9,51.9
2012-12-26 06:00:00,Maitri,-10.45,10.3,997.8,72.1
2012-12-26 07:00:00,Maitri,-3.67,7.69,1004.6,42.3
2012-12-26 08:00:00,Maitri,-1.71,20.01,967.7,48.7
2012-12-26 09:00:00,Maitri,-5.63,7.0,988.5,61.2
2012-12-26 10:00:00,Maitri,-5.08,8.67,980.0,63.3
2012-12-26 11:00:00,Maitri,0.57,3.48,1000.5,43.3
2012-12-26 12:00:00,Maitri,0.86,13.63,984.5,84.1
2012-12-26 13:00:00,Maitri,-1.2,17.37,982.3,31.7
2012-12-26 14:00:00,Maitri,1.8,3.15,976.0,58.8
2012-12-26 15:00:00,Maitri,-4.51,12.02,965.6,60.7
2012-12-26 16:00:00,Maitri,-2.08,7.43,992.6,33.5
2012-12-26 17:00:00,Maitri,4.05,14.08,986.9,76.5
2012-12-26 18:00:00,Maitri,-1.38,10.7,987.7,47.6
2012-12-26 19:00:00,Maitri,-1.63,10.72,976.5,59.4
2012-12-26 20:00:00,Maitri,4.88,10.28,981.8,62.6
2012-12-26 21:00:00,Maitri,-7.44,22.82,990.7,37.6
2012-12-26 22:00:00,Maitri,-0.85,3.91,995.7,43.0
2012-12-26 23:00:00,Maitri,1.56,1.78,971.2,79.9
2012-12-27 00:00:00,Maitri,-5.05,13.73,975.7,57.1
2012-12-27 01:00:00,Maitri,-1.44,4.5,968.3,20.2
2012-12-27 02:00:00,Maitri,-7.39,14.28,985.2,53.8
2012-12-27 03:00:00,Maitri,-6.38,13.39,993.2,57.5
2012-12-27 04:00:00,Maitri,-2.78,5.64,980.9,61.1
2012-12-27 05:00:00,Maitri,-1.17,33.3,972.4,30.0
2012-12-27 06:00:00,Maitri,0.24,19.2,978.3,57.6
2012-12-27 07:00:00,Maitri,2.11,8.84,1010.2,46.3
2012-12-27 08:00:00,Maitri,-2.66,10.41,997.1,61.1
2012-12-27 09:00:00,Maitri,1.84,16.84,990.9,65.1
2012-12-27 10:00:00,Maitri,-2.64,4.12,988.1,63.6
2012-12-27 11:00:00,Maitri,1.71,12.06,983.0,77.7
2012-12-27 12:00:00,Maitri,-0.23,8.73,973.3,88.7
2012-12-27 13:00:00,Maitri,0.72,19.56,969.9,42.1
2012-12-27 14:00:00,Maitri,0.71,2.59,978.1,52.7
2012-12-27 15:00:00,Maitri,-5.84,10.84,972.4,68.4
2012-12-27 16:00:00,Maitri,-4.49,4.1,977.4,56.2
2012-12-27 17:00:00,Maitri,-0.85,12.16,982.0,19.9
2012-12-27 18:00:00,Maitri,-6.95,9.56,983.3,55.3
2012-12-27 19:00:00,Maitri,0.68,10.19,976.3,75.3
2012-12-27 20:00:00,Maitri,0.34,14.74,988.5,38.5
2012-12-27 21:00:00,Maitri,-1.87,12.84,980.9,61.1
2012-12-27 22:00:00,Maitri,-6.94,6.06,986.6,31.3
2012-12-27 23:00:00,Maitri,0.7,2.05,976.1,70.2
2012-12-28 00:00:00,Maitri,2.56,2.83,992.5,61.4
2012-12-28 01:00:00,Maitri,-3.67,6.24,977.9,50.0
2012-12-28 02:00:00,Maitri,-2.57,10.32,1002.0,52.1
2012-12-28 03:00:00,Maitri,-3.5,9.04,981.1,37.0
2012-12-28 04:00:00,Maitri,-2.26,10.52,982.3,72.1
2012-12-28 05:00:00,Maitri,-4.06,17.18,989.2,46.8
2012-12-28 06:00:00,Maitri,-3.41,6.45,993.4,65.0
2012-12-28 07:00:00,Maitri,0.03,14.19,993.4,44.5
2012-12-28 08:00:00,Maitri,5.1,10.09,1003.9,88.8
2012-12-28 09:00:00,Maitri,-6.42,18.13,989.9,79.8
2012-12-28 10:00:00,Maitri,-1.83,10.75,982.6,87.0
2012-12-28 11:00:00,Maitri,-4.91,21.5,975.7,88.7
2012-12-28 12:00:00,Maitri,4.25,13.49,981.4,49.1
2012-12-28 13:00:00,Maitri,-2.54,16.11,999.6,45.6
2012-12-28 14:00:00,Maitri,-5.22,6.28,968.1,86.4
2012-12-28 15:00:00,Maitri,1.38,17.92,972.9,56.0
2012-12-28 16:00:00,Maitri,4.74,21.7,979.2,69.7
2012-12-28 17:00:00,Maitri,0.99,12.63,973.5,49.3
2012-12-28 18:00:00,Maitri,-0.85,7.9,979.1,49.5
2012-12-28 19:00:00,Maitri,-0.63,16.39,1003.3,69.6
2012-12-28 20:00:00,Maitri,2.12,14.11,979.5,30.4
2012-12-28 21:00:00,Maitri,-5.67,25.24,985.9,69.0
2012-12-28 22:00:00,Maitri,-3.66,12.38,964.1,65.3
2012-12-28 23:00:00,Maitri,-5.12,8.79,971.0,50.6
2012-12-29 00:00:00,Maitri,-7.66,10.0,994.2,58.3
2012-12-29 01:00:00,Maitri,-5.15,5.52,1003.4,60.5
2012-12-29 02:00:00,Maitri,-0.61,7.76,986.4,61.3
2012-12-29 03:00:00,Maitri,-2.28,2.45,981.1,67.7
2012-12-29 04:00:00,Maitri,-1.86,8.58,989.4,46.6
2012-12-29 05:00:00,Maitri,-3.16,16.59,952.6,95.0
2012-12-29 06:00:00,Maitri,-1.58,26.66,983.6,55.1
2012-12-29 07:00:00,Maitri,-5.39,7.5,971.8,56.2
2012-12-29 08:00:00,Maitri,-3.35,13.17,992.2,85.2
2012-12-29 09:00:00,Maitri,-1.28,8.79,958.5,32.4
2012-12-29 10:00:00,Maitri,-0.57,7.41,976.7,85.1
2012-12-29 11:00:00,Maitri,-0.06,4.65,983.8,59.3
2012-12-29 12:00:00,Maitri,-1.24,20.56,973.2,50.6
2012-12-29 13:00:00,Maitri,-1.83,3.13,980.2,42.3
2012-12-29 14:00:00,Maitri,9.55,11.91,993.6,40.2
2012-12-29 15:00:00,Maitri,2.28,3.69,984.2,53.2
2012-12-29 16:00:00,Maitri,0.52,6.59,973.3,61.9
2012-12-29 17:00:00,Maitri,-1.83,19.95,992.8,66.7
2012-12-29 18:00:00,Maitri,-2.9,4.54,987.2,61.7
2012-12-29 19:00:00,Maitri,-2.31,11.26,986.7,50.9
2012-12-29 20:00:00,Maitri,-1.42,17.96,972.0,76.8
2012-12-29 21:00:00,Maitri,-8.84,11.69,953.9,95.0
2012-12-29 22:00:00,Maitri,-8.28,12.01,972.8,78.9
2012-12-29 23:00:00,Maitri,-5.67,11.59,971.7,53.0
2012-12-30 00:00:00,Maitri,-3.21,3.69,977.4,65.0
2012-12-30 01:00:00,Maitri,-4.82,15.92,972.9,65.9
2012-12-30 02:00:00,Maitri,0.61,17.67,983.6,80.5
2012-12-30 03:00:00,Maitri,-8.8,10.85,993.5,53.3
2012-12-30 04:00:00,Maitri,-6.28,9.83,995.9,44.5
2012-12-30 05:00:00,Maitri,1.27,3.55,994.1,73.9
2012-12-30 06:00:00,Maitri,-2.8,5.61,973.8,63.7
2012-12-30 07:00:00,Maitri,0.05,11.45,984.0,42.5
2012-12-30 08:00:00,Maitri,4.25,2.59,1002.6,67.9
2012-12-30 09:00:00,Maitri,-4.07,5.26,966.0,83.7
2012-12-30 10:00:00,Maitri,-1.74,7.58,999.4,48.3
2012-12-30 11:00:00,Maitri,-1.92,4.19,972.9,45.5
2012-12-30 12:00:00,Maitri,-7.01,5.36,987.6,58.4
2012-12-30 13:00:00,Maitri,-1.57,11.98,988.0,67.5
2012-12-30 14:00:00,Maitri,2.3,8.7,985.9,57.0
2012-12-30 15:00:00,Maitri,1.15,13.84,1008.6,73.9
2012-12-30 16:00:00,Maitri,1.22,7.34,980.4,61.6
2012-12-30 17:00:00,Maitri,-2.25,8.62,964.9,72.2
2012-12-30 18:00:00,Maitri,-3.52,10.7,987.5,47.9
2012-12-30 19:00:00,Maitri,2.21,5.56,982.2,40.8
2012-12-30 20:00:00,Maitri,-3.91,12.4,989.5,53.2
2012-12-30 21:00:00,Maitri,-1.84,4.68,994.4,39.1
2012-12-30 22:00:00,Maitri,-2.7,5.98,983.7,63.7
2012-12-30 23:00:00,Maitri,1.09,6.68,989.0,29.8
2012-12-31 00:00:00,Maitri,-0.73,6.23,985.7,51.7
2012-12-31 01:00:00,Maitri,-8.16,9.63,1004.2,54.0
2012-12-31 02:00:00,Maitri,-7.88,6.24,979.8,43.3
2012-12-31 03:00:00,Maitri,-2.17,8.23,975.9,53.7
2012-12-31 04:00:00,Maitri,-4.04,17.05,992.6,58.1
2012-12-31 05:00:00,Maitri,-5.01,17.88,971.6,75.8
2012-12-31 06:00:00,Maitri,0.07,0.55,989.4,43.4
2012-12-31 07:00:00,Maitri,-2.15,11.97,981.3,63.0
2012-12-31 08:00:00,Maitri,-2.11,2.15,983.5,65.8
2012-12-31 09:00:00,Maitri,0.68,12.45,1011.2,57.7
2012-12-31 10:00:00,Maitri,-2.58,15.52,996.9,51.0
2012-12-31 11:00:00,Maitri,4.01,6.9,995.7,42.1
2012-12-31 12:00:00,Maitri,-3.24,18.15,988.4,84.6
2012-12-31 13:00:00,Maitri,1.56,5.68,976.2,59.0
2012-12-31 14:00:00,Maitri,4.11,16.55,985.5,53.6
2012-12-31 15:00:00,Maitri,-4.95,15.29,989.4,87.7
2012-12-31 16:00:00,Maitri,-1.82,3.39,986.8,61.1
2012-12-31 17:00:00,Maitri,2.65,7.27,985.0,93.6
2012-12-31 18:00:00,Maitri,2.32,2.97,980.0,38.2
2012-12-31 19:00:00,Maitri,-2.36,4.27,987.5,54.7
2012-12-31 20:00:00,Maitri,-4.63,18.48,976.2,38.8
2012-12-31 21:00:00,Maitri,0.31,12.41,991.2,56.3
2012-12-31 22:00:00,Maitri,0.61,6.2,960.9,56.2
2012-12-31 23:00:00,Maitri,-7.28,2.25,1000.3,51.6
